{"Mean":{"confidence_interval":{"confidence_level":0.95,"lower_bound":6035.8640276646165,"upper_bound":6337.0229097762885},"point_estimate":6179.146071068126,"standard_error":76.75855959795237},"Median":{"confidence_interval":{"confidence_level":0.95,"lower_bound":6049.120933671314,"upper_bound":6261.175163122565},"point_estimate":6184.316482587965,"standard_error":60.13232969620958},"MedianAbsDev":{"confidence_interval":{"confidence_level":0.95,"lower_bound":13.550991945734228,"upper_bound":394.62514452759046},"point_estimate":118.63108954223785,"standard_error":97.27788113019389},"Slope":{"confidence_interval":{"confidence_level":0.95,"lower_bound":6142.333433191227,"upper_bound":6245.401116691963},"point_estimate":6208.870895813101,"standard_error":26.68950136216107},"StdDev":{"confidence_interval":{"confidence_level":0.95,"lower_bound":88.32421756667338,"upper_bound":361.2598381267223},"point_estimate":254.91304160598256,"standard_error":70.7418539607461}}