{"Mean":{"confidence_interval":{"confidence_level":0.95,"lower_bound":2583318.901519927,"upper_bound":2828708.9530952377},"point_estimate":2698223.596973775,"standard_error":62900.05169088961},"Median":{"confidence_interval":{"confidence_level":0.95,"lower_bound":2513258.782608696,"upper_bound":2847707.9033816424},"point_estimate":2639597.8855072465,"standard_error":87740.62303509614},"MedianAbsDev":{"confidence_interval":{"confidence_level":0.95,"lower_bound":36898.73864709059,"upper_bound":371899.1018032683},"point_estimate":215317.93777408157,"standard_error":78173.28213223255},"Slope":{"confidence_interval":{"confidence_level":0.95,"lower_bound":2699402.3639291464,"upper_bound":2919143.7369481283},"point_estimate":2822562.9129305477,"standard_error":54980.916586550455},"StdDev":{"confidence_interval":{"confidence_level":0.95,"lower_bound":107781.30689675125,"upper_bound":273669.3539551056},"point_estimate":209094.3293590834,"standard_error":45502.04387088102}}