{"Mean":{"confidence_interval":{"confidence_level":0.95,"lower_bound":232.45967771954582,"upper_bound":264.69239102287855},"point_estimate":250.15235050390396,"standard_error":8.3004765703774},"Median":{"confidence_interval":{"confidence_level":0.95,"lower_bound":233.75315796546394,"upper_bound":271.670729607606},"point_estimate":258.7352544289906,"standard_error":10.390806088107679},"MedianAbsDev":{"confidence_interval":{"confidence_level":0.95,"lower_bound":1.9727322109959453,"upper_bound":44.54396310457056},"point_estimate":20.136662801938023,"standard_error":10.710094659921632},"Slope":{"confidence_interval":{"confidence_level":0.95,"lower_bound":256.4755394157764,"upper_bound":271.36821647332744},"point_estimate":266.9164061934169,"standard_error":3.8987008409923987},"StdDev":{"confidence_interval":{"confidence_level":0.95,"lower_bound":10.940009765785874,"upper_bound":37.74523982059045},"point_estimate":27.690828118518475,"standard_error":7.365736605388673}}