{"Mean":{"confidence_interval":{"confidence_level":0.95,"lower_bound":13859.913071249684,"upper_bound":13910.331864246005},"point_estimate":13884.231129048649,"standard_error":12.908554523883042},"Median":{"confidence_interval":{"confidence_level":0.95,"lower_bound":13847.107805648131,"upper_bound":13916.529665848097},"point_estimate":13876.542195326356,"standard_error":18.901600760358647},"MedianAbsDev":{"confidence_interval":{"confidence_level":0.95,"lower_bound":11.089434019342814,"upper_bound":72.47084143834687},"point_estimate":51.46242405259378,"standard_error":15.872106097831509},"Slope":{"confidence_interval":{"confidence_level":0.95,"lower_bound":13868.047579621072,"upper_bound":13923.230068768456},"point_estimate":13896.785880809246,"standard_error":13.862141097141551},"StdDev":{"confidence_interval":{"confidence_level":0.95,"lower_bound":24.384156201949132,"upper_bound":54.72326424244236},"point_estimate":43.0422903663471,"standard_error":8.032139215358152}}