{"Mean":{"confidence_interval":{"confidence_level":0.95,"lower_bound":345570.824691043,"upper_bound":353802.97509791795},"point_estimate":349766.0977076891,"standard_error":2114.001747547355},"Median":{"confidence_interval":{"confidence_level":0.95,"lower_bound":342506.2121212121,"upper_bound":355916.49422799423},"point_estimate":350689.70779220783,"standard_error":3904.789349648893},"MedianAbsDev":{"confidence_interval":{"confidence_level":0.95,"lower_bound":1019.7427143635125,"upper_bound":11959.681719794442},"point_estimate":8020.38311864866,"standard_error":2768.5442703185145},"Slope":{"confidence_interval":{"confidence_level":0.95,"lower_bound":346824.4356713854,"upper_bound":354910.0527725915},"point_estimate":351111.5903187721,"standard_error":2083.9980684664783},"StdDev":{"confidence_interval":{"confidence_level":0.95,"lower_bound":4506.743765138376,"upper_bound":8357.743756059815},"point_estimate":7065.314050565562,"standard_error":983.4271540531447}}