{"Mean":{"confidence_interval":{"confidence_level":0.95,"lower_bound":431474.79404259595,"upper_bound":447182.1192033353},"point_estimate":439179.78647930484,"standard_error":4010.9856511504845},"Median":{"confidence_interval":{"confidence_level":0.95,"lower_bound":428834.0348101266,"upper_bound":449067.878164557},"point_estimate":437502.803164557,"standard_error":4816.341329342402},"MedianAbsDev":{"confidence_interval":{"confidence_level":0.95,"lower_bound":2446.037539232402,"upper_bound":23112.511383025318},"point_estimate":13070.684099531247,"standard_error":4970.874248104279},"Slope":{"confidence_interval":{"confidence_level":0.95,"lower_bound":438580.598142374,"upper_bound":455001.73052791506},"point_estimate":446595.3057701792,"standard_error":4355.872149450637},"StdDev":{"confidence_interval":{"confidence_level":0.95,"lower_bound":6818.485978358332,"upper_bound":17604.235330454692},"point_estimate":13357.989764438846,"standard_error":2786.4418820420456}}