{"Mean":{"confidence_interval":{"confidence_level":0.95,"lower_bound":2575763.837469136,"upper_bound":2629705.605811287},"point_estimate":2599564.071366843,"standard_error":13908.063234889169},"Median":{"confidence_interval":{"confidence_level":0.95,"lower_bound":2568597.6083333334,"upper_bound":2621240.3203703705},"point_estimate":2580221.9960317463,"standard_error":15304.940022962044},"MedianAbsDev":{"confidence_interval":{"confidence_level":0.95,"lower_bound":3175.1449286295215,"upper_bound":65486.71264737847},"point_estimate":33766.226820900156,"standard_error":15577.13348489697},"Slope":{"confidence_interval":{"confidence_level":0.95,"lower_bound":2567534.1502172565,"upper_bound":2596481.113846504},"point_estimate":2578409.9813852813,"standard_error":7326.311246880007},"StdDev":{"confidence_interval":{"confidence_level":0.95,"lower_bound":18038.300295053763,"upper_bound":65418.87916093943},"point_estimate":46395.097856263004,"standard_error":13953.430734725413}}