{"Mean":{"confidence_interval":{"confidence_level":0.95,"lower_bound":84057.57807518798,"upper_bound":86608.22387700502},"point_estimate":85332.0834225564,"standard_error":654.8974494726428},"Median":{"confidence_interval":{"confidence_level":0.95,"lower_bound":83468.53447368421,"upper_bound":87369.70140350878},"point_estimate":84890.48728070175,"standard_error":882.3620741031896},"MedianAbsDev":{"confidence_interval":{"confidence_level":0.95,"lower_bound":279.88561318893386,"upper_bound":3902.678993292544},"point_estimate":2626.570899211153,"standard_error":1034.3278328439508},"Slope":{"confidence_interval":{"confidence_level":0.95,"lower_bound":84950.99276187034,"upper_bound":87485.60595956541},"point_estimate":86213.23259056732,"standard_error":685.3441164698405},"StdDev":{"confidence_interval":{"confidence_level":0.95,"lower_bound":1275.4604220556716,"upper_bound":2700.2169066338033},"point_estimate":2178.4322880952786,"standard_error":368.3593362617691}}