{"Mean":{"confidence_interval":{"confidence_level":0.95,"lower_bound":4753.096347475935,"upper_bound":4841.669303859951},"point_estimate":4793.969833762528,"standard_error":22.715035743908874},"Median":{"confidence_interval":{"confidence_level":0.95,"lower_bound":4735.697366411447,"upper_bound":4822.561041779707},"point_estimate":4795.572078822486,"standard_error":22.148404561809038},"MedianAbsDev":{"confidence_interval":{"confidence_level":0.95,"lower_bound":12.664829260595015,"upper_bound":119.88217549450437},"point_estimate":47.853575536755656,"standard_error":27.545826810957124},"Slope":{"confidence_interval":{"confidence_level":0.95,"lower_bound":4772.185311147284,"upper_bound":4853.543743444116},"point_estimate":4805.12712177194,"standard_error":20.79048979297394},"StdDev":{"confidence_interval":{"confidence_level":0.95,"lower_bound":32.6296148109072,"upper_bound":105.1044224767492},"point_estimate":75.78065339802446,"standard_error":20.452224680943363}}