{"Mean":{"confidence_interval":{"confidence_level":0.95,"lower_bound":1534153.7220410304,"upper_bound":1590674.0280561547},"point_estimate":1561128.9521982628,"standard_error":14365.657465906876},"Median":{"confidence_interval":{"confidence_level":0.95,"lower_bound":1533334.0918238992,"upper_bound":1586058.25},"point_estimate":1553879.4101527403,"standard_error":17618.33242184192},"MedianAbsDev":{"confidence_interval":{"confidence_level":0.95,"lower_bound":1023.3040223987771,"upper_bound":77226.50974467862},"point_estimate":34696.413009487325,"standard_error":19724.996904081472},"Slope":{"confidence_interval":{"confidence_level":0.95,"lower_bound":1549774.2908926373,"upper_bound":1581678.1035008763},"point_estimate":1570486.3274197502,"standard_error":8192.200447957963},"StdDev":{"confidence_interval":{"confidence_level":0.95,"lower_bound":21648.4986155178,"upper_bound":65493.061310149984},"point_estimate":47817.949765146855,"standard_error":11760.398471653534}}