{"Mean":{"confidence_interval":{"confidence_level":0.95,"lower_bound":9035.00696939877,"upper_bound":9281.210657713445},"point_estimate":9163.537834339511,"standard_error":63.17600374189716},"Median":{"confidence_interval":{"confidence_level":0.95,"lower_bound":8956.450555673533,"upper_bound":9291.14387343385},"point_estimate":9254.893240148045,"standard_error":92.09014082138202},"MedianAbsDev":{"confidence_interval":{"confidence_level":0.95,"lower_bound":16.026302789378207,"upper_bound":336.0586046145701},"point_estimate":175.34082404783467,"standard_error":107.09159390488433},"Slope":{"confidence_interval":{"confidence_level":0.95,"lower_bound":9154.726074406175,"upper_bound":9280.025660721605},"point_estimate":9242.63233818634,"standard_error":32.72039531098605},"StdDev":{"confidence_interval":{"confidence_level":0.95,"lower_bound":108.8106515359913,"upper_bound":264.62303963196484},"point_estimate":211.17062819837437,"standard_error":38.22145445564247}}