{"Mean":{"confidence_interval":{"confidence_level":0.95,"lower_bound":276165.8207121146,"upper_bound":277830.7764007454},"point_estimate":276819.1310008684,"standard_error":454.31378622309404},"Median":{"confidence_interval":{"confidence_level":0.95,"lower_bound":276049.6786220871,"upper_bound":276722.1434650456},"point_estimate":276517.8102475032,"standard_error":183.76636094053208},"MedianAbsDev":{"confidence_interval":{"confidence_level":0.95,"lower_bound":67.31208277159134,"upper_bound":1024.9220377614602},"point_estimate":274.594886158363,"standard_error":262.6007234611779},"Slope":{"confidence_interval":{"confidence_level":0.95,"lower_bound":276005.0746660784,"upper_bound":276602.06262586033},"point_estimate":276316.97118383134,"standard_error":165.66447033391668},"StdDev":{"confidence_interval":{"confidence_level":0.95,"lower_bound":192.97166896396385,"upper_bound":2318.376544564635},"point_estimate":1519.3209725084794,"standard_error":691.3371395249973}}