{"Mean":{"confidence_interval":{"confidence_level":0.95,"lower_bound":270448.50214637927,"upper_bound":272726.18853221566},"point_estimate":271622.9677456091,"standard_error":581.445851202317},"Median":{"confidence_interval":{"confidence_level":0.95,"lower_bound":270271.5680473373,"upper_bound":273245.6585059172},"point_estimate":272007.7287264018,"standard_error":781.6572531018043},"MedianAbsDev":{"confidence_interval":{"confidence_level":0.95,"lower_bound":220.15143301457553,"upper_bound":3202.0270896319153},"point_estimate":2398.180287157531,"standard_error":881.349266816995},"Slope":{"confidence_interval":{"confidence_level":0.95,"lower_bound":271812.0506656805,"upper_bound":273421.45221331733},"point_estimate":272668.01526166144,"standard_error":414.0742860767668},"StdDev":{"confidence_interval":{"confidence_level":0.95,"lower_bound":1016.105756740634,"upper_bound":2507.341719182484},"point_estimate":1934.940225062043,"standard_error":382.1489631013144}}