{"Mean":{"confidence_interval":{"confidence_level":0.95,"lower_bound":3044408.7801086954,"upper_bound":3112026.259146222},"point_estimate":3078497.066640787,"standard_error":17181.286464815512},"Median":{"confidence_interval":{"confidence_level":0.95,"lower_bound":3047942.9710144927,"upper_bound":3113490.6804347825},"point_estimate":3078377.9545807457,"standard_error":16348.683976770608},"MedianAbsDev":{"confidence_interval":{"confidence_level":0.95,"lower_bound":11259.972121291457,"upper_bound":98184.13308188331},"point_estimate":40166.394360816994,"standard_error":20645.383307532276},"Slope":{"confidence_interval":{"confidence_level":0.95,"lower_bound":3068047.720139052,"upper_bound":3118521.1961061233},"point_estimate":3096655.228006776,"standard_error":12972.19344278318},"StdDev":{"confidence_interval":{"confidence_level":0.95,"lower_bound":23924.929318280276,"upper_bound":78049.27701180305},"point_estimate":57146.535389269826,"standard_error":13692.57163684404}}