{"Mean":{"confidence_interval":{"confidence_level":0.95,"lower_bound":7396.578500117063,"upper_bound":7581.656062887455},"point_estimate":7489.701794197378,"standard_error":47.267099069153204},"Median":{"confidence_interval":{"confidence_level":0.95,"lower_bound":7354.034897889555,"upper_bound":7616.403463330061},"point_estimate":7502.086859677342,"standard_error":62.64434703802006},"MedianAbsDev":{"confidence_interval":{"confidence_level":0.95,"lower_bound":22.637559902605894,"upper_bound":271.43768676750665},"point_estimate":194.49381410809116,"standard_error":63.839784790911736},"Slope":{"confidence_interval":{"confidence_level":0.95,"lower_bound":7500.538261065103,"upper_bound":7668.512466707357},"point_estimate":7607.413271857547,"standard_error":42.81889518946697},"StdDev":{"confidence_interval":{"confidence_level":0.95,"lower_bound":91.73587224569258,"upper_bound":196.7420673515589},"point_estimate":158.04147157253934,"standard_error":26.78608299534365}}