{"Mean":{"confidence_interval":{"confidence_level":0.95,"lower_bound":4750698.235555556,"upper_bound":4882246.512294973},"point_estimate":4812419.58478836,"standard_error":33520.80512145635},"Median":{"confidence_interval":{"confidence_level":0.95,"lower_bound":4755445.347222222,"upper_bound":4861507.292592593},"point_estimate":4799712.888888889,"standard_error":29774.78588767095},"MedianAbsDev":{"confidence_interval":{"confidence_level":0.95,"lower_bound":11723.559275198299,"upper_bound":167956.96400483447},"point_estimate":55543.819480566344,"standard_error":37657.682314140366},"Slope":{"confidence_interval":{"confidence_level":0.95,"lower_bound":4739911.934640523,"upper_bound":4825863.976317406},"point_estimate":4791686.021645022,"standard_error":21955.07258587962},"StdDev":{"confidence_interval":{"confidence_level":0.95,"lower_bound":38542.179507951165,"upper_bound":158308.8006376307},"point_estimate":111571.73336667883,"standard_error":31644.949986805936}}