{"Mean":{"confidence_interval":{"confidence_level":0.95,"lower_bound":60297.73191525424,"upper_bound":60569.41733030669},"point_estimate":60429.18479330106,"standard_error":69.72346193775158},"Median":{"confidence_interval":{"confidence_level":0.95,"lower_bound":60251.53966101695,"upper_bound":60644.30338983051},"point_estimate":60352.43865012107,"standard_error":106.66590803954391},"MedianAbsDev":{"confidence_interval":{"confidence_level":0.95,"lower_bound":43.01152355842762,"upper_bound":381.8801856439987},"point_estimate":226.69556689060514,"standard_error":89.00980490968185},"Slope":{"confidence_interval":{"confidence_level":0.95,"lower_bound":60287.503720942244,"upper_bound":60492.72863527066},"point_estimate":60376.431720008804,"standard_error":52.97913251976007},"StdDev":{"confidence_interval":{"confidence_level":0.95,"lower_bound":128.0585961972406,"upper_bound":280.16430807574824},"point_estimate":232.100545873109,"standard_error":37.61239404337106}}