{"Mean":{"confidence_interval":{"confidence_level":0.95,"lower_bound":12164543.765868304,"upper_bound":12238790.486233506},"point_estimate":12202002.23485615,"standard_error":18857.272246897915},"Median":{"confidence_interval":{"confidence_level":0.95,"lower_bound":12155596.535714285,"upper_bound":12258410.046875},"point_estimate":12201011.253125,"standard_error":21207.087897316294},"MedianAbsDev":{"confidence_interval":{"confidence_level":0.95,"lower_bound":2778.7398350425065,"upper_bound":109156.19272959011},"point_estimate":68397.19516883382,"standard_error":28418.697066257562},"Slope":{"confidence_interval":{"confidence_level":0.95,"lower_bound":12186053.692513088,"upper_bound":12246785.302337399},"point_estimate":12213285.992532467,"standard_error":15340.776006852335},"StdDev":{"confidence_interval":{"confidence_level":0.95,"lower_bound":32726.07520722388,"upper_bound":82731.67473323239},"point_estimate":62725.224350895136,"standard_error":12953.439134423797}}