{"Mean":{"confidence_interval":{"confidence_level":0.95,"lower_bound":6110413.091658729,"upper_bound":6146433.362138889},"point_estimate":6126841.147142856,"standard_error":9256.148849807834},"Median":{"confidence_interval":{"confidence_level":0.95,"lower_bound":6101739.571428572,"upper_bound":6145724.866666667},"point_estimate":6116111.288888888,"standard_error":11619.290733640173},"MedianAbsDev":{"confidence_interval":{"confidence_level":0.95,"lower_bound":2509.5051954482906,"upper_bound":49231.9724992915},"point_estimate":23438.47240388444,"standard_error":11796.541520552748},"Slope":{"confidence_interval":{"confidence_level":0.95,"lower_bound":6103137.52627866,"upper_bound":6124664.29141583},"point_estimate":6111931.521385281,"standard_error":5738.0744300240085},"StdDev":{"confidence_interval":{"confidence_level":0.95,"lower_bound":12735.59909288967,"upper_bound":41450.54724502491},"point_estimate":30930.55950044086,"standard_error":7810.811315332845}}