{"Mean":{"confidence_interval":{"confidence_level":0.95,"lower_bound":463670.5725425791,"upper_bound":471935.19882916234},"point_estimate":468020.97016857844,"standard_error":2117.7404841050716},"Median":{"confidence_interval":{"confidence_level":0.95,"lower_bound":464050.78832116787,"upper_bound":472121.7276155718},"point_estimate":469165.9551616267,"standard_error":2257.773438760683},"MedianAbsDev":{"confidence_interval":{"confidence_level":0.95,"lower_bound":863.8440634958508,"upper_bound":11328.213625526343},"point_estimate":4764.80504650269,"standard_error":2555.934285610594},"Slope":{"confidence_interval":{"confidence_level":0.95,"lower_bound":469000.4903190432,"upper_bound":472297.9943681535},"point_estimate":470989.96720068256,"standard_error":830.0492675100926},"StdDev":{"confidence_interval":{"confidence_level":0.95,"lower_bound":3027.198291501117,"upper_bound":9744.636595383348},"point_estimate":7062.136215408168,"standard_error":1794.8347773611915}}