{"Mean":{"confidence_interval":{"confidence_level":0.95,"lower_bound":1244.3683172074502,"upper_bound":1292.6338003657625},"point_estimate":1268.2491205729343,"standard_error":12.34898747791943},"Median":{"confidence_interval":{"confidence_level":0.95,"lower_bound":1239.3256250073428,"upper_bound":1301.6614798106182},"point_estimate":1262.893929283317,"standard_error":13.87387684955437},"MedianAbsDev":{"confidence_interval":{"confidence_level":0.95,"lower_bound":0.7532562603142952,"upper_bound":69.11875567405842},"point_estimate":43.010053345959676,"standard_error":18.7140626434521},"Slope":{"confidence_interval":{"confidence_level":0.95,"lower_bound":1240.4354375860225,"upper_bound":1279.2906282102779},"point_estimate":1259.2626144024798,"standard_error":9.78499269168814},"StdDev":{"confidence_interval":{"confidence_level":0.95,"lower_bound":21.81894688330151,"upper_bound":53.317582693347845},"point_estimate":41.28314075120734,"standard_error":8.132728484239705}}