{"Mean":{"confidence_interval":{"confidence_level":0.95,"lower_bound":3002915.638924732,"upper_bound":3015126.0250998456},"point_estimate":3008353.622219662,"standard_error":3161.8377779176894},"Median":{"confidence_interval":{"confidence_level":0.95,"lower_bound":3000873.0,"upper_bound":3013678.439516129},"point_estimate":3005574.208064516,"standard_error":3530.8143973733713},"MedianAbsDev":{"confidence_interval":{"confidence_level":0.95,"lower_bound":575.9024091306088,"upper_bound":14077.956311356704},"point_estimate":6941.102644512786,"standard_error":3961.415698687706},"Slope":{"confidence_interval":{"confidence_level":0.95,"lower_bound":3002172.4383954154,"upper_bound":3017942.998794091},"point_estimate":3008013.6782572265,"standard_error":4141.137221148293},"StdDev":{"confidence_interval":{"confidence_level":0.95,"lower_bound":3748.749536150004,"upper_bound":14575.495232905892},"point_estimate":10546.98169888753,"standard_error":3067.5978480652648}}