{"Mean":{"confidence_interval":{"confidence_level":0.95,"lower_bound":604.2712759060108,"upper_bound":642.7011558313353},"point_estimate":622.2795485749364,"standard_error":9.855354187853841},"Median":{"confidence_interval":{"confidence_level":0.95,"lower_bound":595.9844614651665,"upper_bound":645.2586521664773},"point_estimate":622.6018476223633,"standard_error":11.014022001095189},"MedianAbsDev":{"confidence_interval":{"confidence_level":0.95,"lower_bound":1.3688864208911073,"upper_bound":54.19700554480137},"point_estimate":34.374240007520164,"standard_error":14.865554208284177},"Slope":{"confidence_interval":{"confidence_level":0.95,"lower_bound":613.2688080372442,"upper_bound":645.8327895445409},"point_estimate":626.482071715802,"standard_error":8.207718050376567},"StdDev":{"confidence_interval":{"confidence_level":0.95,"lower_bound":13.940045071899123,"upper_bound":42.29934221025532},"point_estimate":32.65541579475008,"standard_error":7.295991290561484}}