{"Mean":{"confidence_interval":{"confidence_level":0.95,"lower_bound":178282.24232426335,"upper_bound":189436.05509203655},"point_estimate":183600.53223344646,"standard_error":2854.1386700112366},"Median":{"confidence_interval":{"confidence_level":0.95,"lower_bound":176302.85065577825,"upper_bound":192466.3385300668},"point_estimate":181542.91628619152,"standard_error":3933.3140275973387},"MedianAbsDev":{"confidence_interval":{"confidence_level":0.95,"lower_bound":1505.1607123370977,"upper_bound":15361.278382488807},"point_estimate":9378.742012185561,"standard_error":3787.1551038919883},"Slope":{"confidence_interval":{"confidence_level":0.95,"lower_bound":175951.84207885654,"upper_bound":181122.8816137072},"point_estimate":178097.2621930408,"standard_error":1314.1872232945295},"StdDev":{"confidence_interval":{"confidence_level":0.95,"lower_bound":4267.963325056062,"upper_bound":11515.047080498718},"point_estimate":9519.776420100365,"standard_error":1690.7477701500345}}