{"Mean":{"confidence_interval":{"confidence_level":0.95,"lower_bound":239146.15489898354,"upper_bound":247777.38024244638},"point_estimate":243590.62169155534,"standard_error":2212.256042358586},"Median":{"confidence_interval":{"confidence_level":0.95,"lower_bound":235041.36403508772,"upper_bound":250000.4030214425},"point_estimate":245537.40820802006,"standard_error":3783.1777149617474},"MedianAbsDev":{"confidence_interval":{"confidence_level":0.95,"lower_bound":1419.7028063741718,"upper_bound":11868.240425480813},"point_estimate":6811.3269853905485,"standard_error":2874.979554688794},"Slope":{"confidence_interval":{"confidence_level":0.95,"lower_bound":245347.87120184483,"upper_bound":250322.30613302594},"point_estimate":248652.47841193894,"standard_error":1280.6985787273675},"StdDev":{"confidence_interval":{"confidence_level":0.95,"lower_bound":4297.704471276707,"upper_bound":8701.270070448742},"point_estimate":7364.609590937019,"standard_error":1101.424035286889}}