{"Mean":{"confidence_interval":{"confidence_level":0.95,"lower_bound":381134.1462714215,"upper_bound":383427.62402777775},"point_estimate":382229.4208387765,"standard_error":589.109946243364},"Median":{"confidence_interval":{"confidence_level":0.95,"lower_bound":380678.89110127825,"upper_bound":383415.4911504425},"point_estimate":382178.8498735777,"standard_error":710.1102617761444},"MedianAbsDev":{"confidence_interval":{"confidence_level":0.95,"lower_bound":116.69013018504135,"upper_bound":3308.8498928048894},"point_estimate":1380.9967417249886,"standard_error":763.000222790984},"Slope":{"confidence_interval":{"confidence_level":0.95,"lower_bound":381560.503936198,"upper_bound":383176.48112109106},"point_estimate":382264.44660383865,"standard_error":414.74222297568383},"StdDev":{"confidence_interval":{"confidence_level":0.95,"lower_bound":972.3952297656149,"upper_bound":2604.889917349816},"point_estimate":1961.4387968212386,"standard_error":434.8627402101326}}