{"Mean":{"confidence_interval":{"confidence_level":0.95,"lower_bound":973840.0629752676,"upper_bound":1027494.1043872278},"point_estimate":1002569.4667349575,"standard_error":13759.032085525507},"Median":{"confidence_interval":{"confidence_level":0.95,"lower_bound":975183.96124031,"upper_bound":1038556.7099667774},"point_estimate":1009447.9563953488,"standard_error":20133.708542275184},"MedianAbsDev":{"confidence_interval":{"confidence_level":0.95,"lower_bound":5493.050142013685,"upper_bound":78434.74207378416},"point_estimate":39349.642802566974,"standard_error":18490.28124825118},"Slope":{"confidence_interval":{"confidence_level":0.95,"lower_bound":1010081.4589507842,"upper_bound":1041910.1643213351},"point_estimate":1031553.2409543945,"standard_error":8246.391902379888},"StdDev":{"confidence_interval":{"confidence_level":0.95,"lower_bound":23422.572582346806,"upper_bound":61147.99826799408},"point_estimate":45888.968774403875,"standard_error":10694.700559172488}}