{"Mean":{"confidence_interval":{"confidence_level":0.95,"lower_bound":91341.76713485556,"upper_bound":91979.59481415442},"point_estimate":91653.17896387765,"standard_error":162.67241261213175},"Median":{"confidence_interval":{"confidence_level":0.95,"lower_bound":91286.75819672132,"upper_bound":92004.6687247179},"point_estimate":91593.64381520118,"standard_error":180.27485899473544},"MedianAbsDev":{"confidence_interval":{"confidence_level":0.95,"lower_bound":79.50536264214783,"upper_bound":916.7244647979167},"point_estimate":452.4142929814534,"standard_error":218.8255856445475},"Slope":{"confidence_interval":{"confidence_level":0.95,"lower_bound":91501.86954379865,"upper_bound":91983.75235128964},"point_estimate":91722.3724311456,"standard_error":120.58350158812745},"StdDev":{"confidence_interval":{"confidence_level":0.95,"lower_bound":272.79211259596786,"upper_bound":708.2200261104302},"point_estimate":543.2512529913,"standard_error":111.26354243424855}}