{"Mean":{"confidence_interval":{"confidence_level":0.95,"lower_bound":8237422.999969389,"upper_bound":8467431.861360546},"point_estimate":8363422.980918367,"standard_error":59196.82741852197},"Median":{"confidence_interval":{"confidence_level":0.95,"lower_bound":8251933.192857143,"upper_bound":8510636.857142856},"point_estimate":8434965.37244898,"standard_error":77757.2220676767},"MedianAbsDev":{"confidence_interval":{"confidence_level":0.95,"lower_bound":25549.477671407807,"upper_bound":319849.9055215293},"point_estimate":160990.0066918567,"standard_error":73563.40153681999},"Slope":{"confidence_interval":{"confidence_level":0.95,"lower_bound":8345993.593423223,"upper_bound":8494805.50239941},"point_estimate":8423923.082745826,"standard_error":37708.20283155295},"StdDev":{"confidence_interval":{"confidence_level":0.95,"lower_bound":89197.21638402333,"upper_bound":268094.5519560112},"point_estimate":196939.2189214173,"standard_error":50772.57906710233}}