{"Mean":{"confidence_interval":{"confidence_level":0.95,"lower_bound":63307.95412368733,"upper_bound":63762.175821352204},"point_estimate":63532.0040515332,"standard_error":116.01982898834744},"Median":{"confidence_interval":{"confidence_level":0.95,"lower_bound":63259.27938051323,"upper_bound":63807.72600908848},"point_estimate":63479.90986940084,"standard_error":120.09756567556542},"MedianAbsDev":{"confidence_interval":{"confidence_level":0.95,"lower_bound":36.10008079453755,"upper_bound":631.1777464527378},"point_estimate":301.493572153442,"standard_error":164.5828405757167},"Slope":{"confidence_interval":{"confidence_level":0.95,"lower_bound":63322.75288995476,"upper_bound":63955.127112452},"point_estimate":63661.17443214364,"standard_error":170.87678710618167},"StdDev":{"confidence_interval":{"confidence_level":0.95,"lower_bound":185.34399128170227,"upper_bound":510.3448505796575},"point_estimate":385.58693160464213,"standard_error":82.24789856080695}}