{"Mean":{"confidence_interval":{"confidence_level":0.95,"lower_bound":17067.558732974685,"upper_bound":17649.813069127988},"point_estimate":17359.971935513364,"standard_error":149.51669665442768},"Median":{"confidence_interval":{"confidence_level":0.95,"lower_bound":16769.27493670886,"upper_bound":17781.797816455695},"point_estimate":17413.898037974686,"standard_error":247.7781420209441},"MedianAbsDev":{"confidence_interval":{"confidence_level":0.95,"lower_bound":78.83528305609195,"upper_bound":855.2626424413688},"point_estimate":648.9905490243127,"standard_error":203.27030977755658},"Slope":{"confidence_interval":{"confidence_level":0.95,"lower_bound":17397.95926960253,"upper_bound":17890.764808384156},"point_estimate":17725.75806477067,"standard_error":124.59103427242789},"StdDev":{"confidence_interval":{"confidence_level":0.95,"lower_bound":309.7101702717128,"upper_bound":593.2821772857593},"point_estimate":499.1358123709885,"standard_error":71.72033607048195}}