{"Mean":{"confidence_interval":{"confidence_level":0.95,"lower_bound":410226.5103990611,"upper_bound":412488.0916663407},"point_estimate":411235.2584212684,"standard_error":584.1832491047701},"Median":{"confidence_interval":{"confidence_level":0.95,"lower_bound":409773.5690140845,"upper_bound":412243.5125195618},"point_estimate":410609.17169684777,"standard_error":636.0277545884464},"MedianAbsDev":{"confidence_interval":{"confidence_level":0.95,"lower_bound":328.2965321293162,"upper_bound":2780.7965043633503},"point_estimate":1435.3566006910146,"standard_error":636.5694254991075},"Slope":{"confidence_interval":{"confidence_level":0.95,"lower_bound":410397.52439732023,"upper_bound":413749.58833275625},"point_estimate":412017.6637156271,"standard_error":891.7164509289066},"StdDev":{"confidence_interval":{"confidence_level":0.95,"lower_bound":737.2057258699283,"upper_bound":2679.6904866910186},"point_estimate":1940.7308626436886,"standard_error":548.6663598296739}}