{"Mean":{"confidence_interval":{"confidence_level":0.95,"lower_bound":6107390.685047421,"upper_bound":6138110.552277777},"point_estimate":6122142.840119047,"standard_error":7887.7124439323425},"Median":{"confidence_interval":{"confidence_level":0.95,"lower_bound":6102156.382539682,"upper_bound":6146814.933333334},"point_estimate":6111208.25,"standard_error":13424.30345693147},"MedianAbsDev":{"confidence_interval":{"confidence_level":0.95,"lower_bound":1514.4717547796638,"upper_bound":42208.85524064312},"point_estimate":24207.78647022598,"standard_error":11327.588819210672},"Slope":{"confidence_interval":{"confidence_level":0.95,"lower_bound":6101938.587995713,"upper_bound":6119745.619640388},"point_estimate":6109681.065454545,"standard_error":4619.483369730716},"StdDev":{"confidence_interval":{"confidence_level":0.95,"lower_bound":14998.065429283353,"upper_bound":31543.231143074292},"point_estimate":26381.9306214093,"standard_error":4190.214569963004}}