{"Mean":{"confidence_interval":{"confidence_level":0.95,"lower_bound":3551766.515833333,"upper_bound":3621129.852083334},"point_estimate":3592567.4762499994,"standard_error":18420.26796353693},"Median":{"confidence_interval":{"confidence_level":0.95,"lower_bound":3577724.84375,"upper_bound":3625466.94375},"point_estimate":3621470.96875,"standard_error":12667.271191091208},"MedianAbsDev":{"confidence_interval":{"confidence_level":0.95,"lower_bound":1683.2760576163364,"upper_bound":56069.846098311245},"point_estimate":9752.04224936678,"standard_error":15648.58786385212},"Slope":{"confidence_interval":{"confidence_level":0.95,"lower_bound":3614666.08295363,"upper_bound":3624947.284818074},"point_estimate":3621649.350974026,"standard_error":2707.8317399654393},"StdDev":{"confidence_interval":{"confidence_level":0.95,"lower_bound":8262.88418211499,"upper_bound":90535.94809930032},"point_estimate":61576.25208563922,"standard_error":24077.283493769784}}