{"Mean":{"confidence_interval":{"confidence_level":0.95,"lower_bound":7796.989638451021,"upper_bound":7990.075004433573},"point_estimate":7897.576416862952,"standard_error":49.51579516162001},"Median":{"confidence_interval":{"confidence_level":0.95,"lower_bound":7769.325185441408,"upper_bound":8036.160584572812},"point_estimate":7907.746649083362,"standard_error":61.70907353685979},"MedianAbsDev":{"confidence_interval":{"confidence_level":0.95,"lower_bound":44.65844588390966,"upper_bound":301.86444740516055},"point_estimate":145.05679532510794,"standard_error":66.63867386525679},"Slope":{"confidence_interval":{"confidence_level":0.95,"lower_bound":7869.326610271728,"upper_bound":8043.6564579447995},"point_estimate":7957.882203614442,"standard_error":46.67530186299645},"StdDev":{"confidence_interval":{"confidence_level":0.95,"lower_bound":86.30702149394354,"upper_bound":208.31665324274005},"point_estimate":165.08317237820387,"standard_error":31.307966683122704}}