{"Mean":{"confidence_interval":{"confidence_level":0.95,"lower_bound":129280.75003440751,"upper_bound":134208.67440307193},"point_estimate":131358.55671620142,"standard_error":1296.7896949821522},"Median":{"confidence_interval":{"confidence_level":0.95,"lower_bound":128559.45862068965,"upper_bound":132767.61458675424},"point_estimate":129566.53155172414,"standard_error":1400.4670644011399},"MedianAbsDev":{"confidence_interval":{"confidence_level":0.95,"lower_bound":82.41892543330721,"upper_bound":5607.415855620895},"point_estimate":1681.1671017567699,"standard_error":1419.683891602988},"Slope":{"confidence_interval":{"confidence_level":0.95,"lower_bound":130417.49444096134,"upper_bound":138401.08819504856},"point_estimate":134424.53046126288,"standard_error":2250.484253358193},"StdDev":{"confidence_interval":{"confidence_level":0.95,"lower_bound":1294.1141211347315,"upper_bound":6341.611258756642},"point_estimate":4316.156030309893,"standard_error":1559.2764547631707}}