{"Mean":{"confidence_interval":{"confidence_level":0.95,"lower_bound":16455.654627054708,"upper_bound":17098.468253454575},"point_estimate":16724.28852209988,"standard_error":168.57772856257765},"Median":{"confidence_interval":{"confidence_level":0.95,"lower_bound":16424.572749231444,"upper_bound":16786.59519104084},"point_estimate":16652.609697518667,"standard_error":108.66198433475368},"MedianAbsDev":{"confidence_interval":{"confidence_level":0.95,"lower_bound":33.91903514386627,"upper_bound":529.8314687556655},"point_estimate":232.43846875876818,"standard_error":126.6068508973172},"Slope":{"confidence_interval":{"confidence_level":0.95,"lower_bound":16592.299266745606,"upper_bound":16769.75794369999},"point_estimate":16708.086179696456,"standard_error":45.46304907395992},"StdDev":{"confidence_interval":{"confidence_level":0.95,"lower_bound":141.23517148961741,"upper_bound":841.2219048271764},"point_estimate":565.1304875671317,"standard_error":219.34756555823867}}