{"Mean":{"confidence_interval":{"confidence_level":0.95,"lower_bound":88060.12467724869,"upper_bound":91188.53965167548},"point_estimate":89678.49360229279,"standard_error":799.5469487953415},"Median":{"confidence_interval":{"confidence_level":0.95,"lower_bound":87322.29629629629,"upper_bound":92063.35273368607},"point_estimate":90174.98703703703,"standard_error":1223.9686153528316},"MedianAbsDev":{"confidence_interval":{"confidence_level":0.95,"lower_bound":678.1077583315501,"upper_bound":4518.305786450714},"point_estimate":2916.5843959980443,"standard_error":988.5053447956026},"Slope":{"confidence_interval":{"confidence_level":0.95,"lower_bound":90078.84870858415,"upper_bound":92205.60938388872},"point_estimate":91478.19653679653,"standard_error":543.7287121897072},"StdDev":{"confidence_interval":{"confidence_level":0.95,"lower_bound":1479.6684890164815,"upper_bound":3261.2752927832794},"point_estimate":2663.087622266337,"standard_error":449.94925927509917}}