{"Mean":{"confidence_interval":{"confidence_level":0.95,"lower_bound":5733014.142242065,"upper_bound":5894751.71875},"point_estimate":5814670.71001984,"standard_error":41474.45215345269},"Median":{"confidence_interval":{"confidence_level":0.95,"lower_bound":5676116.416666667,"upper_bound":5923350.480555556},"point_estimate":5838840.878571428,"standard_error":61810.63178220692},"MedianAbsDev":{"confidence_interval":{"confidence_level":0.95,"lower_bound":34491.856484313685,"upper_bound":241255.28293686177},"point_estimate":160156.1911429094,"standard_error":53182.431888663494},"Slope":{"confidence_interval":{"confidence_level":0.95,"lower_bound":5804469.367867867,"upper_bound":5936038.354268216},"point_estimate":5876686.2991341995,"standard_error":34280.59778415515},"StdDev":{"confidence_interval":{"confidence_level":0.95,"lower_bound":82993.85628821925,"upper_bound":167534.9298471482},"point_estimate":138171.34026816205,"standard_error":21510.59296809562}}