{"Mean":{"confidence_interval":{"confidence_level":0.95,"lower_bound":14911064.404170139,"upper_bound":15113294.940000001},"point_estimate":15012082.129980158,"standard_error":51774.918709450525},"Median":{"confidence_interval":{"confidence_level":0.95,"lower_bound":14849318.96031746,"upper_bound":15177968.591666667},"point_estimate":14996546.944444444,"standard_error":89015.516388209},"MedianAbsDev":{"confidence_interval":{"confidence_level":0.95,"lower_bound":44731.7245746036,"upper_bound":287576.6963578278},"point_estimate":217507.79022013312,"standard_error":63272.51764987944},"Slope":{"confidence_interval":{"confidence_level":0.95,"lower_bound":14856075.076991307,"upper_bound":15131197.309658641},"point_estimate":14987417.600865802,"standard_error":74592.00869284612},"StdDev":{"confidence_interval":{"confidence_level":0.95,"lower_bound":110234.6132986731,"upper_bound":204769.42251361863},"point_estimate":172738.83774527657,"standard_error":24201.283505035834}}