{"Mean":{"confidence_interval":{"confidence_level":0.95,"lower_bound":39479.43565922979,"upper_bound":42451.013478707864},"point_estimate":41027.96648247434,"standard_error":759.9246325475157},"Median":{"confidence_interval":{"confidence_level":0.95,"lower_bound":39546.15456012914,"upper_bound":42867.9472693032},"point_estimate":41151.41440389716,"standard_error":728.5582767698838},"MedianAbsDev":{"confidence_interval":{"confidence_level":0.95,"lower_bound":318.94139191634963,"upper_bound":4393.674053070142},"point_estimate":2132.1457640536237,"standard_error":1071.8790096121277},"Slope":{"confidence_interval":{"confidence_level":0.95,"lower_bound":41048.87448576432,"upper_bound":43750.1840849559},"point_estimate":42784.648210224,"standard_error":675.8637827846596},"StdDev":{"confidence_interval":{"confidence_level":0.95,"lower_bound":1158.4370005862488,"upper_bound":3390.4277106848854},"point_estimate":2517.3664364849255,"standard_error":588.7011276949917}}