{"Mean":{"confidence_interval":{"confidence_level":0.95,"lower_bound":4229.600307357318,"upper_bound":4409.506396011529},"point_estimate":4313.5253326799475,"standard_error":46.38486901907284},"Median":{"confidence_interval":{"confidence_level":0.95,"lower_bound":4187.013401610644,"upper_bound":4428.014545271233},"point_estimate":4287.7070575105045,"standard_error":59.25829555073153},"MedianAbsDev":{"confidence_interval":{"confidence_level":0.95,"lower_bound":20.62576043345285,"upper_bound":249.15496739416963},"point_estimate":141.5883218199444,"standard_error":61.33289115050561},"Slope":{"confidence_interval":{"confidence_level":0.95,"lower_bound":4265.667070647369,"upper_bound":4393.196578237938},"point_estimate":4320.701464449417,"standard_error":32.899734158248926},"StdDev":{"confidence_interval":{"confidence_level":0.95,"lower_bound":68.92102387856374,"upper_bound":197.04322756017743},"point_estimate":154.94054653930715,"standard_error":33.122546838382995}}