{"Mean":{"confidence_interval":{"confidence_level":0.95,"lower_bound":4414.499863799056,"upper_bound":4544.334055187732},"point_estimate":4484.730082874339,"standard_error":33.35259152338946},"Median":{"confidence_interval":{"confidence_level":0.95,"lower_bound":4380.1185011883545,"upper_bound":4560.737075234134},"point_estimate":4541.225111270658,"standard_error":43.38625923882499},"MedianAbsDev":{"confidence_interval":{"confidence_level":0.95,"lower_bound":8.73948832152192,"upper_bound":166.96030627234427},"point_estimate":53.285671740084354,"standard_error":43.79908591091138},"Slope":{"confidence_interval":{"confidence_level":0.95,"lower_bound":4520.194820056377,"upper_bound":4567.551845351164},"point_estimate":4549.186149758342,"standard_error":12.254793891527775},"StdDev":{"confidence_interval":{"confidence_level":0.95,"lower_bound":38.33788498615638,"upper_bound":137.20504969555157},"point_estimate":110.94698277343852,"standard_error":25.473058600856806}}