{"Mean":{"confidence_interval":{"confidence_level":0.95,"lower_bound":2228693.1385000004,"upper_bound":2313233.5995416665},"point_estimate":2272325.990375,"standard_error":21678.598388366874},"Median":{"confidence_interval":{"confidence_level":0.95,"lower_bound":2227368.2333333334,"upper_bound":2321790.0833333335},"point_estimate":2280145.0925000003,"standard_error":25948.056136653304},"MedianAbsDev":{"confidence_interval":{"confidence_level":0.95,"lower_bound":8589.32866375884,"upper_bound":122307.09100611472},"point_estimate":61801.25667543324,"standard_error":27053.74745836878},"Slope":{"confidence_interval":{"confidence_level":0.95,"lower_bound":2277842.1437304867,"upper_bound":2338779.6796907214},"point_estimate":2307134.8363636364,"standard_error":15532.633783046645},"StdDev":{"confidence_interval":{"confidence_level":0.95,"lower_bound":35035.83223642751,"upper_bound":96271.5394078071},"point_estimate":72341.13799172505,"standard_error":16119.437607660828}}