{"Mean":{"confidence_interval":{"confidence_level":0.95,"lower_bound":18102.380243020045,"upper_bound":18231.510948466366},"point_estimate":18162.83919864631,"standard_error":33.13670842899215},"Median":{"confidence_interval":{"confidence_level":0.95,"lower_bound":18073.811621585788,"upper_bound":18251.20783611774},"point_estimate":18130.40138083873,"standard_error":46.19134378559887},"MedianAbsDev":{"confidence_interval":{"confidence_level":0.95,"lower_bound":15.53181718646221,"upper_bound":180.04590567387515},"point_estimate":84.65007248283888,"standard_error":42.19145355774251},"Slope":{"confidence_interval":{"confidence_level":0.95,"lower_bound":18140.61833196588,"upper_bound":18311.570194359287},"point_estimate":18248.821738007417,"standard_error":42.72578905158817},"StdDev":{"confidence_interval":{"confidence_level":0.95,"lower_bound":49.56529969060035,"upper_bound":138.59617888537903},"point_estimate":110.50494145536062,"standard_error":21.964981416083162}}