{"Mean":{"confidence_interval":{"confidence_level":0.95,"lower_bound":1701.2492403004371,"upper_bound":1754.880660124653},"point_estimate":1728.9689437183672,"standard_error":13.725857231843703},"Median":{"confidence_interval":{"confidence_level":0.95,"lower_bound":1686.705558611911,"upper_bound":1770.7927844837816},"point_estimate":1742.47177905066,"standard_error":22.342836839321485},"MedianAbsDev":{"confidence_interval":{"confidence_level":0.95,"lower_bound":10.851812234124193,"upper_bound":75.30556885658022},"point_estimate":50.55361723200436,"standard_error":17.268153552836456},"Slope":{"confidence_interval":{"confidence_level":0.95,"lower_bound":1727.4105935436298,"upper_bound":1760.09088814997},"point_estimate":1745.8824088826614,"standard_error":8.2208831068756},"StdDev":{"confidence_interval":{"confidence_level":0.95,"lower_bound":26.24686219656931,"upper_bound":55.09820636449778},"point_estimate":45.77052564467308,"standard_error":7.258718099863058}}