{"Mean":{"confidence_interval":{"confidence_level":0.95,"lower_bound":63333.894275862054,"upper_bound":65527.62574117406},"point_estimate":64496.734184455396,"standard_error":563.9678943103291},"Median":{"confidence_interval":{"confidence_level":0.95,"lower_bound":63092.76005747126,"upper_bound":65968.84473180077},"point_estimate":65194.33620689655,"standard_error":892.51226738755},"MedianAbsDev":{"confidence_interval":{"confidence_level":0.95,"lower_bound":237.87052675396868,"upper_bound":3459.2636075513105},"point_estimate":1751.5410526970345,"standard_error":788.6556793193001},"Slope":{"confidence_interval":{"confidence_level":0.95,"lower_bound":64935.043193973295,"upper_bound":66159.11292927874},"point_estimate":65691.62606359158,"standard_error":316.19445670868356},"StdDev":{"confidence_interval":{"confidence_level":0.95,"lower_bound":981.238836837013,"upper_bound":2425.9532420405117},"point_estimate":1878.8176926960796,"standard_error":390.345541959916}}