{"Mean":{"confidence_interval":{"confidence_level":0.95,"lower_bound":52425.851416346486,"upper_bound":53710.42352107346},"point_estimate":53098.95855774827,"standard_error":328.94148565735986},"Median":{"confidence_interval":{"confidence_level":0.95,"lower_bound":52392.67756723716,"upper_bound":54055.854828850854},"point_estimate":53219.67899348003,"standard_error":359.9946738834914},"MedianAbsDev":{"confidence_interval":{"confidence_level":0.95,"lower_bound":96.15493270611105,"upper_bound":1822.8273660491054},"point_estimate":1034.4821832296252,"standard_error":435.0506574465896},"Slope":{"confidence_interval":{"confidence_level":0.95,"lower_bound":53066.88447432763,"upper_bound":54236.03072047525},"point_estimate":53828.87249229987,"standard_error":297.2231324286637},"StdDev":{"confidence_interval":{"confidence_level":0.95,"lower_bound":547.3614865719776,"upper_bound":1447.0262746111453},"point_estimate":1097.4227495288783,"standard_error":239.51116951124206}}