{"Mean":{"confidence_interval":{"confidence_level":0.95,"lower_bound":103085.31379474713,"upper_bound":103376.55577684828},"point_estimate":103239.81851571811,"standard_error":74.88106333619605},"Median":{"confidence_interval":{"confidence_level":0.95,"lower_bound":103028.21351351352,"upper_bound":103435.75942460317},"point_estimate":103309.57766099433,"standard_error":105.81779465835788},"MedianAbsDev":{"confidence_interval":{"confidence_level":0.95,"lower_bound":60.5380479680238,"upper_bound":414.03184814495523},"point_estimate":216.21102753660648,"standard_error":92.91679504674784},"Slope":{"confidence_interval":{"confidence_level":0.95,"lower_bound":103199.06196350865,"upper_bound":103446.56111120386},"point_estimate":103360.56786396787,"standard_error":63.529160258602666},"StdDev":{"confidence_interval":{"confidence_level":0.95,"lower_bound":123.54653700614237,"upper_bound":318.92844743112454},"point_estimate":250.00511039057906,"standard_error":50.65235725879825}}