{"Mean":{"confidence_interval":{"confidence_level":0.95,"lower_bound":514803.74608134927,"upper_bound":539611.5526501737},"point_estimate":527404.0180530754,"standard_error":6362.61234573544},"Median":{"confidence_interval":{"confidence_level":0.95,"lower_bound":506437.53720238095,"upper_bound":546384.6305803572},"point_estimate":530347.0955357143,"standard_error":11292.371258321902},"MedianAbsDev":{"confidence_interval":{"confidence_level":0.95,"lower_bound":2868.139933194858,"upper_bound":34936.83562724727},"point_estimate":24526.354256236813,"standard_error":8178.4775873839035},"Slope":{"confidence_interval":{"confidence_level":0.95,"lower_bound":530688.1925969236,"upper_bound":549169.6692660019},"point_estimate":542998.6292671614,"standard_error":4772.8629884293805},"StdDev":{"confidence_interval":{"confidence_level":0.95,"lower_bound":13164.56288434753,"upper_bound":25277.89678272397},"point_estimate":21284.302556891536,"standard_error":3068.317055493973}}