{"Mean":{"confidence_interval":{"confidence_level":0.95,"lower_bound":663.9850777505521,"upper_bound":678.5336242912397},"point_estimate":669.6289818265649,"standard_error":3.994602961140575},"Median":{"confidence_interval":{"confidence_level":0.95,"lower_bound":662.1267369030004,"upper_bound":670.1612378752088},"point_estimate":665.1895932300184,"standard_error":2.6881220532486028},"MedianAbsDev":{"confidence_interval":{"confidence_level":0.95,"lower_bound":0.26678435214135543,"upper_bound":10.382334139067966},"point_estimate":5.087287820670809,"standard_error":2.468822711259469},"Slope":{"confidence_interval":{"confidence_level":0.95,"lower_bound":663.2946213115727,"upper_bound":667.385211026975},"point_estimate":664.6953063964824,"standard_error":1.040948063966391},"StdDev":{"confidence_interval":{"confidence_level":0.95,"lower_bound":2.698756626318877,"upper_bound":20.23054064366454},"point_estimate":13.270334801871911,"standard_error":5.948559481494414}}