{"Mean":{"confidence_interval":{"confidence_level":0.95,"lower_bound":4247.959497544822,"upper_bound":4412.077013759254},"point_estimate":4326.250157856222,"standard_error":42.13349805977279},"Median":{"confidence_interval":{"confidence_level":0.95,"lower_bound":4192.377301424167,"upper_bound":4443.341976214946},"point_estimate":4293.520661022203,"standard_error":55.13921135085749},"MedianAbsDev":{"confidence_interval":{"confidence_level":0.95,"lower_bound":22.548621353706864,"upper_bound":248.45116688064758},"point_estimate":153.26784223955545,"standard_error":56.29441825141128},"Slope":{"confidence_interval":{"confidence_level":0.95,"lower_bound":4276.833477409213,"upper_bound":4428.116516352581},"point_estimate":4352.403943582478,"standard_error":37.929607341054},"StdDev":{"confidence_interval":{"confidence_level":0.95,"lower_bound":70.22720826607342,"upper_bound":174.27238059574367},"point_estimate":140.84558431998397,"standard_error":26.233471839620336}}