{"Mean":{"confidence_interval":{"confidence_level":0.95,"lower_bound":7398.628400229373,"upper_bound":7533.989020526404},"point_estimate":7470.238281384872,"standard_error":34.786616335120435},"Median":{"confidence_interval":{"confidence_level":0.95,"lower_bound":7395.431220124001,"upper_bound":7554.842183728525},"point_estimate":7498.4234878602865,"standard_error":37.64533603568415},"MedianAbsDev":{"confidence_interval":{"confidence_level":0.95,"lower_bound":11.61134036250679,"upper_bound":188.50156310948387},"point_estimate":100.28661616053905,"standard_error":48.5026507421244},"Slope":{"confidence_interval":{"confidence_level":0.95,"lower_bound":7488.8209787257565,"upper_bound":7566.21809810238},"point_estimate":7536.8200667144865,"standard_error":19.553834213228473},"StdDev":{"confidence_interval":{"confidence_level":0.95,"lower_bound":47.868634630978484,"upper_bound":146.05633311617012},"point_estimate":115.88691526893165,"standard_error":24.511785306421967}}