{"Mean":{"confidence_interval":{"confidence_level":0.95,"lower_bound":78000.64368966123,"upper_bound":83180.7926968439},"point_estimate":80750.63541795182,"standard_error":1324.7832601648038},"Median":{"confidence_interval":{"confidence_level":0.95,"lower_bound":78573.3045813586,"upper_bound":84179.5515007899},"point_estimate":81489.7364402317,"standard_error":1278.869611975894},"MedianAbsDev":{"confidence_interval":{"confidence_level":0.95,"lower_bound":281.5523419011348,"upper_bound":7021.349771507271},"point_estimate":4115.2219584252025,"standard_error":1629.4576556110449},"Slope":{"confidence_interval":{"confidence_level":0.95,"lower_bound":80679.34472880718,"upper_bound":84974.27031877986},"point_estimate":83298.46534950042,"standard_error":1080.2732059587354},"StdDev":{"confidence_interval":{"confidence_level":0.95,"lower_bound":1942.7526386498764,"upper_bound":6046.513129134792},"point_estimate":4421.39502382211,"standard_error":1114.6878913561018}}