{"Mean":{"confidence_interval":{"confidence_level":0.95,"lower_bound":6803.765583887991,"upper_bound":6985.033855677356},"point_estimate":6897.257800531147,"standard_error":46.540335052829995},"Median":{"confidence_interval":{"confidence_level":0.95,"lower_bound":6744.064850649995,"upper_bound":7022.082677667673},"point_estimate":6962.167386126823,"standard_error":84.68469849954306},"MedianAbsDev":{"confidence_interval":{"confidence_level":0.95,"lower_bound":32.15259037142232,"upper_bound":241.97257874967818},"point_estimate":152.0127074778762,"standard_error":58.80705274349658},"Slope":{"confidence_interval":{"confidence_level":0.95,"lower_bound":6928.688368174919,"upper_bound":7046.088047302033},"point_estimate":7006.331170764335,"standard_error":30.299245555340473},"StdDev":{"confidence_interval":{"confidence_level":0.95,"lower_bound":94.5094739269626,"upper_bound":180.22309181418424},"point_estimate":154.75096940888164,"standard_error":21.699334118913274}}