{"Mean":{"confidence_interval":{"confidence_level":0.95,"lower_bound":238.45395272725932,"upper_bound":250.11222708164547},"point_estimate":245.48020419847586,"standard_error":3.158165001321813},"Median":{"confidence_interval":{"confidence_level":0.95,"lower_bound":245.1684549001588,"upper_bound":251.2974059227551},"point_estimate":247.85451273005393,"standard_error":1.8183774650768088},"MedianAbsDev":{"confidence_interval":{"confidence_level":0.95,"lower_bound":0.42026391246433975,"upper_bound":8.00390230655083},"point_estimate":3.6908826450642773,"standard_error":1.9423138696618787},"Slope":{"confidence_interval":{"confidence_level":0.95,"lower_bound":245.75079949793945,"upper_bound":249.4458031592181},"point_estimate":247.11319677323812,"standard_error":0.9385592548585461},"StdDev":{"confidence_interval":{"confidence_level":0.95,"lower_bound":2.180861067652948,"upper_bound":15.977938709108665},"point_estimate":10.533204788731892,"standard_error":4.583627433377542}}