{"Mean":{"confidence_interval":{"confidence_level":0.95,"lower_bound":6468.927240331687,"upper_bound":6595.0535749299725},"point_estimate":6535.657485315164,"standard_error":32.345132716232676},"Median":{"confidence_interval":{"confidence_level":0.95,"lower_bound":6466.244093539055,"upper_bound":6618.090426108968},"point_estimate":6559.799948339992,"standard_error":44.11573392427508},"MedianAbsDev":{"confidence_interval":{"confidence_level":0.95,"lower_bound":20.397224123572894,"upper_bound":180.75370636185784},"point_estimate":95.13922420695555,"standard_error":40.62840731684418},"Slope":{"confidence_interval":{"confidence_level":0.95,"lower_bound":6560.199508444135,"upper_bound":6621.357839759902},"point_estimate":6601.289363047753,"standard_error":15.849398823695813},"StdDev":{"confidence_interval":{"confidence_level":0.95,"lower_bound":52.33610322000005,"upper_bound":139.55816832077903},"point_estimate":108.25576755242605,"standard_error":22.77223198850772}}