{"Mean":{"confidence_interval":{"confidence_level":0.95,"lower_bound":10929554.609722223,"upper_bound":11399038.928541666},"point_estimate":11153559.865906086,"standard_error":120170.58709851137},"Median":{"confidence_interval":{"confidence_level":0.95,"lower_bound":10889827.153935187,"upper_bound":11417554.138888888},"point_estimate":11038449.083333332,"standard_error":138786.139770448},"MedianAbsDev":{"confidence_interval":{"confidence_level":0.95,"lower_bound":51261.00660868403,"upper_bound":644917.0038671007},"point_estimate":292775.9081466319,"standard_error":164477.32947843583},"Slope":{"confidence_interval":{"confidence_level":0.95,"lower_bound":10911123.207078435,"upper_bound":11199710.014455782},"point_estimate":11020878.984848484,"standard_error":73201.8917970212},"StdDev":{"confidence_interval":{"confidence_level":0.95,"lower_bound":189909.19643224258,"upper_bound":521376.0447472976},"point_estimate":400071.5662749011,"standard_error":85493.9769288299}}