{"Mean":{"confidence_interval":{"confidence_level":0.95,"lower_bound":215327.87286105286,"upper_bound":219976.3224433107},"point_estimate":217496.58991445982,"standard_error":1194.2741173913064},"Median":{"confidence_interval":{"confidence_level":0.95,"lower_bound":213960.9311907799,"upper_bound":220152.3118622449},"point_estimate":217096.51602891157,"standard_error":1641.7648921877435},"MedianAbsDev":{"confidence_interval":{"confidence_level":0.95,"lower_bound":94.52539278611678,"upper_bound":6740.731866935219},"point_estimate":4286.336541982694,"standard_error":1800.780676584551},"Slope":{"confidence_interval":{"confidence_level":0.95,"lower_bound":214169.0445017146,"upper_bound":216433.0832764068},"point_estimate":214850.97079909887,"standard_error":577.5883855579682},"StdDev":{"confidence_interval":{"confidence_level":0.95,"lower_bound":1730.265234269285,"upper_bound":4953.256222190743},"point_estimate":3981.685849323063,"standard_error":785.9929193106287}}