{"Mean":{"confidence_interval":{"confidence_level":0.95,"lower_bound":8242863.946729166,"upper_bound":8536992.507016864},"point_estimate":8384698.928346561,"standard_error":75423.91714470185},"Median":{"confidence_interval":{"confidence_level":0.95,"lower_bound":8203709.658333333,"upper_bound":8676082.316666666},"point_estimate":8314765.0625,"standard_error":106028.2583506951},"MedianAbsDev":{"confidence_interval":{"confidence_level":0.95,"lower_bound":32196.616695895744,"upper_bound":390234.9943419443},"point_estimate":199376.4306228608,"standard_error":114972.62575323832},"Slope":{"confidence_interval":{"confidence_level":0.95,"lower_bound":8279425.1506378325,"upper_bound":8626454.04165951},"point_estimate":8489626.081818182,"standard_error":90463.96687542416},"StdDev":{"confidence_interval":{"confidence_level":0.95,"lower_bound":120809.61367088273,"upper_bound":301709.3783947256},"point_estimate":251340.35195756142,"standard_error":42246.08446060505}}