{"Mean":{"confidence_interval":{"confidence_level":0.95,"lower_bound":525168.827217775,"upper_bound":744107.4615489873},"point_estimate":634018.3664066775,"standard_error":56236.9648625094},"Median":{"confidence_interval":{"confidence_level":0.95,"lower_bound":443255.3620689655,"upper_bound":818368.8189655172},"point_estimate":631580.2011494252,"standard_error":108238.05837507767},"MedianAbsDev":{"confidence_interval":{"confidence_level":0.95,"lower_bound":15339.91660352407,"upper_bound":298736.9631153242},"point_estimate":278071.600660656,"standard_error":86103.31121041892},"Slope":{"confidence_interval":{"confidence_level":0.95,"lower_bound":646336.8287499303,"upper_bound":837868.7910604841},"point_estimate":777318.2146887595,"standard_error":49381.21961249107},"StdDev":{"confidence_interval":{"confidence_level":0.95,"lower_bound":124106.37060452504,"upper_bound":215798.48932895114},"point_estimate":188307.65028460696,"standard_error":23559.133403713837}}