{"Mean":{"confidence_interval":{"confidence_level":0.95,"lower_bound":74713.27430309351,"upper_bound":84937.66393328192},"point_estimate":79853.26514779574,"standard_error":2628.34780162143},"Median":{"confidence_interval":{"confidence_level":0.95,"lower_bound":71324.04683698296,"upper_bound":87541.05967153284},"point_estimate":81356.12833680917,"standard_error":4745.59954319059},"MedianAbsDev":{"confidence_interval":{"confidence_level":0.95,"lower_bound":2545.5432160301953,"upper_bound":14187.486404070667},"point_estimate":10741.461985243754,"standard_error":3211.599959113986},"Slope":{"confidence_interval":{"confidence_level":0.95,"lower_bound":81653.63714421752,"upper_bound":87724.18005902709},"point_estimate":85665.8729358233,"standard_error":1564.4529734855246},"StdDev":{"confidence_interval":{"confidence_level":0.95,"lower_bound":5617.69115392916,"upper_bound":10224.082756269907},"point_estimate":8767.845024092516,"standard_error":1175.741602438887}}