{"Mean":{"confidence_interval":{"confidence_level":0.95,"lower_bound":875835.9376482372,"upper_bound":1148569.3311808226},"point_estimate":1010360.509732906,"standard_error":69917.84545545703},"Median":{"confidence_interval":{"confidence_level":0.95,"lower_bound":799018.423076923,"upper_bound":1251315.016292735},"point_estimate":958054.5352564103,"standard_error":151876.5831857254},"MedianAbsDev":{"confidence_interval":{"confidence_level":0.95,"lower_bound":25280.393865766644,"upper_bound":344211.1409193192},"point_estimate":313811.3396402735,"standard_error":97815.933674406},"Slope":{"confidence_interval":{"confidence_level":0.95,"lower_bound":1024631.2837174084,"upper_bound":1250848.537625418},"point_estimate":1181602.629070929,"standard_error":58403.03070730938},"StdDev":{"confidence_interval":{"confidence_level":0.95,"lower_bound":159333.28832243828,"upper_bound":259388.84334328413},"point_estimate":233456.48291328413,"standard_error":25749.873831050132}}