{"Mean":{"confidence_interval":{"confidence_level":0.95,"lower_bound":668.8833152411693,"upper_bound":708.8832690165126},"point_estimate":690.2066075568483,"standard_error":10.26078561715433},"Median":{"confidence_interval":{"confidence_level":0.95,"lower_bound":662.8036797780362,"upper_bound":710.6450346974077},"point_estimate":706.7028789428696,"standard_error":13.347821061216862},"MedianAbsDev":{"confidence_interval":{"confidence_level":0.95,"lower_bound":0.9911740849959837,"upper_bound":52.210360319384925},"point_estimate":10.629505855036735,"standard_error":14.276667816961025},"Slope":{"confidence_interval":{"confidence_level":0.95,"lower_bound":698.1776554198948,"upper_bound":713.3645550688398},"point_estimate":707.3358781543275,"standard_error":3.834905532908618},"StdDev":{"confidence_interval":{"confidence_level":0.95,"lower_bound":10.991562453471863,"upper_bound":41.66844171247603},"point_estimate":34.24251000648644,"standard_error":7.121751564869833}}