{"Mean":{"confidence_interval":{"confidence_level":0.95,"lower_bound":1705027.3306657851,"upper_bound":1711490.8314300415},"point_estimate":1708132.1353982952,"standard_error":1662.378144215288},"Median":{"confidence_interval":{"confidence_level":0.95,"lower_bound":1703603.4609053498,"upper_bound":1713016.3055555555},"point_estimate":1706604.262345679,"standard_error":2563.3831814196483},"MedianAbsDev":{"confidence_interval":{"confidence_level":0.95,"lower_bound":960.3072297103936,"upper_bound":9047.791703721565},"point_estimate":4607.096288886889,"standard_error":2175.7608644162083},"Slope":{"confidence_interval":{"confidence_level":0.95,"lower_bound":1703817.103387534,"upper_bound":1710428.237205387},"point_estimate":1706832.3394901394,"standard_error":1842.9525028013757},"StdDev":{"confidence_interval":{"confidence_level":0.95,"lower_bound":2865.780830388243,"upper_bound":6645.6966219243195},"point_estimate":5527.667676478741,"standard_error":924.3841027851263}}