{"Mean":{"confidence_interval":{"confidence_level":0.95,"lower_bound":1411344.757256236,"upper_bound":1429132.5201884918},"point_estimate":1419310.7140816327,"standard_error":4554.431591744014},"Median":{"confidence_interval":{"confidence_level":0.95,"lower_bound":1408768.3452380951,"upper_bound":1432464.392857143},"point_estimate":1413925.2142857143,"standard_error":5098.355793886318},"MedianAbsDev":{"confidence_interval":{"confidence_level":0.95,"lower_bound":347.94032715590566,"upper_bound":20404.876354407832},"point_estimate":7450.426692728493,"standard_error":4736.572997726452},"Slope":{"confidence_interval":{"confidence_level":0.95,"lower_bound":1410202.2429484695,"upper_bound":1440382.6000170677},"point_estimate":1428580.2379715522,"standard_error":7755.339454124277},"StdDev":{"confidence_interval":{"confidence_level":0.95,"lower_bound":3950.2943824655645,"upper_bound":18993.478848907587},"point_estimate":15162.92323069258,"standard_error":4047.2498607176935}}