{"Mean":{"confidence_interval":{"confidence_level":0.95,"lower_bound":838.103157063033,"upper_bound":872.4857564963331},"point_estimate":852.5191669897491,"standard_error":9.003200211199118},"Median":{"confidence_interval":{"confidence_level":0.95,"lower_bound":840.8144386442982,"upper_bound":854.5259074434347},"point_estimate":846.1346480507827,"standard_error":3.968140085928297},"MedianAbsDev":{"confidence_interval":{"confidence_level":0.95,"lower_bound":1.5618069519915325,"upper_bound":28.50174530622799},"point_estimate":8.596783041739512,"standard_error":6.527285291964076},"Slope":{"confidence_interval":{"confidence_level":0.95,"lower_bound":841.6794574995325,"upper_bound":849.1448362886943},"point_estimate":844.2838466519755,"standard_error":1.9119223332436475},"StdDev":{"confidence_interval":{"confidence_level":0.95,"lower_bound":5.400281691968966,"upper_bound":44.68167623526615},"point_estimate":29.97325445556766,"standard_error":12.009310533313194}}