{"Mean":{"confidence_interval":{"confidence_level":0.95,"lower_bound":16820.153540505416,"upper_bound":20491.993717466637},"point_estimate":18542.521000871595,"standard_error":942.4323065812749},"Median":{"confidence_interval":{"confidence_level":0.95,"lower_bound":16312.617156971171,"upper_bound":20796.71647075552},"point_estimate":17583.01485152621,"standard_error":1039.2873843983243},"MedianAbsDev":{"confidence_interval":{"confidence_level":0.95,"lower_bound":387.50917356825045,"upper_bound":5121.413393522659},"point_estimate":2017.9452767099792,"standard_error":1292.270498136319},"Slope":{"confidence_interval":{"confidence_level":0.95,"lower_bound":17477.518574334077,"upper_bound":20850.800279364026},"point_estimate":18607.07985849585,"standard_error":872.4829248427985},"StdDev":{"confidence_interval":{"confidence_level":0.95,"lower_bound":1248.8384963782196,"upper_bound":3948.921805821751},"point_estimate":3139.2469696631697,"standard_error":669.5584629087815}}