{"Mean":{"confidence_interval":{"confidence_level":0.95,"lower_bound":11996.787819961133,"upper_bound":13028.56892875486},"point_estimate":12542.507370210995,"standard_error":265.1183486812671},"Median":{"confidence_interval":{"confidence_level":0.95,"lower_bound":11992.322274662225,"upper_bound":13273.651374236535},"point_estimate":12671.490616324263,"standard_error":354.34122233335495},"MedianAbsDev":{"confidence_interval":{"confidence_level":0.95,"lower_bound":152.38085456496555,"upper_bound":1428.2382919222973},"point_estimate":904.2009762258185,"standard_error":334.95654674271145},"Slope":{"confidence_interval":{"confidence_level":0.95,"lower_bound":12664.941742220857,"upper_bound":13339.351556948513},"point_estimate":13106.543493874255,"standard_error":171.96924616517654},"StdDev":{"confidence_interval":{"confidence_level":0.95,"lower_bound":418.7531210190968,"upper_bound":1131.4778003650079},"point_estimate":883.2231423292837,"standard_error":184.30775122598996}}