{"Mean":{"confidence_interval":{"confidence_level":0.95,"lower_bound":1851172.129560328,"upper_bound":1864877.0918814617},"point_estimate":1858251.9288041615,"standard_error":3525.1123639058974},"Median":{"confidence_interval":{"confidence_level":0.95,"lower_bound":1844576.0,"upper_bound":1868365.7207207207},"point_estimate":1862654.9080598457,"standard_error":6767.635446824219},"MedianAbsDev":{"confidence_interval":{"confidence_level":0.95,"lower_bound":1870.2502241838147,"upper_bound":18474.26354471893},"point_estimate":11595.937382711907,"standard_error":4768.351867546244},"Slope":{"confidence_interval":{"confidence_level":0.95,"lower_bound":1857033.481055785,"upper_bound":1866928.264116027},"point_estimate":1863727.0039312039,"standard_error":2549.3631018666224},"StdDev":{"confidence_interval":{"confidence_level":0.95,"lower_bound":7525.936102457402,"upper_bound":13413.59298993012},"point_estimate":11782.997071889513,"standard_error":1557.2622432653804}}