{"Mean":{"confidence_interval":{"confidence_level":0.95,"lower_bound":137284.45958188153,"upper_bound":138160.00929849013},"point_estimate":137688.19206562138,"standard_error":224.4983893198357},"Median":{"confidence_interval":{"confidence_level":0.95,"lower_bound":137067.01219512196,"upper_bound":137994.25528455284},"point_estimate":137654.8875,"standard_error":247.03721676398393},"MedianAbsDev":{"confidence_interval":{"confidence_level":0.95,"lower_bound":138.99359686163135,"upper_bound":1157.4268360003275},"point_estimate":623.0585105604405,"standard_error":249.67245441236233},"Slope":{"confidence_interval":{"confidence_level":0.95,"lower_bound":137507.474124059,"upper_bound":138465.96384880538},"point_estimate":137964.29503959455,"standard_error":241.51312279169815},"StdDev":{"confidence_interval":{"confidence_level":0.95,"lower_bound":340.4792143581579,"upper_bound":1031.0728717113952},"point_estimate":747.3593074352094,"standard_error":196.89794991077628}}