{"Mean":{"confidence_interval":{"confidence_level":0.95,"lower_bound":132.15911851626606,"upper_bound":139.1330800671699},"point_estimate":135.3622456641072,"standard_error":1.7956311534218588},"Median":{"confidence_interval":{"confidence_level":0.95,"lower_bound":131.60650888803832,"upper_bound":139.00246299275443},"point_estimate":132.45054533928044,"standard_error":2.3677669518938758},"MedianAbsDev":{"confidence_interval":{"confidence_level":0.95,"lower_bound":0.31624598257323044,"upper_bound":9.713872940584844},"point_estimate":3.8279710663308664,"standard_error":2.6171482512643576},"Slope":{"confidence_interval":{"confidence_level":0.95,"lower_bound":131.59770854537774,"upper_bound":134.50274117697424},"point_estimate":132.5614523753025,"standard_error":0.7608453225020351},"StdDev":{"confidence_interval":{"confidence_level":0.95,"lower_bound":2.6774953695197556,"upper_bound":8.107387162907404},"point_estimate":6.005338555177523,"standard_error":1.525286458522205}}