{"Mean":{"confidence_interval":{"confidence_level":0.95,"lower_bound":6288.188985515817,"upper_bound":6399.866688782952},"point_estimate":6347.789570278534,"standard_error":28.707094238199886},"Median":{"confidence_interval":{"confidence_level":0.95,"lower_bound":6262.6214873687195,"upper_bound":6411.265617777057},"point_estimate":6397.789533856877,"standard_error":40.03517563421516},"MedianAbsDev":{"confidence_interval":{"confidence_level":0.95,"lower_bound":4.28031008284705,"upper_bound":151.0128615064687},"point_estimate":46.062257020011664,"standard_error":39.61817681130841},"Slope":{"confidence_interval":{"confidence_level":0.95,"lower_bound":6366.491386244026,"upper_bound":6406.260262537052},"point_estimate":6387.750379694106,"standard_error":10.533250588387897},"StdDev":{"confidence_interval":{"confidence_level":0.95,"lower_bound":30.86561203474697,"upper_bound":116.00084724407323},"point_estimate":95.99948674983445,"standard_error":19.239417975219514}}