{"Mean":{"confidence_interval":{"confidence_level":0.95,"lower_bound":411.62353552263386,"upper_bound":459.93271546678193},"point_estimate":436.448014589667,"standard_error":12.324098849289614},"Median":{"confidence_interval":{"confidence_level":0.95,"lower_bound":389.9100411073662,"upper_bound":462.7453891438579},"point_estimate":451.5991578834577,"standard_error":19.580713813881246},"MedianAbsDev":{"confidence_interval":{"confidence_level":0.95,"lower_bound":1.884841090463485,"upper_bound":67.89155686478074},"point_estimate":28.601694914234557,"standard_error":19.38965980222392},"Slope":{"confidence_interval":{"confidence_level":0.95,"lower_bound":446.14133633461915,"upper_bound":468.95227670650473},"point_estimate":459.5893394104191,"standard_error":5.7278874827511315},"StdDev":{"confidence_interval":{"confidence_level":0.95,"lower_bound":22.849715816213116,"upper_bound":50.657056675119705},"point_estimate":41.08442617687007,"standard_error":6.946253745955702}}