{"Mean":{"confidence_interval":{"confidence_level":0.95,"lower_bound":146263.53893764853,"upper_bound":148347.09479748463},"point_estimate":147249.2304332541,"standard_error":534.9627660792639},"Median":{"confidence_interval":{"confidence_level":0.95,"lower_bound":145898.1625445633,"upper_bound":148430.24806892453},"point_estimate":146876.45588235295,"standard_error":695.7969767620015},"MedianAbsDev":{"confidence_interval":{"confidence_level":0.95,"lower_bound":336.601067553558,"upper_bound":2995.729173838351},"point_estimate":1487.4570008502349,"standard_error":651.0317776989607},"Slope":{"confidence_interval":{"confidence_level":0.95,"lower_bound":146023.5297782365,"upper_bound":147304.60340428507},"point_estimate":146572.88847836654,"standard_error":325.49682423821184},"StdDev":{"confidence_interval":{"confidence_level":0.95,"lower_bound":878.4255716365547,"upper_bound":2321.2478366945506},"point_estimate":1786.5511590633464,"standard_error":377.09103488280545}}