{"Mean":{"confidence_interval":{"confidence_level":0.95,"lower_bound":109005.37045323015,"upper_bound":109492.48212427096},"point_estimate":109217.21821930612,"standard_error":126.99184582508154},"Median":{"confidence_interval":{"confidence_level":0.95,"lower_bound":108958.47543741588,"upper_bound":109399.34462389711},"point_estimate":109096.43862718708,"standard_error":86.19193003551503},"MedianAbsDev":{"confidence_interval":{"confidence_level":0.95,"lower_bound":29.63546239782599,"upper_bound":523.2849993067481},"point_estimate":174.5431392632847,"standard_error":126.89366833615813},"Slope":{"confidence_interval":{"confidence_level":0.95,"lower_bound":109077.26900249383,"upper_bound":109622.41155488031},"point_estimate":109313.40060128296,"standard_error":141.55258155544425},"StdDev":{"confidence_interval":{"confidence_level":0.95,"lower_bound":98.75909284324356,"upper_bound":597.0367227933208},"point_estimate":424.2286141678668,"standard_error":138.29886395993998}}