{"Mean":{"confidence_interval":{"confidence_level":0.95,"lower_bound":63822.67465884518,"upper_bound":65658.26635212023},"point_estimate":64594.68125251131,"standard_error":490.44618972130047},"Median":{"confidence_interval":{"confidence_level":0.95,"lower_bound":63735.79420289855,"upper_bound":65369.32753623188},"point_estimate":63855.42236714976,"standard_error":409.9529207766264},"MedianAbsDev":{"confidence_interval":{"confidence_level":0.95,"lower_bound":42.62902276009152,"upper_bound":2173.8994554635383},"point_estimate":197.48734034897376,"standard_error":478.2038540556888},"Slope":{"confidence_interval":{"confidence_level":0.95,"lower_bound":63614.79550483017,"upper_bound":64769.05195660532},"point_estimate":64080.13493945668,"standard_error":317.61776439032354},"StdDev":{"confidence_interval":{"confidence_level":0.95,"lower_bound":200.48229785305222,"upper_bound":2397.283606788429},"point_estimate":1631.9101545714748,"standard_error":613.7839723333814}}