{"Mean":{"confidence_interval":{"confidence_level":0.95,"lower_bound":6737.211923786398,"upper_bound":6821.087331905488},"point_estimate":6781.552258402374,"standard_error":21.636524182665188},"Median":{"confidence_interval":{"confidence_level":0.95,"lower_bound":6729.204302896832,"upper_bound":6834.316758427918},"point_estimate":6806.933292595371,"standard_error":27.370865080363473},"MedianAbsDev":{"confidence_interval":{"confidence_level":0.95,"lower_bound":9.485227637804439,"upper_bound":115.05497093155972},"point_estimate":45.76169757115781,"standard_error":28.646509718481727},"Slope":{"confidence_interval":{"confidence_level":0.95,"lower_bound":6778.976227031728,"upper_bound":6824.460360531249},"point_estimate":6806.272632009698,"standard_error":11.672589003977494},"StdDev":{"confidence_interval":{"confidence_level":0.95,"lower_bound":29.028510732115727,"upper_bound":88.79231018542278},"point_estimate":71.96667765955824,"standard_error":14.37318384358668}}