{"Mean":{"confidence_interval":{"confidence_level":0.95,"lower_bound":3515156.614737312,"upper_bound":3654550.04213346},"point_estimate":3583476.3607205516,"standard_error":35686.602379048745},"Median":{"confidence_interval":{"confidence_level":0.95,"lower_bound":3469739.1315789474,"upper_bound":3695798.245614035},"point_estimate":3579302.6254385966,"standard_error":60919.52893286431},"MedianAbsDev":{"confidence_interval":{"confidence_level":0.95,"lower_bound":20010.817661842088,"upper_bound":198395.88289303228},"point_estimate":166651.08106108863,"standard_error":48213.10519769045},"Slope":{"confidence_interval":{"confidence_level":0.95,"lower_bound":3587336.349684267,"upper_bound":3719038.3114582514},"point_estimate":3673526.7197539303,"standard_error":33934.2949531355},"StdDev":{"confidence_interval":{"confidence_level":0.95,"lower_bound":73237.0295254735,"upper_bound":140427.8402573061},"point_estimate":119001.08980193634,"standard_error":16908.543196177347}}