{"Mean":{"confidence_interval":{"confidence_level":0.95,"lower_bound":32483.444199131616,"upper_bound":32729.3400857676},"point_estimate":32600.846485363785,"standard_error":63.31178093743178},"Median":{"confidence_interval":{"confidence_level":0.95,"lower_bound":32434.82589941263,"upper_bound":32836.89653695546},"point_estimate":32508.391567023282,"standard_error":107.95013792190086},"MedianAbsDev":{"confidence_interval":{"confidence_level":0.95,"lower_bound":20.657264170703062,"upper_bound":328.7241478791079},"point_estimate":187.51828325127588,"standard_error":85.84777708126352},"Slope":{"confidence_interval":{"confidence_level":0.95,"lower_bound":32521.0153821949,"upper_bound":32854.36882318793},"point_estimate":32740.600251730648,"standard_error":82.53687978291879},"StdDev":{"confidence_interval":{"confidence_level":0.95,"lower_bound":116.99224994458828,"upper_bound":247.18692208123286},"point_estimate":211.0940068537948,"standard_error":32.72313217658777}}