{"Mean":{"confidence_interval":{"confidence_level":0.95,"lower_bound":1889082.2461566997,"upper_bound":1897466.0113178294},"point_estimate":1893328.5402104098,"standard_error":2143.173659312073},"Median":{"confidence_interval":{"confidence_level":0.95,"lower_bound":1887667.7093023255,"upper_bound":1896964.7790697673},"point_estimate":1895194.2976744187,"standard_error":2464.017406869394},"MedianAbsDev":{"confidence_interval":{"confidence_level":0.95,"lower_bound":773.1492881344698,"upper_bound":12206.032962369294},"point_estimate":4599.128555558581,"standard_error":3244.571078561685},"Slope":{"confidence_interval":{"confidence_level":0.95,"lower_bound":1894484.0593238587,"upper_bound":1901533.6400606625},"point_estimate":1897818.44294775,"standard_error":1918.8234900045445},"StdDev":{"confidence_interval":{"confidence_level":0.95,"lower_bound":3236.785032399817,"upper_bound":9462.332321895248},"point_estimate":7146.395138251868,"standard_error":1529.6331262559102}}