{"Mean":{"confidence_interval":{"confidence_level":0.95,"lower_bound":196.37645553067222,"upper_bound":209.2769031941794},"point_estimate":202.47015085742373,"standard_error":3.2929293374346624},"Median":{"confidence_interval":{"confidence_level":0.95,"lower_bound":195.37939784513804,"upper_bound":206.70489811850427},"point_estimate":202.93427973252165,"standard_error":2.8057960039687417},"MedianAbsDev":{"confidence_interval":{"confidence_level":0.95,"lower_bound":1.190144208214479,"upper_bound":18.10117559415397},"point_estimate":5.6060518739141045,"standard_error":4.380913430670031},"Slope":{"confidence_interval":{"confidence_level":0.95,"lower_bound":198.86859757860594,"upper_bound":205.3936887648648},"point_estimate":202.76114806857942,"standard_error":1.6814002252084312},"StdDev":{"confidence_interval":{"confidence_level":0.95,"lower_bound":3.9829207300247313,"upper_bound":15.318495308209616},"point_estimate":10.984229334175309,"standard_error":2.930214297067388}}