{"Mean":{"confidence_interval":{"confidence_level":0.95,"lower_bound":11869.45862877998,"upper_bound":12253.340238763667},"point_estimate":12049.037108499771,"standard_error":98.63537271008718},"Median":{"confidence_interval":{"confidence_level":0.95,"lower_bound":11808.919647870378,"upper_bound":12265.299410443571},"point_estimate":11946.072136440202,"standard_error":114.90276442852888},"MedianAbsDev":{"confidence_interval":{"confidence_level":0.95,"lower_bound":22.45145367215389,"upper_bound":531.84560717773},"point_estimate":326.7821827442171,"standard_error":129.35666090461822},"Slope":{"confidence_interval":{"confidence_level":0.95,"lower_bound":11955.229574302617,"upper_bound":12437.019827163209},"point_estimate":12177.363978357409,"standard_error":124.76237854242562},"StdDev":{"confidence_interval":{"confidence_level":0.95,"lower_bound":157.64547736203255,"upper_bound":439.7004532039393},"point_estimate":329.9068592546419,"standard_error":77.42669409708624}}