{"Mean":{"confidence_interval":{"confidence_level":0.95,"lower_bound":21612.52864175015,"upper_bound":21787.29485862087},"point_estimate":21698.07107149914,"standard_error":44.96574583792562},"Median":{"confidence_interval":{"confidence_level":0.95,"lower_bound":21551.571900406503,"upper_bound":21850.80428523035},"point_estimate":21663.56336654326,"standard_error":78.12483845386299},"MedianAbsDev":{"confidence_interval":{"confidence_level":0.95,"lower_bound":32.13147465820973,"upper_bound":248.79346398051734},"point_estimate":174.39786105206537,"standard_error":56.33765942981163},"Slope":{"confidence_interval":{"confidence_level":0.95,"lower_bound":21693.237321384608,"upper_bound":21866.253677144166},"point_estimate":21805.60105123535,"standard_error":43.84558295800073},"StdDev":{"confidence_interval":{"confidence_level":0.95,"lower_bound":94.2119922229878,"upper_bound":174.5630069660377},"point_estimate":149.44152813417074,"standard_error":20.598106406216083}}