{"Mean":{"confidence_interval":{"confidence_level":0.95,"lower_bound":8235613.716363636,"upper_bound":8437233.797272729},"point_estimate":8341938.08056277,"standard_error":51854.56157224419},"Median":{"confidence_interval":{"confidence_level":0.95,"lower_bound":8233974.231601732,"upper_bound":8457576.818181818},"point_estimate":8379408.409090909,"standard_error":56148.96087320243},"MedianAbsDev":{"confidence_interval":{"confidence_level":0.95,"lower_bound":18001.706416768793,"upper_bound":284654.5135245538},"point_estimate":145115.7532564076,"standard_error":73037.6581058961},"Slope":{"confidence_interval":{"confidence_level":0.95,"lower_bound":8124711.988019732,"upper_bound":8450016.463742483},"point_estimate":8254410.368358914,"standard_error":84550.21419015437},"StdDev":{"confidence_interval":{"confidence_level":0.95,"lower_bound":77583.9196747206,"upper_bound":220833.64932867407},"point_estimate":172575.74169204102,"standard_error":35777.84112180706}}