{"Mean":{"confidence_interval":{"confidence_level":0.95,"lower_bound":419307.127814089,"upper_bound":446390.4754894824},"point_estimate":433381.679463613,"standard_error":6949.111946480363},"Median":{"confidence_interval":{"confidence_level":0.95,"lower_bound":415043.72563559323,"upper_bound":454281.8940677966},"point_estimate":436668.1631961259,"standard_error":10521.502436736675},"MedianAbsDev":{"confidence_interval":{"confidence_level":0.95,"lower_bound":4720.434804401756,"upper_bound":38548.7349983915},"point_estimate":26873.74916800153,"standard_error":8995.54027172636},"Slope":{"confidence_interval":{"confidence_level":0.95,"lower_bound":438162.1394294483,"upper_bound":455162.48085070093},"point_estimate":449235.42810917896,"standard_error":4347.040755534541},"StdDev":{"confidence_interval":{"confidence_level":0.95,"lower_bound":12667.207543240613,"upper_bound":28521.03958100842},"point_estimate":23129.032566349935,"standard_error":4028.4753450269104}}