{"Mean":{"confidence_interval":{"confidence_level":0.95,"lower_bound":3580306.1236106446,"upper_bound":3700383.65802521},"point_estimate":3639947.014948646,"standard_error":30768.1023932139},"Median":{"confidence_interval":{"confidence_level":0.95,"lower_bound":3547180.2107843137,"upper_bound":3708768.1960784313},"point_estimate":3649186.9201680673,"standard_error":52116.268140255605},"MedianAbsDev":{"confidence_interval":{"confidence_level":0.95,"lower_bound":7938.183292010516,"upper_bound":170288.8965679442},"point_estimate":92004.47833424108,"standard_error":48123.72214394105},"Slope":{"confidence_interval":{"confidence_level":0.95,"lower_bound":3529715.4112636535,"upper_bound":3633560.897551365},"point_estimate":3566280.3847211613,"standard_error":26573.40670075618},"StdDev":{"confidence_interval":{"confidence_level":0.95,"lower_bound":62102.55876749669,"upper_bound":129230.91877256552},"point_estimate":102959.18368442547,"standard_error":17247.804676873122}}