{"Mean":{"confidence_interval":{"confidence_level":0.95,"lower_bound":1967183.3169532628,"upper_bound":1992591.0442326576},"point_estimate":1979578.5096972368,"standard_error":6478.109842956446},"Median":{"confidence_interval":{"confidence_level":0.95,"lower_bound":1958101.438271605,"upper_bound":1998227.5333333334},"point_estimate":1981939.901675485,"standard_error":10809.233824777919},"MedianAbsDev":{"confidence_interval":{"confidence_level":0.95,"lower_bound":1924.1996973200592,"upper_bound":36816.7138764962},"point_estimate":31812.724201877892,"standard_error":10308.81812367479},"Slope":{"confidence_interval":{"confidence_level":0.95,"lower_bound":1973192.3439419318,"upper_bound":2001578.8468767274},"point_estimate":1990299.726984127,"standard_error":7189.461667196101},"StdDev":{"confidence_interval":{"confidence_level":0.95,"lower_bound":12842.919669180132,"upper_bound":26232.509394736437},"point_estimate":21540.407293938242,"standard_error":3377.303163779659}}