{"Mean":{"confidence_interval":{"confidence_level":0.95,"lower_bound":39889.39394788066,"upper_bound":40113.81894074074},"point_estimate":39991.206083539095,"standard_error":57.6333647153929},"Median":{"confidence_interval":{"confidence_level":0.95,"lower_bound":39854.35983539095,"upper_bound":40162.403703703705},"point_estimate":39915.22521810699,"standard_error":69.25963096428218},"MedianAbsDev":{"confidence_interval":{"confidence_level":0.95,"lower_bound":20.21685221515305,"upper_bound":269.525583170516},"point_estimate":117.98795994233475,"standard_error":64.97713102064186},"Slope":{"confidence_interval":{"confidence_level":0.95,"lower_bound":39870.56050900062,"upper_bound":40193.121541277884},"point_estimate":40016.14140644541,"standard_error":93.6466994779288},"StdDev":{"confidence_interval":{"confidence_level":0.95,"lower_bound":61.603821243280116,"upper_bound":239.39966274401542},"point_estimate":191.53536062755913,"standard_error":46.84745071919763}}