{"Mean":{"confidence_interval":{"confidence_level":0.95,"lower_bound":4963.756745810056,"upper_bound":5424.66629043424},"point_estimate":5199.336284169276,"standard_error":118.17361365508454},"Median":{"confidence_interval":{"confidence_level":0.95,"lower_bound":4853.182291219024,"upper_bound":5585.507062025497},"point_estimate":5226.81855751325,"standard_error":198.11943122103497},"MedianAbsDev":{"confidence_interval":{"confidence_level":0.95,"lower_bound":68.72449779579671,"upper_bound":662.8222493971424},"point_estimate":471.973033365539,"standard_error":158.65177603997319},"Slope":{"confidence_interval":{"confidence_level":0.95,"lower_bound":5263.019702861912,"upper_bound":5580.761620380318},"point_estimate":5480.565163105051,"standard_error":81.99828222830632},"StdDev":{"confidence_interval":{"confidence_level":0.95,"lower_bound":235.41917250756723,"upper_bound":475.97679667456816},"point_estimate":393.17116761032537,"standard_error":61.608444167318844}}