{"Mean":{"confidence_interval":{"confidence_level":0.95,"lower_bound":487479.75557291665,"upper_bound":537639.2174776786},"point_estimate":513691.8539360118,"standard_error":12861.277875464992},"Median":{"confidence_interval":{"confidence_level":0.95,"lower_bound":470648.5208333333,"upper_bound":552732.3828125},"point_estimate":520422.5083333333,"standard_error":19088.861133729588},"MedianAbsDev":{"confidence_interval":{"confidence_level":0.95,"lower_bound":7742.377985045279,"upper_bound":68649.94823871972},"point_estimate":50670.233596204824,"standard_error":17049.914494949357},"Slope":{"confidence_interval":{"confidence_level":0.95,"lower_bound":523968.656057491,"upper_bound":553431.4334839358},"point_estimate":544225.2512987013,"standard_error":7607.693347678364},"StdDev":{"confidence_interval":{"confidence_level":0.95,"lower_bound":21897.796322749284,"upper_bound":52861.96888328327},"point_estimate":42786.78615496095,"standard_error":7609.041059389721}}