{"Mean":{"confidence_interval":{"confidence_level":0.95,"lower_bound":233.96481845268744,"upper_bound":246.61254541977428},"point_estimate":241.66147829183032,"standard_error":3.4640171584018087},"Median":{"confidence_interval":{"confidence_level":0.95,"lower_bound":242.5084448906738,"upper_bound":247.378756727919},"point_estimate":243.64510391995333,"standard_error":1.4188484353833863},"MedianAbsDev":{"confidence_interval":{"confidence_level":0.95,"lower_bound":0.5677259804213275,"upper_bound":7.8402141258814835},"point_estimate":2.004851219957834,"standard_error":2.0804870500079913},"Slope":{"confidence_interval":{"confidence_level":0.95,"lower_bound":242.7040881175384,"upper_bound":246.55459482076307},"point_estimate":244.22307877865106,"standard_error":0.9968898028162707},"StdDev":{"confidence_interval":{"confidence_level":0.95,"lower_bound":1.7991636275797112,"upper_bound":17.70005356493957},"point_estimate":11.567587369413813,"standard_error":5.302420565393941}}