{"Mean":{"confidence_interval":{"confidence_level":0.95,"lower_bound":8959.38755588285,"upper_bound":9002.864081802954},"point_estimate":8983.632903954629,"standard_error":11.219413754714356},"Median":{"confidence_interval":{"confidence_level":0.95,"lower_bound":8969.196724546173,"upper_bound":9010.443701375578},"point_estimate":8988.809293606946,"standard_error":11.284605236858013},"MedianAbsDev":{"confidence_interval":{"confidence_level":0.95,"lower_bound":4.975256184691001,"upper_bound":51.929585525711914},"point_estimate":29.44125994002029,"standard_error":10.902685736899539},"Slope":{"confidence_interval":{"confidence_level":0.95,"lower_bound":8928.243552828117,"upper_bound":9005.9097126722},"point_estimate":8968.61198121137,"standard_error":21.82543975190588},"StdDev":{"confidence_interval":{"confidence_level":0.95,"lower_bound":14.879307519557246,"upper_bound":53.45190401943362},"point_estimate":37.525529168110204,"standard_error":11.68722686613465}}