{"Mean":{"confidence_interval":{"confidence_level":0.95,"lower_bound":619.5452294653238,"upper_bound":647.5885262287379},"point_estimate":634.4781614918714,"standard_error":7.067816236364175},"Median":{"confidence_interval":{"confidence_level":0.95,"lower_bound":611.1691021735611,"upper_bound":648.9990257972422},"point_estimate":647.8128872161641,"standard_error":10.309767503523002},"MedianAbsDev":{"confidence_interval":{"confidence_level":0.95,"lower_bound":0.44504180835426094,"upper_bound":35.779660770461476},"point_estimate":4.044090950674487,"standard_error":9.348617330013315},"Slope":{"confidence_interval":{"confidence_level":0.95,"lower_bound":641.0845597856465,"upper_bound":650.4782337641714},"point_estimate":647.2030096432198,"standard_error":2.419092105149782},"StdDev":{"confidence_interval":{"confidence_level":0.95,"lower_bound":4.066060092416021,"upper_bound":27.797951897446445},"point_estimate":23.63290480375817,"standard_error":4.899721215310441}}