{"Mean":{"confidence_interval":{"confidence_level":0.95,"lower_bound":86037.89322074829,"upper_bound":86690.39514546485},"point_estimate":86340.4678930839,"standard_error":167.53656523947348},"Median":{"confidence_interval":{"confidence_level":0.95,"lower_bound":85873.22047619047,"upper_bound":86671.43464285714},"point_estimate":86309.77299319729,"standard_error":206.26962563886093},"MedianAbsDev":{"confidence_interval":{"confidence_level":0.95,"lower_bound":145.38049237136912,"upper_bound":930.3942922679222},"point_estimate":591.7161512449424,"standard_error":194.1058618398404},"Slope":{"confidence_interval":{"confidence_level":0.95,"lower_bound":85993.58945344266,"upper_bound":86437.33721308006},"point_estimate":86219.9148051948,"standard_error":112.87460633491163},"StdDev":{"confidence_interval":{"confidence_level":0.95,"lower_bound":274.11944379794386,"upper_bound":749.5679596088263},"point_estimate":559.1611496451237,"standard_error":132.74605598475364}}