{"Mean":{"confidence_interval":{"confidence_level":0.95,"lower_bound":3887.5429606014213,"upper_bound":4071.9216503568978},"point_estimate":3968.4121764064025,"standard_error":47.5723305557737},"Median":{"confidence_interval":{"confidence_level":0.95,"lower_bound":3876.26891443101,"upper_bound":4003.475168503047},"point_estimate":3943.791492614118,"standard_error":29.02247237867601},"MedianAbsDev":{"confidence_interval":{"confidence_level":0.95,"lower_bound":14.143451873858163,"upper_bound":187.40085620272504},"point_estimate":63.835970015583214,"standard_error":45.92146221849537},"Slope":{"confidence_interval":{"confidence_level":0.95,"lower_bound":3940.709487917942,"upper_bound":4219.913896158935},"point_estimate":4065.999123034612,"standard_error":82.7417130118905},"StdDev":{"confidence_interval":{"confidence_level":0.95,"lower_bound":40.97723566588167,"upper_bound":230.51255325517388},"point_estimate":158.4111629483203,"standard_error":54.497014242454135}}