{"Mean":{"confidence_interval":{"confidence_level":0.95,"lower_bound":3543937.9478354985,"upper_bound":3572259.543779942},"point_estimate":3558314.185483406,"standard_error":7266.759365113821},"Median":{"confidence_interval":{"confidence_level":0.95,"lower_bound":3532233.1818181816,"upper_bound":3573378.7363636363},"point_estimate":3566179.8430735935,"standard_error":10868.152523397623},"MedianAbsDev":{"confidence_interval":{"confidence_level":0.95,"lower_bound":3317.6062592826092,"upper_bound":44277.72091997335},"point_estimate":19507.69328185095,"standard_error":10938.885364498763},"Slope":{"confidence_interval":{"confidence_level":0.95,"lower_bound":3561770.342583732,"upper_bound":3583920.8615167215},"point_estimate":3573668.276033058,"standard_error":5765.633236666982},"StdDev":{"confidence_interval":{"confidence_level":0.95,"lower_bound":13781.264700573072,"upper_bound":30120.703536481713},"point_estimate":24224.320430168504,"standard_error":4090.5535859371676}}