{"Mean":{"confidence_interval":{"confidence_level":0.95,"lower_bound":299204.76276287995,"upper_bound":301596.1063408094},"point_estimate":300366.11246519315,"standard_error":615.3011899172825},"Median":{"confidence_interval":{"confidence_level":0.95,"lower_bound":298362.89419795224,"upper_bound":302478.2662116041},"point_estimate":300207.06996587035,"standard_error":1019.2929857109672},"MedianAbsDev":{"confidence_interval":{"confidence_level":0.95,"lower_bound":267.8469497840603,"upper_bound":3299.406968386245},"point_estimate":2793.247698805911,"standard_error":906.6472040235338},"Slope":{"confidence_interval":{"confidence_level":0.95,"lower_bound":298558.6305349794,"upper_bound":301219.77130654594},"point_estimate":299460.68376401754,"standard_error":691.3173272693316},"StdDev":{"confidence_interval":{"confidence_level":0.95,"lower_bound":1154.5732880935725,"upper_bound":2456.3205302377546},"point_estimate":2055.8582189898393,"standard_error":317.3687237639883}}