{"Mean":{"confidence_interval":{"confidence_level":0.95,"lower_bound":363.7356278260457,"upper_bound":367.20075749350724},"point_estimate":365.5287861259298,"standard_error":0.8865075325112177},"Median":{"confidence_interval":{"confidence_level":0.95,"lower_bound":363.1875075806634,"upper_bound":368.1879521416016},"point_estimate":365.7135421484885,"standard_error":1.2901856157148832},"MedianAbsDev":{"confidence_interval":{"confidence_level":0.95,"lower_bound":0.6808578044756999,"upper_bound":5.194339229376928},"point_estimate":3.399991498633603,"standard_error":1.194638482383492},"Slope":{"confidence_interval":{"confidence_level":0.95,"lower_bound":365.3365072969126,"upper_bound":368.1994509857207},"point_estimate":367.26595051006535,"standard_error":0.7267698466434857},"StdDev":{"confidence_interval":{"confidence_level":0.95,"lower_bound":1.585053725703442,"upper_bound":3.5895946117480078},"point_estimate":2.9543367250696257,"standard_error":0.500745867208807}}