{"Mean":{"confidence_interval":{"confidence_level":0.95,"lower_bound":17097.238835035132,"upper_bound":17341.81587022398},"point_estimate":17219.182320103206,"standard_error":62.5620180289049},"Median":{"confidence_interval":{"confidence_level":0.95,"lower_bound":17058.78876811594,"upper_bound":17419.378735177866},"point_estimate":17209.37558300395,"standard_error":74.35318658005333},"MedianAbsDev":{"confidence_interval":{"confidence_level":0.95,"lower_bound":26.52914875233381,"upper_bound":360.6324163511153},"point_estimate":236.72064982635584,"standard_error":101.88243273878658},"Slope":{"confidence_interval":{"confidence_level":0.95,"lower_bound":17167.250263247282,"upper_bound":17394.990587714306},"point_estimate":17266.684469996406,"standard_error":57.93265683994417},"StdDev":{"confidence_interval":{"confidence_level":0.95,"lower_bound":117.17634053863586,"upper_bound":264.61937308089307},"point_estimate":209.09864326687372,"standard_error":38.28023377263459}}