{"Mean":{"confidence_interval":{"confidence_level":0.95,"lower_bound":19419.673032754592,"upper_bound":19689.626607329363},"point_estimate":19545.233153284214,"standard_error":69.26749283904525},"Median":{"confidence_interval":{"confidence_level":0.95,"lower_bound":19376.693008355425,"upper_bound":19833.154585442277},"point_estimate":19432.770194194814,"standard_error":111.96355999859834},"MedianAbsDev":{"confidence_interval":{"confidence_level":0.95,"lower_bound":23.938519308677023,"upper_bound":366.28742844829384},"point_estimate":94.68780497718481,"standard_error":87.35214535979084},"Slope":{"confidence_interval":{"confidence_level":0.95,"lower_bound":19407.451891313285,"upper_bound":19767.071691356443},"point_estimate":19599.300424136,"standard_error":91.90144179124611},"StdDev":{"confidence_interval":{"confidence_level":0.95,"lower_bound":53.87999065770904,"upper_bound":262.9847862632778},"point_estimate":229.73334864852623,"standard_error":42.93989252972103}}