{"Mean":{"confidence_interval":{"confidence_level":0.95,"lower_bound":7834.926792280702,"upper_bound":8179.639887552631},"point_estimate":8010.699209573936,"standard_error":88.36938904586752},"Median":{"confidence_interval":{"confidence_level":0.95,"lower_bound":7786.735578947369,"upper_bound":8251.757333333333},"point_estimate":8053.635723308271,"standard_error":128.43337096114902},"MedianAbsDev":{"confidence_interval":{"confidence_level":0.95,"lower_bound":32.787542354746655,"upper_bound":494.69663620685327},"point_estimate":328.78402323660146,"standard_error":114.19543086338805},"Slope":{"confidence_interval":{"confidence_level":0.95,"lower_bound":8042.318009270545,"upper_bound":8342.812904569115},"point_estimate":8220.172838277513,"standard_error":78.73158879204355},"StdDev":{"confidence_interval":{"confidence_level":0.95,"lower_bound":164.54760406165295,"upper_bound":379.8428289361782},"point_estimate":294.36478107951325,"standard_error":55.99239502256619}}