{"Mean":{"confidence_interval":{"confidence_level":0.95,"lower_bound":2364737.4756077584,"upper_bound":2379351.038505747},"point_estimate":2372294.9444252877,"standard_error":3738.7789830181628},"Median":{"confidence_interval":{"confidence_level":0.95,"lower_bound":2360943.3577586208,"upper_bound":2380755.3103448274},"point_estimate":2374316.3913793103,"standard_error":4441.5099271899135},"MedianAbsDev":{"confidence_interval":{"confidence_level":0.95,"lower_bound":2911.292101072773,"upper_bound":22170.523083980737},"point_estimate":9661.51610088737,"standard_error":5049.34956513184},"Slope":{"confidence_interval":{"confidence_level":0.95,"lower_bound":2370416.222945967,"upper_bound":2383991.9689655174},"point_estimate":2377740.205463502,"standard_error":3472.4584828402485},"StdDev":{"confidence_interval":{"confidence_level":0.95,"lower_bound":6161.265692750705,"upper_bound":15841.76294337095},"point_estimate":12475.08689156665,"standard_error":2424.609082240665}}