{"Mean":{"confidence_interval":{"confidence_level":0.95,"lower_bound":2950206.936314236,"upper_bound":2998713.77921627},"point_estimate":2973915.3347718255,"standard_error":12444.431336012265},"Median":{"confidence_interval":{"confidence_level":0.95,"lower_bound":2935082.3333333335,"upper_bound":3012001.736111111},"point_estimate":2968390.8326388886,"standard_error":22316.78290539251},"MedianAbsDev":{"confidence_interval":{"confidence_level":0.95,"lower_bound":6967.6969950484045,"upper_bound":69874.41990864782},"point_estimate":53817.02293622357,"standard_error":16059.267093764736},"Slope":{"confidence_interval":{"confidence_level":0.95,"lower_bound":2975507.3185971994,"upper_bound":3023723.382548666},"point_estimate":3005934.504220779,"standard_error":12292.159851185465},"StdDev":{"confidence_interval":{"confidence_level":0.95,"lower_bound":26099.798722707463,"upper_bound":49989.171792707115},"point_estimate":41517.92893728666,"standard_error":6145.761587835907}}