{"Mean":{"confidence_interval":{"confidence_level":0.95,"lower_bound":272670932.9423363,"upper_bound":274083857.91691667},"point_estimate":273385484.42226183,"standard_error":362739.9611481697},"Median":{"confidence_interval":{"confidence_level":0.95,"lower_bound":272088035.0,"upper_bound":274629122.125},"point_estimate":273690635.6904762,"standard_error":741175.7147893782},"MedianAbsDev":{"confidence_interval":{"confidence_level":0.95,"lower_bound":77819.60315595532,"upper_bound":1759124.919169332},"point_estimate":1527587.025354911,"standard_error":499659.8453542363},"Slope":{"confidence_interval":{"confidence_level":0.95,"lower_bound":272739039.0706402,"upper_bound":274367153.67623967},"point_estimate":273544578.8727273,"standard_error":438039.78338740335},"StdDev":{"confidence_interval":{"confidence_level":0.95,"lower_bound":803477.2555847603,"upper_bound":1369176.7813582253},"point_estimate":1213594.0199100405,"standard_error":145377.28296608693}}