{"Mean":{"confidence_interval":{"confidence_level":0.95,"lower_bound":9355.934249724456,"upper_bound":9823.579303984741},"point_estimate":9595.593160684948,"standard_error":118.92320057512059},"Median":{"confidence_interval":{"confidence_level":0.95,"lower_bound":9278.096387797119,"upper_bound":9936.349720298625},"point_estimate":9655.46168016898,"standard_error":241.5678146297612},"MedianAbsDev":{"confidence_interval":{"confidence_level":0.95,"lower_bound":12.427406952616318,"upper_bound":711.156326358171},"point_estimate":435.53531867421685,"standard_error":211.07007150235964},"Slope":{"confidence_interval":{"confidence_level":0.95,"lower_bound":9509.127677294144,"upper_bound":9918.890527891119},"point_estimate":9790.462641494758,"standard_error":105.74980002849536},"StdDev":{"confidence_interval":{"confidence_level":0.95,"lower_bound":253.304807557426,"upper_bound":481.21349865183976},"point_estimate":398.9328903594208,"standard_error":59.67525121901965}}