{"Mean":{"confidence_interval":{"confidence_level":0.95,"lower_bound":68827.66186856691,"upper_bound":69370.02559800928},"point_estimate":69051.46337574934,"standard_error":143.01483583862537},"Median":{"confidence_interval":{"confidence_level":0.95,"lower_bound":68798.38671153339,"upper_bound":69091.47606322814},"point_estimate":68966.68949590922,"standard_error":68.98498704138565},"MedianAbsDev":{"confidence_interval":{"confidence_level":0.95,"lower_bound":49.19305059141641,"upper_bound":444.88167874072},"point_estimate":119.12862117878183,"standard_error":106.98870788488111},"Slope":{"confidence_interval":{"confidence_level":0.95,"lower_bound":68772.90569604118,"upper_bound":69032.57397998762},"point_estimate":68912.12897142446,"standard_error":67.57982481532315},"StdDev":{"confidence_interval":{"confidence_level":0.95,"lower_bound":95.33307467238734,"upper_bound":713.178476233038},"point_estimate":476.45223917948186,"standard_error":190.24145846605762}}