{"Mean":{"confidence_interval":{"confidence_level":0.95,"lower_bound":683694.796255144,"upper_bound":685911.5901044422},"point_estimate":684813.051688345,"standard_error":566.9919583888711},"Median":{"confidence_interval":{"confidence_level":0.95,"lower_bound":683571.3126984127,"upper_bound":686477.5237268519},"point_estimate":684469.1216049383,"standard_error":912.4307517185073},"MedianAbsDev":{"confidence_interval":{"confidence_level":0.95,"lower_bound":334.2485033251866,"upper_bound":3410.9497088878843},"point_estimate":2054.5933926208763,"standard_error":812.2407519640491},"Slope":{"confidence_interval":{"confidence_level":0.95,"lower_bound":684283.8007752809,"upper_bound":686160.367785473},"point_estimate":685311.73999519,"standard_error":475.35260025215354},"StdDev":{"confidence_interval":{"confidence_level":0.95,"lower_bound":1134.5469780659812,"upper_bound":2400.619489955679},"point_estimate":1893.2948326770263,"standard_error":333.7507835449701}}