{"Mean":{"confidence_interval":{"confidence_level":0.95,"lower_bound":143.75658992103268,"upper_bound":151.61798242865103},"point_estimate":147.44242975092268,"standard_error":2.015539448045785},"Median":{"confidence_interval":{"confidence_level":0.95,"lower_bound":142.77709450134378,"upper_bound":150.492935158955},"point_estimate":147.03269321566063,"standard_error":2.510189825033222},"MedianAbsDev":{"confidence_interval":{"confidence_level":0.95,"lower_bound":0.7935230628352451,"upper_bound":10.791129654573028},"point_estimate":5.308002021148745,"standard_error":2.591859976319903},"Slope":{"confidence_interval":{"confidence_level":0.95,"lower_bound":146.1092127562399,"upper_bound":149.984852334192},"point_estimate":148.6975979827538,"standard_error":1.0013902128298473},"StdDev":{"confidence_interval":{"confidence_level":0.95,"lower_bound":3.164968490803965,"upper_bound":9.129842528445696},"point_estimate":6.683471873198411,"standard_error":1.658648074934856}}