{"Mean":{"confidence_interval":{"confidence_level":0.95,"lower_bound":1112974.95591821,"upper_bound":1155376.318140625},"point_estimate":1135647.1531867285,"standard_error":10927.219817442683},"Median":{"confidence_interval":{"confidence_level":0.95,"lower_bound":1110009.6958333333,"upper_bound":1163282.0166666666},"point_estimate":1147084.79533179,"standard_error":13824.223527948223},"MedianAbsDev":{"confidence_interval":{"confidence_level":0.95,"lower_bound":7363.036764071672,"upper_bound":59335.02830029646},"point_estimate":25569.26788880929,"standard_error":13527.298352873313},"Slope":{"confidence_interval":{"confidence_level":0.95,"lower_bound":1138604.6303385417,"upper_bound":1157818.8413734885},"point_estimate":1147084.3868686869,"standard_error":4916.377281605406},"StdDev":{"confidence_interval":{"confidence_level":0.95,"lower_bound":15524.592917197751,"upper_bound":46235.64759856683},"point_estimate":36467.72697341174,"standard_error":7766.0253582043715}}