{"Mean":{"confidence_interval":{"confidence_level":0.95,"lower_bound":20818.760538580795,"upper_bound":21411.796563418495},"point_estimate":21143.81867672233,"standard_error":152.08021922711788},"Median":{"confidence_interval":{"confidence_level":0.95,"lower_bound":21004.9215012435,"upper_bound":21419.222872861556},"point_estimate":21188.70678703315,"standard_error":98.20843624020722},"MedianAbsDev":{"confidence_interval":{"confidence_level":0.95,"lower_bound":36.20735620774269,"upper_bound":685.6368719672344},"point_estimate":260.93557577329835,"standard_error":158.05769557093683},"Slope":{"confidence_interval":{"confidence_level":0.95,"lower_bound":21005.82125049564,"upper_bound":21254.869215268016},"point_estimate":21099.395130530786,"standard_error":63.14765796626307},"StdDev":{"confidence_interval":{"confidence_level":0.95,"lower_bound":155.74552217393932,"upper_bound":727.3117050512764},"point_estimate":507.3449033619022,"standard_error":159.2993364695707}}