{"Mean":{"confidence_interval":{"confidence_level":0.95,"lower_bound":2317141.1635204083,"upper_bound":2339068.6199489795},"point_estimate":2327750.2685204083,"standard_error":5621.741903981787},"Median":{"confidence_interval":{"confidence_level":0.95,"lower_bound":2314014.460459184,"upper_bound":2343389.5178571427},"point_estimate":2326927.1934523806,"standard_error":6545.894046044409},"MedianAbsDev":{"confidence_interval":{"confidence_level":0.95,"lower_bound":1803.053367989897,"upper_bound":34443.32575100888},"point_estimate":13680.361580338651,"standard_error":8103.86364178348},"Slope":{"confidence_interval":{"confidence_level":0.95,"lower_bound":2314996.362514518,"upper_bound":2345999.1997184968},"point_estimate":2330915.331818182,"standard_error":8470.699892681583},"StdDev":{"confidence_interval":{"confidence_level":0.95,"lower_bound":9539.833891154687,"upper_bound":23936.49879933861},"point_estimate":18805.56065608571,"standard_error":3668.88967538543}}