{"Mean":{"confidence_interval":{"confidence_level":0.95,"lower_bound":3649087.2966205813,"upper_bound":3893872.7672979794},"point_estimate":3773171.1643686867,"standard_error":62768.31391066913},"Median":{"confidence_interval":{"confidence_level":0.95,"lower_bound":3548977.0606060605,"upper_bound":3934332.176767677},"point_estimate":3829839.473863636,"standard_error":92853.45406404162},"MedianAbsDev":{"confidence_interval":{"confidence_level":0.95,"lower_bound":25925.17275678201,"upper_bound":373273.5063010257},"point_estimate":212443.59224655412,"standard_error":92217.80364477994},"Slope":{"confidence_interval":{"confidence_level":0.95,"lower_bound":3783244.6041517537,"upper_bound":3996620.8423295454},"point_estimate":3905292.5263282172,"standard_error":55670.1335176592},"StdDev":{"confidence_interval":{"confidence_level":0.95,"lower_bound":121315.13264424079,"upper_bound":255173.4431161662},"point_estimate":209781.70172236027,"standard_error":33592.07379154218}}