{"Mean":{"confidence_interval":{"confidence_level":0.95,"lower_bound":635747.944098158,"upper_bound":646738.7115670859},"point_estimate":641343.8452826445,"standard_error":2825.80122272909},"Median":{"confidence_interval":{"confidence_level":0.95,"lower_bound":631809.8362533692,"upper_bound":650636.2746462264},"point_estimate":642741.3985849057,"standard_error":5527.400551450231},"MedianAbsDev":{"confidence_interval":{"confidence_level":0.95,"lower_bound":789.709809320968,"upper_bound":14577.740669023635},"point_estimate":12473.621473949868,"standard_error":4199.413550628003},"Slope":{"confidence_interval":{"confidence_level":0.95,"lower_bound":638337.8430115406,"upper_bound":650160.8148829594},"point_estimate":646215.202180838,"standard_error":3115.464096865716},"StdDev":{"confidence_interval":{"confidence_level":0.95,"lower_bound":6024.015210487741,"upper_bound":10767.510489382894},"point_estimate":9402.213768410356,"standard_error":1199.241760082492}}