{"Mean":{"confidence_interval":{"confidence_level":0.95,"lower_bound":3942.1729909041587,"upper_bound":3983.164557263344},"point_estimate":3958.8854606675477,"standard_error":10.964025749352563},"Median":{"confidence_interval":{"confidence_level":0.95,"lower_bound":3935.811330049261,"upper_bound":3968.1944581280786},"point_estimate":3948.521998619197,"standard_error":7.253276263999421},"MedianAbsDev":{"confidence_interval":{"confidence_level":0.95,"lower_bound":1.6095335467719636,"upper_bound":33.678867650512785},"point_estimate":19.00916447051384,"standard_error":8.225388794290414},"Slope":{"confidence_interval":{"confidence_level":0.95,"lower_bound":3944.05293578146,"upper_bound":4012.1823377272403},"point_estimate":3969.8518221948225,"standard_error":20.132858383822605},"StdDev":{"confidence_interval":{"confidence_level":0.95,"lower_bound":7.817430717758659,"upper_bound":55.00384663148001},"point_estimate":36.7492003306872,"standard_error":14.884441538331481}}