{"Mean":{"confidence_interval":{"confidence_level":0.95,"lower_bound":29458.586711499134,"upper_bound":29994.90217017985},"point_estimate":29727.01862972576,"standard_error":138.3058737575091},"Median":{"confidence_interval":{"confidence_level":0.95,"lower_bound":29216.85228881548,"upper_bound":30128.70411881915},"point_estimate":29775.98711066541,"standard_error":278.7041758562063},"MedianAbsDev":{"confidence_interval":{"confidence_level":0.95,"lower_bound":30.22141395142859,"upper_bound":755.1070051996488},"point_estimate":612.5822873547875,"standard_error":200.49914425384029},"Slope":{"confidence_interval":{"confidence_level":0.95,"lower_bound":29582.614321125777,"upper_bound":30054.895787098845},"point_estimate":29888.10424299627,"standard_error":120.56537036871208},"StdDev":{"confidence_interval":{"confidence_level":0.95,"lower_bound":308.6047328054918,"upper_bound":536.1438440903521},"point_estimate":462.16213943261374,"standard_error":58.112393097368695}}