{"Mean":{"confidence_interval":{"confidence_level":0.95,"lower_bound":4335608.439546875,"upper_bound":4467226.489930555},"point_estimate":4399521.616180556,"standard_error":33752.22744358141},"Median":{"confidence_interval":{"confidence_level":0.95,"lower_bound":4295741.5625,"upper_bound":4509726.71875},"point_estimate":4375864.48125,"standard_error":57296.356546815376},"MedianAbsDev":{"confidence_interval":{"confidence_level":0.95,"lower_bound":17772.71351572126,"upper_bound":179231.94066903926},"point_estimate":133548.91766153302,"standard_error":42998.43447501621},"Slope":{"confidence_interval":{"confidence_level":0.95,"lower_bound":4398589.142784571,"upper_bound":4529986.486498258},"point_estimate":4486264.64025974,"standard_error":32834.039462951674},"StdDev":{"confidence_interval":{"confidence_level":0.95,"lower_bound":67304.18484753135,"upper_bound":133985.91606311593},"point_estimate":112703.17663185732,"standard_error":16833.321207034794}}