{"Mean":{"confidence_interval":{"confidence_level":0.95,"lower_bound":109884.12355835625,"upper_bound":112611.1610042254},"point_estimate":111278.7334331304,"standard_error":701.17812071471},"Median":{"confidence_interval":{"confidence_level":0.95,"lower_bound":109261.83880618797,"upper_bound":113613.06611208407},"point_estimate":111534.62212492703,"standard_error":1162.5719371099447},"MedianAbsDev":{"confidence_interval":{"confidence_level":0.95,"lower_bound":295.4987418495671,"upper_bound":4007.3355599267984},"point_estimate":3173.21411139624,"standard_error":949.4398634823418},"Slope":{"confidence_interval":{"confidence_level":0.95,"lower_bound":111718.98429441347,"upper_bound":113512.10543250575},"point_estimate":112972.43015443401,"standard_error":466.7408055692289},"StdDev":{"confidence_interval":{"confidence_level":0.95,"lower_bound":1382.1209392720216,"upper_bound":2779.3866524294053},"point_estimate":2333.4007406718533,"standard_error":351.06104825762543}}