{"Mean":{"confidence_interval":{"confidence_level":0.95,"lower_bound":25644.674823527006,"upper_bound":25738.802055360113},"point_estimate":25689.63766145244,"standard_error":24.12720558686217},"Median":{"confidence_interval":{"confidence_level":0.95,"lower_bound":25615.392993257108,"upper_bound":25762.533909899346},"point_estimate":25666.536136588908,"standard_error":38.52289547796292},"MedianAbsDev":{"confidence_interval":{"confidence_level":0.95,"lower_bound":11.704922505475182,"upper_bound":135.23168968359207},"point_estimate":79.39228839554846,"standard_error":32.247332539725704},"Slope":{"confidence_interval":{"confidence_level":0.95,"lower_bound":25660.25121459509,"upper_bound":25779.07254352888},"point_estimate":25738.239033379403,"standard_error":27.834948614068498},"StdDev":{"confidence_interval":{"confidence_level":0.95,"lower_bound":43.473677234500386,"upper_bound":96.04723194471073},"point_estimate":80.42902663245155,"standard_error":13.238016706879932}}