{"Mean":{"confidence_interval":{"confidence_level":0.95,"lower_bound":15206.66992077792,"upper_bound":15446.23879590305},"point_estimate":15336.705040898043,"standard_error":61.86530197204329},"Median":{"confidence_interval":{"confidence_level":0.95,"lower_bound":15182.861061061061,"upper_bound":15486.636136136136},"point_estimate":15385.644508794509,"standard_error":57.51609808894426},"MedianAbsDev":{"confidence_interval":{"confidence_level":0.95,"lower_bound":12.377626762234401,"upper_bound":303.44777332143144},"point_estimate":117.37951763381479,"standard_error":76.60043740464539},"Slope":{"confidence_interval":{"confidence_level":0.95,"lower_bound":15352.577035297063,"upper_bound":15511.118038776103},"point_estimate":15454.317931437932,"standard_error":40.78687528780284},"StdDev":{"confidence_interval":{"confidence_level":0.95,"lower_bound":71.17899251447753,"upper_bound":264.2454439184631},"point_estimate":206.05163782067754,"standard_error":50.51107520840585}}