{"Mean":{"confidence_interval":{"confidence_level":0.95,"lower_bound":11527.170523557017,"upper_bound":11555.120949227698},"point_estimate":11539.70221392851,"standard_error":7.193199303193627},"Median":{"confidence_interval":{"confidence_level":0.95,"lower_bound":11524.14908358584,"upper_bound":11555.462299534402},"point_estimate":11527.041858510089,"standard_error":8.55233108739879},"MedianAbsDev":{"confidence_interval":{"confidence_level":0.95,"lower_bound":0.9192234885967164,"upper_bound":38.14428814846405},"point_estimate":8.215176831647799,"standard_error":9.63201085919429},"Slope":{"confidence_interval":{"confidence_level":0.95,"lower_bound":11524.326178214753,"upper_bound":11539.92136847822},"point_estimate":11530.13954958647,"standard_error":4.0001706576414495},"StdDev":{"confidence_interval":{"confidence_level":0.95,"lower_bound":5.59939669307406,"upper_bound":31.893197609013548},"point_estimate":23.956238836035745,"standard_error":6.327853390160325}}