{"Mean":{"confidence_interval":{"confidence_level":0.95,"lower_bound":11212315.266319444,"upper_bound":11269403.443570932},"point_estimate":11237573.234295635,"standard_error":14760.552369592897},"Median":{"confidence_interval":{"confidence_level":0.95,"lower_bound":11203558.889583334,"upper_bound":11253715.618055556},"point_estimate":11226974.078125,"standard_error":12558.948973493976},"MedianAbsDev":{"confidence_interval":{"confidence_level":0.95,"lower_bound":2083.0112648952622,"upper_bound":61423.92128867469},"point_estimate":27432.89479734376,"standard_error":14791.194348634728},"Slope":{"confidence_interval":{"confidence_level":0.95,"lower_bound":11200607.097870879,"upper_bound":11284350.150105717},"point_estimate":11237995.024675325,"standard_error":21242.363924275127},"StdDev":{"confidence_interval":{"confidence_level":0.95,"lower_bound":17713.421941601635,"upper_bound":70453.70834086688},"point_estimate":49309.980238983364,"standard_error":15688.394385898118}}