{"Mean":{"confidence_interval":{"confidence_level":0.95,"lower_bound":208017.82761674718,"upper_bound":217637.608840666},"point_estimate":212361.66417855225,"standard_error":2497.482979586642},"Median":{"confidence_interval":{"confidence_level":0.95,"lower_bound":207568.6855877617,"upper_bound":218374.61137949544},"point_estimate":208896.3702553485,"standard_error":2629.818173972387},"MedianAbsDev":{"confidence_interval":{"confidence_level":0.95,"lower_bound":456.11998900369423,"upper_bound":13631.792067991344},"point_estimate":2659.5475486169307,"standard_error":3266.4159543424953},"Slope":{"confidence_interval":{"confidence_level":0.95,"lower_bound":208728.37782327918,"upper_bound":217141.59078689385},"point_estimate":213756.14531651922,"standard_error":2214.857225488426},"StdDev":{"confidence_interval":{"confidence_level":0.95,"lower_bound":2515.0464173909377,"upper_bound":11312.550572123046},"point_estimate":8320.981123440164,"standard_error":2307.132077767894}}