{"Mean":{"confidence_interval":{"confidence_level":0.95,"lower_bound":575.3419314427846,"upper_bound":607.1080183832561},"point_estimate":591.0207981445922,"standard_error":8.141075763656207},"Median":{"confidence_interval":{"confidence_level":0.95,"lower_bound":566.8052075508994,"upper_bound":613.812005831192},"point_estimate":590.3079056655276,"standard_error":13.124531341953217},"MedianAbsDev":{"confidence_interval":{"confidence_level":0.95,"lower_bound":7.381998196923176,"upper_bound":46.27405661946746},"point_estimate":30.226776213960417,"standard_error":10.105696019620638},"Slope":{"confidence_interval":{"confidence_level":0.95,"lower_bound":583.4830590999622,"upper_bound":611.9180680095039},"point_estimate":596.9470388634887,"standard_error":7.441299312989825},"StdDev":{"confidence_interval":{"confidence_level":0.95,"lower_bound":16.705503393225815,"upper_bound":32.71913790385767},"point_estimate":27.165317282654055,"standard_error":4.101046782511115}}