{"Mean":{"confidence_interval":{"confidence_level":0.95,"lower_bound":2809710.7631758433,"upper_bound":2833934.0102301897},"point_estimate":2820060.228297371,"standard_error":6375.069219704148},"Median":{"confidence_interval":{"confidence_level":0.95,"lower_bound":2808507.847005208,"upper_bound":2830256.034375},"point_estimate":2810833.7258184524,"standard_error":4584.8865811985115},"MedianAbsDev":{"confidence_interval":{"confidence_level":0.95,"lower_bound":195.1771438009983,"upper_bound":27292.340265854727},"point_estimate":4951.5217561556,"standard_error":5326.264641117059},"Slope":{"confidence_interval":{"confidence_level":0.95,"lower_bound":2810484.0838213027,"upper_bound":2814483.302934886},"point_estimate":2812525.7939123376,"standard_error":1009.83154826338},"StdDev":{"confidence_interval":{"confidence_level":0.95,"lower_bound":2405.869663226335,"upper_bound":29047.818575736528},"point_estimate":21215.84076567492,"standard_error":7295.994966383429}}