{"Mean":{"confidence_interval":{"confidence_level":0.95,"lower_bound":1794754.3403356092,"upper_bound":1885283.4773039215},"point_estimate":1840299.7040546215,"standard_error":23039.543315501698},"Median":{"confidence_interval":{"confidence_level":0.95,"lower_bound":1797663.2132352942,"upper_bound":1880930.5465686275},"point_estimate":1848558.593067227,"standard_error":18969.3472799016},"MedianAbsDev":{"confidence_interval":{"confidence_level":0.95,"lower_bound":3949.1185948891725,"upper_bound":133980.87923754044},"point_estimate":49415.487730787834,"standard_error":35967.86539533007},"Slope":{"confidence_interval":{"confidence_level":0.95,"lower_bound":1834808.0065359478,"upper_bound":1878885.0076181293},"point_estimate":1854339.1057295646,"standard_error":11084.469473300074},"StdDev":{"confidence_interval":{"confidence_level":0.95,"lower_bound":32532.03666612515,"upper_bound":103618.8386550236},"point_estimate":76718.7451981628,"standard_error":17811.24490253505}}