{"Mean":{"confidence_interval":{"confidence_level":0.95,"lower_bound":17292.97357811785,"upper_bound":18193.206360002958},"point_estimate":17749.08825917252,"standard_error":230.65247094968925},"Median":{"confidence_interval":{"confidence_level":0.95,"lower_bound":16971.0007537215,"upper_bound":18509.610797060486},"point_estimate":17870.307047296024,"standard_error":411.2332821698711},"MedianAbsDev":{"confidence_interval":{"confidence_level":0.95,"lower_bound":172.24098908456395,"upper_bound":1233.8493369246453},"point_estimate":1000.437160514552,"standard_error":289.260162334064},"Slope":{"confidence_interval":{"confidence_level":0.95,"lower_bound":17878.5924112098,"upper_bound":18526.178798052573},"point_estimate":18320.54860255629,"standard_error":167.03834612423577},"StdDev":{"confidence_interval":{"confidence_level":0.95,"lower_bound":491.9930855193468,"upper_bound":892.3283066032326},"point_estimate":766.221835416462,"standard_error":102.08928349297359}}