{"Mean":{"confidence_interval":{"confidence_level":0.95,"lower_bound":369.31874189508187,"upper_bound":376.177350433249},"point_estimate":372.7538464083087,"standard_error":1.7518710433436842},"Median":{"confidence_interval":{"confidence_level":0.95,"lower_bound":368.638568992087,"upper_bound":377.2847990003405},"point_estimate":372.13617457101793,"standard_error":1.8917733370211793},"MedianAbsDev":{"confidence_interval":{"confidence_level":0.95,"lower_bound":1.0665428049703258,"upper_bound":10.097247724015782},"point_estimate":4.7581773766270885,"standard_error":2.5307903645737713},"Slope":{"confidence_interval":{"confidence_level":0.95,"lower_bound":372.7699089255612,"upper_bound":378.7641218866986},"point_estimate":376.3354866773661,"standard_error":1.5177301167389257},"StdDev":{"confidence_interval":{"confidence_level":0.95,"lower_bound":3.0683353073027133,"upper_bound":7.587474927431735},"point_estimate":5.8569331906206505,"standard_error":1.1590049130565865}}