{"Mean":{"confidence_interval":{"confidence_level":0.95,"lower_bound":239101.5270157563,"upper_bound":254408.11121661993},"point_estimate":247042.74349906627,"standard_error":3934.801605663271},"Median":{"confidence_interval":{"confidence_level":0.95,"lower_bound":232950.60784313726,"upper_bound":258578.11029411765},"point_estimate":252760.1224789916,"standard_error":6933.163877971755},"MedianAbsDev":{"confidence_interval":{"confidence_level":0.95,"lower_bound":1870.845909334853,"upper_bound":20669.728096764455},"point_estimate":10496.594490903084,"standard_error":5411.493668534435},"Slope":{"confidence_interval":{"confidence_level":0.95,"lower_bound":250749.93882656156,"upper_bound":258288.60524188535},"point_estimate":255888.82723453018,"standard_error":1949.389786308371},"StdDev":{"confidence_interval":{"confidence_level":0.95,"lower_bound":7332.563365538188,"upper_bound":15142.451443173715},"point_estimate":13109.206001365652,"standard_error":1976.3745096754144}}