{"Mean":{"confidence_interval":{"confidence_level":0.95,"lower_bound":306459.485068533,"upper_bound":311489.6461531188},"point_estimate":309104.94670560514,"standard_error":1288.7195818192185},"Median":{"confidence_interval":{"confidence_level":0.95,"lower_bound":306010.2675,"upper_bound":312137.5546875},"point_estimate":309932.5426339286,"standard_error":1538.5270272641865},"MedianAbsDev":{"confidence_interval":{"confidence_level":0.95,"lower_bound":1159.3388688967884,"upper_bound":6967.3859138041735},"point_estimate":3707.5986099061047,"standard_error":1596.2634058754759},"Slope":{"confidence_interval":{"confidence_level":0.95,"lower_bound":307688.61374481325,"upper_bound":311743.3486048424},"point_estimate":310115.0212824675,"standard_error":1032.9162262468383},"StdDev":{"confidence_interval":{"confidence_level":0.95,"lower_bound":1982.6362716982494,"upper_bound":5505.577839522155},"point_estimate":4301.1908003005965,"standard_error":890.5572619561229}}