{"Mean":{"confidence_interval":{"confidence_level":0.95,"lower_bound":1372.6880569194668,"upper_bound":1424.2277689205707},"point_estimate":1399.7467264886116,"standard_error":13.180186438537053},"Median":{"confidence_interval":{"confidence_level":0.95,"lower_bound":1365.4242664458116,"upper_bound":1436.1687318419044},"point_estimate":1413.0569662998896,"standard_error":19.359462150603928},"MedianAbsDev":{"confidence_interval":{"confidence_level":0.95,"lower_bound":6.590844683775852,"upper_bound":72.77475421950582},"point_estimate":41.9818789805758,"standard_error":16.85474872313892},"Slope":{"confidence_interval":{"confidence_level":0.95,"lower_bound":1408.0598380568247,"upper_bound":1439.9913543739442},"point_estimate":1429.7266198425332,"standard_error":8.27593490354772},"StdDev":{"confidence_interval":{"confidence_level":0.95,"lower_bound":22.34186854194783,"upper_bound":54.703675102423766},"point_estimate":43.94768131297489,"standard_error":8.263039231079862}}