{"Mean":{"confidence_interval":{"confidence_level":0.95,"lower_bound":68889.22953853561,"upper_bound":69580.23455191651},"point_estimate":69243.23689258457,"standard_error":176.9446739938837},"Median":{"confidence_interval":{"confidence_level":0.95,"lower_bound":68774.99090098127,"upper_bound":69712.2652765388},"point_estimate":69266.29894651883,"standard_error":225.2779223516141},"MedianAbsDev":{"confidence_interval":{"confidence_level":0.95,"lower_bound":130.74844757467397,"upper_bound":1070.628465426097},"point_estimate":512.3311499527686,"standard_error":233.4366882205348},"Slope":{"confidence_interval":{"confidence_level":0.95,"lower_bound":69050.93493515672,"upper_bound":69597.16660321862},"point_estimate":69278.59179999305,"standard_error":141.86273940850631},"StdDev":{"confidence_interval":{"confidence_level":0.95,"lower_bound":319.00121313355066,"upper_bound":741.7568543981812},"point_estimate":590.7556590939424,"standard_error":108.34457346133773}}