{"Mean":{"confidence_interval":{"confidence_level":0.95,"lower_bound":1271.090163846839,"upper_bound":1336.2041385743967},"point_estimate":1304.8541403553406,"standard_error":16.69907672173499},"Median":{"confidence_interval":{"confidence_level":0.95,"lower_bound":1255.7022261798754,"upper_bound":1348.2394924309883},"point_estimate":1323.1801187295932,"standard_error":25.205771161536187},"MedianAbsDev":{"confidence_interval":{"confidence_level":0.95,"lower_bound":11.806514488522497,"upper_bound":92.48823014785422},"point_estimate":51.346674974433945,"standard_error":22.49206353940384},"Slope":{"confidence_interval":{"confidence_level":0.95,"lower_bound":1311.2561503979707,"upper_bound":1361.0576290168208},"point_estimate":1343.5170207352753,"standard_error":12.851933478180635},"StdDev":{"confidence_interval":{"confidence_level":0.95,"lower_bound":30.432192135471134,"upper_bound":68.11772205214865},"point_estimate":56.15686187058691,"standard_error":9.295915019197945}}