{"Mean":{"confidence_interval":{"confidence_level":0.95,"lower_bound":214.87968854731585,"upper_bound":225.35393025092677},"point_estimate":219.57566492956533,"standard_error":2.711321612263117},"Median":{"confidence_interval":{"confidence_level":0.95,"lower_bound":214.05578399259267,"upper_bound":224.18044672992107},"point_estimate":217.8703032128314,"standard_error":2.2665718963824837},"MedianAbsDev":{"confidence_interval":{"confidence_level":0.95,"lower_bound":0.6145388773425577,"upper_bound":13.623111516288004},"point_estimate":4.69654760257454,"standard_error":3.1494144396444708},"Slope":{"confidence_interval":{"confidence_level":0.95,"lower_bound":214.80940254770198,"upper_bound":220.06078102304588},"point_estimate":217.4260279440395,"standard_error":1.3386158959240213},"StdDev":{"confidence_interval":{"confidence_level":0.95,"lower_bound":2.7095073968232937,"upper_bound":12.51942963489085},"point_estimate":9.044334591390642,"standard_error":2.6435894654173726}}