{"Mean":{"confidence_interval":{"confidence_level":0.95,"lower_bound":747760.2722804012,"upper_bound":842811.461483708},"point_estimate":800669.6335335097,"standard_error":24553.112650912502},"Median":{"confidence_interval":{"confidence_level":0.95,"lower_bound":755452.0144444444,"upper_bound":851590.7694444444},"point_estimate":834205.3888888889,"standard_error":22017.612887983436},"MedianAbsDev":{"confidence_interval":{"confidence_level":0.95,"lower_bound":4644.288895547345,"upper_bound":100428.02676593512},"point_estimate":29969.83472576239,"standard_error":24348.83290917205},"Slope":{"confidence_interval":{"confidence_level":0.95,"lower_bound":828391.6562610229,"upper_bound":852080.6416336887},"point_estimate":844498.6853102453,"standard_error":6159.047116180285},"StdDev":{"confidence_interval":{"confidence_level":0.95,"lower_bound":12812.747357413196,"upper_bound":107603.92048044624},"point_estimate":82024.13039647591,"standard_error":24333.619098860097}}