{"Mean":{"confidence_interval":{"confidence_level":0.95,"lower_bound":14873.26068838174,"upper_bound":15049.851430637393},"point_estimate":14946.489291055786,"standard_error":46.692798628404},"Median":{"confidence_interval":{"confidence_level":0.95,"lower_bound":14851.794788381743,"upper_bound":14982.580970954357},"point_estimate":14885.689470954356,"standard_error":39.185876457900164},"MedianAbsDev":{"confidence_interval":{"confidence_level":0.95,"lower_bound":16.73398901743461,"upper_bound":161.27341439685244},"point_estimate":74.3014563468592,"standard_error":37.83255179455671},"Slope":{"confidence_interval":{"confidence_level":0.95,"lower_bound":14867.847841115095,"upper_bound":14981.267857218852},"point_estimate":14934.572549011154,"standard_error":29.218003185067257},"StdDev":{"confidence_interval":{"confidence_level":0.95,"lower_bound":42.28804945393717,"upper_bound":230.3588012199502},"point_estimate":155.3215640061385,"standard_error":59.35739885449}}