{"Mean":{"confidence_interval":{"confidence_level":0.95,"lower_bound":185948.71056379308,"upper_bound":210039.26718390803},"point_estimate":197911.70113505746,"standard_error":6119.628217474564},"Median":{"confidence_interval":{"confidence_level":0.95,"lower_bound":184131.5551724138,"upper_bound":206035.14482758622},"point_estimate":200120.44185344828,"standard_error":5362.146311534172},"MedianAbsDev":{"confidence_interval":{"confidence_level":0.95,"lower_bound":2166.810659186619,"upper_bound":33574.930630029245},"point_estimate":10714.060835106371,"standard_error":8495.55269163857},"Slope":{"confidence_interval":{"confidence_level":0.95,"lower_bound":191915.008929269,"upper_bound":206893.421200125},"point_estimate":200432.96893864757,"standard_error":3729.765514000512},"StdDev":{"confidence_interval":{"confidence_level":0.95,"lower_bound":8315.32372311651,"upper_bound":27874.418225277135},"point_estimate":20363.82642030581,"standard_error":5073.302519407108}}