{"Mean":{"confidence_interval":{"confidence_level":0.95,"lower_bound":3191245.05,"upper_bound":3530105.857477678},"point_estimate":3353364.475744047,"standard_error":86469.1489200232},"Median":{"confidence_interval":{"confidence_level":0.95,"lower_bound":3119052.0833333335,"upper_bound":3524845.363095238},"point_estimate":3315928.958333333,"standard_error":94405.41688762244},"MedianAbsDev":{"confidence_interval":{"confidence_level":0.95,"lower_bound":25466.735576000065,"upper_bound":478290.3090867742},"point_estimate":259095.1251376419,"standard_error":105734.13993301726},"Slope":{"confidence_interval":{"confidence_level":0.95,"lower_bound":3167053.360175202,"upper_bound":3562961.7228033473},"point_estimate":3324382.381818182,"standard_error":101862.88224348154},"StdDev":{"confidence_interval":{"confidence_level":0.95,"lower_bound":136098.24965802816,"upper_bound":386056.2941649565},"point_estimate":287256.3481415603,"standard_error":67319.66107092318}}