{"Mean":{"confidence_interval":{"confidence_level":0.95,"lower_bound":3487434.719116468,"upper_bound":3505438.6190476185},"point_estimate":3495120.57740873,"standard_error":4713.62483495033},"Median":{"confidence_interval":{"confidence_level":0.95,"lower_bound":3484717.37,"upper_bound":3500195.451388889},"point_estimate":3489273.9491666667,"standard_error":4169.888279417997},"MedianAbsDev":{"confidence_interval":{"confidence_level":0.95,"lower_bound":2306.9552110433856,"upper_bound":17994.58068936569},"point_estimate":8075.180495803386,"standard_error":4257.1556021805},"Slope":{"confidence_interval":{"confidence_level":0.95,"lower_bound":3487148.6457854114,"upper_bound":3501484.941048035},"point_estimate":3493692.702077922,"standard_error":3617.599581407879},"StdDev":{"confidence_interval":{"confidence_level":0.95,"lower_bound":4597.64025171478,"upper_bound":22950.557658625487},"point_estimate":15777.9858749013,"standard_error":5507.188821019006}}