{"Mean":{"confidence_interval":{"confidence_level":0.95,"lower_bound":38517.83499295245,"upper_bound":39238.59244646531},"point_estimate":38888.41807783846,"standard_error":184.04533971313575},"Median":{"confidence_interval":{"confidence_level":0.95,"lower_bound":38517.47709080048,"upper_bound":39283.986318531795},"point_estimate":38904.08617084827,"standard_error":173.29497427228497},"MedianAbsDev":{"confidence_interval":{"confidence_level":0.95,"lower_bound":104.74418251317742,"upper_bound":1033.5495476325043},"point_estimate":445.39837470908327,"standard_error":253.33732303478945},"Slope":{"confidence_interval":{"confidence_level":0.95,"lower_bound":38937.928228589044,"upper_bound":39589.7210064747},"point_estimate":39306.253414327606,"standard_error":170.83363819388163},"StdDev":{"confidence_interval":{"confidence_level":0.95,"lower_bound":289.41375865134694,"upper_bound":815.2714743163327},"point_estimate":612.9333976070772,"standard_error":135.29043351174104}}