{"Mean":{"confidence_interval":{"confidence_level":0.95,"lower_bound":440.33471130008354,"upper_bound":493.27925760138874},"point_estimate":468.59712414254443,"standard_error":13.478935463750677},"Median":{"confidence_interval":{"confidence_level":0.95,"lower_bound":427.8484937513942,"upper_bound":500.38075781234414},"point_estimate":490.5520165831524,"standard_error":18.479451541483655},"MedianAbsDev":{"confidence_interval":{"confidence_level":0.95,"lower_bound":1.6100982683775162,"upper_bound":68.67242461267148},"point_estimate":16.9962310264322,"standard_error":17.010436770022945},"Slope":{"confidence_interval":{"confidence_level":0.95,"lower_bound":481.5232509242639,"upper_bound":499.189896175684},"point_estimate":493.0147265990738,"standard_error":4.599545554101922},"StdDev":{"confidence_interval":{"confidence_level":0.95,"lower_bound":8.73657576220407,"upper_bound":53.47564414642132},"point_estimate":44.65517112307474,"standard_error":9.456101560138174}}