{"Mean":{"confidence_interval":{"confidence_level":0.95,"lower_bound":1473.8371569175117,"upper_bound":1491.9189558162423},"point_estimate":1482.0186646982152,"standard_error":4.638349573553177},"Median":{"confidence_interval":{"confidence_level":0.95,"lower_bound":1470.7501077328227,"upper_bound":1490.278956188652},"point_estimate":1477.9587143883168,"standard_error":5.815342611461554},"MedianAbsDev":{"confidence_interval":{"confidence_level":0.95,"lower_bound":0.4963710637277947,"upper_bound":24.136244848010172},"point_estimate":12.068122424005086,"standard_error":5.587502441996943},"Slope":{"confidence_interval":{"confidence_level":0.95,"lower_bound":1472.4397128533838,"upper_bound":1481.190890070885},"point_estimate":1475.8662308436117,"standard_error":2.2466982201864973},"StdDev":{"confidence_interval":{"confidence_level":0.95,"lower_bound":6.746393743007537,"upper_bound":21.15324425796148},"point_estimate":15.366255890711978,"standard_error":4.1156060720987115}}