{"Mean":{"confidence_interval":{"confidence_level":0.95,"lower_bound":150369.82282885435,"upper_bound":153075.34450053042},"point_estimate":151694.64808050444,"standard_error":690.0198726999121},"Median":{"confidence_interval":{"confidence_level":0.95,"lower_bound":149991.24381188117,"upper_bound":152894.41183404054},"point_estimate":151982.1738448845,"standard_error":723.4572184166419},"MedianAbsDev":{"confidence_interval":{"confidence_level":0.95,"lower_bound":444.54468789983974,"upper_bound":4202.895476163407},"point_estimate":1539.5063687078982,"standard_error":970.7723808271311},"Slope":{"confidence_interval":{"confidence_level":0.95,"lower_bound":151885.88946815036,"upper_bound":154752.77147954013},"point_estimate":153405.09107625048,"standard_error":789.6097040100493},"StdDev":{"confidence_interval":{"confidence_level":0.95,"lower_bound":1117.35658877424,"upper_bound":3089.396570084252},"point_estimate":2305.2069394838727,"standard_error":512.2109056654107}}