{"Mean":{"confidence_interval":{"confidence_level":0.95,"lower_bound":2211330.5621752134,"upper_bound":2233381.938337607},"point_estimate":2223155.9974786327,"standard_error":5671.584157858574},"Median":{"confidence_interval":{"confidence_level":0.95,"lower_bound":2208059.721153846,"upper_bound":2235890.252136752},"point_estimate":2227834.46025641,"standard_error":6151.673624044274},"MedianAbsDev":{"confidence_interval":{"confidence_level":0.95,"lower_bound":3939.999926205086,"upper_bound":29699.448375037435},"point_estimate":12351.597403792288,"standard_error":6488.563145200578},"Slope":{"confidence_interval":{"confidence_level":0.95,"lower_bound":2228155.6088356534,"upper_bound":2240238.2224133215},"point_estimate":2235284.2457542457,"standard_error":3150.9321395543066},"StdDev":{"confidence_interval":{"confidence_level":0.95,"lower_bound":6815.537753611399,"upper_bound":23901.63586800368},"point_estimate":18906.762794879724,"standard_error":4349.243091189425}}