{"Mean":{"confidence_interval":{"confidence_level":0.95,"lower_bound":1733.3610186149178,"upper_bound":1778.5249485257573},"point_estimate":1757.752481872281,"standard_error":11.613508268378371},"Median":{"confidence_interval":{"confidence_level":0.95,"lower_bound":1718.1604961171292,"upper_bound":1783.6543020136282},"point_estimate":1776.8468430034131,"standard_error":16.056262886202035},"MedianAbsDev":{"confidence_interval":{"confidence_level":0.95,"lower_bound":1.0868190067723706,"upper_bound":59.93952334230084},"point_estimate":13.326136252754399,"standard_error":14.891410046307188},"Slope":{"confidence_interval":{"confidence_level":0.95,"lower_bound":1769.4765255052519,"upper_bound":1786.967981303382},"point_estimate":1781.3135546527965,"standard_error":4.551975104096728},"StdDev":{"confidence_interval":{"confidence_level":0.95,"lower_bound":9.393991040716976,"upper_bound":49.863815902745685},"point_estimate":38.91734038152907,"standard_error":9.02564501928248}}