{"Mean":{"confidence_interval":{"confidence_level":0.95,"lower_bound":27687.99654660627,"upper_bound":27818.192135085705},"point_estimate":27752.625159861316,"standard_error":33.53028261001984},"Median":{"confidence_interval":{"confidence_level":0.95,"lower_bound":27641.857557176,"upper_bound":27819.86439343719},"point_estimate":27767.3949629349,"standard_error":40.09280408433913},"MedianAbsDev":{"confidence_interval":{"confidence_level":0.95,"lower_bound":13.889686851521818,"upper_bound":218.58447047357038},"point_estimate":96.36420542984504,"standard_error":57.37581232834948},"Slope":{"confidence_interval":{"confidence_level":0.95,"lower_bound":27741.007835294356,"upper_bound":27811.50484852132},"point_estimate":27779.07141867082,"standard_error":17.694944823790724},"StdDev":{"confidence_interval":{"confidence_level":0.95,"lower_bound":61.86744416849438,"upper_bound":142.99655437757585},"point_estimate":111.73352458590628,"standard_error":21.09585468031055}}