{"Mean":{"confidence_interval":{"confidence_level":0.95,"lower_bound":517121.68595648604,"upper_bound":519438.1507653941},"point_estimate":518271.42183292285,"standard_error":591.6510731445721},"Median":{"confidence_interval":{"confidence_level":0.95,"lower_bound":516787.7054597701,"upper_bound":519779.39429392444},"point_estimate":518015.0215517242,"standard_error":866.617962348629},"MedianAbsDev":{"confidence_interval":{"confidence_level":0.95,"lower_bound":309.154047097679,"upper_bound":3382.5744806369435},"point_estimate":2166.89426540926,"standard_error":773.2395029654887},"Slope":{"confidence_interval":{"confidence_level":0.95,"lower_bound":517937.248268494,"upper_bound":520304.08768081083},"point_estimate":519384.10707568296,"standard_error":596.3366947960342},"StdDev":{"confidence_interval":{"confidence_level":0.95,"lower_bound":1107.8573812608902,"upper_bound":2539.9384366136646},"point_estimate":1977.1111076582556,"standard_error":373.77628788373096}}