{"Mean":{"confidence_interval":{"confidence_level":0.95,"lower_bound":1410851.3037114847,"upper_bound":1647229.651114408},"point_estimate":1531028.2815791317,"standard_error":60733.38314890753},"Median":{"confidence_interval":{"confidence_level":0.95,"lower_bound":1315777.5196078431,"upper_bound":1696996.256302521},"point_estimate":1603310.0897058824,"standard_error":116205.96405714838},"MedianAbsDev":{"confidence_interval":{"confidence_level":0.95,"lower_bound":8713.971611840432,"upper_bound":316711.09680298925},"point_estimate":232116.2348841132,"standard_error":82618.7950750269},"Slope":{"confidence_interval":{"confidence_level":0.95,"lower_bound":1577550.9828767122,"upper_bound":1721902.9871794872},"point_estimate":1666421.6042780748,"standard_error":36683.57301701089},"StdDev":{"confidence_interval":{"confidence_level":0.95,"lower_bound":130700.0974572954,"upper_bound":235622.1036643856},"point_estimate":202816.73985073497,"standard_error":26919.350606943248}}