{"Mean":{"confidence_interval":{"confidence_level":0.95,"lower_bound":42689.480303110904,"upper_bound":44352.17001904762},"point_estimate":43430.954110401006,"standard_error":429.2251719989297},"Median":{"confidence_interval":{"confidence_level":0.95,"lower_bound":42535.109894736845,"upper_bound":44200.792083333334},"point_estimate":43072.621240601504,"standard_error":326.5612089932841},"MedianAbsDev":{"confidence_interval":{"confidence_level":0.95,"lower_bound":63.75340408920386,"upper_bound":1967.3693740643143},"point_estimate":615.1132500058764,"standard_error":526.1216026830534},"Slope":{"confidence_interval":{"confidence_level":0.95,"lower_bound":43138.95250941248,"upper_bound":45383.082943277914},"point_estimate":44120.33002870814,"standard_error":612.2911142441259},"StdDev":{"confidence_interval":{"confidence_level":0.95,"lower_bound":442.9230167884001,"upper_bound":1944.7986704764637},"point_estimate":1430.888679477355,"standard_error":409.3998891609605}}