{"Mean":{"confidence_interval":{"confidence_level":0.95,"lower_bound":805.0014444470468,"upper_bound":863.3271723499929},"point_estimate":831.6490609305147,"standard_error":15.005642326363056},"Median":{"confidence_interval":{"confidence_level":0.95,"lower_bound":795.831406623261,"upper_bound":868.2745576490702},"point_estimate":820.9074019860416,"standard_error":17.332928058643745},"MedianAbsDev":{"confidence_interval":{"confidence_level":0.95,"lower_bound":2.896542814069404,"upper_bound":78.59810149217178},"point_estimate":31.039198177221795,"standard_error":19.000434976613597},"Slope":{"confidence_interval":{"confidence_level":0.95,"lower_bound":821.08116104708,"upper_bound":899.8378877751235},"point_estimate":861.2529672912689,"standard_error":21.54166385716437},"StdDev":{"confidence_interval":{"confidence_level":0.95,"lower_bound":19.035895880274136,"upper_bound":64.85259513887736},"point_estimate":49.97213025939369,"standard_error":12.04074707618471}}