{"Mean":{"confidence_interval":{"confidence_level":0.95,"lower_bound":15113.966463769902,"upper_bound":16554.520267075604},"point_estimate":15849.037806772802,"standard_error":369.43810452567607},"Median":{"confidence_interval":{"confidence_level":0.95,"lower_bound":14810.259590924012,"upper_bound":17007.44242026369},"point_estimate":16004.180502215659,"standard_error":653.3872317320488},"MedianAbsDev":{"confidence_interval":{"confidence_level":0.95,"lower_bound":312.52666140829666,"upper_bound":1962.2564025312777},"point_estimate":1588.0007343299185,"standard_error":457.9144174971963},"Slope":{"confidence_interval":{"confidence_level":0.95,"lower_bound":16046.961051242099,"upper_bound":17078.447655096013},"point_estimate":16752.114198111096,"standard_error":266.0005603626501},"StdDev":{"confidence_interval":{"confidence_level":0.95,"lower_bound":785.3286735559657,"upper_bound":1472.8278719123039},"point_estimate":1233.134840926246,"standard_error":176.8440727441202}}