{"Mean":{"confidence_interval":{"confidence_level":0.95,"lower_bound":6914330.509603633,"upper_bound":6971926.775594324},"point_estimate":6942379.154609281,"standard_error":14783.498856173414},"Median":{"confidence_interval":{"confidence_level":0.95,"lower_bound":6909269.572649573,"upper_bound":6982566.692307692},"point_estimate":6934101.3008241765,"standard_error":18033.527888105233},"MedianAbsDev":{"confidence_interval":{"confidence_level":0.95,"lower_bound":8554.991505811095,"upper_bound":84698.63656552977},"point_estimate":37949.334699983316,"standard_error":19602.07555577206},"Slope":{"confidence_interval":{"confidence_level":0.95,"lower_bound":6923151.561463047,"upper_bound":6966833.78566223},"point_estimate":6940985.473126873,"standard_error":11085.418590130868},"StdDev":{"confidence_interval":{"confidence_level":0.95,"lower_bound":24598.965718108644,"upper_bound":64483.82902455233},"point_estimate":49346.989828007565,"standard_error":10353.697572309356}}