{"Mean":{"confidence_interval":{"confidence_level":0.95,"lower_bound":26613.152127722427,"upper_bound":26869.478155681336},"point_estimate":26727.669826522208,"standard_error":65.88517762494178},"Median":{"confidence_interval":{"confidence_level":0.95,"lower_bound":26557.683503243745,"upper_bound":26785.19621342513},"point_estimate":26719.60052131603,"standard_error":58.964089608621435},"MedianAbsDev":{"confidence_interval":{"confidence_level":0.95,"lower_bound":18.972261108958655,"upper_bound":319.906990233398},"point_estimate":105.48491969122102,"standard_error":73.55714976041662},"Slope":{"confidence_interval":{"confidence_level":0.95,"lower_bound":26710.91076262955,"upper_bound":27039.71704669796},"point_estimate":26856.895699481243,"standard_error":91.66429484193151},"StdDev":{"confidence_interval":{"confidence_level":0.95,"lower_bound":83.87372688395244,"upper_bound":312.5788434922267},"point_estimate":218.88999567152237,"standard_error":68.03611858700516}}