{"Mean":{"confidence_interval":{"confidence_level":0.95,"lower_bound":87656923.6875,"upper_bound":90338148.12336606},"point_estimate":88892347.94630954,"standard_error":690484.1818759349},"Median":{"confidence_interval":{"confidence_level":0.95,"lower_bound":87081217.35,"upper_bound":90780214.5},"point_estimate":88496137.375,"standard_error":826697.914878959},"MedianAbsDev":{"confidence_interval":{"confidence_level":0.95,"lower_bound":154979.51109856367,"upper_bound":3281525.6862662695},"point_estimate":1878742.1802281633,"standard_error":859313.3854498222},"Slope":{"confidence_interval":{"confidence_level":0.95,"lower_bound":87310994.67280203,"upper_bound":91357705.45384616},"point_estimate":89237252.62857144,"standard_error":1014170.0370784833},"StdDev":{"confidence_interval":{"confidence_level":0.95,"lower_bound":855056.983414897,"upper_bound":2899094.4572350793},"point_estimate":2304843.6010670946,"standard_error":538830.591431787}}