{"Mean":{"confidence_interval":{"confidence_level":0.95,"lower_bound":48948.0093115942,"upper_bound":49507.35456736897},"point_estimate":49217.31292646044,"standard_error":143.33685539923476},"Median":{"confidence_interval":{"confidence_level":0.95,"lower_bound":48765.56713554987,"upper_bound":49840.87354362035},"point_estimate":49110.97650712459,"standard_error":235.45522534314605},"MedianAbsDev":{"confidence_interval":{"confidence_level":0.95,"lower_bound":38.35577030157266,"upper_bound":723.9968480160381},"point_estimate":554.623925537098,"standard_error":195.8250149398493},"Slope":{"confidence_interval":{"confidence_level":0.95,"lower_bound":49077.45201081828,"upper_bound":49762.20437855827},"point_estimate":49550.8787258777,"standard_error":163.21860306263795},"StdDev":{"confidence_interval":{"confidence_level":0.95,"lower_bound":224.60124318987772,"upper_bound":558.2472666781645},"point_estimate":477.3562008868726,"standard_error":74.40524621237779}}