{"Mean":{"confidence_interval":{"confidence_level":0.95,"lower_bound":40651.36125775709,"upper_bound":41707.1522662635},"point_estimate":41190.694575048554,"standard_error":269.5597946610025},"Median":{"confidence_interval":{"confidence_level":0.95,"lower_bound":40444.26622340426,"upper_bound":42066.14290226064},"point_estimate":41136.23564674097,"standard_error":459.1646195571209},"MedianAbsDev":{"confidence_interval":{"confidence_level":0.95,"lower_bound":128.6997490116635,"upper_bound":1561.1228507419798},"point_estimate":1275.9072880617675,"standard_error":389.85653154745637},"Slope":{"confidence_interval":{"confidence_level":0.95,"lower_bound":40928.005810810406,"upper_bound":41888.42437064908},"point_estimate":41514.62150801326,"standard_error":245.91262595404103},"StdDev":{"confidence_interval":{"confidence_level":0.95,"lower_bound":545.0454047577742,"upper_bound":1094.7725453225942},"point_estimate":899.817607764825,"standard_error":141.03780023054918}}