{"Mean":{"confidence_interval":{"confidence_level":0.95,"lower_bound":6231343.8976111105,"upper_bound":6283808.487432208},"point_estimate":6253069.711828042,"standard_error":13852.471536287852},"Median":{"confidence_interval":{"confidence_level":0.95,"lower_bound":6229165.636666667,"upper_bound":6258104.73015873},"point_estimate":6246074.027037038,"standard_error":6711.391153436447},"MedianAbsDev":{"confidence_interval":{"confidence_level":0.95,"lower_bound":1277.4103337658387,"upper_bound":44065.30260324057},"point_estimate":14476.525114769021,"standard_error":12101.12149138118},"Slope":{"confidence_interval":{"confidence_level":0.95,"lower_bound":6234486.187953571,"upper_bound":6253481.190789517},"point_estimate":6245063.190129871,"standard_error":4732.628123173138},"StdDev":{"confidence_interval":{"confidence_level":0.95,"lower_bound":10749.371725099112,"upper_bound":69030.37331488194},"point_estimate":46199.14164851183,"standard_error":18327.714256601448}}