{"Mean":{"confidence_interval":{"confidence_level":0.95,"lower_bound":1497.893962850769,"upper_bound":1517.2193965550434},"point_estimate":1507.543387826726,"standard_error":4.963237179666523},"Median":{"confidence_interval":{"confidence_level":0.95,"lower_bound":1491.5075801518667,"upper_bound":1521.7533260597356},"point_estimate":1511.4757984426633,"standard_error":7.970740951079773},"MedianAbsDev":{"confidence_interval":{"confidence_level":0.95,"lower_bound":3.286268370258661,"upper_bound":27.541466603954028},"point_estimate":23.96203432007153,"standard_error":7.030806388164469},"Slope":{"confidence_interval":{"confidence_level":0.95,"lower_bound":1504.9893735192086,"upper_bound":1520.7305652982132},"point_estimate":1514.5928802214448,"standard_error":3.9930531545444117},"StdDev":{"confidence_interval":{"confidence_level":0.95,"lower_bound":10.303838249849347,"upper_bound":19.919427174657482},"point_estimate":16.53021137275528,"standard_error":2.4813253391873684}}