{"Mean":{"confidence_interval":{"confidence_level":0.95,"lower_bound":40642.1898702567,"upper_bound":41061.83106570289},"point_estimate":40854.31651404002,"standard_error":107.73953961504436},"Median":{"confidence_interval":{"confidence_level":0.95,"lower_bound":40520.49955967494,"upper_bound":41166.90283203125},"point_estimate":40877.17476399739,"standard_error":214.7740705276192},"MedianAbsDev":{"confidence_interval":{"confidence_level":0.95,"lower_bound":48.88091573375277,"upper_bound":552.8253442381241},"point_estimate":439.5686676746096,"standard_error":138.9252796462856},"Slope":{"confidence_interval":{"confidence_level":0.95,"lower_bound":40480.51678140655,"upper_bound":40837.66725081104},"point_estimate":40604.18521712662,"standard_error":91.15550733145241},"StdDev":{"confidence_interval":{"confidence_level":0.95,"lower_bound":239.45547064742792,"upper_bound":417.0144811960998},"point_estimate":358.93213867561394,"standard_error":45.27198500063984}}