{"Mean":{"confidence_interval":{"confidence_level":0.95,"lower_bound":5567271.518541667,"upper_bound":5650057.177708333},"point_estimate":5605563.900168652,"standard_error":21351.17313016944},"Median":{"confidence_interval":{"confidence_level":0.95,"lower_bound":5549906.78125,"upper_bound":5668452.977232143},"point_estimate":5574799.396875,"standard_error":28097.414449061285},"MedianAbsDev":{"confidence_interval":{"confidence_level":0.95,"lower_bound":10197.963534574725,"upper_bound":116799.84625034686},"point_estimate":47103.7548049904,"standard_error":28310.5136544728},"Slope":{"confidence_interval":{"confidence_level":0.95,"lower_bound":5582438.446225071,"upper_bound":5699784.476162439},"point_estimate":5656846.676461039,"standard_error":29851.15699440178},"StdDev":{"confidence_interval":{"confidence_level":0.95,"lower_bound":27461.709200926103,"upper_bound":88663.73789224816},"point_estimate":71234.37214040759,"standard_error":15711.933156319416}}