{"Mean":{"confidence_interval":{"confidence_level":0.95,"lower_bound":24154.943458317124,"upper_bound":25558.687739117562},"point_estimate":24693.620921041256,"standard_error":392.2170045557889},"Median":{"confidence_interval":{"confidence_level":0.95,"lower_bound":24129.16688453159,"upper_bound":24721.690715020573},"point_estimate":24260.30101670298,"standard_error":146.9476504657254},"MedianAbsDev":{"confidence_interval":{"confidence_level":0.95,"lower_bound":30.911253890214525,"upper_bound":705.4424551229487},"point_estimate":154.26064637624782,"standard_error":200.73366922487855},"Slope":{"confidence_interval":{"confidence_level":0.95,"lower_bound":24277.659228352004,"upper_bound":26930.988854847496},"point_estimate":25506.725167642813,"standard_error":780.1630669896377},"StdDev":{"confidence_interval":{"confidence_level":0.95,"lower_bound":126.78306913451546,"upper_bound":1992.2338588291389},"point_estimate":1308.4213502245145,"standard_error":611.2545728884274}}