{"Mean":{"confidence_interval":{"confidence_level":0.95,"lower_bound":415783.9105737197,"upper_bound":416878.41534407594},"point_estimate":416287.3421585412,"standard_error":281.45901829875106},"Median":{"confidence_interval":{"confidence_level":0.95,"lower_bound":415598.1321428571,"upper_bound":417027.36714285717},"point_estimate":416010.1513227513,"standard_error":374.7918320845951},"MedianAbsDev":{"confidence_interval":{"confidence_level":0.95,"lower_bound":133.28617888370553,"upper_bound":1543.3828072662136},"point_estimate":710.4413647482603,"standard_error":354.42354091086236},"Slope":{"confidence_interval":{"confidence_level":0.95,"lower_bound":415951.16373349505,"upper_bound":417027.17005714285},"point_estimate":416511.05512677797,"standard_error":274.17419643369163},"StdDev":{"confidence_interval":{"confidence_level":0.95,"lower_bound":419.6915467424316,"upper_bound":1241.247618822973},"point_estimate":937.418001430087,"standard_error":220.18465204652216}}