{"Mean":{"confidence_interval":{"confidence_level":0.95,"lower_bound":1837.3488226034242,"upper_bound":1915.8492743176205},"point_estimate":1877.5315034026978,"standard_error":20.233930746098252},"Median":{"confidence_interval":{"confidence_level":0.95,"lower_bound":1812.1380155372976,"upper_bound":1944.8742012165912},"point_estimate":1890.0844930138328,"standard_error":33.46920978645724},"MedianAbsDev":{"confidence_interval":{"confidence_level":0.95,"lower_bound":10.201409564713128,"upper_bound":118.20419223359617},"point_estimate":86.81578478341562,"standard_error":26.464574251813815},"Slope":{"confidence_interval":{"confidence_level":0.95,"lower_bound":1887.5448768277793,"upper_bound":1943.5894746603758},"point_estimate":1925.092136798368,"standard_error":14.541325173220011},"StdDev":{"confidence_interval":{"confidence_level":0.95,"lower_bound":40.22517278139181,"upper_bound":80.41823202392192},"point_estimate":67.51352473099779,"standard_error":10.123986642992692}}