{"Mean":{"confidence_interval":{"confidence_level":0.95,"lower_bound":25619.385377293183,"upper_bound":25908.663133684422},"point_estimate":25769.296936038176,"standard_error":74.3125923047339},"Median":{"confidence_interval":{"confidence_level":0.95,"lower_bound":25519.070612668744,"upper_bound":25976.625562478366},"point_estimate":25880.297656134106,"standard_error":135.70330536512404},"MedianAbsDev":{"confidence_interval":{"confidence_level":0.95,"lower_bound":26.070685323758415,"upper_bound":384.583559319734},"point_estimate":242.8243042663701,"standard_error":95.6262551647092},"Slope":{"confidence_interval":{"confidence_level":0.95,"lower_bound":25759.284054424068,"upper_bound":25997.52983916395},"point_estimate":25920.903046486223,"standard_error":61.432352381946004},"StdDev":{"confidence_interval":{"confidence_level":0.95,"lower_bound":152.5419372479505,"upper_bound":290.62736870619335},"point_estimate":247.72491318961298,"standard_error":35.429352728815836}}