{"Mean":{"confidence_interval":{"confidence_level":0.95,"lower_bound":51242.43419456374,"upper_bound":54279.32771448663},"point_estimate":52826.12931861563,"standard_error":778.9702667342962},"Median":{"confidence_interval":{"confidence_level":0.95,"lower_bound":50447.321202531646,"upper_bound":54909.05158227848},"point_estimate":53741.42433192686,"standard_error":1165.8666038971255},"MedianAbsDev":{"confidence_interval":{"confidence_level":0.95,"lower_bound":224.8820177533338,"upper_bound":4346.190213346025},"point_estimate":2690.4521209058107,"standard_error":1033.989347961075},"Slope":{"confidence_interval":{"confidence_level":0.95,"lower_bound":53569.71044151259,"upper_bound":54883.32998535262},"point_estimate":54327.93593621568,"standard_error":329.4782619894311},"StdDev":{"confidence_interval":{"confidence_level":0.95,"lower_bound":1341.8916267025443,"upper_bound":3152.499025394466},"point_estimate":2593.733009296054,"standard_error":452.8585602679087}}