{"Mean":{"confidence_interval":{"confidence_level":0.95,"lower_bound":10299342.874000002,"upper_bound":10611508.610833332},"point_estimate":10451230.144119047,"standard_error":80140.78686787585},"Median":{"confidence_interval":{"confidence_level":0.95,"lower_bound":10232858.575,"upper_bound":10778579.475},"point_estimate":10397221.76,"standard_error":117466.78501402456},"MedianAbsDev":{"confidence_interval":{"confidence_level":0.95,"lower_bound":35758.120823666395,"upper_bound":481186.03135473974},"point_estimate":267820.8770912289,"standard_error":127632.9964471463},"Slope":{"confidence_interval":{"confidence_level":0.95,"lower_bound":10405525.89122807,"upper_bound":10761180.324342106},"point_estimate":10649278.99012987,"standard_error":85382.31363842907},"StdDev":{"confidence_interval":{"confidence_level":0.95,"lower_bound":143266.71238703222,"upper_bound":321384.3967688476},"point_estimate":266854.3552692779,"standard_error":42774.618388644674}}