{"Mean":{"confidence_interval":{"confidence_level":0.95,"lower_bound":75698.76414432211,"upper_bound":80190.42149786165},"point_estimate":78087.75851735339,"standard_error":1151.9288023432764},"Median":{"confidence_interval":{"confidence_level":0.95,"lower_bound":75887.06044905008,"upper_bound":81775.91249280369},"point_estimate":78913.96878855169,"standard_error":1397.2270683770741},"MedianAbsDev":{"confidence_interval":{"confidence_level":0.95,"lower_bound":374.9611094873237,"upper_bound":6334.684422562785},"point_estimate":4365.405942533101,"standard_error":1513.0573904776943},"Slope":{"confidence_interval":{"confidence_level":0.95,"lower_bound":78676.8596666988,"upper_bound":81560.38209004523},"point_estimate":80653.22840993204,"standard_error":741.5411397115724},"StdDev":{"confidence_interval":{"confidence_level":0.95,"lower_bound":1843.4266719883287,"upper_bound":5095.553081989103},"point_estimate":3849.670759505155,"standard_error":880.1042318250807}}