{"Mean":{"confidence_interval":{"confidence_level":0.95,"lower_bound":2467132.408316829,"upper_bound":2514280.903755321},"point_estimate":2490162.384882756,"standard_error":12058.873405865086},"Median":{"confidence_interval":{"confidence_level":0.95,"lower_bound":2453889.409090909,"upper_bound":2522986.0381313134},"point_estimate":2486882.016774892,"standard_error":20933.762782224807},"MedianAbsDev":{"confidence_interval":{"confidence_level":0.95,"lower_bound":8031.352163665112,"upper_bound":67866.1418378625},"point_estimate":45688.25146557591,"standard_error":15923.87622434603},"Slope":{"confidence_interval":{"confidence_level":0.95,"lower_bound":2488362.5469448585,"upper_bound":2524487.7537361095},"point_estimate":2509837.9708382525,"standard_error":9155.803104236804},"StdDev":{"confidence_interval":{"confidence_level":0.95,"lower_bound":25193.861709970977,"upper_bound":49073.93566754776},"point_estimate":40245.37570770846,"standard_error":6258.778226923138}}