{"Mean":{"confidence_interval":{"confidence_level":0.95,"lower_bound":6229376.381238096,"upper_bound":6276589.152063493},"point_estimate":6249345.324044974,"standard_error":12377.618592558245},"Median":{"confidence_interval":{"confidence_level":0.95,"lower_bound":6221758.833333334,"upper_bound":6260703.827777778},"point_estimate":6237112.335833333,"standard_error":10732.155304090902},"MedianAbsDev":{"confidence_interval":{"confidence_level":0.95,"lower_bound":4020.21808862769,"upper_bound":45561.51190334355},"point_estimate":23095.09889648005,"standard_error":10890.248678491407},"Slope":{"confidence_interval":{"confidence_level":0.95,"lower_bound":6234019.368422332,"upper_bound":6258462.555903533},"point_estimate":6244187.857489177,"standard_error":6289.556276737888},"StdDev":{"confidence_interval":{"confidence_level":0.95,"lower_bound":11885.479396752015,"upper_bound":60197.5149343631},"point_estimate":41278.02369544591,"standard_error":14725.393024232802}}