{"Mean":{"confidence_interval":{"confidence_level":0.95,"lower_bound":1132672.7222355553,"upper_bound":1216909.9667716664},"point_estimate":1170037.8591814814,"standard_error":21715.414027375147},"Median":{"confidence_interval":{"confidence_level":0.95,"lower_bound":1121593.9066666667,"upper_bound":1215169.4266666668},"point_estimate":1135628.0425,"standard_error":25287.9860551309},"MedianAbsDev":{"confidence_interval":{"confidence_level":0.95,"lower_bound":3786.8321427703136,"upper_bound":109434.70732424554},"point_estimate":35488.20361445842,"standard_error":27293.97987830525},"Slope":{"confidence_interval":{"confidence_level":0.95,"lower_bound":1148341.9977297632,"upper_bound":1271097.745353319},"point_estimate":1215522.9995844157,"standard_error":31327.97834400091},"StdDev":{"confidence_interval":{"confidence_level":0.95,"lower_bound":22693.21952708521,"upper_bound":99795.06375252482},"point_estimate":72106.81851860796,"standard_error":20755.4460478534}}