{"Mean":{"confidence_interval":{"confidence_level":0.95,"lower_bound":60940.52908295448,"upper_bound":62590.58056595776},"point_estimate":61779.93721819832,"standard_error":422.6635962618507},"Median":{"confidence_interval":{"confidence_level":0.95,"lower_bound":60225.21467098166,"upper_bound":62832.11496164449},"point_estimate":62336.25310525505,"standard_error":830.2117085042776},"MedianAbsDev":{"confidence_interval":{"confidence_level":0.95,"lower_bound":201.2743640282537,"upper_bound":2100.563476299773},"point_estimate":1514.0463123579914,"standard_error":608.4594003257312},"Slope":{"confidence_interval":{"confidence_level":0.95,"lower_bound":62033.51718159027,"upper_bound":63251.25798641757},"point_estimate":62796.797929362976,"standard_error":314.89719155379913},"StdDev":{"confidence_interval":{"confidence_level":0.95,"lower_bound":912.8613430281631,"upper_bound":1638.970861743341},"point_estimate":1409.88346595335,"standard_error":184.32605683668444}}