{"Mean":{"confidence_interval":{"confidence_level":0.95,"lower_bound":24177.568176679903,"upper_bound":24281.712473251602},"point_estimate":24228.142687145904,"standard_error":26.64928812588853},"Median":{"confidence_interval":{"confidence_level":0.95,"lower_bound":24155.349818891056,"upper_bound":24286.009752020058},"point_estimate":24224.745524519363,"standard_error":31.877390094906},"MedianAbsDev":{"confidence_interval":{"confidence_level":0.95,"lower_bound":13.36669318913748,"upper_bound":161.47709316274623},"point_estimate":87.48203902921871,"standard_error":35.12017456318742},"Slope":{"confidence_interval":{"confidence_level":0.95,"lower_bound":24215.514050120368,"upper_bound":24341.923932381105},"point_estimate":24284.16705735056,"standard_error":33.78349776445224},"StdDev":{"confidence_interval":{"confidence_level":0.95,"lower_bound":47.927475865998716,"upper_bound":116.44850620880936},"point_estimate":88.91078716168832,"standard_error":18.03855416194855}}