{"Mean":{"confidence_interval":{"confidence_level":0.95,"lower_bound":578.4927967542674,"upper_bound":583.4091521333545},"point_estimate":580.7397450819533,"standard_error":1.266488405923982},"Median":{"confidence_interval":{"confidence_level":0.95,"lower_bound":577.3783556194129,"upper_bound":583.2914672602305},"point_estimate":579.7198915779779,"standard_error":1.6745241706102003},"MedianAbsDev":{"confidence_interval":{"confidence_level":0.95,"lower_bound":0.492289186860301,"upper_bound":6.73799842928511},"point_estimate":3.7272830716917382,"standard_error":1.7007512128614133},"Slope":{"confidence_interval":{"confidence_level":0.95,"lower_bound":578.473979846663,"upper_bound":586.5798832637045},"point_estimate":582.583314595957,"standard_error":2.2047271172868337},"StdDev":{"confidence_interval":{"confidence_level":0.95,"lower_bound":1.8600598117146885,"upper_bound":5.646670330858646},"point_estimate":4.218376765772423,"standard_error":1.0447327816729652}}