{"Mean":{"confidence_interval":{"confidence_level":0.95,"lower_bound":80509.43648015872,"upper_bound":83699.99305511464},"point_estimate":82213.50514991181,"standard_error":819.9013590791138},"Median":{"confidence_interval":{"confidence_level":0.95,"lower_bound":80556.22222222222,"upper_bound":84339.19841269842},"point_estimate":82792.82777777777,"standard_error":1162.8663980849688},"MedianAbsDev":{"confidence_interval":{"confidence_level":0.95,"lower_bound":181.9502513993792,"upper_bound":4421.648504833378},"point_estimate":2339.8033247564995,"standard_error":1165.476791995174},"Slope":{"confidence_interval":{"confidence_level":0.95,"lower_bound":82200.47042278064,"upper_bound":83975.58197530864},"point_estimate":83423.25425685426,"standard_error":450.0678705020428},"StdDev":{"confidence_interval":{"confidence_level":0.95,"lower_bound":1306.7383949226603,"upper_bound":3585.76734564821},"point_estimate":2742.563945232932,"standard_error":610.3308317766343}}