{"Mean":{"confidence_interval":{"confidence_level":0.95,"lower_bound":13772.606597600872,"upper_bound":14041.03778466921},"point_estimate":13903.744227402156,"standard_error":68.71493499578399},"Median":{"confidence_interval":{"confidence_level":0.95,"lower_bound":13680.905772900764,"upper_bound":14102.880319656488},"point_estimate":13872.775388495093,"standard_error":101.76151683898568},"MedianAbsDev":{"confidence_interval":{"confidence_level":0.95,"lower_bound":41.07465654654357,"upper_bound":409.26520334954745},"point_estimate":294.6080152928811,"standard_error":92.36749032653128},"Slope":{"confidence_interval":{"confidence_level":0.95,"lower_bound":13881.415130023435,"upper_bound":14149.674213437387},"point_estimate":14038.884943491623,"standard_error":69.40807572120737},"StdDev":{"confidence_interval":{"confidence_level":0.95,"lower_bound":132.12591962182583,"upper_bound":275.79293492044894},"point_estimate":228.40183940763956,"standard_error":36.214957388932135}}