{"Mean":{"confidence_interval":{"confidence_level":0.95,"lower_bound":367594.88137986243,"upper_bound":371172.22945602564},"point_estimate":369102.5723315621,"standard_error":938.6747306815627},"Median":{"confidence_interval":{"confidence_level":0.95,"lower_bound":367226.1247019552,"upper_bound":369904.9218271},"point_estimate":368651.59034334763,"standard_error":682.8291527752234},"MedianAbsDev":{"confidence_interval":{"confidence_level":0.95,"lower_bound":200.6231377257818,"upper_bound":3258.9334389234655},"point_estimate":1949.3289675598369,"standard_error":866.6202998526389},"Slope":{"confidence_interval":{"confidence_level":0.95,"lower_bound":367545.77150139626,"upper_bound":371677.5238726636},"point_estimate":369114.2895490775,"standard_error":1048.650050556573},"StdDev":{"confidence_interval":{"confidence_level":0.95,"lower_bound":856.5476747548294,"upper_bound":4595.534240314703},"point_estimate":3128.831138214895,"standard_error":1142.539110742085}}