{"Mean":{"confidence_interval":{"confidence_level":0.95,"lower_bound":12849.527337367626,"upper_bound":13161.42951588502},"point_estimate":12970.865192349254,"standard_error":85.94116311557369},"Median":{"confidence_interval":{"confidence_level":0.95,"lower_bound":12854.268816187594,"upper_bound":12956.98023827534},"point_estimate":12889.481218932353,"standard_error":34.98073558640783},"MedianAbsDev":{"confidence_interval":{"confidence_level":0.95,"lower_bound":6.010698047601934,"upper_bound":184.1826265145225},"point_estimate":53.876636059383365,"standard_error":47.337862738299144},"Slope":{"confidence_interval":{"confidence_level":0.95,"lower_bound":12882.464089164425,"upper_bound":12968.017032528249},"point_estimate":12932.808690099613,"standard_error":22.12075238424696},"StdDev":{"confidence_interval":{"confidence_level":0.95,"lower_bound":41.154037062371316,"upper_bound":436.1715395252491},"point_estimate":285.7095761329879,"standard_error":131.45728411892912}}