{"Mean":{"confidence_interval":{"confidence_level":0.95,"lower_bound":38547.70214329242,"upper_bound":39208.762664879316},"point_estimate":38863.92226696483,"standard_error":169.6474563626406},"Median":{"confidence_interval":{"confidence_level":0.95,"lower_bound":38357.20882084095,"upper_bound":39450.11410725168},"point_estimate":38717.58930530165,"standard_error":278.7214031329771},"MedianAbsDev":{"confidence_interval":{"confidence_level":0.95,"lower_bound":66.91692620228795,"upper_bound":916.5939498698098},"point_estimate":568.4050266089802,"standard_error":228.37406271752945},"Slope":{"confidence_interval":{"confidence_level":0.95,"lower_bound":38575.08626197758,"upper_bound":39422.550021989584},"point_estimate":39024.61026852489,"standard_error":215.22767285685225},"StdDev":{"confidence_interval":{"confidence_level":0.95,"lower_bound":315.3985622747442,"upper_bound":690.9551578260358},"point_estimate":566.2236903137119,"standard_error":95.55647440586309}}