{"Mean":{"confidence_interval":{"confidence_level":0.95,"lower_bound":6439.137062333788,"upper_bound":6732.089797230735},"point_estimate":6581.939965865602,"standard_error":75.17921705890649},"Median":{"confidence_interval":{"confidence_level":0.95,"lower_bound":6359.561952714536,"upper_bound":6838.692808669002},"point_estimate":6504.549012453785,"standard_error":139.24026066917244},"MedianAbsDev":{"confidence_interval":{"confidence_level":0.95,"lower_bound":50.472229664359425,"upper_bound":415.6803433426153},"point_estimate":299.08313428449117,"standard_error":96.57032297060145},"Slope":{"confidence_interval":{"confidence_level":0.95,"lower_bound":6571.895128399769,"upper_bound":6854.792923536635},"point_estimate":6760.7311597334365,"standard_error":71.60632853634081},"StdDev":{"confidence_interval":{"confidence_level":0.95,"lower_bound":159.92964932619637,"upper_bound":288.7543558605243},"point_estimate":251.32601152611065,"standard_error":32.9828039020596}}