{"Mean":{"confidence_interval":{"confidence_level":0.95,"lower_bound":698.8591332727848,"upper_bound":719.1389906752865},"point_estimate":709.4410465258068,"standard_error":5.225588965015113},"Median":{"confidence_interval":{"confidence_level":0.95,"lower_bound":695.2010949227374,"upper_bound":722.8096664774519},"point_estimate":714.264769977925,"standard_error":6.774819988409065},"MedianAbsDev":{"confidence_interval":{"confidence_level":0.95,"lower_bound":3.32275499690332,"upper_bound":29.448543555594316},"point_estimate":14.65952219678335,"standard_error":7.051373539666697},"Slope":{"confidence_interval":{"confidence_level":0.95,"lower_bound":713.6276909112513,"upper_bound":725.4827217279961},"point_estimate":721.2579408617872,"standard_error":3.021980355476199},"StdDev":{"confidence_interval":{"confidence_level":0.95,"lower_bound":8.108696867367392,"upper_bound":21.39501603519638},"point_estimate":17.390184050028935,"standard_error":3.228385485505725}}