{"Mean":{"confidence_interval":{"confidence_level":0.95,"lower_bound":244875.01809871313,"upper_bound":248038.47845788777},"point_estimate":246326.28103701468,"standard_error":811.7260307642439},"Median":{"confidence_interval":{"confidence_level":0.95,"lower_bound":244533.02683615818,"upper_bound":248537.37711864407},"point_estimate":245380.63831214688,"standard_error":962.5123916911717},"MedianAbsDev":{"confidence_interval":{"confidence_level":0.95,"lower_bound":162.17798605670262,"upper_bound":4070.4553126502237},"point_estimate":1411.4323828516583,"standard_error":1011.6699818943194},"Slope":{"confidence_interval":{"confidence_level":0.95,"lower_bound":244033.5907017902,"upper_bound":247922.83884091958},"point_estimate":245399.94061926773,"standard_error":1024.3195050930585},"StdDev":{"confidence_interval":{"confidence_level":0.95,"lower_bound":942.8532469248687,"upper_bound":3420.7812148409985},"point_estimate":2705.2857149828064,"standard_error":637.8467390557907}}