{"Mean":{"confidence_interval":{"confidence_level":0.95,"lower_bound":1403.6143586566345,"upper_bound":1445.9444834155163},"point_estimate":1423.143197270801,"standard_error":10.93339918021393},"Median":{"confidence_interval":{"confidence_level":0.95,"lower_bound":1399.466118215148,"upper_bound":1450.9787475036514},"point_estimate":1409.1581721618272,"standard_error":13.128042972991071},"MedianAbsDev":{"confidence_interval":{"confidence_level":0.95,"lower_bound":3.3080420766548397,"upper_bound":55.659567152624085},"point_estimate":15.27274375103105,"standard_error":14.943132406867356},"Slope":{"confidence_interval":{"confidence_level":0.95,"lower_bound":1406.4665151189902,"upper_bound":1448.5638027893594},"point_estimate":1425.709237235089,"standard_error":11.168007703635956},"StdDev":{"confidence_interval":{"confidence_level":0.95,"lower_bound":13.431160279858226,"upper_bound":46.37238872687789},"point_estimate":36.45389554359195,"standard_error":8.060539251915452}}