{"Mean":{"confidence_interval":{"confidence_level":0.95,"lower_bound":405350.4272464954,"upper_bound":407745.33609412547},"point_estimate":406435.51455644565,"standard_error":616.4002190533885},"Median":{"confidence_interval":{"confidence_level":0.95,"lower_bound":405242.4801401869,"upper_bound":407554.8929127726},"point_estimate":405640.5245327103,"standard_error":599.1570246348816},"MedianAbsDev":{"confidence_interval":{"confidence_level":0.95,"lower_bound":192.55767516401534,"upper_bound":2946.3338626921523},"point_estimate":879.5166395256568,"standard_error":771.7708678046814},"Slope":{"confidence_interval":{"confidence_level":0.95,"lower_bound":404786.2673376468,"upper_bound":408216.1540721601},"point_estimate":406003.7637941498,"standard_error":891.2091541953688},"StdDev":{"confidence_interval":{"confidence_level":0.95,"lower_bound":660.0382041497994,"upper_bound":2740.928810416762},"point_estimate":2054.7880069929115,"standard_error":542.5968510849484}}