{"Mean":{"confidence_interval":{"confidence_level":0.95,"lower_bound":109221.67101656823,"upper_bound":110873.23662292212},"point_estimate":110034.97265055407,"standard_error":423.076203230885},"Median":{"confidence_interval":{"confidence_level":0.95,"lower_bound":108875.53346456692,"upper_bound":111414.16404199475},"point_estimate":109891.07414698163,"standard_error":585.1534534905909},"MedianAbsDev":{"confidence_interval":{"confidence_level":0.95,"lower_bound":372.84782141212406,"upper_bound":2456.324453911216},"point_estimate":1692.2440849960283,"standard_error":569.6864442693438},"Slope":{"confidence_interval":{"confidence_level":0.95,"lower_bound":109787.07238448638,"upper_bound":111579.13775596599},"point_estimate":110871.94427514743,"standard_error":455.7565927395844},"StdDev":{"confidence_interval":{"confidence_level":0.95,"lower_bound":821.8175378120065,"upper_bound":1748.2261525732843},"point_estimate":1414.0149505878899,"standard_error":236.97896243823635}}