{"Mean":{"confidence_interval":{"confidence_level":0.95,"lower_bound":688196.7945890455,"upper_bound":696391.206077009},"point_estimate":692167.7564784846,"standard_error":2098.060210972987},"Median":{"confidence_interval":{"confidence_level":0.95,"lower_bound":687423.488219246,"upper_bound":699052.1484375},"point_estimate":688305.8134114584,"standard_error":3835.528172777595},"MedianAbsDev":{"confidence_interval":{"confidence_level":0.95,"lower_bound":358.9723951113813,"upper_bound":9840.978846576763},"point_estimate":4745.499496505862,"standard_error":3214.8558272380606},"Slope":{"confidence_interval":{"confidence_level":0.95,"lower_bound":687355.1559738005,"upper_bound":693092.1545990566},"point_estimate":689433.202049513,"standard_error":1550.9474056379659},"StdDev":{"confidence_interval":{"confidence_level":0.95,"lower_bound":4076.861119459489,"upper_bound":8336.64563806558},"point_estimate":6999.925895456641,"standard_error":1064.4243960183924}}