{"Mean":{"confidence_interval":{"confidence_level":0.95,"lower_bound":26601754.78651786,"upper_bound":26738631.40283482},"point_estimate":26661497.01232143,"standard_error":35653.65336090944},"Median":{"confidence_interval":{"confidence_level":0.95,"lower_bound":26585981.5,"upper_bound":26735580.975},"point_estimate":26612892.08035714,"standard_error":35268.19219118988},"MedianAbsDev":{"confidence_interval":{"confidence_level":0.95,"lower_bound":9054.635164249275,"upper_bound":172745.350380658},"point_estimate":48334.14907939732,"standard_error":39020.88814635509},"Slope":{"confidence_interval":{"confidence_level":0.95,"lower_bound":26594895.595604397,"upper_bound":26808580.63857678},"point_estimate":26698039.116883118,"standard_error":54749.8055868291},"StdDev":{"confidence_interval":{"confidence_level":0.95,"lower_bound":28434.800109947362,"upper_bound":168498.83036082878},"point_estimate":119056.519355659,"standard_error":37632.12078243314}}