{"Mean":{"confidence_interval":{"confidence_level":0.95,"lower_bound":31664.068069205277,"upper_bound":32071.01560342297},"point_estimate":31871.158342985076,"standard_error":103.9779582505326},"Median":{"confidence_interval":{"confidence_level":0.95,"lower_bound":31478.16173323823,"upper_bound":32135.31455064194},"point_estimate":31907.102587573307,"standard_error":147.43571408787489},"MedianAbsDev":{"confidence_interval":{"confidence_level":0.95,"lower_bound":22.97927231671467,"upper_bound":636.0261989531323},"point_estimate":376.9531817861083,"standard_error":157.5507859760893},"Slope":{"confidence_interval":{"confidence_level":0.95,"lower_bound":31828.948075606277,"upper_bound":32136.196546321607},"point_estimate":32007.29990088371,"standard_error":78.56650852094107},"StdDev":{"confidence_interval":{"confidence_level":0.95,"lower_bound":196.09687719839263,"upper_bound":424.6431802424183},"point_estimate":347.5414744212614,"standard_error":57.174488055598346}}