{"Mean":{"confidence_interval":{"confidence_level":0.95,"lower_bound":1510.032714241057,"upper_bound":1576.6629040983842},"point_estimate":1536.3690352725148,"standard_error":18.139128779971106},"Median":{"confidence_interval":{"confidence_level":0.95,"lower_bound":1507.8793417231363,"upper_bound":1534.2267177584167},"point_estimate":1525.2540390333288,"standard_error":7.423118101994181},"MedianAbsDev":{"confidence_interval":{"confidence_level":0.95,"lower_bound":2.6767866504445115,"upper_bound":40.29035908867235},"point_estimate":15.119806335958343,"standard_error":10.468922292077442},"Slope":{"confidence_interval":{"confidence_level":0.95,"lower_bound":1521.023860272044,"upper_bound":1533.3320051611277},"point_estimate":1528.1992525867163,"standard_error":3.11264667853413},"StdDev":{"confidence_interval":{"confidence_level":0.95,"lower_bound":10.020483273561611,"upper_bound":92.2063314039717},"point_estimate":60.47038476531884,"standard_error":27.083656069584087}}