{"Mean":{"confidence_interval":{"confidence_level":0.95,"lower_bound":3392535.9230740075,"upper_bound":3427168.3791763894},"point_estimate":3408968.886126984,"standard_error":8880.52420756684},"Median":{"confidence_interval":{"confidence_level":0.95,"lower_bound":3386827.49,"upper_bound":3439765.738888889},"point_estimate":3394482.217857143,"standard_error":14367.678755807145},"MedianAbsDev":{"confidence_interval":{"confidence_level":0.95,"lower_bound":3568.904066639159,"upper_bound":46814.88523203671},"point_estimate":21803.255353914978,"standard_error":12337.99683001253},"Slope":{"confidence_interval":{"confidence_level":0.95,"lower_bound":3402083.9529577466,"upper_bound":3446263.880840336},"point_estimate":3430475.375844156,"standard_error":11275.402414630027},"StdDev":{"confidence_interval":{"confidence_level":0.95,"lower_bound":15294.301308025215,"upper_bound":35635.78373683932},"point_estimate":29731.803563572463,"standard_error":5099.877990076277}}