{"Mean":{"confidence_interval":{"confidence_level":0.95,"lower_bound":285.73041792348255,"upper_bound":297.08895435864963},"point_estimate":292.3412089918576,"standard_error":2.981229295348625},"Median":{"confidence_interval":{"confidence_level":0.95,"lower_bound":290.9028886128916,"upper_bound":298.98664327827663},"point_estimate":294.04928074582483,"standard_error":2.10302178522481},"MedianAbsDev":{"confidence_interval":{"confidence_level":0.95,"lower_bound":1.327087461449986,"upper_bound":9.875759991624795},"point_estimate":5.883996175778889,"standard_error":2.2161873306215445},"Slope":{"confidence_interval":{"confidence_level":0.95,"lower_bound":290.79715101376024,"upper_bound":295.6976980001185},"point_estimate":292.65539430376475,"standard_error":1.2582647055492882},"StdDev":{"confidence_interval":{"confidence_level":0.95,"lower_bound":2.904434636024461,"upper_bound":14.77178559477027},"point_estimate":9.952149680183465,"standard_error":3.7775298275416613}}