{"Mean":{"confidence_interval":{"confidence_level":0.95,"lower_bound":877.2679276526738,"upper_bound":886.4748011745652},"point_estimate":882.119498454829,"standard_error":2.360655295925184},"Median":{"confidence_interval":{"confidence_level":0.95,"lower_bound":875.7093538519459,"upper_bound":887.4881101855774},"point_estimate":884.2593533813356,"standard_error":2.993504289095138},"MedianAbsDev":{"confidence_interval":{"confidence_level":0.95,"lower_bound":0.5826737440438745,"upper_bound":12.996339568647583},"point_estimate":4.95329576254855,"standard_error":3.159520388283356},"Slope":{"confidence_interval":{"confidence_level":0.95,"lower_bound":880.8129300739494,"upper_bound":888.6859598010769},"point_estimate":885.8478885056776,"standard_error":1.9916169285487373},"StdDev":{"confidence_interval":{"confidence_level":0.95,"lower_bound":3.354632088497135,"upper_bound":9.920024524929763},"point_estimate":7.871120099662935,"standard_error":1.6428918498177243}}