{"Mean":{"confidence_interval":{"confidence_level":0.95,"lower_bound":5924870.103392746,"upper_bound":6090094.554021164},"point_estimate":6003520.89920194,"standard_error":42351.64034944862},"Median":{"confidence_interval":{"confidence_level":0.95,"lower_bound":5891881.794444445,"upper_bound":6081124.33968254},"point_estimate":5981419.152777778,"standard_error":41236.54240683287},"MedianAbsDev":{"confidence_interval":{"confidence_level":0.95,"lower_bound":19576.50630429923,"upper_bound":231145.5902130124},"point_estimate":95226.07706995444,"standard_error":60388.716455706315},"Slope":{"confidence_interval":{"confidence_level":0.95,"lower_bound":5957784.133143333,"upper_bound":6165983.811550217},"point_estimate":6045023.086868687,"standard_error":54588.35225420869},"StdDev":{"confidence_interval":{"confidence_level":0.95,"lower_bound":65615.55601050983,"upper_bound":188069.27238032653},"point_estimate":141193.02053749032,"standard_error":32751.331912937872}}