{"Mean":{"confidence_interval":{"confidence_level":0.95,"lower_bound":1094.0460648622534,"upper_bound":1151.5926732337682},"point_estimate":1124.2450813929731,"standard_error":14.754387330321363},"Median":{"confidence_interval":{"confidence_level":0.95,"lower_bound":1073.1688600594607,"upper_bound":1162.1704096907272},"point_estimate":1137.6223223629045,"standard_error":20.696811607588693},"MedianAbsDev":{"confidence_interval":{"confidence_level":0.95,"lower_bound":3.088280907770252,"upper_bound":78.55892408815853},"point_estimate":44.1893979553718,"standard_error":19.35990947063043},"Slope":{"confidence_interval":{"confidence_level":0.95,"lower_bound":1130.6537757298872,"upper_bound":1165.8339162916552},"point_estimate":1153.9388845462943,"standard_error":8.963978246438042},"StdDev":{"confidence_interval":{"confidence_level":0.95,"lower_bound":18.94374275292067,"upper_bound":58.690670423821324},"point_estimate":49.24791162092916,"standard_error":8.757026060550032}}