{"Mean":{"confidence_interval":{"confidence_level":0.95,"lower_bound":1171.6893739534332,"upper_bound":1206.7215197385524},"point_estimate":1188.3294519512153,"standard_error":8.915310665953276},"Median":{"confidence_interval":{"confidence_level":0.95,"lower_bound":1174.6090523566356,"upper_bound":1202.0330322239831},"point_estimate":1185.4032047895757,"standard_error":6.895959579118627},"MedianAbsDev":{"confidence_interval":{"confidence_level":0.95,"lower_bound":2.426090978675112,"upper_bound":46.806264001299624},"point_estimate":16.058605133550575,"standard_error":10.223829952717868},"Slope":{"confidence_interval":{"confidence_level":0.95,"lower_bound":1172.6287878919452,"upper_bound":1186.9948787932149},"point_estimate":1178.6815048606966,"standard_error":3.6240376910857734},"StdDev":{"confidence_interval":{"confidence_level":0.95,"lower_bound":9.801000607196066,"upper_bound":42.00674250197571},"point_estimate":29.801403131860027,"standard_error":8.546687925746328}}