{"Mean":{"confidence_interval":{"confidence_level":0.95,"lower_bound":689559.022923588,"upper_bound":699354.544476052},"point_estimate":693909.7957710411,"standard_error":2519.351903157163},"Median":{"confidence_interval":{"confidence_level":0.95,"lower_bound":688450.9631782945,"upper_bound":699449.2533222592},"point_estimate":690931.8117732558,"standard_error":2473.8465991699463},"MedianAbsDev":{"confidence_interval":{"confidence_level":0.95,"lower_bound":928.40927537799,"upper_bound":11666.25595160348},"point_estimate":4000.858881441511,"standard_error":2529.1193120879407},"Slope":{"confidence_interval":{"confidence_level":0.95,"lower_bound":689245.5831233499,"upper_bound":691692.5382913311},"point_estimate":690426.6654787073,"standard_error":623.6720193453946},"StdDev":{"confidence_interval":{"confidence_level":0.95,"lower_bound":1928.014208262534,"upper_bound":10711.141641019349},"point_estimate":8360.936490969541,"standard_error":2296.136636876867}}