{"Mean":{"confidence_interval":{"confidence_level":0.95,"lower_bound":253765.27444327046,"upper_bound":256280.74508368553},"point_estimate":254959.89786864846,"standard_error":645.0548118043027},"Median":{"confidence_interval":{"confidence_level":0.95,"lower_bound":253278.0199704142,"upper_bound":256101.7819526627},"point_estimate":254736.2551775148,"standard_error":657.3436848483549},"MedianAbsDev":{"confidence_interval":{"confidence_level":0.95,"lower_bound":379.4767269315843,"upper_bound":3515.3890447885797},"point_estimate":2016.1037204939848,"standard_error":787.6893285096957},"Slope":{"confidence_interval":{"confidence_level":0.95,"lower_bound":252881.8891944594,"upper_bound":255449.53374333036},"point_estimate":253810.377084454,"standard_error":647.5546377408308},"StdDev":{"confidence_interval":{"confidence_level":0.95,"lower_bound":1007.4221921205386,"upper_bound":2907.445463805787},"point_estimate":2164.4513511376463,"standard_error":508.6040630669525}}