{"Mean":{"confidence_interval":{"confidence_level":0.95,"lower_bound":5151.968940688377,"upper_bound":5269.451713378406},"point_estimate":5211.448893890421,"standard_error":30.21333184425002},"Median":{"confidence_interval":{"confidence_level":0.95,"lower_bound":5114.1680961315105,"upper_bound":5303.7215564149365},"point_estimate":5208.629626775663,"standard_error":46.571303920378874},"MedianAbsDev":{"confidence_interval":{"confidence_level":0.95,"lower_bound":20.820570460567218,"upper_bound":180.88585073674903},"point_estimate":114.25845332412695,"standard_error":40.799514208090265},"Slope":{"confidence_interval":{"confidence_level":0.95,"lower_bound":5225.54471265027,"upper_bound":5317.649790555154},"point_estimate":5287.897912366379,"standard_error":23.484749161958845},"StdDev":{"confidence_interval":{"confidence_level":0.95,"lower_bound":60.60267511642433,"upper_bound":122.43380981019594},"point_estimate":100.85339096154945,"standard_error":15.81329491355483}}