{"Mean":{"confidence_interval":{"confidence_level":0.95,"lower_bound":2872855.5850450266,"upper_bound":2889918.2976908605},"point_estimate":2881062.70016513,"standard_error":4371.740780797944},"Median":{"confidence_interval":{"confidence_level":0.95,"lower_bound":2873925.8322580643,"upper_bound":2890622.379032258},"point_estimate":2878128.195564516,"standard_error":3675.3745335553826},"MedianAbsDev":{"confidence_interval":{"confidence_level":0.95,"lower_bound":1758.5787849081626,"upper_bound":25809.872529283395},"point_estimate":7123.789051672566,"standard_error":6323.619816533777},"Slope":{"confidence_interval":{"confidence_level":0.95,"lower_bound":2864846.434486725,"upper_bound":2890532.3718856545},"point_estimate":2875449.205613741,"standard_error":6569.0478143901355},"StdDev":{"confidence_interval":{"confidence_level":0.95,"lower_bound":4626.121438746849,"upper_bound":19258.70606687267},"point_estimate":14521.273252154378,"standard_error":3451.227964661685}}