{"Mean":{"confidence_interval":{"confidence_level":0.95,"lower_bound":1921331.2709891603,"upper_bound":1925923.9442118665},"point_estimate":1923956.5930642665,"standard_error":1193.4574554375067},"Median":{"confidence_interval":{"confidence_level":0.95,"lower_bound":1922860.5152439023,"upper_bound":1926622.7399728997},"point_estimate":1924922.5296167247,"standard_error":1111.4469935872733},"MedianAbsDev":{"confidence_interval":{"confidence_level":0.95,"lower_bound":545.8204717732986,"upper_bound":4835.59615732173},"point_estimate":2591.05680375567,"standard_error":1006.5325261934389},"Slope":{"confidence_interval":{"confidence_level":0.95,"lower_bound":1924279.6189484005,"upper_bound":1926840.7705093306},"point_estimate":1925938.4532150775,"standard_error":658.8982998757913},"StdDev":{"confidence_interval":{"confidence_level":0.95,"lower_bound":1383.6703574887845,"upper_bound":5775.230381516688},"point_estimate":3970.0293707690553,"standard_error":1365.1840656691315}}