{"Mean":{"confidence_interval":{"confidence_level":0.95,"lower_bound":9936.139193040442,"upper_bound":10209.334073543103},"point_estimate":10066.892565503815,"standard_error":70.08445602226172},"Median":{"confidence_interval":{"confidence_level":0.95,"lower_bound":9965.425402675402,"upper_bound":10208.450427050428},"point_estimate":10022.372342797342,"standard_error":45.900530091269474},"MedianAbsDev":{"confidence_interval":{"confidence_level":0.95,"lower_bound":5.748353374605001,"upper_bound":445.75796976844174},"point_estimate":60.99203903866152,"standard_error":111.84432874993853},"Slope":{"confidence_interval":{"confidence_level":0.95,"lower_bound":10014.810050615533,"upper_bound":10236.93166514327},"point_estimate":10089.89228969229,"standard_error":58.30750259313067},"StdDev":{"confidence_interval":{"confidence_level":0.95,"lower_bound":59.026040758311176,"upper_bound":317.6086611643028},"point_estimate":234.0758548104483,"standard_error":60.3086479026306}}