{"Mean":{"confidence_interval":{"confidence_level":0.95,"lower_bound":540865.3808849566,"upper_bound":546383.7173556727},"point_estimate":543444.0254685407,"standard_error":1418.4517364174671},"Median":{"confidence_interval":{"confidence_level":0.95,"lower_bound":539181.1746987952,"upper_bound":546769.2282463186},"point_estimate":542216.7843373495,"standard_error":2049.4399915869376},"MedianAbsDev":{"confidence_interval":{"confidence_level":0.95,"lower_bound":35.210856242420014,"upper_bound":7647.437552212782},"point_estimate":4508.999147178272,"standard_error":2072.5541416115916},"Slope":{"confidence_interval":{"confidence_level":0.95,"lower_bound":540536.6088865714,"upper_bound":548558.6405570334},"point_estimate":544315.0530746363,"standard_error":2062.9301550305813},"StdDev":{"confidence_interval":{"confidence_level":0.95,"lower_bound":2225.442257687209,"upper_bound":6010.988487371056},"point_estimate":4720.101727457551,"standard_error":982.7935665230233}}