{"Mean":{"confidence_interval":{"confidence_level":0.95,"lower_bound":49783.74211217065,"upper_bound":50281.970258586225},"point_estimate":50005.90148164807,"standard_error":128.76759567378102},"Median":{"confidence_interval":{"confidence_level":0.95,"lower_bound":49698.3838111231,"upper_bound":50268.860201511336},"point_estimate":49880.52253358522,"standard_error":135.03941903589677},"MedianAbsDev":{"confidence_interval":{"confidence_level":0.95,"lower_bound":70.84811239458416,"upper_bound":621.5041661953172},"point_estimate":319.34942536106246,"standard_error":144.31298348512755},"Slope":{"confidence_interval":{"confidence_level":0.95,"lower_bound":49834.93669200854,"upper_bound":50055.00768815269},"point_estimate":49929.952165047376,"standard_error":55.35948802393904},"StdDev":{"confidence_interval":{"confidence_level":0.95,"lower_bound":152.53109310592416,"upper_bound":599.2552264927191},"point_estimate":430.555437601536,"standard_error":125.0542182898866}}