{"Mean":{"confidence_interval":{"confidence_level":0.95,"lower_bound":10185.18306655778,"upper_bound":10468.879177544124},"point_estimate":10328.728979304802,"standard_error":72.62210612973303},"Median":{"confidence_interval":{"confidence_level":0.95,"lower_bound":10126.494028174766,"upper_bound":10477.589775872239},"point_estimate":10377.565615217096,"standard_error":82.8486824454273},"MedianAbsDev":{"confidence_interval":{"confidence_level":0.95,"lower_bound":21.76872933314165,"upper_bound":441.97320432674326},"point_estimate":183.2959541151802,"standard_error":120.81280599041665},"Slope":{"confidence_interval":{"confidence_level":0.95,"lower_bound":10316.94154531835,"upper_bound":10513.770092629173},"point_estimate":10412.596029654298,"standard_error":49.690003666666314},"StdDev":{"confidence_interval":{"confidence_level":0.95,"lower_bound":123.89871658214172,"upper_bound":307.7789218723893},"point_estimate":242.48860763580475,"standard_error":45.52157680206834}}