{"Mean":{"confidence_interval":{"confidence_level":0.95,"lower_bound":4160996.550183151,"upper_bound":4293568.172320054},"point_estimate":4229735.964157509,"standard_error":34025.414721083725},"Median":{"confidence_interval":{"confidence_level":0.95,"lower_bound":4122842.915384616,"upper_bound":4322313.2291208785},"point_estimate":4267527.583333333,"standard_error":52759.2260930791},"MedianAbsDev":{"confidence_interval":{"confidence_level":0.95,"lower_bound":22617.938309990062,"upper_bound":189066.2293995572},"point_estimate":120287.05947140056,"standard_error":43956.575597277355},"Slope":{"confidence_interval":{"confidence_level":0.95,"lower_bound":4222299.267374005,"upper_bound":4332041.232467922},"point_estimate":4293189.847752248,"standard_error":28055.48000017954},"StdDev":{"confidence_interval":{"confidence_level":0.95,"lower_bound":61011.03258547395,"upper_bound":135883.40861136728},"point_estimate":113485.22238977894,"standard_error":18768.02406396799}}