{"Mean":{"confidence_interval":{"confidence_level":0.95,"lower_bound":525552.0958741733,"upper_bound":600287.2806890905},"point_estimate":567150.9722792265,"standard_error":18906.858314274097},"Median":{"confidence_interval":{"confidence_level":0.95,"lower_bound":528573.5436507936,"upper_bound":602907.1063492063},"point_estimate":600815.0921957672,"standard_error":18374.017486793622},"MedianAbsDev":{"confidence_interval":{"confidence_level":0.95,"lower_bound":528.0520182442698,"upper_bound":90870.30562006292},"point_estimate":4933.380355146463,"standard_error":19677.807093360494},"Slope":{"confidence_interval":{"confidence_level":0.95,"lower_bound":590255.9397212461,"upper_bound":602624.6311442695},"point_estimate":599439.3605442176,"standard_error":3368.320270045914},"StdDev":{"confidence_interval":{"confidence_level":0.95,"lower_bound":3651.710417774332,"upper_bound":79584.25088068447},"point_estimate":63129.676360000805,"standard_error":18913.71740867968}}