{"Mean":{"confidence_interval":{"confidence_level":0.95,"lower_bound":404959.3516978515,"upper_bound":411363.551744198},"point_estimate":408156.89496673085,"standard_error":1641.640214246004},"Median":{"confidence_interval":{"confidence_level":0.95,"lower_bound":403651.2415824916,"upper_bound":412535.0441217733},"point_estimate":408763.16269841266,"standard_error":2257.621115206438},"MedianAbsDev":{"confidence_interval":{"confidence_level":0.95,"lower_bound":1446.9060881170085,"upper_bound":9284.777759236284},"point_estimate":6453.592185476256,"standard_error":2162.8899357625082},"Slope":{"confidence_interval":{"confidence_level":0.95,"lower_bound":407208.01022543677,"upper_bound":414501.70246195275},"point_estimate":411549.13654729107,"standard_error":1876.3650138846701},"StdDev":{"confidence_interval":{"confidence_level":0.95,"lower_bound":3132.951832268178,"upper_bound":6868.155664793049},"point_estimate":5461.703646762206,"standard_error":956.7538253825778}}