{"Mean":{"confidence_interval":{"confidence_level":0.95,"lower_bound":103626.35788636134,"upper_bound":104193.03430573248},"point_estimate":103891.93926943684,"standard_error":145.69032600217437},"Median":{"confidence_interval":{"confidence_level":0.95,"lower_bound":103488.74458598727,"upper_bound":104319.36738853503},"point_estimate":103777.10191082803,"standard_error":191.21525495973933},"MedianAbsDev":{"confidence_interval":{"confidence_level":0.95,"lower_bound":92.76448612381131,"upper_bound":768.679453295885},"point_estimate":439.7885946762738,"standard_error":185.10580366086054},"Slope":{"confidence_interval":{"confidence_level":0.95,"lower_bound":103609.09658385867,"upper_bound":104262.1488993662},"point_estimate":103962.94030275456,"standard_error":166.74734826330481},"StdDev":{"confidence_interval":{"confidence_level":0.95,"lower_bound":200.77925937635146,"upper_bound":623.3597131720251},"point_estimate":485.00782681554995,"standard_error":104.36564211441011}}