{"Mean":{"confidence_interval":{"confidence_level":0.95,"lower_bound":15040.741725467358,"upper_bound":15311.130761862547},"point_estimate":15171.644225268774,"standard_error":69.4409464318344},"Median":{"confidence_interval":{"confidence_level":0.95,"lower_bound":14986.812239671282,"upper_bound":15419.505274822695},"point_estimate":15128.081043144208,"standard_error":96.60562830619466},"MedianAbsDev":{"confidence_interval":{"confidence_level":0.95,"lower_bound":25.88004432777153,"upper_bound":377.53242929036725},"point_estimate":254.5541039684969,"standard_error":106.49790515296208},"Slope":{"confidence_interval":{"confidence_level":0.95,"lower_bound":14947.003770734123,"upper_bound":15226.810069319736},"point_estimate":15037.6928691167,"standard_error":71.85603534348986},"StdDev":{"confidence_interval":{"confidence_level":0.95,"lower_bound":116.8499566874151,"upper_bound":279.1836034595879},"point_estimate":231.67045970689568,"standard_error":38.291750849199644}}