{"Mean":{"confidence_interval":{"confidence_level":0.95,"lower_bound":28684.90999218052,"upper_bound":29518.69156284443},"point_estimate":29103.772953157582,"standard_error":214.10328745581174},"Median":{"confidence_interval":{"confidence_level":0.95,"lower_bound":28439.025915996426,"upper_bound":29748.24002085195},"point_estimate":29171.15397676497,"standard_error":337.1023804744596},"MedianAbsDev":{"confidence_interval":{"confidence_level":0.95,"lower_bound":210.1487196828759,"upper_bound":1166.5134353492274},"point_estimate":902.6009238594568,"standard_error":261.0695830211654},"Slope":{"confidence_interval":{"confidence_level":0.95,"lower_bound":29163.04440065056,"upper_bound":29892.553396699877},"point_estimate":29641.74544990309,"standard_error":185.5987048270874},"StdDev":{"confidence_interval":{"confidence_level":0.95,"lower_bound":435.636849792525,"upper_bound":874.8621037257471},"point_estimate":714.4824956203324,"standard_error":112.5312315053989}}