{"Mean":{"confidence_interval":{"confidence_level":0.95,"lower_bound":37401.51701752367,"upper_bound":37557.20134121139},"point_estimate":37477.721470967655,"standard_error":39.79413114014694},"Median":{"confidence_interval":{"confidence_level":0.95,"lower_bound":37381.062861651764,"upper_bound":37559.541155031184},"point_estimate":37478.69026827985,"standard_error":52.85132764432359},"MedianAbsDev":{"confidence_interval":{"confidence_level":0.95,"lower_bound":14.793893635304716,"upper_bound":229.6035908474426},"point_estimate":132.34222120121632,"standard_error":51.165828715941686},"Slope":{"confidence_interval":{"confidence_level":0.95,"lower_bound":37447.09475076913,"upper_bound":37549.81309134971},"point_estimate":37511.918226224065,"standard_error":26.345990309981193},"StdDev":{"confidence_interval":{"confidence_level":0.95,"lower_bound":67.28479003460436,"upper_bound":175.59112059273983},"point_estimate":132.14817247430153,"standard_error":28.552439730837964}}