{"Mean":{"confidence_interval":{"confidence_level":0.95,"lower_bound":6247.95956457881,"upper_bound":6280.05320524702},"point_estimate":6264.320910961547,"standard_error":8.23089625118919},"Median":{"confidence_interval":{"confidence_level":0.95,"lower_bound":6241.160972644377,"upper_bound":6286.450188449848},"point_estimate":6269.439739108409,"standard_error":11.066406442101972},"MedianAbsDev":{"confidence_interval":{"confidence_level":0.95,"lower_bound":5.2335312338340305,"upper_bound":46.33645984362524},"point_estimate":30.986627858387596,"standard_error":10.914528819915862},"Slope":{"confidence_interval":{"confidence_level":0.95,"lower_bound":6260.430959070749,"upper_bound":6292.389090513518},"point_estimate":6281.040171160147,"standard_error":8.081767296968454},"StdDev":{"confidence_interval":{"confidence_level":0.95,"lower_bound":15.220185512122846,"upper_bound":35.002887359693226},"point_estimate":27.441983274849846,"standard_error":5.082852275672625}}