{"Mean":{"confidence_interval":{"confidence_level":0.95,"lower_bound":682289.2875052411,"upper_bound":688254.3425187182},"point_estimate":685427.2555914945,"standard_error":1534.6348293862668},"Median":{"confidence_interval":{"confidence_level":0.95,"lower_bound":681541.641509434,"upper_bound":688835.027148847},"point_estimate":687070.0876010782,"standard_error":1801.5993823564072},"MedianAbsDev":{"confidence_interval":{"confidence_level":0.95,"lower_bound":561.741322731409,"upper_bound":8322.4938288498},"point_estimate":3867.1606215328734,"standard_error":2091.8223689049587},"Slope":{"confidence_interval":{"confidence_level":0.95,"lower_bound":686627.9561882924,"upper_bound":689417.2682810674},"point_estimate":688237.4837049743,"standard_error":721.0791461588519},"StdDev":{"confidence_interval":{"confidence_level":0.95,"lower_bound":2315.0697511258613,"upper_bound":6460.718965157985},"point_estimate":5127.274913526111,"standard_error":1030.551916309403}}