{"Mean":{"confidence_interval":{"confidence_level":0.95,"lower_bound":676268.416979592,"upper_bound":941347.2399574828},"point_estimate":806671.0901360543,"standard_error":68030.70571488806},"Median":{"confidence_interval":{"confidence_level":0.95,"lower_bound":575982.8482142857,"upper_bound":1020621.8357142857},"point_estimate":808212.9030612245,"standard_error":129246.4155259255},"MedianAbsDev":{"confidence_interval":{"confidence_level":0.95,"lower_bound":10964.91448658392,"upper_bound":380905.78052792774},"point_estimate":335204.7430587476,"standard_error":112819.23433017195},"Slope":{"confidence_interval":{"confidence_level":0.95,"lower_bound":797793.9280198714,"upper_bound":1063960.275593227},"point_estimate":966398.4927643784,"standard_error":67946.3867876961},"StdDev":{"confidence_interval":{"confidence_level":0.95,"lower_bound":143345.77374880883,"upper_bound":264905.99727213156},"point_estimate":228126.05116329115,"standard_error":30737.148208696937}}