{"Mean":{"confidence_interval":{"confidence_level":0.95,"lower_bound":1327.5154841343663,"upper_bound":1371.9191285281704},"point_estimate":1350.4285125041647,"standard_error":11.384655949054471},"Median":{"confidence_interval":{"confidence_level":0.95,"lower_bound":1320.4008715169653,"upper_bound":1381.169121810167},"point_estimate":1352.5251159326513,"standard_error":13.81123145605561},"MedianAbsDev":{"confidence_interval":{"confidence_level":0.95,"lower_bound":10.851704045625867,"upper_bound":68.99757478305565},"point_estimate":35.03710078280808,"standard_error":15.619718115222929},"Slope":{"confidence_interval":{"confidence_level":0.95,"lower_bound":1354.3220395287974,"upper_bound":1390.4055123755097},"point_estimate":1377.9841429973756,"standard_error":9.14616445223723},"StdDev":{"confidence_interval":{"confidence_level":0.95,"lower_bound":20.095358296358192,"upper_bound":47.843833591201964},"point_estimate":37.939157610484685,"standard_error":7.12977755968952}}