{"Mean":{"confidence_interval":{"confidence_level":0.95,"lower_bound":367.1081763235983,"upper_bound":373.7220016658858},"point_estimate":370.2927675959186,"standard_error":1.6899095092876395},"Median":{"confidence_interval":{"confidence_level":0.95,"lower_bound":365.77880680930815,"upper_bound":373.62499141027644},"point_estimate":370.5979176427716,"standard_error":1.8748148314811572},"MedianAbsDev":{"confidence_interval":{"confidence_level":0.95,"lower_bound":0.9779996312392462,"upper_bound":9.800565467110907},"point_estimate":4.6504385116909095,"standard_error":2.2329436382672614},"Slope":{"confidence_interval":{"confidence_level":0.95,"lower_bound":370.2980321212447,"upper_bound":376.68618751798937},"point_estimate":373.3992243895414,"standard_error":1.652732932590218},"StdDev":{"confidence_interval":{"confidence_level":0.95,"lower_bound":2.8371995145573874,"upper_bound":7.571430934988094},"point_estimate":5.641746476392972,"standard_error":1.2761708146224389}}