{"Mean":{"confidence_interval":{"confidence_level":0.95,"lower_bound":141.2630002821965,"upper_bound":147.48524468830334},"point_estimate":144.14290936750044,"standard_error":1.5975702923001462},"Median":{"confidence_interval":{"confidence_level":0.95,"lower_bound":140.49107303434732,"upper_bound":148.0669237263216},"point_estimate":142.23439660937368,"standard_error":1.8538976712440616},"MedianAbsDev":{"confidence_interval":{"confidence_level":0.95,"lower_bound":0.6158579418138262,"upper_bound":8.569475926921477},"point_estimate":3.2790933760635057,"standard_error":2.113269981195745},"Slope":{"confidence_interval":{"confidence_level":0.95,"lower_bound":139.64682744318515,"upper_bound":144.50813460867084},"point_estimate":141.57528660235926,"standard_error":1.2403047972107524},"StdDev":{"confidence_interval":{"confidence_level":0.95,"lower_bound":2.0880574461482917,"upper_bound":6.926474835904422},"point_estimate":5.332032726259226,"standard_error":1.2180237274756252}}