{"Mean":{"confidence_interval":{"confidence_level":0.95,"lower_bound":4618.559201789162,"upper_bound":4974.812440033073},"point_estimate":4800.387422027769,"standard_error":91.10959417246201},"Median":{"confidence_interval":{"confidence_level":0.95,"lower_bound":4482.67161476256,"upper_bound":5080.133709231857},"point_estimate":4893.921183184217,"standard_error":188.3233403880476},"MedianAbsDev":{"confidence_interval":{"confidence_level":0.95,"lower_bound":43.828692609129995,"upper_bound":469.2872044958268},"point_estimate":338.93820517271,"standard_error":127.61780810413603},"Slope":{"confidence_interval":{"confidence_level":0.95,"lower_bound":4777.6471191167075,"upper_bound":5074.876338630503},"point_estimate":4984.3202668460235,"standard_error":77.05445574196824},"StdDev":{"confidence_interval":{"confidence_level":0.95,"lower_bound":198.37968425979386,"upper_bound":341.0029422292374},"point_estimate":303.4655658397028,"standard_error":36.61443724809409}}