{"Mean":{"confidence_interval":{"confidence_level":0.95,"lower_bound":2804.9856919100193,"upper_bound":2853.3598588478026},"point_estimate":2831.0056278201264,"standard_error":12.472710016482788},"Median":{"confidence_interval":{"confidence_level":0.95,"lower_bound":2801.9522182824526,"upper_bound":2859.3620785510434},"point_estimate":2840.968639193981,"standard_error":12.286135015566161},"MedianAbsDev":{"confidence_interval":{"confidence_level":0.95,"lower_bound":6.469084865980487,"upper_bound":67.07847792223815},"point_estimate":26.908183916472762,"standard_error":15.439747704485322},"Slope":{"confidence_interval":{"confidence_level":0.95,"lower_bound":2834.8046623179694,"upper_bound":2857.6915045809806},"point_estimate":2847.1100765877727,"standard_error":5.792966617322111},"StdDev":{"confidence_interval":{"confidence_level":0.95,"lower_bound":15.539169411523039,"upper_bound":54.97198620086204},"point_estimate":41.56210745201435,"standard_error":10.146146446981874}}