{"Mean":{"confidence_interval":{"confidence_level":0.95,"lower_bound":4968190.046234568,"upper_bound":5080281.881256615},"point_estimate":5025089.163278219,"standard_error":28798.17354230606},"Median":{"confidence_interval":{"confidence_level":0.95,"lower_bound":4933861.790123457,"upper_bound":5112195.205555555},"point_estimate":5036669.846560847,"standard_error":53100.19394431364},"MedianAbsDev":{"confidence_interval":{"confidence_level":0.95,"lower_bound":9297.492541186972,"upper_bound":160015.56459063687},"point_estimate":118455.64530324214,"standard_error":38528.14374359444},"Slope":{"confidence_interval":{"confidence_level":0.95,"lower_bound":4943670.370038442,"upper_bound":5087380.102115713},"point_estimate":5025879.081529582,"standard_error":36841.15097314809},"StdDev":{"confidence_interval":{"confidence_level":0.95,"lower_bound":61397.762123869536,"upper_bound":114442.85132835011},"point_estimate":96320.5145868942,"standard_error":13567.35644830474}}