{"Mean":{"confidence_interval":{"confidence_level":0.95,"lower_bound":949852.807281746,"upper_bound":978673.6134821782},"point_estimate":963786.033884637,"standard_error":7415.95099869024},"Median":{"confidence_interval":{"confidence_level":0.95,"lower_bound":943493.4404761905,"upper_bound":986043.8888888889},"point_estimate":956583.4961309524,"standard_error":12968.660031430423},"MedianAbsDev":{"confidence_interval":{"confidence_level":0.95,"lower_bound":1947.849552918766,"upper_bound":39248.44329695085},"point_estimate":26517.504038595176,"standard_error":9879.945989510747},"Slope":{"confidence_interval":{"confidence_level":0.95,"lower_bound":958650.184833124,"upper_bound":994247.5249275368},"point_estimate":981021.3586270872,"standard_error":9100.983932174227},"StdDev":{"confidence_interval":{"confidence_level":0.95,"lower_bound":14689.927206417282,"upper_bound":30036.913785759578},"point_estimate":24725.785184168977,"standard_error":3949.2093403306762}}