{"Mean":{"confidence_interval":{"confidence_level":0.95,"lower_bound":2275.698093180809,"upper_bound":2345.9331434202127},"point_estimate":2310.713187054154,"standard_error":18.075617759885077},"Median":{"confidence_interval":{"confidence_level":0.95,"lower_bound":2254.908695145308,"upper_bound":2364.8559043217583},"point_estimate":2309.029211424765,"standard_error":29.872766845222465},"MedianAbsDev":{"confidence_interval":{"confidence_level":0.95,"lower_bound":14.343675113323025,"upper_bound":107.75126112825215},"point_estimate":65.69870670895848,"standard_error":22.30015287340447},"Slope":{"confidence_interval":{"confidence_level":0.95,"lower_bound":2314.1211734958947,"upper_bound":2374.1109257339926},"point_estimate":2350.4970334586724,"standard_error":15.297498792891638},"StdDev":{"confidence_interval":{"confidence_level":0.95,"lower_bound":37.96943873598842,"upper_bound":72.52437312354813},"point_estimate":60.486289468516205,"standard_error":8.841814201136906}}