{"Mean":{"confidence_interval":{"confidence_level":0.95,"lower_bound":3197.1778046651602,"upper_bound":3243.964152277919},"point_estimate":3218.3652676670727,"standard_error":12.07958044115898},"Median":{"confidence_interval":{"confidence_level":0.95,"lower_bound":3190.8559679947584,"upper_bound":3244.72182798637},"point_estimate":3207.5524398868456,"standard_error":10.748748187641075},"MedianAbsDev":{"confidence_interval":{"confidence_level":0.95,"lower_bound":4.473653754960542,"upper_bound":58.477991671079046},"point_estimate":17.358433130170177,"standard_error":13.496056691515731},"Slope":{"confidence_interval":{"confidence_level":0.95,"lower_bound":3194.255495698824,"upper_bound":3260.9707647702126},"point_estimate":3222.5488374811507,"standard_error":18.590932071993063},"StdDev":{"confidence_interval":{"confidence_level":0.95,"lower_bound":12.278073517893692,"upper_bound":52.659080919508064},"point_estimate":40.259814318837456,"standard_error":10.642026801002501}}