{"Mean":{"confidence_interval":{"confidence_level":0.95,"lower_bound":54384.16548244517,"upper_bound":56900.85792904054},"point_estimate":55576.81085564173,"standard_error":645.0727047191407},"Median":{"confidence_interval":{"confidence_level":0.95,"lower_bound":53732.43607705779,"upper_bound":56995.869089316984},"point_estimate":55262.09989992494,"standard_error":1069.5453110182466},"MedianAbsDev":{"confidence_interval":{"confidence_level":0.95,"lower_bound":279.4617646094927,"upper_bound":3955.819873202731},"point_estimate":2401.439795833523,"standard_error":963.5384162473551},"Slope":{"confidence_interval":{"confidence_level":0.95,"lower_bound":55470.21813311477,"upper_bound":58306.64651452757},"point_estimate":57130.98996975004,"standard_error":716.2493646276536},"StdDev":{"confidence_interval":{"confidence_level":0.95,"lower_bound":1213.710920392014,"upper_bound":2765.1907323428104},"point_estimate":2150.2990916678114,"standard_error":425.2901215034819}}