{"Mean":{"confidence_interval":{"confidence_level":0.95,"lower_bound":5084.197332407321,"upper_bound":5212.69868045417},"point_estimate":5145.219020207057,"standard_error":32.95491702648392},"Median":{"confidence_interval":{"confidence_level":0.95,"lower_bound":5062.656904533036,"upper_bound":5218.617813979112},"point_estimate":5122.501220951803,"standard_error":39.92119565861294},"MedianAbsDev":{"confidence_interval":{"confidence_level":0.95,"lower_bound":27.429106489916194,"upper_bound":177.9599716943687},"point_estimate":106.49169475919727,"standard_error":40.135937806218074},"Slope":{"confidence_interval":{"confidence_level":0.95,"lower_bound":5123.637141520703,"upper_bound":5234.881377994729},"point_estimate":5168.500885292993,"standard_error":28.271904384255222},"StdDev":{"confidence_interval":{"confidence_level":0.95,"lower_bound":53.95947896950346,"upper_bound":141.25661932552305},"point_estimate":109.80383372020995,"standard_error":22.521045756403808}}