{"Mean":{"confidence_interval":{"confidence_level":0.95,"lower_bound":3571.0202020514016,"upper_bound":3624.7350536724684},"point_estimate":3599.349655209975,"standard_error":13.76149637774076},"Median":{"confidence_interval":{"confidence_level":0.95,"lower_bound":3572.810734045982,"upper_bound":3635.47516025641},"point_estimate":3601.2684085971446,"standard_error":17.495651682074122},"MedianAbsDev":{"confidence_interval":{"confidence_level":0.95,"lower_bound":7.410191189886759,"upper_bound":75.4175192770736},"point_estimate":45.31060425609747,"standard_error":16.36900830013514},"Slope":{"confidence_interval":{"confidence_level":0.95,"lower_bound":3587.8461048586555,"upper_bound":3626.46827229607},"point_estimate":3610.3770288370847,"standard_error":9.982490208591674},"StdDev":{"confidence_interval":{"confidence_level":0.95,"lower_bound":22.935570549199273,"upper_bound":61.09418056177435},"point_estimate":45.92485181915985,"standard_error":10.322504875940115}}