{"Mean":{"confidence_interval":{"confidence_level":0.95,"lower_bound":9378.82096533079,"upper_bound":10399.644984755543},"point_estimate":9900.353419949563,"standard_error":262.0187196322737},"Median":{"confidence_interval":{"confidence_level":0.95,"lower_bound":9166.296407840331,"upper_bound":10623.708412849872},"point_estimate":10027.650204471101,"standard_error":430.20310998028464},"MedianAbsDev":{"confidence_interval":{"confidence_level":0.95,"lower_bound":216.81956857434795,"upper_bound":1408.8141878821555},"point_estimate":1027.355054662758,"standard_error":317.37983083016286},"Slope":{"confidence_interval":{"confidence_level":0.95,"lower_bound":10023.750467055042,"upper_bound":10782.379923297123},"point_estimate":10499.605380068404,"standard_error":195.27386289673146},"StdDev":{"confidence_interval":{"confidence_level":0.95,"lower_bound":525.831471569559,"upper_bound":1074.0794591629513},"point_estimate":872.4177856764179,"standard_error":141.70797272225917}}