{"Mean":{"confidence_interval":{"confidence_level":0.95,"lower_bound":3147423.770756303,"upper_bound":3189266.4407563023},"point_estimate":3169429.5785014005,"standard_error":10771.955452394915},"Median":{"confidence_interval":{"confidence_level":0.95,"lower_bound":3131444.0588235296,"upper_bound":3197484.375},"point_estimate":3184195.488095238,"standard_error":16901.849816087768},"MedianAbsDev":{"confidence_interval":{"confidence_level":0.95,"lower_bound":1781.3729389621917,"upper_bound":59279.47375346089},"point_estimate":23629.245955497256,"standard_error":14800.020917910144},"Slope":{"confidence_interval":{"confidence_level":0.95,"lower_bound":3166009.107462066,"upper_bound":3192124.8428427163},"point_estimate":3181440.7482047365,"standard_error":6655.793677292863},"StdDev":{"confidence_interval":{"confidence_level":0.95,"lower_bound":14078.686061494549,"upper_bound":43424.38900935921},"point_estimate":35889.93562503363,"standard_error":6627.606810759115}}