{"Mean":{"confidence_interval":{"confidence_level":0.95,"lower_bound":3317091.021819338,"upper_bound":3338012.8581221653},"point_estimate":3325815.48799178,"standard_error":5515.885476289079},"Median":{"confidence_interval":{"confidence_level":0.95,"lower_bound":3313204.773809524,"upper_bound":3329742.861111111},"point_estimate":3319115.68792517,"standard_error":4209.113960629814},"MedianAbsDev":{"confidence_interval":{"confidence_level":0.95,"lower_bound":77.37003434058501,"upper_bound":19129.376434195183},"point_estimate":9231.219628970312,"standard_error":4637.698234951152},"Slope":{"confidence_interval":{"confidence_level":0.95,"lower_bound":3314967.7105042017,"upper_bound":3326236.5680290395},"point_estimate":3321382.586734694,"standard_error":2917.481198332814},"StdDev":{"confidence_interval":{"confidence_level":0.95,"lower_bound":4858.801406253322,"upper_bound":27159.84589504247},"point_estimate":18353.933551970622,"standard_error":6921.6830779571255}}