{"Mean":{"confidence_interval":{"confidence_level":0.95,"lower_bound":240505.56415217154,"upper_bound":261834.56343915345},"point_estimate":250808.63251690185,"standard_error":5468.2406129298015},"Median":{"confidence_interval":{"confidence_level":0.95,"lower_bound":234263.48842592593,"upper_bound":265816.6715020576},"point_estimate":248992.32314814813,"standard_error":7275.640162169169},"MedianAbsDev":{"confidence_interval":{"confidence_level":0.95,"lower_bound":4919.186405166981,"upper_bound":33119.67893984767},"point_estimate":14815.296074244427,"standard_error":7198.8961988623005},"Slope":{"confidence_interval":{"confidence_level":0.95,"lower_bound":250865.62027204194,"upper_bound":271111.2370045484},"point_estimate":262568.39355459355,"standard_error":5180.98138055641},"StdDev":{"confidence_interval":{"confidence_level":0.95,"lower_bound":9479.518572637186,"upper_bound":22871.020884282058},"point_estimate":18215.02617924421,"standard_error":3423.9993107949113}}