{"Mean":{"confidence_interval":{"confidence_level":0.95,"lower_bound":945.0836052472306,"upper_bound":1013.2270076129282},"point_estimate":980.4651663765404,"standard_error":17.516307961342545},"Median":{"confidence_interval":{"confidence_level":0.95,"lower_bound":935.3129436994676,"upper_bound":1037.7432650803041},"point_estimate":991.64003413434,"standard_error":25.634206744120615},"MedianAbsDev":{"confidence_interval":{"confidence_level":0.95,"lower_bound":10.454028799482478,"upper_bound":94.55553861217335},"point_estimate":69.12770939851845,"standard_error":21.87278557855443},"Slope":{"confidence_interval":{"confidence_level":0.95,"lower_bound":980.0386186771794,"upper_bound":1034.2159459771958},"point_estimate":1014.7010467593932,"standard_error":13.858044845186365},"StdDev":{"confidence_interval":{"confidence_level":0.95,"lower_bound":32.4750545141311,"upper_bound":72.44273185026968},"point_estimate":58.370613050025185,"standard_error":10.186146144812822}}