{"Mean":{"confidence_interval":{"confidence_level":0.95,"lower_bound":342072.3952842377,"upper_bound":346477.80822478316},"point_estimate":344405.77783614805,"standard_error":1131.9365549433562},"Median":{"confidence_interval":{"confidence_level":0.95,"lower_bound":341719.8982558139,"upper_bound":347302.6794019934},"point_estimate":345600.17021963827,"standard_error":1483.5017749795782},"MedianAbsDev":{"confidence_interval":{"confidence_level":0.95,"lower_bound":612.5883646331594,"upper_bound":6236.88778834285},"point_estimate":3007.042598092011,"standard_error":1410.078458752512},"Slope":{"confidence_interval":{"confidence_level":0.95,"lower_bound":344815.55366726295,"upper_bound":347088.84023255814},"point_estimate":346115.4572334642,"standard_error":580.6322069555847},"StdDev":{"confidence_interval":{"confidence_level":0.95,"lower_bound":1660.3342779096513,"upper_bound":4735.856100103715},"point_estimate":3782.7234715372992,"standard_error":761.8378744678153}}