{"Mean":{"confidence_interval":{"confidence_level":0.95,"lower_bound":426467.3881982431,"upper_bound":479863.9513264822},"point_estimate":453810.86990469403,"standard_error":13668.730383574028},"Median":{"confidence_interval":{"confidence_level":0.95,"lower_bound":416347.38632478635,"upper_bound":488252.58452041785},"point_estimate":460603.7606837606,"standard_error":17656.107731414955},"MedianAbsDev":{"confidence_interval":{"confidence_level":0.95,"lower_bound":9096.980636188582,"upper_bound":78436.01516184132},"point_estimate":49338.122131765616,"standard_error":19377.943850113097},"Slope":{"confidence_interval":{"confidence_level":0.95,"lower_bound":440537.54805847356,"upper_bound":488452.07553715573},"point_estimate":465607.3228105228,"standard_error":12192.005307388},"StdDev":{"confidence_interval":{"confidence_level":0.95,"lower_bound":24369.405075568084,"upper_bound":56203.09786950168},"point_estimate":45486.64561434829,"standard_error":7899.201094990109}}