{"Mean":{"confidence_interval":{"confidence_level":0.95,"lower_bound":1309.7813931531946,"upper_bound":1385.0037273754738},"point_estimate":1347.130920870129,"standard_error":19.246291298159708},"Median":{"confidence_interval":{"confidence_level":0.95,"lower_bound":1294.9674491760065,"upper_bound":1390.1376030650322},"point_estimate":1345.412402097438,"standard_error":24.167696862765432},"MedianAbsDev":{"confidence_interval":{"confidence_level":0.95,"lower_bound":17.671736652363155,"upper_bound":109.40121049302515},"point_estimate":56.06306564023518,"standard_error":24.830826824251155},"Slope":{"confidence_interval":{"confidence_level":0.95,"lower_bound":1323.0954224744457,"upper_bound":1377.314217142231},"point_estimate":1355.3580419315185,"standard_error":13.869014812824735},"StdDev":{"confidence_interval":{"confidence_level":0.95,"lower_bound":34.098449804311464,"upper_bound":82.63665761014158},"point_estimate":64.02965281933847,"standard_error":12.3867123761489}}