{"Mean":{"confidence_interval":{"confidence_level":0.95,"lower_bound":510.61972927508634,"upper_bound":542.2789943575204},"point_estimate":528.2195360784851,"standard_error":8.166700924674005},"Median":{"confidence_interval":{"confidence_level":0.95,"lower_bound":517.4065175185743,"upper_bound":545.9252354234063},"point_estimate":534.8210465079496,"standard_error":7.452451265418209},"MedianAbsDev":{"confidence_interval":{"confidence_level":0.95,"lower_bound":3.5397736919162783,"upper_bound":35.39266282428271},"point_estimate":21.140023100152355,"standard_error":8.2411298652712},"Slope":{"confidence_interval":{"confidence_level":0.95,"lower_bound":529.4492372966895,"upper_bound":547.0940537998094},"point_estimate":540.0443218849216,"standard_error":4.509715275131068},"StdDev":{"confidence_interval":{"confidence_level":0.95,"lower_bound":10.46619170171025,"upper_bound":38.62735283532415},"point_estimate":27.26857916387825,"standard_error":8.307352717817647}}