{"Mean":{"confidence_interval":{"confidence_level":0.95,"lower_bound":524061.941,"upper_bound":541333.5059579832},"point_estimate":533100.1843762838,"standard_error":4426.7776252366875},"Median":{"confidence_interval":{"confidence_level":0.95,"lower_bound":522825.71764705883,"upper_bound":547517.002614379},"point_estimate":535836.6455882352,"standard_error":6150.6333828070065},"MedianAbsDev":{"confidence_interval":{"confidence_level":0.95,"lower_bound":838.5066056626097,"upper_bound":24412.15666102891},"point_estimate":17689.87536192237,"standard_error":5862.999400448496},"Slope":{"confidence_interval":{"confidence_level":0.95,"lower_bound":534283.9397782516,"upper_bound":545908.7330495357},"point_estimate":542035.9760427808,"standard_error":2997.1615241825243},"StdDev":{"confidence_interval":{"confidence_level":0.95,"lower_bound":7336.754813907722,"upper_bound":18819.225817088794},"point_estimate":14769.967127715865,"standard_error":2976.7040319073576}}