{"Mean":{"confidence_interval":{"confidence_level":0.95,"lower_bound":29822.40914522281,"upper_bound":29978.899949307193},"point_estimate":29891.50157338118,"standard_error":40.605173058130866},"Median":{"confidence_interval":{"confidence_level":0.95,"lower_bound":29787.77965528895,"upper_bound":29956.521966880704},"point_estimate":29854.125584040085,"standard_error":42.368960535195264},"MedianAbsDev":{"confidence_interval":{"confidence_level":0.95,"lower_bound":16.461544503286554,"upper_bound":185.27980221248737},"point_estimate":98.95126164024958,"standard_error":44.34502845617718},"Slope":{"confidence_interval":{"confidence_level":0.95,"lower_bound":29793.90769357844,"upper_bound":29861.619406268183},"point_estimate":29820.503261456353,"standard_error":17.41748625778514},"StdDev":{"confidence_interval":{"confidence_level":0.95,"lower_bound":44.109189936245166,"upper_bound":191.30870680167786},"point_estimate":135.47761548291882,"standard_error":41.638099357365}}