{"Mean":{"confidence_interval":{"confidence_level":0.95,"lower_bound":3630.09175093756,"upper_bound":3701.613401853059},"point_estimate":3663.5037919458373,"standard_error":18.361579738048317},"Median":{"confidence_interval":{"confidence_level":0.95,"lower_bound":3626.108376012664,"upper_bound":3700.3356307746426},"point_estimate":3648.4545739494233,"standard_error":19.33119351770898},"MedianAbsDev":{"confidence_interval":{"confidence_level":0.95,"lower_bound":9.18489942721377,"upper_bound":98.84727138514532},"point_estimate":38.22298461053929,"standard_error":22.922479410039216},"Slope":{"confidence_interval":{"confidence_level":0.95,"lower_bound":3644.070970558347,"upper_bound":3698.143500581303},"point_estimate":3672.3318469034457,"standard_error":14.02123036831964},"StdDev":{"confidence_interval":{"confidence_level":0.95,"lower_bound":25.696247169313175,"upper_bound":82.06812413657096},"point_estimate":61.22805098370647,"standard_error":14.859316106867569}}