{"Mean":{"confidence_interval":{"confidence_level":0.95,"lower_bound":2129.0904353665132,"upper_bound":2231.920557153547},"point_estimate":2185.2064162607658,"standard_error":26.40886232992131},"Median":{"confidence_interval":{"confidence_level":0.95,"lower_bound":2149.5111380598264,"upper_bound":2259.3410767737714},"point_estimate":2181.7245977737243,"standard_error":31.778622748564974},"MedianAbsDev":{"confidence_interval":{"confidence_level":0.95,"lower_bound":7.216656933054895,"upper_bound":136.86987084073482},"point_estimate":91.49620163084442,"standard_error":33.86203902404141},"Slope":{"confidence_interval":{"confidence_level":0.95,"lower_bound":2172.320990906365,"upper_bound":2246.9354774310377},"point_estimate":2223.6422794968466,"standard_error":17.898295625791288},"StdDev":{"confidence_interval":{"confidence_level":0.95,"lower_bound":41.13726368952349,"upper_bound":121.6973390235991},"point_estimate":88.03097991799518,"standard_error":23.779254602763146}}