{"Mean":{"confidence_interval":{"confidence_level":0.95,"lower_bound":1042398.4627613635,"upper_bound":1049258.9051439394},"point_estimate":1045717.6659036797,"standard_error":1739.5348923629338},"Median":{"confidence_interval":{"confidence_level":0.95,"lower_bound":1042837.8333333333,"upper_bound":1048276.9823232323},"point_estimate":1045510.5565656566,"standard_error":1217.9661481379835},"MedianAbsDev":{"confidence_interval":{"confidence_level":0.95,"lower_bound":864.5729331356673,"upper_bound":9288.804729977037},"point_estimate":2651.0118349427225,"standard_error":2149.8152549052},"Slope":{"confidence_interval":{"confidence_level":0.95,"lower_bound":1042310.7095450179,"upper_bound":1050421.8259655377},"point_estimate":1045681.9815426997,"standard_error":2094.1965421726704},"StdDev":{"confidence_interval":{"confidence_level":0.95,"lower_bound":1965.2681117973411,"upper_bound":8097.010618241637},"point_estimate":5788.5721315302335,"standard_error":1568.804372626961}}