{"Mean":{"confidence_interval":{"confidence_level":0.95,"lower_bound":723.6660795897831,"upper_bound":785.7692021912443},"point_estimate":754.3817311105558,"standard_error":15.932642854320063},"Median":{"confidence_interval":{"confidence_level":0.95,"lower_bound":705.3194041328669,"upper_bound":808.1794208880124},"point_estimate":749.4862946838332,"standard_error":26.34293100661607},"MedianAbsDev":{"confidence_interval":{"confidence_level":0.95,"lower_bound":11.762995121223884,"upper_bound":89.68904940473053},"point_estimate":63.51046136037046,"standard_error":19.638285498930106},"Slope":{"confidence_interval":{"confidence_level":0.95,"lower_bound":756.8457805605515,"upper_bound":815.2902642072391},"point_estimate":795.6740008447309,"standard_error":14.75783348397552},"StdDev":{"confidence_interval":{"confidence_level":0.95,"lower_bound":32.6798887407393,"upper_bound":63.29472353440452},"point_estimate":53.07301584714045,"standard_error":7.750197106735879}}