{"Mean":{"confidence_interval":{"confidence_level":0.95,"lower_bound":49235.52878197731,"upper_bound":49986.3890594803},"point_estimate":49597.573432780104,"standard_error":191.67818189949094},"Median":{"confidence_interval":{"confidence_level":0.95,"lower_bound":49117.11374783612,"upper_bound":49920.99265518094},"point_estimate":49660.75155478618,"standard_error":224.63626807360464},"MedianAbsDev":{"confidence_interval":{"confidence_level":0.95,"lower_bound":115.16467748224902,"upper_bound":1121.8567152792593},"point_estimate":446.75881677704194,"standard_error":255.0615808920335},"Slope":{"confidence_interval":{"confidence_level":0.95,"lower_bound":49070.80151234779,"upper_bound":49714.87570124517},"point_estimate":49361.28395620536,"standard_error":166.73390779101885},"StdDev":{"confidence_interval":{"confidence_level":0.95,"lower_bound":321.3799588675112,"upper_bound":854.6046683946797},"point_estimate":637.8605582868009,"standard_error":142.22368778740088}}