{"Mean":{"confidence_interval":{"confidence_level":0.95,"lower_bound":32112.470557190507,"upper_bound":32956.85823219541},"point_estimate":32528.09384708092,"standard_error":217.14451605880336},"Median":{"confidence_interval":{"confidence_level":0.95,"lower_bound":31820.634785167746,"upper_bound":33400.48975868158},"point_estimate":32426.376623504024,"standard_error":409.3345006843009},"MedianAbsDev":{"confidence_interval":{"confidence_level":0.95,"lower_bound":47.846456460733734,"upper_bound":1197.405606640563},"point_estimate":931.0628645650935,"standard_error":304.32053907719467},"Slope":{"confidence_interval":{"confidence_level":0.95,"lower_bound":32596.640605749966,"upper_bound":33307.13706163422},"point_estimate":33081.60838384688,"standard_error":185.22417584799393},"StdDev":{"confidence_interval":{"confidence_level":0.95,"lower_bound":463.4086319496235,"upper_bound":831.511490830794},"point_estimate":722.3521109503715,"standard_error":93.96385671631454}}