{"Mean":{"confidence_interval":{"confidence_level":0.95,"lower_bound":28276.95680906187,"upper_bound":28413.154262432792},"point_estimate":28332.59830479585,"standard_error":36.26835363020579},"Median":{"confidence_interval":{"confidence_level":0.95,"lower_bound":28260.445808009972,"upper_bound":28359.546867695186},"point_estimate":28287.187850631137,"standard_error":27.151257693696763},"MedianAbsDev":{"confidence_interval":{"confidence_level":0.95,"lower_bound":12.86723553009458,"upper_bound":112.19945546481436},"point_estimate":52.75345560709495,"standard_error":27.999896796660238},"Slope":{"confidence_interval":{"confidence_level":0.95,"lower_bound":28270.8909022266,"upper_bound":28397.826873869148},"point_estimate":28310.987294402654,"standard_error":33.16883767127115},"StdDev":{"confidence_interval":{"confidence_level":0.95,"lower_bound":28.216746805898,"upper_bound":179.73559283243497},"point_estimate":120.43907985424482,"standard_error":47.52690586702991}}