{"Mean":{"confidence_interval":{"confidence_level":0.95,"lower_bound":2000.0173149429597,"upper_bound":2037.6133976190476},"point_estimate":2021.6136440963078,"standard_error":9.607718248590787},"Median":{"confidence_interval":{"confidence_level":0.95,"lower_bound":2022.567665901702,"upper_bound":2030.3603533668202},"point_estimate":2027.0878141135972,"standard_error":2.998940837976077},"MedianAbsDev":{"confidence_interval":{"confidence_level":0.95,"lower_bound":1.3761549824532915,"upper_bound":30.292533455315215},"point_estimate":4.278861171883598,"standard_error":6.375283415622735},"Slope":{"confidence_interval":{"confidence_level":0.95,"lower_bound":2021.3956760841274,"upper_bound":2030.1386811024502},"point_estimate":2026.002836003436,"standard_error":2.2176415705559434},"StdDev":{"confidence_interval":{"confidence_level":0.95,"lower_bound":2.8580031402602444,"upper_bound":47.44753909220078},"point_estimate":32.03160762875298,"standard_error":13.301224237467924}}