{"Mean":{"confidence_interval":{"confidence_level":0.95,"lower_bound":112559.5009162917,"upper_bound":114386.5134098355},"point_estimate":113538.81703833895,"standard_error":467.7340570216403},"Median":{"confidence_interval":{"confidence_level":0.95,"lower_bound":112750.98080708661,"upper_bound":114692.40787401574},"point_estimate":113725.89131046119,"standard_error":552.2103514483497},"MedianAbsDev":{"confidence_interval":{"confidence_level":0.95,"lower_bound":285.4406243615621,"upper_bound":2411.055831998349},"point_estimate":1228.4886199222406,"standard_error":526.3595894580226},"Slope":{"confidence_interval":{"confidence_level":0.95,"lower_bound":113388.82336368618,"upper_bound":114635.3805678192},"point_estimate":114098.49649759689,"standard_error":323.40417376852275},"StdDev":{"confidence_interval":{"confidence_level":0.95,"lower_bound":712.6268361450352,"upper_bound":2131.4586348993103},"point_estimate":1555.9371702715714,"standard_error":399.44903088471756}}