{"Mean":{"confidence_interval":{"confidence_level":0.95,"lower_bound":30379.487686022738,"upper_bound":30595.601110684558},"point_estimate":30489.9726615294,"standard_error":55.379928454852184},"Median":{"confidence_interval":{"confidence_level":0.95,"lower_bound":30315.54708319337,"upper_bound":30645.363891688125},"point_estimate":30521.60357742694,"standard_error":82.96151037015652},"MedianAbsDev":{"confidence_interval":{"confidence_level":0.95,"lower_bound":37.69728316009725,"upper_bound":321.93134216274865},"point_estimate":197.2726570863923,"standard_error":70.1043530802179},"Slope":{"confidence_interval":{"confidence_level":0.95,"lower_bound":30466.41596978967,"upper_bound":30646.66110598991},"point_estimate":30570.350339616714,"standard_error":46.02189377553367},"StdDev":{"confidence_interval":{"confidence_level":0.95,"lower_bound":107.77755845965856,"upper_bound":225.19455845479396},"point_estimate":184.37336512914163,"standard_error":29.87339555476469}}