{"Mean":{"confidence_interval":{"confidence_level":0.95,"lower_bound":55498.91495453811,"upper_bound":56429.89285852712},"point_estimate":55996.37516069121,"standard_error":238.49521946237513},"Median":{"confidence_interval":{"confidence_level":0.95,"lower_bound":55485.64865956073,"upper_bound":56698.24040697674},"point_estimate":56145.96269379845,"standard_error":250.36762452617884},"MedianAbsDev":{"confidence_interval":{"confidence_level":0.95,"lower_bound":74.63353675638638,"upper_bound":1287.763422922515},"point_estimate":735.530561098698,"standard_error":323.24226947733905},"Slope":{"confidence_interval":{"confidence_level":0.95,"lower_bound":55255.6735491664,"upper_bound":56696.9161909397},"point_estimate":56057.24325732407,"standard_error":372.22293137793434},"StdDev":{"confidence_interval":{"confidence_level":0.95,"lower_bound":349.64343519693887,"upper_bound":1036.0530129401463},"point_estimate":794.0856269164141,"standard_error":180.25857146852601}}