{"Mean":{"confidence_interval":{"confidence_level":0.95,"lower_bound":156312.63576683291,"upper_bound":176234.41882990935},"point_estimate":166504.12001058858,"standard_error":5097.451736312187},"Median":{"confidence_interval":{"confidence_level":0.95,"lower_bound":149134.2319201995,"upper_bound":181506.8642283181},"point_estimate":173062.0691188695,"standard_error":10528.669778900503},"MedianAbsDev":{"confidence_interval":{"confidence_level":0.95,"lower_bound":186.90144391791995,"upper_bound":26299.998858767485},"point_estimate":14464.973040371204,"standard_error":7599.968948565257},"Slope":{"confidence_interval":{"confidence_level":0.95,"lower_bound":170712.9018074199,"upper_bound":181552.58816748575},"point_estimate":178425.7996567024,"standard_error":2852.690546519625},"StdDev":{"confidence_interval":{"confidence_level":0.95,"lower_bound":10667.705113864493,"upper_bound":19085.616085884903},"point_estimate":16951.485741995708,"standard_error":2145.7902682714553}}