{"Mean":{"confidence_interval":{"confidence_level":0.95,"lower_bound":30788.856721818305,"upper_bound":31007.086664804425},"point_estimate":30893.797273228458,"standard_error":55.818623425070825},"Median":{"confidence_interval":{"confidence_level":0.95,"lower_bound":30712.706607142856,"upper_bound":31045.241034226194},"point_estimate":30871.671218820862,"standard_error":101.52421215649927},"MedianAbsDev":{"confidence_interval":{"confidence_level":0.95,"lower_bound":13.322987538469865,"upper_bound":329.65857672328343},"point_estimate":236.47376917675322,"standard_error":87.00053176224388},"Slope":{"confidence_interval":{"confidence_level":0.95,"lower_bound":30834.38896691195,"upper_bound":31110.3268016297},"point_estimate":30986.029266233767,"standard_error":73.27986509791873},"StdDev":{"confidence_interval":{"confidence_level":0.95,"lower_bound":112.1654573175605,"upper_bound":227.52355123897976},"point_estimate":185.43220497773214,"standard_error":30.045742383474867}}