{"Mean":{"confidence_interval":{"confidence_level":0.95,"lower_bound":65677.09210253211,"upper_bound":65909.32444987954},"point_estimate":65790.50073724489,"standard_error":59.73817318917919},"Median":{"confidence_interval":{"confidence_level":0.95,"lower_bound":65596.70158730159,"upper_bound":66019.23677248677},"point_estimate":65750.8412037037,"standard_error":102.88813602744438},"MedianAbsDev":{"confidence_interval":{"confidence_level":0.95,"lower_bound":29.829185859311053,"upper_bound":333.12456441919517},"point_estimate":237.45397661768314,"standard_error":82.57396102930211},"Slope":{"confidence_interval":{"confidence_level":0.95,"lower_bound":65719.6505771893,"upper_bound":66011.64536165998},"point_estimate":65915.7161245104,"standard_error":72.95152152643792},"StdDev":{"confidence_interval":{"confidence_level":0.95,"lower_bound":115.44511670936473,"upper_bound":231.42975684425582},"point_estimate":198.4135478987819,"standard_error":28.46318862861872}}