{"Mean":{"confidence_interval":{"confidence_level":0.95,"lower_bound":6976.829530883546,"upper_bound":7065.024185488398},"point_estimate":7022.504493111989,"standard_error":22.678473301984134},"Median":{"confidence_interval":{"confidence_level":0.95,"lower_bound":6947.586763972055,"upper_bound":7087.502479416167},"point_estimate":7051.203202523524,"standard_error":40.004111949313874},"MedianAbsDev":{"confidence_interval":{"confidence_level":0.95,"lower_bound":12.789376709695054,"upper_bound":121.94492057456517},"point_estimate":77.43004198050734,"standard_error":29.402772147778066},"Slope":{"confidence_interval":{"confidence_level":0.95,"lower_bound":7036.625411676647,"upper_bound":7092.396713795639},"point_estimate":7074.789392643285,"standard_error":14.38918280074168},"StdDev":{"confidence_interval":{"confidence_level":0.95,"lower_bound":43.20795071217218,"upper_bound":88.81227792828548},"point_estimate":75.17767816327788,"standard_error":11.293691275259265}}