{"Mean":{"confidence_interval":{"confidence_level":0.95,"lower_bound":4907620.453984963,"upper_bound":4927469.920350878},"point_estimate":4915804.084218879,"standard_error":5241.281110639175},"Median":{"confidence_interval":{"confidence_level":0.95,"lower_bound":4903634.5,"upper_bound":4918665.2105263155},"point_estimate":4911700.8078947365,"standard_error":3888.3005677596925},"MedianAbsDev":{"confidence_interval":{"confidence_level":0.95,"lower_bound":1364.024488941171,"upper_bound":17588.974719837963},"point_estimate":11142.26551534292,"standard_error":4092.140994211429},"Slope":{"confidence_interval":{"confidence_level":0.95,"lower_bound":4906064.618542094,"upper_bound":4940623.102867831},"point_estimate":4922282.301845523,"standard_error":9325.828348595947},"StdDev":{"confidence_interval":{"confidence_level":0.95,"lower_bound":5146.3445611289235,"upper_bound":25971.44987450519},"point_estimate":17433.67262180215,"standard_error":6716.334170730061}}