{"Mean":{"confidence_interval":{"confidence_level":0.95,"lower_bound":764930.3781907118,"upper_bound":772608.3066501649},"point_estimate":768818.5156109538,"standard_error":1968.345948838821},"Median":{"confidence_interval":{"confidence_level":0.95,"lower_bound":762411.323903819,"upper_bound":774846.6287128713},"point_estimate":769319.9412128713,"standard_error":3260.059720167884},"MedianAbsDev":{"confidence_interval":{"confidence_level":0.95,"lower_bound":1637.5837821152675,"upper_bound":11054.844416938484},"point_estimate":8536.390150305171,"standard_error":2451.022096283001},"Slope":{"confidence_interval":{"confidence_level":0.95,"lower_bound":766345.8988992228,"upper_bound":773358.6402083795},"point_estimate":769807.5902790279,"standard_error":1827.6489546800262},"StdDev":{"confidence_interval":{"confidence_level":0.95,"lower_bound":4005.195582362777,"upper_bound":7790.744790142314},"point_estimate":6547.746316651675,"standard_error":954.28943077722}}