{"Mean":{"confidence_interval":{"confidence_level":0.95,"lower_bound":577697.0099009217,"upper_bound":589226.1908700718},"point_estimate":582343.7448881208,"standard_error":3097.9197441866827},"Median":{"confidence_interval":{"confidence_level":0.95,"lower_bound":576770.6535842294,"upper_bound":583878.8252688171},"point_estimate":580039.6399999999,"standard_error":1729.8742112266561},"MedianAbsDev":{"confidence_interval":{"confidence_level":0.95,"lower_bound":685.7374006645393,"upper_bound":8964.884648244753},"point_estimate":3958.646070413373,"standard_error":2294.310952777653},"Slope":{"confidence_interval":{"confidence_level":0.95,"lower_bound":576216.2110811565,"upper_bound":579973.6149698267},"point_estimate":577921.8718726435,"standard_error":974.7160483709913},"StdDev":{"confidence_interval":{"confidence_level":0.95,"lower_bound":2172.62260132799,"upper_bound":15458.823410221401},"point_estimate":10288.10859163888,"standard_error":4231.571556626483}}