{"Mean":{"confidence_interval":{"confidence_level":0.95,"lower_bound":3200939.3406887753,"upper_bound":3278768.796382653},"point_estimate":3238927.86545068,"standard_error":19950.977791962436},"Median":{"confidence_interval":{"confidence_level":0.95,"lower_bound":3183418.7571428567,"upper_bound":3285530.938095238},"point_estimate":3243997.6964285714,"standard_error":29496.800843908237},"MedianAbsDev":{"confidence_interval":{"confidence_level":0.95,"lower_bound":4253.645511982893,"upper_bound":114926.6416453584},"point_estimate":87687.51103448558,"standard_error":28296.115956495654},"Slope":{"confidence_interval":{"confidence_level":0.95,"lower_bound":3213914.926185345,"upper_bound":3310223.5863335105},"point_estimate":3262871.2324675326,"standard_error":24813.43589200593},"StdDev":{"confidence_interval":{"confidence_level":0.95,"lower_bound":38030.016233713955,"upper_bound":83749.41550627099},"point_estimate":66454.24317685701,"standard_error":11851.139723086138}}