{"Mean":{"confidence_interval":{"confidence_level":0.95,"lower_bound":769031.8728148148,"upper_bound":1010745.484361111},"point_estimate":892358.8368743386,"standard_error":61871.766639925656},"Median":{"confidence_interval":{"confidence_level":0.95,"lower_bound":679709.0333333333,"upper_bound":1071778.6291666667},"point_estimate":977073.4483333332,"standard_error":120593.49744359274},"MedianAbsDev":{"confidence_interval":{"confidence_level":0.95,"lower_bound":19732.08719468539,"upper_bound":304743.4801187216},"point_estimate":218337.5745189557,"standard_error":81964.93977564132},"Slope":{"confidence_interval":{"confidence_level":0.95,"lower_bound":928551.7759170654,"upper_bound":1102236.7110815477},"point_estimate":1042799.1515151515,"standard_error":44486.58631753087},"StdDev":{"confidence_interval":{"confidence_level":0.95,"lower_bound":133957.3973242283,"upper_bound":236964.10427788674},"point_estimate":206186.4959446037,"standard_error":26337.995325988733}}