{"Mean":{"confidence_interval":{"confidence_level":0.95,"lower_bound":1537891.8647575756,"upper_bound":1544421.521492208},"point_estimate":1540997.6616103896,"standard_error":1668.3306984453336},"Median":{"confidence_interval":{"confidence_level":0.95,"lower_bound":1536371.0484848483,"upper_bound":1545738.5772727274},"point_estimate":1539353.7216883115,"standard_error":2526.021177823002},"MedianAbsDev":{"confidence_interval":{"confidence_level":0.95,"lower_bound":1414.6645472483779,"upper_bound":9283.600523274055},"point_estimate":6296.3774518533555,"standard_error":2056.8409339664677},"Slope":{"confidence_interval":{"confidence_level":0.95,"lower_bound":1539324.6815388987,"upper_bound":1547669.2039936942},"point_estimate":1543406.3021487603,"standard_error":2185.497254666474},"StdDev":{"confidence_interval":{"confidence_level":0.95,"lower_bound":3098.3028583061005,"upper_bound":6952.517678597145},"point_estimate":5560.809895058274,"standard_error":1007.7647181612208}}