{"Mean":{"confidence_interval":{"confidence_level":0.95,"lower_bound":697785.5806222223,"upper_bound":758716.5798222221},"point_estimate":726646.6208888888,"standard_error":15641.285577914286},"Median":{"confidence_interval":{"confidence_level":0.95,"lower_bound":683835.1133333333,"upper_bound":752084.94},"point_estimate":728687.9317777778,"standard_error":20227.71724009279},"MedianAbsDev":{"confidence_interval":{"confidence_level":0.95,"lower_bound":11370.296414136936,"upper_bound":92512.87930756813},"point_estimate":45730.60345011949,"standard_error":19677.509835599216},"Slope":{"confidence_interval":{"confidence_level":0.95,"lower_bound":701127.6848008619,"upper_bound":741548.6603259589},"point_estimate":725805.1645714286,"standard_error":10237.021551467731},"StdDev":{"confidence_interval":{"confidence_level":0.95,"lower_bound":26723.677709506905,"upper_bound":70096.62242568472},"point_estimate":52152.25989611896,"standard_error":12206.98935531552}}