{"Mean":{"confidence_interval":{"confidence_level":0.95,"lower_bound":312555.2595508266,"upper_bound":316079.3225925925},"point_estimate":314192.0142276602,"standard_error":905.9147700874543},"Median":{"confidence_interval":{"confidence_level":0.95,"lower_bound":311648.31666666665,"upper_bound":316177.2825925926},"point_estimate":313701.9507936508,"standard_error":1128.4732109435172},"MedianAbsDev":{"confidence_interval":{"confidence_level":0.95,"lower_bound":498.3873828339929,"upper_bound":4749.9870855319805},"point_estimate":2782.0848482747933,"standard_error":1163.2057222152496},"Slope":{"confidence_interval":{"confidence_level":0.95,"lower_bound":311800.65890111675,"upper_bound":315115.4530608695},"point_estimate":313333.8816931217,"standard_error":867.1805589285926},"StdDev":{"confidence_interval":{"confidence_level":0.95,"lower_bound":1340.0381057908503,"upper_bound":3951.5076155134416},"point_estimate":3020.3665652138225,"standard_error":694.0320924800418}}