{"Mean":{"confidence_interval":{"confidence_level":0.95,"lower_bound":388320.2687443168,"upper_bound":396489.9780088089},"point_estimate":392498.54590232915,"standard_error":2094.8334719904606},"Median":{"confidence_interval":{"confidence_level":0.95,"lower_bound":385530.6,"upper_bound":398616.1949429688},"point_estimate":395288.8784547739,"standard_error":3864.8788331092364},"MedianAbsDev":{"confidence_interval":{"confidence_level":0.95,"lower_bound":440.1636302508963,"upper_bound":11116.749702035251},"point_estimate":7779.06392625323,"standard_error":2716.615416937034},"Slope":{"confidence_interval":{"confidence_level":0.95,"lower_bound":392890.5542140681,"upper_bound":399004.7824964217},"point_estimate":396670.5724205443,"standard_error":1574.2683252237468},"StdDev":{"confidence_interval":{"confidence_level":0.95,"lower_bound":4371.95079794175,"upper_bound":8202.301153833227},"point_estimate":6992.7739688139,"standard_error":980.2070718463634}}