{"Mean":{"confidence_interval":{"confidence_level":0.95,"lower_bound":8249220.056190476,"upper_bound":9141160.568365872},"point_estimate":8693677.354801586,"standard_error":228102.6124989737},"Median":{"confidence_interval":{"confidence_level":0.95,"lower_bound":8139071.516666667,"upper_bound":9279224.855555557},"point_estimate":8578390.557500001,"standard_error":317183.72407420044},"MedianAbsDev":{"confidence_interval":{"confidence_level":0.95,"lower_bound":61121.47354154267,"upper_bound":1289710.488329729},"point_estimate":982759.4656230304,"standard_error":330267.08906753425},"Slope":{"confidence_interval":{"confidence_level":0.95,"lower_bound":8504415.27220903,"upper_bound":9228371.825308641},"point_estimate":8854023.097662337,"standard_error":184862.89916440667},"StdDev":{"confidence_interval":{"confidence_level":0.95,"lower_bound":421231.1901315601,"upper_bound":977917.0071467068},"point_estimate":762404.6988762524,"standard_error":142458.5565538608}}