{"Mean":{"confidence_interval":{"confidence_level":0.95,"lower_bound":404.7190794995719,"upper_bound":409.616866149233},"point_estimate":407.14303829260814,"standard_error":1.2542495135888516},"Median":{"confidence_interval":{"confidence_level":0.95,"lower_bound":403.5914279987127,"upper_bound":410.92951970164694},"point_estimate":406.6412682162628,"standard_error":1.900149958206127},"MedianAbsDev":{"confidence_interval":{"confidence_level":0.95,"lower_bound":0.6702343152113133,"upper_bound":7.462956382690325},"point_estimate":4.3403374260370935,"standard_error":1.6055462001194754},"Slope":{"confidence_interval":{"confidence_level":0.95,"lower_bound":404.9131848772028,"upper_bound":410.3792056682537},"point_estimate":407.51836608893524,"standard_error":1.4302565556415139},"StdDev":{"confidence_interval":{"confidence_level":0.95,"lower_bound":2.527723494871868,"upper_bound":5.095068114420555},"point_estimate":4.180229650529116,"standard_error":0.6612570151587738}}