{"Mean":{"confidence_interval":{"confidence_level":0.95,"lower_bound":935054.3077748917,"upper_bound":957987.1318152959},"point_estimate":947302.4913708514,"standard_error":5916.065690111064},"Median":{"confidence_interval":{"confidence_level":0.95,"lower_bound":930090.074025974,"upper_bound":958648.9843434343},"point_estimate":953827.6212121212,"standard_error":6226.422585637554},"MedianAbsDev":{"confidence_interval":{"confidence_level":0.95,"lower_bound":1374.4308274172213,"upper_bound":31571.48122494854},"point_estimate":10286.961084036568,"standard_error":7450.547966228369},"Slope":{"confidence_interval":{"confidence_level":0.95,"lower_bound":949454.1324565567,"upper_bound":966481.3841628785},"point_estimate":959241.187012987,"standard_error":4442.4365031010075},"StdDev":{"confidence_interval":{"confidence_level":0.95,"lower_bound":6498.029883120426,"upper_bound":25270.893546808053},"point_estimate":19720.74039891078,"standard_error":4588.084612120819}}