{"Mean":{"confidence_interval":{"confidence_level":0.95,"lower_bound":372853.7302320675,"upper_bound":376888.45087201125},"point_estimate":375061.9060724332,"standard_error":1035.711946029521},"Median":{"confidence_interval":{"confidence_level":0.95,"lower_bound":372486.70042194094,"upper_bound":377283.1754746835},"point_estimate":376530.0917018284,"standard_error":1183.0092875167325},"MedianAbsDev":{"confidence_interval":{"confidence_level":0.95,"lower_bound":323.5268773786308,"upper_bound":5196.807863814173},"point_estimate":2304.073899980577,"standard_error":1334.4995157837702},"Slope":{"confidence_interval":{"confidence_level":0.95,"lower_bound":375842.6357503627,"upper_bound":377409.2957136411},"point_estimate":376874.0117376295,"standard_error":405.19110792411476},"StdDev":{"confidence_interval":{"confidence_level":0.95,"lower_bound":1197.7944707373667,"upper_bound":4518.717946056883},"point_estimate":3447.553672050929,"standard_error":871.5794369014774}}