{"Mean":{"confidence_interval":{"confidence_level":0.95,"lower_bound":7459111.934541446,"upper_bound":7588880.077257496},"point_estimate":7530502.98697972,"standard_error":33459.33039519472},"Median":{"confidence_interval":{"confidence_level":0.95,"lower_bound":7481976.361111111,"upper_bound":7608416.243055556},"point_estimate":7542223.956790123,"standard_error":35515.81239661532},"MedianAbsDev":{"confidence_interval":{"confidence_level":0.95,"lower_bound":19116.860273108116,"upper_bound":155706.758766047},"point_estimate":89480.95941972914,"standard_error":33706.44659239223},"Slope":{"confidence_interval":{"confidence_level":0.95,"lower_bound":7514319.619151007,"upper_bound":7591045.23802001},"point_estimate":7547746.477922078,"standard_error":19545.407337691988},"StdDev":{"confidence_interval":{"confidence_level":0.95,"lower_bound":45687.09266705328,"upper_bound":157014.87422050643},"point_estimate":111235.21016509831,"standard_error":32706.27021851257}}