{"Mean":{"confidence_interval":{"confidence_level":0.95,"lower_bound":1299520.7759561967,"upper_bound":1316236.706915007},"point_estimate":1307780.4944635225,"standard_error":4265.602474313837},"Median":{"confidence_interval":{"confidence_level":0.95,"lower_bound":1293997.3,"upper_bound":1318021.8596153846},"point_estimate":1307158.9583333335,"standard_error":5378.491167629654},"MedianAbsDev":{"confidence_interval":{"confidence_level":0.95,"lower_bound":2164.1556167067743,"upper_bound":25155.367960278025},"point_estimate":15818.269328929084,"standard_error":5709.430102420363},"Slope":{"confidence_interval":{"confidence_level":0.95,"lower_bound":1303017.3670100488,"upper_bound":1318780.1512734157},"point_estimate":1311266.1232767233,"standard_error":3947.454780620626},"StdDev":{"confidence_interval":{"confidence_level":0.95,"lower_bound":7817.5878891467355,"upper_bound":18285.900601015037},"point_estimate":14202.946908905635,"standard_error":2706.267640220778}}