{"Mean":{"confidence_interval":{"confidence_level":0.95,"lower_bound":4706125.9920892855,"upper_bound":4742470.86177857},"point_estimate":4722487.854968254,"standard_error":9370.005664765886},"Median":{"confidence_interval":{"confidence_level":0.95,"lower_bound":4700976.575,"upper_bound":4738869.501388889},"point_estimate":4713542.889285713,"standard_error":8380.881027420302},"MedianAbsDev":{"confidence_interval":{"confidence_level":0.95,"lower_bound":1054.9228312716718,"upper_bound":47259.78771513757},"point_estimate":20917.108703145575,"standard_error":11310.309182169654},"Slope":{"confidence_interval":{"confidence_level":0.95,"lower_bound":4705469.413753952,"upper_bound":4742829.850142741},"point_estimate":4723857.061168831,"standard_error":9828.174447159965},"StdDev":{"confidence_interval":{"confidence_level":0.95,"lower_bound":9453.158080346873,"upper_bound":41378.2088590509},"point_estimate":31195.136307891415,"standard_error":8354.62287257674}}