{"Mean":{"confidence_interval":{"confidence_level":0.95,"lower_bound":6346356.925555555,"upper_bound":6475978.158217594},"point_estimate":6413392.199435627,"standard_error":33097.223187243915},"Median":{"confidence_interval":{"confidence_level":0.95,"lower_bound":6267677.296296297,"upper_bound":6490875.518518519},"point_estimate":6446834.680246914,"standard_error":50899.46247842237},"MedianAbsDev":{"confidence_interval":{"confidence_level":0.95,"lower_bound":4881.4055022268985,"upper_bound":187979.25412862678},"point_estimate":70000.97194260439,"standard_error":49150.08231974074},"Slope":{"confidence_interval":{"confidence_level":0.95,"lower_bound":6424121.766460906,"upper_bound":6507225.806931205},"point_estimate":6461373.087734488,"standard_error":21302.789568248692},"StdDev":{"confidence_interval":{"confidence_level":0.95,"lower_bound":58658.48109215193,"upper_bound":133638.40372599292},"point_estimate":110140.12605765295,"standard_error":18442.75189467439}}