{"Mean":{"confidence_interval":{"confidence_level":0.95,"lower_bound":1981.4198538318456,"upper_bound":2030.3041023036023},"point_estimate":2004.7403784195187,"standard_error":12.524404632139843},"Median":{"confidence_interval":{"confidence_level":0.95,"lower_bound":1968.9321763392857,"upper_bound":2049.2370073784723},"point_estimate":1986.5865107421876,"standard_error":24.661968894154327},"MedianAbsDev":{"confidence_interval":{"confidence_level":0.95,"lower_bound":3.014804375187547,"upper_bound":70.1168038978858},"point_estimate":31.15075795301831,"standard_error":20.81245246703659},"Slope":{"confidence_interval":{"confidence_level":0.95,"lower_bound":1985.6760465341138,"upper_bound":2047.521829221884},"point_estimate":2023.5057785105519,"standard_error":15.748410768798081},"StdDev":{"confidence_interval":{"confidence_level":0.95,"lower_bound":23.736604948940478,"upper_bound":48.2549033867223},"point_estimate":41.85039587008498,"standard_error":5.939846247020599}}