{"Mean":{"confidence_interval":{"confidence_level":0.95,"lower_bound":146305.36810475122,"upper_bound":147141.41850948223},"point_estimate":146725.14909292234,"standard_error":213.92495829028064},"Median":{"confidence_interval":{"confidence_level":0.95,"lower_bound":146161.6416430595,"upper_bound":147216.99327195468},"point_estimate":146718.35783083772,"standard_error":281.2956932546369},"MedianAbsDev":{"confidence_interval":{"confidence_level":0.95,"lower_bound":56.85581899062433,"upper_bound":1205.411038599684},"point_estimate":753.5610391216293,"standard_error":294.1639123088318},"Slope":{"confidence_interval":{"confidence_level":0.95,"lower_bound":146713.65289680974,"upper_bound":147519.55233830895},"point_estimate":147182.1046760605,"standard_error":204.30950782519275},"StdDev":{"confidence_interval":{"confidence_level":0.95,"lower_bound":391.36960159499074,"upper_bound":913.5054141411733},"point_estimate":712.7177369245251,"standard_error":133.71889215270878}}