{"Mean":{"confidence_interval":{"confidence_level":0.95,"lower_bound":335716.71050447226,"upper_bound":382874.43341012433},"point_estimate":361200.46928464173,"standard_error":11824.780353769509},"Median":{"confidence_interval":{"confidence_level":0.95,"lower_bound":338702.6594594595,"upper_bound":383715.3927069927},"point_estimate":382613.2312837838,"standard_error":12595.933027881976},"MedianAbsDev":{"confidence_interval":{"confidence_level":0.95,"lower_bound":435.59704390627843,"upper_bound":53352.05705290174},"point_estimate":2202.516238555176,"standard_error":13626.070315359077},"Slope":{"confidence_interval":{"confidence_level":0.95,"lower_bound":375702.83926770644,"upper_bound":383659.5863916269},"point_estimate":381526.9574025974,"standard_error":2159.9114359215723},"StdDev":{"confidence_interval":{"confidence_level":0.95,"lower_bound":1903.2143064687489,"upper_bound":49322.031111611905},"point_estimate":39432.6322111036,"standard_error":11034.430953503339}}