{"Mean":{"confidence_interval":{"confidence_level":0.95,"lower_bound":819.5878966784969,"upper_bound":890.6406816896222},"point_estimate":854.8780001717821,"standard_error":18.155965369722363},"Median":{"confidence_interval":{"confidence_level":0.95,"lower_bound":800.4244040437279,"upper_bound":899.344590285141},"point_estimate":859.2820762190291,"standard_error":24.117663427192962},"MedianAbsDev":{"confidence_interval":{"confidence_level":0.95,"lower_bound":17.303573125581387,"upper_bound":105.31457220064392},"point_estimate":61.337432581962965,"standard_error":23.659243222040292},"Slope":{"confidence_interval":{"confidence_level":0.95,"lower_bound":862.902073780613,"upper_bound":919.7487480081902},"point_estimate":896.083451826591,"standard_error":14.223541854738595},"StdDev":{"confidence_interval":{"confidence_level":0.95,"lower_bound":33.69367641641157,"upper_bound":77.3775813356957},"point_estimate":60.61359190822289,"standard_error":11.174244918024973}}