{"Mean":{"confidence_interval":{"confidence_level":0.95,"lower_bound":836414.1146109722,"upper_bound":857810.2483922023},"point_estimate":846906.4082436508,"standard_error":5488.823649560323},"Median":{"confidence_interval":{"confidence_level":0.95,"lower_bound":832332.336,"upper_bound":862986.4257142857},"point_estimate":842659.37,"standard_error":7503.884893357813},"MedianAbsDev":{"confidence_interval":{"confidence_level":0.95,"lower_bound":3687.1208699405247,"upper_bound":31046.571927063127},"point_estimate":19422.83246042578,"standard_error":7637.604658765852},"Slope":{"confidence_interval":{"confidence_level":0.95,"lower_bound":844092.3199033816,"upper_bound":868502.5607913669},"point_estimate":859948.1667012987,"standard_error":6220.595059347095},"StdDev":{"confidence_interval":{"confidence_level":0.95,"lower_bound":10228.024778765772,"upper_bound":22473.83782151511},"point_estimate":18337.030591489667,"standard_error":3073.4920627980296}}