{"Mean":{"confidence_interval":{"confidence_level":0.95,"lower_bound":415576.269009434,"upper_bound":419411.8740585412},"point_estimate":417338.72075022466,"standard_error":988.9197605695668},"Median":{"confidence_interval":{"confidence_level":0.95,"lower_bound":414707.78891509434,"upper_bound":419984.2157008086},"point_estimate":416583.6262578616,"standard_error":1021.1461723964507},"MedianAbsDev":{"confidence_interval":{"confidence_level":0.95,"lower_bound":583.3576325678299,"upper_bound":4956.287129107397},"point_estimate":2148.1352554950713,"standard_error":1130.7784004680998},"Slope":{"confidence_interval":{"confidence_level":0.95,"lower_bound":415845.6256924251,"upper_bound":419439.29191249487},"point_estimate":417195.6939720657,"standard_error":927.2263576078191},"StdDev":{"confidence_interval":{"confidence_level":0.95,"lower_bound":1139.641988819078,"upper_bound":4190.076553134119},"point_estimate":3291.8869344887034,"standard_error":795.916062169207}}