{"Mean":{"confidence_interval":{"confidence_level":0.95,"lower_bound":671372.16442208,"upper_bound":687111.319130593},"point_estimate":678307.2714638795,"standard_error":4050.7691597869416},"Median":{"confidence_interval":{"confidence_level":0.95,"lower_bound":666024.6724409449,"upper_bound":682772.2204724409},"point_estimate":677773.8041885389,"standard_error":4189.72655978501},"MedianAbsDev":{"confidence_interval":{"confidence_level":0.95,"lower_bound":69.84018710647476,"upper_bound":18794.927584144683},"point_estimate":8921.98270026451,"standard_error":4563.797602090008},"Slope":{"confidence_interval":{"confidence_level":0.95,"lower_bound":673892.9516816266,"upper_bound":681233.9302766081},"point_estimate":678515.4656508846,"standard_error":1884.177517949318},"StdDev":{"confidence_interval":{"confidence_level":0.95,"lower_bound":5414.927167714334,"upper_bound":19412.540428773584},"point_estimate":13542.286921562938,"standard_error":4298.407192715757}}