{"Mean":{"confidence_interval":{"confidence_level":0.95,"lower_bound":981660.0307930196,"upper_bound":999495.6079369588},"point_estimate":991353.4648376623,"standard_error":4592.013674604983},"Median":{"confidence_interval":{"confidence_level":0.95,"lower_bound":979167.2348484849,"upper_bound":1002056.196969697},"point_estimate":996566.290422078,"standard_error":4781.966438606712},"MedianAbsDev":{"confidence_interval":{"confidence_level":0.95,"lower_bound":1106.7695448964628,"upper_bound":21255.98640263073},"point_estimate":8117.066378620609,"standard_error":4771.816719960567},"Slope":{"confidence_interval":{"confidence_level":0.95,"lower_bound":993191.7638193378,"upper_bound":1001461.1338226991},"point_estimate":998054.0763703829,"standard_error":2098.8350438284738},"StdDev":{"confidence_interval":{"confidence_level":0.95,"lower_bound":4514.1674216545425,"upper_bound":19247.45416147551},"point_estimate":15312.972361407128,"standard_error":3819.5724489091845}}