{"Mean":{"confidence_interval":{"confidence_level":0.95,"lower_bound":272.7813920666326,"upper_bound":290.12609011072925},"point_estimate":283.5614826054689,"standard_error":4.880171711887079},"Median":{"confidence_interval":{"confidence_level":0.95,"lower_bound":284.37998814854484,"upper_bound":290.8609945387437},"point_estimate":288.4105531257593,"standard_error":1.9076453611004816},"MedianAbsDev":{"confidence_interval":{"confidence_level":0.95,"lower_bound":0.6504457725822811,"upper_bound":8.159041749521348},"point_estimate":3.7729866234600213,"standard_error":2.2225199677033807},"Slope":{"confidence_interval":{"confidence_level":0.95,"lower_bound":284.50582130483,"upper_bound":288.85171066296823},"point_estimate":286.3684023526198,"standard_error":1.1292393090540107},"StdDev":{"confidence_interval":{"confidence_level":0.95,"lower_bound":2.223370580918337,"upper_bound":24.938966879249104},"point_estimate":16.242707690586347,"standard_error":7.804148364791517}}