{"Mean":{"confidence_interval":{"confidence_level":0.95,"lower_bound":1508386.8594444445,"upper_bound":1514536.1194444443},"point_estimate":1511837.2585620913,"standard_error":1597.180770812424},"Median":{"confidence_interval":{"confidence_level":0.95,"lower_bound":1509823.7205882352,"upper_bound":1515847.9338235294},"point_estimate":1512356.4529411765,"standard_error":1544.184263671944},"MedianAbsDev":{"confidence_interval":{"confidence_level":0.95,"lower_bound":767.1757169681599,"upper_bound":6898.520235173846},"point_estimate":4331.171872420096,"standard_error":1681.5305705064404},"Slope":{"confidence_interval":{"confidence_level":0.95,"lower_bound":1512074.3020184143,"upper_bound":1515994.8724589136},"point_estimate":1514614.3276546982,"standard_error":1008.8953115161755},"StdDev":{"confidence_interval":{"confidence_level":0.95,"lower_bound":2003.1582629480367,"upper_bound":7584.757607779129},"point_estimate":5317.435928739176,"standard_error":1676.1811952923424}}