{"Mean":{"confidence_interval":{"confidence_level":0.95,"lower_bound":273981.2368061771,"upper_bound":281879.2480539418},"point_estimate":277987.1442974658,"standard_error":2030.3227965130814},"Median":{"confidence_interval":{"confidence_level":0.95,"lower_bound":270349.0858369099,"upper_bound":284805.25464949926},"point_estimate":278444.96509298997,"standard_error":3452.8143651647097},"MedianAbsDev":{"confidence_interval":{"confidence_level":0.95,"lower_bound":1129.3562129971563,"upper_bound":11416.553103807082},"point_estimate":10129.96048235684,"standard_error":2769.5308615714066},"Slope":{"confidence_interval":{"confidence_level":0.95,"lower_bound":279110.091215773,"upper_bound":284879.2816814676},"point_estimate":283038.3311298144,"standard_error":1494.629364251461},"StdDev":{"confidence_interval":{"confidence_level":0.95,"lower_bound":4183.675325336181,"upper_bound":7924.904522711678},"point_estimate":6751.435916589649,"standard_error":937.4861705297877}}