{"Mean":{"confidence_interval":{"confidence_level":0.95,"lower_bound":227.32727236239705,"upper_bound":249.49845769762703},"point_estimate":239.89260013355982,"standard_error":5.580193883326842},"Median":{"confidence_interval":{"confidence_level":0.95,"lower_bound":239.94985213547503,"upper_bound":245.7320379622712},"point_estimate":241.81568967127382,"standard_error":1.778923174809006},"MedianAbsDev":{"confidence_interval":{"confidence_level":0.95,"lower_bound":0.7481936951903215,"upper_bound":20.788490555005993},"point_estimate":2.493104542340461,"standard_error":4.512491200154608},"Slope":{"confidence_interval":{"confidence_level":0.95,"lower_bound":239.336579394552,"upper_bound":242.6806504030752},"point_estimate":241.30809471253437,"standard_error":0.8487787998403346},"StdDev":{"confidence_interval":{"confidence_level":0.95,"lower_bound":1.7136982191241936,"upper_bound":27.6312554175096},"point_estimate":18.65548189657539,"standard_error":7.245428982254405}}