{"Mean":{"confidence_interval":{"confidence_level":0.95,"lower_bound":520481.45944860094,"upper_bound":528275.243917275},"point_estimate":524552.304841849,"standard_error":1990.7634698280165},"Median":{"confidence_interval":{"confidence_level":0.95,"lower_bound":521584.16569343064,"upper_bound":529468.703163017},"point_estimate":523704.81295620435,"standard_error":2519.705094052466},"MedianAbsDev":{"confidence_interval":{"confidence_level":0.95,"lower_bound":819.343183701981,"upper_bound":11125.813478024758},"point_estimate":5372.333572870175,"standard_error":2730.940921702471},"Slope":{"confidence_interval":{"confidence_level":0.95,"lower_bound":523209.72019801766,"upper_bound":528372.0924355012},"point_estimate":526248.9887761873,"standard_error":1296.7624164554288},"StdDev":{"confidence_interval":{"confidence_level":0.95,"lower_bound":3212.989546206115,"upper_bound":9004.076497749222},"point_estimate":6609.52484818653,"standard_error":1580.8293389369296}}