{"Mean":{"confidence_interval":{"confidence_level":0.95,"lower_bound":4781.645585717202,"upper_bound":4885.1903174827585},"point_estimate":4839.945221892328,"standard_error":26.965389528367787},"Median":{"confidence_interval":{"confidence_level":0.95,"lower_bound":4797.421650407654,"upper_bound":4889.7648824952485},"point_estimate":4875.317863707054,"standard_error":20.959511262333162},"MedianAbsDev":{"confidence_interval":{"confidence_level":0.95,"lower_bound":5.233567193480558,"upper_bound":115.19960403425536},"point_estimate":22.434019250380878,"standard_error":27.724311246940374},"Slope":{"confidence_interval":{"confidence_level":0.95,"lower_bound":4843.1361982127355,"upper_bound":4893.147428293666},"point_estimate":4868.7058886822215,"standard_error":12.97157225028352},"StdDev":{"confidence_interval":{"confidence_level":0.95,"lower_bound":17.932656446363705,"upper_bound":122.50226181309438},"point_estimate":89.71331775076786,"standard_error":28.06681817811333}}