{"Mean":{"confidence_interval":{"confidence_level":0.95,"lower_bound":8248.255791169706,"upper_bound":8763.589791242133},"point_estimate":8518.173588083057,"standard_error":132.18290877068316},"Median":{"confidence_interval":{"confidence_level":0.95,"lower_bound":8110.740421814551,"upper_bound":8863.567276093016},"point_estimate":8743.843050355672,"standard_error":228.66844037213002},"MedianAbsDev":{"confidence_interval":{"confidence_level":0.95,"lower_bound":40.098639789791044,"upper_bound":676.3506295451632},"point_estimate":279.13361364260294,"standard_error":194.65531862780307},"Slope":{"confidence_interval":{"confidence_level":0.95,"lower_bound":8638.397842902605,"upper_bound":8892.315695969444},"point_estimate":8806.762107678918,"standard_error":65.8586010707552},"StdDev":{"confidence_interval":{"confidence_level":0.95,"lower_bound":237.72053676329577,"upper_bound":522.1942771336306},"point_estimate":441.3063213679133,"standard_error":72.75860558575575}}