{"Mean":{"confidence_interval":{"confidence_level":0.95,"lower_bound":410.77608060257745,"upper_bound":425.7803213779329},"point_estimate":418.21359843528745,"standard_error":3.838892558484382},"Median":{"confidence_interval":{"confidence_level":0.95,"lower_bound":406.7491448525085,"upper_bound":428.8875560922603},"point_estimate":417.18397702656307,"standard_error":5.609191004577475},"MedianAbsDev":{"confidence_interval":{"confidence_level":0.95,"lower_bound":3.4297868278704424,"upper_bound":22.01461794921054},"point_estimate":13.859090761455645,"standard_error":4.929545339230098},"Slope":{"confidence_interval":{"confidence_level":0.95,"lower_bound":414.00361128133153,"upper_bound":427.43643175607133},"point_estimate":422.05296703448175,"standard_error":3.451712059322809},"StdDev":{"confidence_interval":{"confidence_level":0.95,"lower_bound":7.584279350884375,"upper_bound":15.949514227901032},"point_estimate":12.81445177210136,"standard_error":2.1457608426298185}}