{"Mean":{"confidence_interval":{"confidence_level":0.95,"lower_bound":4825192.063670112,"upper_bound":4847131.861736111},"point_estimate":4835654.13072264,"standard_error":5631.963498776171},"Median":{"confidence_interval":{"confidence_level":0.95,"lower_bound":4821298.120718462,"upper_bound":4846218.9144736845},"point_estimate":4835163.00877193,"standard_error":6799.652251292123},"MedianAbsDev":{"confidence_interval":{"confidence_level":0.95,"lower_bound":3330.221913245345,"upper_bound":31571.923243434154},"point_estimate":17823.732349355032,"standard_error":6815.229413375074},"Slope":{"confidence_interval":{"confidence_level":0.95,"lower_bound":4822556.100833333,"upper_bound":4853853.185790469},"point_estimate":4838002.786056049,"standard_error":8043.384321252827},"StdDev":{"confidence_interval":{"confidence_level":0.95,"lower_bound":9450.320797956194,"upper_bound":24712.12065877925},"point_estimate":18789.163929841485,"standard_error":4034.0865574990844}}