{"Mean":{"confidence_interval":{"confidence_level":0.95,"lower_bound":139554362.87403968,"upper_bound":149880923.75214285},"point_estimate":143889683.4868651,"standard_error":2699499.0477854875},"Median":{"confidence_interval":{"confidence_level":0.95,"lower_bound":138325855.57142857,"upper_bound":147458675.0},"point_estimate":139969835.5375,"standard_error":2573879.027459104},"MedianAbsDev":{"confidence_interval":{"confidence_level":0.95,"lower_bound":204719.2987988589,"upper_bound":10696521.887878792},"point_estimate":2747244.957624136,"standard_error":2969837.6690652254},"Slope":{"confidence_interval":{"confidence_level":0.95,"lower_bound":138899106.86660573,"upper_bound":146313119.48397437},"point_estimate":142291063.85194805,"standard_error":2076352.1789310332},"StdDev":{"confidence_interval":{"confidence_level":0.95,"lower_bound":1914087.1439672946,"upper_bound":13080974.947757846},"point_estimate":8978353.907077491,"standard_error":3190187.03754698}}