{"Mean":{"confidence_interval":{"confidence_level":0.95,"lower_bound":23737.348564821004,"upper_bound":24876.096401507366},"point_estimate":24235.55646517072,"standard_error":295.18066985980283},"Median":{"confidence_interval":{"confidence_level":0.95,"lower_bound":23578.70035971223,"upper_bound":24736.880495603516},"point_estimate":23978.671644398768,"standard_error":264.51281826716365},"MedianAbsDev":{"confidence_interval":{"confidence_level":0.95,"lower_bound":54.16577675059735,"upper_bound":1323.2298627525727},"point_estimate":487.16715457407787,"standard_error":312.1180533211716},"Slope":{"confidence_interval":{"confidence_level":0.95,"lower_bound":23895.514418795625,"upper_bound":24764.674745127315},"point_estimate":24314.20691394936,"standard_error":229.79799930048608},"StdDev":{"confidence_interval":{"confidence_level":0.95,"lower_bound":283.393546004951,"upper_bound":1369.3123889476515},"point_estimate":984.9879795596165,"standard_error":302.152664549137}}