{"Mean":{"confidence_interval":{"confidence_level":0.95,"lower_bound":1007668.4158848615,"upper_bound":1028415.4663930347},"point_estimate":1015251.641599147,"standard_error":6002.50827789641},"Median":{"confidence_interval":{"confidence_level":0.95,"lower_bound":1007018.5490049751,"upper_bound":1014079.2039800995},"point_estimate":1007720.3195628998,"standard_error":2397.2583818786807},"MedianAbsDev":{"confidence_interval":{"confidence_level":0.95,"lower_bound":311.7592415547113,"upper_bound":8083.181341644177},"point_estimate":2098.7824056495842,"standard_error":2588.1596937095937},"Slope":{"confidence_interval":{"confidence_level":0.95,"lower_bound":1007840.4978969882,"upper_bound":1012771.7284133717},"point_estimate":1010080.1050978872,"standard_error":1288.0644448429766},"StdDev":{"confidence_interval":{"confidence_level":0.95,"lower_bound":1440.8087495322886,"upper_bound":30737.293312618975},"point_estimate":20009.67291099703,"standard_error":10135.08329292751}}