{"Mean":{"confidence_interval":{"confidence_level":0.95,"lower_bound":266401.1719148936,"upper_bound":268454.4759797909},"point_estimate":267445.3136756405,"standard_error":524.9360922282771},"Median":{"confidence_interval":{"confidence_level":0.95,"lower_bound":265895.21859169204,"upper_bound":268996.72948328266},"point_estimate":267421.9264184397,"standard_error":779.389676316129},"MedianAbsDev":{"confidence_interval":{"confidence_level":0.95,"lower_bound":532.6330533098533,"upper_bound":3045.7562733737977},"point_estimate":2009.3005080207936,"standard_error":681.9580819831484},"Slope":{"confidence_interval":{"confidence_level":0.95,"lower_bound":265876.55225302203,"upper_bound":268752.7054699373},"point_estimate":267494.7807839577,"standard_error":766.1892432808464},"StdDev":{"confidence_interval":{"confidence_level":0.95,"lower_bound":1031.4658293595335,"upper_bound":2159.330086175556},"point_estimate":1753.3654163876322,"standard_error":289.29316594504536}}