{"Mean":{"confidence_interval":{"confidence_level":0.95,"lower_bound":284867.253940151,"upper_bound":286905.1956170868},"point_estimate":285696.9283836333,"standard_error":543.6394068704265},"Median":{"confidence_interval":{"confidence_level":0.95,"lower_bound":284712.11705685616,"upper_bound":286028.3294314381},"point_estimate":284973.4446070234,"standard_error":381.4784686158137},"MedianAbsDev":{"confidence_interval":{"confidence_level":0.95,"lower_bound":16.805160905727135,"upper_bound":1687.4628521405157},"point_estimate":397.6359574890384,"standard_error":439.88943057077614},"Slope":{"confidence_interval":{"confidence_level":0.95,"lower_bound":284713.14704830054,"upper_bound":286928.8929108494},"point_estimate":285393.5370542501,"standard_error":604.9180023813109},"StdDev":{"confidence_interval":{"confidence_level":0.95,"lower_bound":270.5775694728993,"upper_bound":2698.270399790694},"point_estimate":1812.7137222561619,"standard_error":726.6938692932338}}