{"Mean":{"confidence_interval":{"confidence_level":0.95,"lower_bound":66868.07519616492,"upper_bound":67377.93744527297},"point_estimate":67117.33028875304,"standard_error":129.99667014807738},"Median":{"confidence_interval":{"confidence_level":0.95,"lower_bound":66703.2945945946,"upper_bound":67385.52456956956},"point_estimate":67146.08057432433,"standard_error":153.97868540691843},"MedianAbsDev":{"confidence_interval":{"confidence_level":0.95,"lower_bound":31.29012218097688,"upper_bound":796.3355466993045},"point_estimate":359.53197955621346,"standard_error":187.02448237135192},"Slope":{"confidence_interval":{"confidence_level":0.95,"lower_bound":67129.93325052994,"upper_bound":67557.94638363995},"point_estimate":67358.36818298818,"standard_error":107.69280889371979},"StdDev":{"confidence_interval":{"confidence_level":0.95,"lower_bound":227.3009372856121,"upper_bound":573.6168583690435},"point_estimate":435.73813790565185,"standard_error":91.34137827977301}}