{"Mean":{"confidence_interval":{"confidence_level":0.95,"lower_bound":1264.718505192377,"upper_bound":1358.9055333682898},"point_estimate":1314.157046951344,"standard_error":24.17039640737774},"Median":{"confidence_interval":{"confidence_level":0.95,"lower_bound":1252.9727702628395,"upper_bound":1376.928205212801},"point_estimate":1326.553338517855,"standard_error":32.58371408940999},"MedianAbsDev":{"confidence_interval":{"confidence_level":0.95,"lower_bound":11.913087403973892,"upper_bound":137.1059109030659},"point_estimate":75.57237505951,"standard_error":32.35655333187655},"Slope":{"confidence_interval":{"confidence_level":0.95,"lower_bound":1321.790221536921,"upper_bound":1373.7093628505443},"point_estimate":1352.2768701770021,"standard_error":13.3318069322911},"StdDev":{"confidence_interval":{"confidence_level":0.95,"lower_bound":38.83609455521263,"upper_bound":98.70570378087594},"point_estimate":80.33188785272665,"standard_error":14.627603336441865}}