{"Mean":{"confidence_interval":{"confidence_level":0.95,"lower_bound":6256.367735803076,"upper_bound":6440.549282512498},"point_estimate":6342.578289571551,"standard_error":47.28802627282394},"Median":{"confidence_interval":{"confidence_level":0.95,"lower_bound":6222.3644102148355,"upper_bound":6438.2543473854885},"point_estimate":6304.514133225241,"standard_error":79.137820612517},"MedianAbsDev":{"confidence_interval":{"confidence_level":0.95,"lower_bound":6.615919586638725,"upper_bound":296.3148494404138},"point_estimate":147.9538510761718,"standard_error":77.21483357867899},"Slope":{"confidence_interval":{"confidence_level":0.95,"lower_bound":6297.314324835865,"upper_bound":6559.495578667674},"point_estimate":6448.601730057539,"standard_error":68.61142024267964},"StdDev":{"confidence_interval":{"confidence_level":0.95,"lower_bound":85.90389624749841,"upper_bound":207.75475213421257},"point_estimate":157.20846650538684,"standard_error":34.76604553840126}}