{"Mean":{"confidence_interval":{"confidence_level":0.95,"lower_bound":1167760.5141895602,"upper_bound":1221020.6187910945},"point_estimate":1195909.7813911783,"standard_error":13709.736380063589},"Median":{"confidence_interval":{"confidence_level":0.95,"lower_bound":1155515.9865384614,"upper_bound":1233151.7922008547},"point_estimate":1216669.2353479853,"standard_error":22578.398567656594},"MedianAbsDev":{"confidence_interval":{"confidence_level":0.95,"lower_bound":4698.9264981959905,"upper_bound":76257.83186846082},"point_estimate":30502.096819120732,"standard_error":21022.334878097743},"Slope":{"confidence_interval":{"confidence_level":0.95,"lower_bound":1206348.9389886763,"upper_bound":1232963.291038526},"point_estimate":1224929.668981019,"standard_error":6910.544636490097},"StdDev":{"confidence_interval":{"confidence_level":0.95,"lower_bound":22858.84593685023,"upper_bound":54684.13040759122},"point_estimate":45706.917480165655,"standard_error":8068.043683623284}}