{"Mean":{"confidence_interval":{"confidence_level":0.95,"lower_bound":104948.49477231067,"upper_bound":105913.56343144007},"point_estimate":105419.6631402754,"standard_error":247.64066654864226},"Median":{"confidence_interval":{"confidence_level":0.95,"lower_bound":104795.07765060241,"upper_bound":106138.92254733219},"point_estimate":105266.72625502008,"standard_error":282.53383974627957},"MedianAbsDev":{"confidence_interval":{"confidence_level":0.95,"lower_bound":14.202295530990256,"upper_bound":1425.972916159816},"point_estimate":756.3704497042692,"standard_error":481.54851146243385},"Slope":{"confidence_interval":{"confidence_level":0.95,"lower_bound":104556.98591518438,"upper_bound":106158.44103020779},"point_estimate":105355.5091034267,"standard_error":425.1089452191059},"StdDev":{"confidence_interval":{"confidence_level":0.95,"lower_bound":443.7134694877312,"upper_bound":1033.1437341557807},"point_estimate":827.7038948646582,"standard_error":148.6456562158495}}