{"Mean":{"confidence_interval":{"confidence_level":0.95,"lower_bound":303.8525688707793,"upper_bound":334.09017180264567},"point_estimate":321.03486237536714,"standard_error":7.846467939357407},"Median":{"confidence_interval":{"confidence_level":0.95,"lower_bound":315.76744061722695,"upper_bound":339.61144786240277},"point_estimate":322.2351774109504,"standard_error":6.614313956502265},"MedianAbsDev":{"confidence_interval":{"confidence_level":0.95,"lower_bound":2.0225164279424703,"upper_bound":33.24838888702693},"point_estimate":13.751012669657548,"standard_error":7.609263921911921},"Slope":{"confidence_interval":{"confidence_level":0.95,"lower_bound":320.53833143611246,"upper_bound":334.68044280947043},"point_estimate":326.151029488243,"standard_error":3.5842599345495714},"StdDev":{"confidence_interval":{"confidence_level":0.95,"lower_bound":9.038566001500069,"upper_bound":38.25550993685457},"point_estimate":26.18317957788982,"standard_error":9.089895896359506}}