{"Mean":{"confidence_interval":{"confidence_level":0.95,"lower_bound":1760685.7785205313,"upper_bound":1791545.5169806764},"point_estimate":1774682.616256039,"standard_error":7953.780269166909},"Median":{"confidence_interval":{"confidence_level":0.95,"lower_bound":1755281.1304347827,"upper_bound":1790188.6195652173},"point_estimate":1767428.0891304347,"standard_error":8748.776565313921},"MedianAbsDev":{"confidence_interval":{"confidence_level":0.95,"lower_bound":5656.099561323137,"upper_bound":40021.34397752265},"point_estimate":20046.13361352998,"standard_error":9111.346227495407},"Slope":{"confidence_interval":{"confidence_level":0.95,"lower_bound":1752663.3526387506,"upper_bound":1773056.8046162105},"point_estimate":1759361.0481084133,"standard_error":5244.0361703113385},"StdDev":{"confidence_interval":{"confidence_level":0.95,"lower_bound":10340.100017032215,"upper_bound":35874.693477476554},"point_estimate":26452.163336136804,"standard_error":6970.700455507953}}