{"Mean":{"confidence_interval":{"confidence_level":0.95,"lower_bound":704.9441983825908,"upper_bound":722.1696151757969},"point_estimate":714.1919035316935,"standard_error":4.404854463258678},"Median":{"confidence_interval":{"confidence_level":0.95,"lower_bound":707.3357697397441,"upper_bound":724.6015396895414},"point_estimate":715.7895405822674,"standard_error":5.28542844037683},"MedianAbsDev":{"confidence_interval":{"confidence_level":0.95,"lower_bound":2.8870256618461343,"upper_bound":23.32439707227873},"point_estimate":12.292396609821026,"standard_error":5.083859838455167},"Slope":{"confidence_interval":{"confidence_level":0.95,"lower_bound":716.8454407068359,"upper_bound":727.4955169562818},"point_estimate":723.1000755962167,"standard_error":2.7085248886589106},"StdDev":{"confidence_interval":{"confidence_level":0.95,"lower_bound":6.942882892563196,"upper_bound":20.022682831411867},"point_estimate":14.674604609311872,"standard_error":3.694105290698576}}