{"Mean":{"confidence_interval":{"confidence_level":0.95,"lower_bound":270.04516946065866,"upper_bound":285.40840062569964},"point_estimate":277.91630457354006,"standard_error":3.942487902509244},"Median":{"confidence_interval":{"confidence_level":0.95,"lower_bound":265.7866906495231,"upper_bound":287.0689696261285},"point_estimate":282.4282385434981,"standard_error":6.176628456657307},"MedianAbsDev":{"confidence_interval":{"confidence_level":0.95,"lower_bound":1.868253957386288,"upper_bound":21.24070191447545},"point_estimate":11.65536848296506,"standard_error":5.543770083895183},"Slope":{"confidence_interval":{"confidence_level":0.95,"lower_bound":276.6073267558561,"upper_bound":291.58160563686465},"point_estimate":285.1723606103322,"standard_error":3.889921811421079},"StdDev":{"confidence_interval":{"confidence_level":0.95,"lower_bound":7.407712212084336,"upper_bound":16.326642711342608},"point_estimate":13.144079113196515,"standard_error":2.2745748840646716}}