{"Mean":{"confidence_interval":{"confidence_level":0.95,"lower_bound":80028.0014303959,"upper_bound":81256.54875230913},"point_estimate":80645.43062956122,"standard_error":314.34302725272255},"Median":{"confidence_interval":{"confidence_level":0.95,"lower_bound":79748.69109195402,"upper_bound":81580.86709770115},"point_estimate":80672.82768883416,"standard_error":424.80088447204446},"MedianAbsDev":{"confidence_interval":{"confidence_level":0.95,"lower_bound":301.0369365017989,"upper_bound":1820.4028612158559},"point_estimate":1358.1920489476151,"standard_error":400.64039511249354},"Slope":{"confidence_interval":{"confidence_level":0.95,"lower_bound":80384.06395219933,"upper_bound":81822.32907772792},"point_estimate":81302.99677937005,"standard_error":367.5448365733105},"StdDev":{"confidence_interval":{"confidence_level":0.95,"lower_bound":606.3291007444758,"upper_bound":1315.1732767436029},"point_estimate":1049.5117576253551,"standard_error":182.13598480055768}}