{"Mean":{"confidence_interval":{"confidence_level":0.95,"lower_bound":18158937.070948806,"upper_bound":18286638.308047622},"point_estimate":18219882.716380954,"standard_error":32758.019414278177},"Median":{"confidence_interval":{"confidence_level":0.95,"lower_bound":18135875.65,"upper_bound":18316540.6},"point_estimate":18160559.633333333,"standard_error":54396.25898897322},"MedianAbsDev":{"confidence_interval":{"confidence_level":0.95,"lower_bound":6312.275287933923,"upper_bound":171399.37252404998},"point_estimate":63259.313750921174,"standard_error":48641.63325847712},"Slope":{"confidence_interval":{"confidence_level":0.95,"lower_bound":18143626.340574592,"upper_bound":18268574.340258498},"point_estimate":18192523.591168832,"standard_error":32484.019235710242},"StdDev":{"confidence_interval":{"confidence_level":0.95,"lower_bound":57062.208806693285,"upper_bound":130057.26372517308},"point_estimate":109094.85524202573,"standard_error":18560.85641855399}}