{"Mean":{"confidence_interval":{"confidence_level":0.95,"lower_bound":1257948.7542371796,"upper_bound":1290632.5325201463},"point_estimate":1273860.8845409036,"standard_error":8364.195679267668},"Median":{"confidence_interval":{"confidence_level":0.95,"lower_bound":1248761.3153846154,"upper_bound":1299650.0265934067},"point_estimate":1265371.6974358973,"standard_error":13187.749302553528},"MedianAbsDev":{"confidence_interval":{"confidence_level":0.95,"lower_bound":1526.3354057227182,"upper_bound":44835.85957954276},"point_estimate":35052.202229852875,"standard_error":11263.875343980533},"Slope":{"confidence_interval":{"confidence_level":0.95,"lower_bound":1249594.6567776478,"upper_bound":1288269.6963721707},"point_estimate":1264688.4124275725,"standard_error":9807.977008597976},"StdDev":{"confidence_interval":{"confidence_level":0.95,"lower_bound":16711.373029064573,"upper_bound":34135.354152472144},"point_estimate":27979.748496361994,"standard_error":4463.976839816913}}