{"Mean":{"confidence_interval":{"confidence_level":0.95,"lower_bound":69814.31249246988,"upper_bound":71579.56745649264},"point_estimate":70679.37576604036,"standard_error":451.63512599192677},"Median":{"confidence_interval":{"confidence_level":0.95,"lower_bound":69304.19578313253,"upper_bound":71796.85965110442},"point_estimate":70638.7623350545,"standard_error":581.5546100128988},"MedianAbsDev":{"confidence_interval":{"confidence_level":0.95,"lower_bound":260.75645692937746,"upper_bound":2772.801641503354},"point_estimate":1823.8482928210256,"standard_error":661.8724836666039},"Slope":{"confidence_interval":{"confidence_level":0.95,"lower_bound":70616.26090074584,"upper_bound":72383.35517184943},"point_estimate":71601.54711312783,"standard_error":463.8985250123744},"StdDev":{"confidence_interval":{"confidence_level":0.95,"lower_bound":861.3359936301862,"upper_bound":1859.79663739008},"point_estimate":1509.0234170656404,"standard_error":255.3639699045854}}