{"Mean":{"confidence_interval":{"confidence_level":0.95,"lower_bound":238598.17962284028,"upper_bound":247795.5270185683},"point_estimate":243109.59321797304,"standard_error":2359.033196428413},"Median":{"confidence_interval":{"confidence_level":0.95,"lower_bound":235725.10951327434,"upper_bound":249981.76116729877},"point_estimate":241333.37544247787,"standard_error":4202.984605910669},"MedianAbsDev":{"confidence_interval":{"confidence_level":0.95,"lower_bound":362.3504012661206,"upper_bound":12267.96963149204},"point_estimate":11708.376375807331,"standard_error":3149.5884907059426},"Slope":{"confidence_interval":{"confidence_level":0.95,"lower_bound":243743.14683611234,"upper_bound":251481.37116629918},"point_estimate":248578.24636248706,"standard_error":1962.3170366574855},"StdDev":{"confidence_interval":{"confidence_level":0.95,"lower_bound":4937.387048995328,"upper_bound":9567.624979566943},"point_estimate":7908.681483108639,"standard_error":1196.7820039948706}}