{"Mean":{"confidence_interval":{"confidence_level":0.95,"lower_bound":521.3862414935428,"upper_bound":544.2275997351704},"point_estimate":531.8429253810798,"standard_error":5.850617280839066},"Median":{"confidence_interval":{"confidence_level":0.95,"lower_bound":521.1591409875239,"upper_bound":543.5463030370391},"point_estimate":522.8098391175081,"standard_error":6.459409020761447},"MedianAbsDev":{"confidence_interval":{"confidence_level":0.95,"lower_bound":0.23010640387282952,"upper_bound":30.743880861283653},"point_estimate":8.350245846779822,"standard_error":8.69578316517065},"Slope":{"confidence_interval":{"confidence_level":0.95,"lower_bound":517.3378602325935,"upper_bound":555.0293060454067},"point_estimate":537.1462785923404,"standard_error":9.49946387061584},"StdDev":{"confidence_interval":{"confidence_level":0.95,"lower_bound":7.335613172838391,"upper_bound":26.252055639498856},"point_estimate":19.541994009219785,"standard_error":4.9918833669605585}}