{"Mean":{"confidence_interval":{"confidence_level":0.95,"lower_bound":686803.5548096206,"upper_bound":693111.3712117692},"point_estimate":689886.3797115756,"standard_error":1611.3697177061154},"Median":{"confidence_interval":{"confidence_level":0.95,"lower_bound":684741.8943089431,"upper_bound":694709.7839721254},"point_estimate":689493.1043360434,"standard_error":2915.796159677417},"MedianAbsDev":{"confidence_interval":{"confidence_level":0.95,"lower_bound":1028.546198203005,"upper_bound":8760.66154788178},"point_estimate":7389.19647613259,"standard_error":2059.7524914711485},"Slope":{"confidence_interval":{"confidence_level":0.95,"lower_bound":687956.7575650495,"upper_bound":695585.2562657794},"point_estimate":692452.9641431739,"standard_error":1963.1533440472597},"StdDev":{"confidence_interval":{"confidence_level":0.95,"lower_bound":3449.5087962299485,"upper_bound":6417.134733182755},"point_estimate":5395.580331099411,"standard_error":762.7250813656955}}