{"Mean":{"confidence_interval":{"confidence_level":0.95,"lower_bound":1021457.1372417535,"upper_bound":1151047.3037931547},"point_estimate":1088401.16276207,"standard_error":33323.9197845874},"Median":{"confidence_interval":{"confidence_level":0.95,"lower_bound":983046.2942708333,"upper_bound":1188690.1148809525},"point_estimate":1122589.355902778,"standard_error":67136.52259860956},"MedianAbsDev":{"confidence_interval":{"confidence_level":0.95,"lower_bound":2658.9251838881682,"upper_bound":178977.5229100138},"point_estimate":107729.20420332675,"standard_error":52681.74653429984},"Slope":{"confidence_interval":{"confidence_level":0.95,"lower_bound":1114989.8205531216,"upper_bound":1185637.6277163671},"point_estimate":1165683.304004329,"standard_error":18605.896572120342},"StdDev":{"confidence_interval":{"confidence_level":0.95,"lower_bound":69624.35998821018,"upper_bound":127901.5870806926},"point_estimate":110869.94629223619,"standard_error":14879.5393334898}}