{"Mean":{"confidence_interval":{"confidence_level":0.95,"lower_bound":38674.140635397765,"upper_bound":39192.90411005962},"point_estimate":38934.434808357095,"standard_error":133.42743230423895},"Median":{"confidence_interval":{"confidence_level":0.95,"lower_bound":38486.57350272232,"upper_bound":39310.035367513614},"point_estimate":38974.1359217008,"standard_error":197.17761286953856},"MedianAbsDev":{"confidence_interval":{"confidence_level":0.95,"lower_bound":137.24622939188396,"upper_bound":779.3133389230431},"point_estimate":552.3640116091898,"standard_error":173.48212320983598},"Slope":{"confidence_interval":{"confidence_level":0.95,"lower_bound":38805.1565154265,"upper_bound":39396.553877797945},"point_estimate":39187.58596648361,"standard_error":149.1449750102479},"StdDev":{"confidence_interval":{"confidence_level":0.95,"lower_bound":269.9281904930858,"upper_bound":539.7554214708998},"point_estimate":444.20365651601065,"standard_error":69.02979571091144}}