{"Mean":{"confidence_interval":{"confidence_level":0.95,"lower_bound":1285117.2125877193,"upper_bound":1315310.508618421},"point_estimate":1298989.9085599415,"standard_error":7753.336372496508},"Median":{"confidence_interval":{"confidence_level":0.95,"lower_bound":1280734.8859649124,"upper_bound":1316177.930263158},"point_estimate":1291693.0263157894,"standard_error":8431.523950461995},"MedianAbsDev":{"confidence_interval":{"confidence_level":0.95,"lower_bound":4224.94173551857,"upper_bound":39696.349638143474},"point_estimate":17218.98307140708,"standard_error":9140.681845988041},"Slope":{"confidence_interval":{"confidence_level":0.95,"lower_bound":1277508.005507956,"upper_bound":1295507.7594130572},"point_estimate":1283893.322556391,"standard_error":4588.093513991487},"StdDev":{"confidence_interval":{"confidence_level":0.95,"lower_bound":9525.834066104722,"upper_bound":33929.44851388569},"point_estimate":25881.631966012043,"standard_error":6377.502526427875}}