{"Mean":{"confidence_interval":{"confidence_level":0.95,"lower_bound":10341785.554999998,"upper_bound":10624294.13112381},"point_estimate":10491125.52359524,"standard_error":72395.05169890325},"Median":{"confidence_interval":{"confidence_level":0.95,"lower_bound":10262671.133333333,"upper_bound":10671836.69047619},"point_estimate":10567130.453333333,"standard_error":91597.34603140371},"MedianAbsDev":{"confidence_interval":{"confidence_level":0.95,"lower_bound":33210.1714579015,"upper_bound":368326.4380308998},"point_estimate":173317.91372299148,"standard_error":100054.70591570169},"Slope":{"confidence_interval":{"confidence_level":0.95,"lower_bound":10511976.31051594,"upper_bound":10716718.260621404},"point_estimate":10647108.39064935,"standard_error":52720.16421662213},"StdDev":{"confidence_interval":{"confidence_level":0.95,"lower_bound":106665.24461308074,"upper_bound":308353.53418511135},"point_estimate":241265.72353147593,"standard_error":50038.79639543975}}