{"Mean":{"confidence_interval":{"confidence_level":0.95,"lower_bound":2361.854510431164,"upper_bound":2595.42812859393},"point_estimate":2486.2111019408576,"standard_error":59.95247634480663},"Median":{"confidence_interval":{"confidence_level":0.95,"lower_bound":2388.083648897951,"upper_bound":2655.2259658435014},"point_estimate":2491.964676991294,"standard_error":73.10504067443884},"MedianAbsDev":{"confidence_interval":{"confidence_level":0.95,"lower_bound":37.90424320268421,"upper_bound":325.8140571055691},"point_estimate":188.00307697104603,"standard_error":69.65811682397195},"Slope":{"confidence_interval":{"confidence_level":0.95,"lower_bound":2515.885711739536,"upper_bound":2683.7595178450056},"point_estimate":2623.444965656734,"standard_error":42.82365977009853},"StdDev":{"confidence_interval":{"confidence_level":0.95,"lower_bound":96.4901179972709,"upper_bound":272.31461074596405},"point_estimate":200.43337132807716,"standard_error":49.64517652704938}}