{"Mean":{"confidence_interval":{"confidence_level":0.95,"lower_bound":2578.5238981188677,"upper_bound":2622.296724350851},"point_estimate":2601.4078290640073,"standard_error":11.304160080088842},"Median":{"confidence_interval":{"confidence_level":0.95,"lower_bound":2573.3450842063758,"upper_bound":2617.447717181105},"point_estimate":2609.741192125718,"standard_error":9.144036236332488},"MedianAbsDev":{"confidence_interval":{"confidence_level":0.95,"lower_bound":2.84105321572692,"upper_bound":66.36980098332617},"point_estimate":11.23860643236065,"standard_error":16.633706901101398},"Slope":{"confidence_interval":{"confidence_level":0.95,"lower_bound":2602.518108267773,"upper_bound":2635.538461501238},"point_estimate":2618.763613650628,"standard_error":8.466775340558968},"StdDev":{"confidence_interval":{"confidence_level":0.95,"lower_bound":7.256214256592673,"upper_bound":50.06398198098699},"point_estimate":37.667250817131,"standard_error":9.373129071762657}}