{"Mean":{"confidence_interval":{"confidence_level":0.95,"lower_bound":26516.461062851296,"upper_bound":27095.744152142088},"point_estimate":26818.61033538539,"standard_error":148.09799565559794},"Median":{"confidence_interval":{"confidence_level":0.95,"lower_bound":26440.528989950602,"upper_bound":27220.016067677283},"point_estimate":26873.732541304715,"standard_error":200.94039680066368},"MedianAbsDev":{"confidence_interval":{"confidence_level":0.95,"lower_bound":92.96784966272811,"upper_bound":832.7928322512496},"point_estimate":541.1790834768037,"standard_error":189.12726913353654},"Slope":{"confidence_interval":{"confidence_level":0.95,"lower_bound":26899.16175791567,"upper_bound":27269.220070988296},"point_estimate":27144.073049791292,"standard_error":95.22136376756313},"StdDev":{"confidence_interval":{"confidence_level":0.95,"lower_bound":251.17673305606155,"upper_bound":610.7563878009299},"point_estimate":492.61423365500207,"standard_error":89.41348369178232}}