{"Mean":{"confidence_interval":{"confidence_level":0.95,"lower_bound":54403.51678209413,"upper_bound":54800.20742982456},"point_estimate":54599.399066903374,"standard_error":101.69554896603351},"Median":{"confidence_interval":{"confidence_level":0.95,"lower_bound":54323.57442564746,"upper_bound":54927.445419103315},"point_estimate":54562.23769980507,"standard_error":180.7104074747627},"MedianAbsDev":{"confidence_interval":{"confidence_level":0.95,"lower_bound":36.23199418862553,"upper_bound":544.435440977609},"point_estimate":388.61666558166485,"standard_error":132.05552181413083},"Slope":{"confidence_interval":{"confidence_level":0.95,"lower_bound":54386.34450374187,"upper_bound":54746.339097814685},"point_estimate":54556.23121136174,"standard_error":92.52285681582487},"StdDev":{"confidence_interval":{"confidence_level":0.95,"lower_bound":217.05515586430084,"upper_bound":404.5670673691505},"point_estimate":339.2183145016499,"standard_error":47.85408246987533}}