{"Mean":{"confidence_interval":{"confidence_level":0.95,"lower_bound":3971.181594232031,"upper_bound":4294.988774994104},"point_estimate":4145.868468051491,"standard_error":83.43701754022393},"Median":{"confidence_interval":{"confidence_level":0.95,"lower_bound":3967.8281539783775,"upper_bound":4328.161165015606},"point_estimate":4182.226297100466,"standard_error":74.82152761905405},"MedianAbsDev":{"confidence_interval":{"confidence_level":0.95,"lower_bound":27.22097009618604,"upper_bound":452.65862238845506},"point_estimate":159.8660595668178,"standard_error":109.71330708880896},"Slope":{"confidence_interval":{"confidence_level":0.95,"lower_bound":4165.8197528977935,"upper_bound":4402.313615657208},"point_estimate":4318.323756064807,"standard_error":60.59669050763545},"StdDev":{"confidence_interval":{"confidence_level":0.95,"lower_bound":104.42328996320633,"upper_bound":363.7675673433914},"point_estimate":276.22834520380314,"standard_error":68.27174109283291}}