{"Mean":{"confidence_interval":{"confidence_level":0.95,"lower_bound":2819.4011251809598,"upper_bound":2924.321500581814},"point_estimate":2871.943099355644,"standard_error":26.76119478809019},"Median":{"confidence_interval":{"confidence_level":0.95,"lower_bound":2818.2635175204505,"upper_bound":2936.6336867510854},"point_estimate":2865.750570352153,"standard_error":21.23376400213747},"MedianAbsDev":{"confidence_interval":{"confidence_level":0.95,"lower_bound":4.149767148345944,"upper_bound":163.60892011299467},"point_estimate":34.62210413116232,"standard_error":47.971232495315114},"Slope":{"confidence_interval":{"confidence_level":0.95,"lower_bound":2867.722205917919,"upper_bound":2977.1211249800945},"point_estimate":2934.2797222242984,"standard_error":28.48844948920898},"StdDev":{"confidence_interval":{"confidence_level":0.95,"lower_bound":40.67544394579854,"upper_bound":117.86367833666566},"point_estimate":89.11824241362892,"standard_error":19.58853112090684}}