{"Mean":{"confidence_interval":{"confidence_level":0.95,"lower_bound":909437.7172213544,"upper_bound":1013351.3167168207},"point_estimate":968246.2799906305,"standard_error":26901.587570787786},"Median":{"confidence_interval":{"confidence_level":0.95,"lower_bound":932990.1744791666,"upper_bound":1018956.4340277778},"point_estimate":1010774.3886684303,"standard_error":22568.759322057093},"MedianAbsDev":{"confidence_interval":{"confidence_level":0.95,"lower_bound":1985.4019047058355,"upper_bound":114325.669514897},"point_estimate":13716.446953336277,"standard_error":27817.746897932826},"Slope":{"confidence_interval":{"confidence_level":0.95,"lower_bound":997238.3816279675,"upper_bound":1015613.5051736851},"point_estimate":1009258.1065295815,"standard_error":4875.956790009297},"StdDev":{"confidence_interval":{"confidence_level":0.95,"lower_bound":8824.32902730331,"upper_bound":123143.02149834152},"point_estimate":89704.84371556736,"standard_error":29033.12655214841}}