{"Mean":{"confidence_interval":{"confidence_level":0.95,"lower_bound":347.3179133125285,"upper_bound":356.3465333961439},"point_estimate":351.78726943636525,"standard_error":2.314048841528907},"Median":{"confidence_interval":{"confidence_level":0.95,"lower_bound":345.2771599838541,"upper_bound":357.81001742850356},"point_estimate":351.8634761942486,"standard_error":2.6454680721833173},"MedianAbsDev":{"confidence_interval":{"confidence_level":0.95,"lower_bound":1.855886770505448,"upper_bound":14.703087896299861},"point_estimate":5.722757205380056,"standard_error":3.3662009010232024},"Slope":{"confidence_interval":{"confidence_level":0.95,"lower_bound":348.4016024247332,"upper_bound":357.9183308171339},"point_estimate":353.4283787890791,"standard_error":2.400190669595679},"StdDev":{"confidence_interval":{"confidence_level":0.95,"lower_bound":4.2014609226821715,"upper_bound":9.816748014449427},"point_estimate":7.720807536099239,"standard_error":1.447730112388425}}