{"Mean":{"confidence_interval":{"confidence_level":0.95,"lower_bound":2781.2893487794945,"upper_bound":2801.836669638669},"point_estimate":2791.4288963799972,"standard_error":5.259672180569541},"Median":{"confidence_interval":{"confidence_level":0.95,"lower_bound":2777.9987747442447,"upper_bound":2808.812622981061},"point_estimate":2788.671175972234,"standard_error":8.081398393114979},"MedianAbsDev":{"confidence_interval":{"confidence_level":0.95,"lower_bound":2.987840916046264,"upper_bound":28.904904135793238},"point_estimate":18.449647463166933,"standard_error":6.442722239811089},"Slope":{"confidence_interval":{"confidence_level":0.95,"lower_bound":2772.6998150276577,"upper_bound":2800.4036267764136},"point_estimate":2783.25890494682,"standard_error":7.1257084851536305},"StdDev":{"confidence_interval":{"confidence_level":0.95,"lower_bound":10.41217210465812,"upper_bound":21.70248937721366},"point_estimate":17.577860016681374,"standard_error":2.894650744713686}}