{"Mean":{"confidence_interval":{"confidence_level":0.95,"lower_bound":123622.93476555409,"upper_bound":124836.8219170899},"point_estimate":124205.49593907168,"standard_error":310.1311514661993},"Median":{"confidence_interval":{"confidence_level":0.95,"lower_bound":123377.98820195775,"upper_bound":124904.30649149923},"point_estimate":124160.8358878585,"standard_error":440.247099099275},"MedianAbsDev":{"confidence_interval":{"confidence_level":0.95,"lower_bound":266.9585422157154,"upper_bound":1861.5608909228697},"point_estimate":1097.7986797219216,"standard_error":378.5673261825985},"Slope":{"confidence_interval":{"confidence_level":0.95,"lower_bound":123867.27404241009,"upper_bound":124999.56181007012},"point_estimate":124494.65621951464,"standard_error":283.8468772017453},"StdDev":{"confidence_interval":{"confidence_level":0.95,"lower_bound":570.3009401386907,"upper_bound":1338.6789044240509},"point_estimate":1032.4435737797635,"standard_error":206.35004768212465}}