{"Mean":{"confidence_interval":{"confidence_level":0.95,"lower_bound":130836.2339088479,"upper_bound":132551.5002487636},"point_estimate":131760.95565217134,"standard_error":439.2212590438526},"Median":{"confidence_interval":{"confidence_level":0.95,"lower_bound":130804.78288822947,"upper_bound":132829.49629080118},"point_estimate":132203.1149851632,"standard_error":546.7187315316298},"MedianAbsDev":{"confidence_interval":{"confidence_level":0.95,"lower_bound":208.771254547805,"upper_bound":2368.3202886165996},"point_estimate":1152.9588275130936,"standard_error":534.1738183948963},"Slope":{"confidence_interval":{"confidence_level":0.95,"lower_bound":130008.1566937244,"upper_bound":132550.39610845584},"point_estimate":131514.49064318472,"standard_error":665.5496669550157},"StdDev":{"confidence_interval":{"confidence_level":0.95,"lower_bound":660.6618825144909,"upper_bound":1960.4967934024628},"point_estimate":1470.9116137027947,"standard_error":351.7986656707317}}