{"Mean":{"confidence_interval":{"confidence_level":0.95,"lower_bound":195518.66624073382,"upper_bound":204950.75361094438},"point_estimate":200464.0187820128,"standard_error":2416.8901687308953},"Median":{"confidence_interval":{"confidence_level":0.95,"lower_bound":192911.0,"upper_bound":205597.28676470587},"point_estimate":202908.73818277312,"standard_error":3112.3354992129966},"MedianAbsDev":{"confidence_interval":{"confidence_level":0.95,"lower_bound":816.1159216140079,"upper_bound":13215.338354929168},"point_estimate":5028.092717351154,"standard_error":3349.687604051029},"Slope":{"confidence_interval":{"confidence_level":0.95,"lower_bound":202353.4346125547,"upper_bound":207270.98893789083},"point_estimate":205180.23605805959,"standard_error":1242.1696934423155},"StdDev":{"confidence_interval":{"confidence_level":0.95,"lower_bound":3919.5052404448206,"upper_bound":10342.472746158817},"point_estimate":8053.692527857515,"standard_error":1647.7302364195136}}