{"Mean":{"confidence_interval":{"confidence_level":0.95,"lower_bound":50725.932398068995,"upper_bound":51369.01365055217},"point_estimate":51067.94151751504,"standard_error":164.7395165316747},"Median":{"confidence_interval":{"confidence_level":0.95,"lower_bound":50595.14401622718,"upper_bound":51543.29907595222},"point_estimate":51235.89428185067,"standard_error":218.0943845856233},"MedianAbsDev":{"confidence_interval":{"confidence_level":0.95,"lower_bound":66.8838235336738,"upper_bound":925.0786287692652},"point_estimate":490.18406376537956,"standard_error":210.1451420431044},"Slope":{"confidence_interval":{"confidence_level":0.95,"lower_bound":51177.6635036472,"upper_bound":51509.44071885091},"point_estimate":51392.25603645847,"standard_error":85.3706585528751},"StdDev":{"confidence_interval":{"confidence_level":0.95,"lower_bound":256.80343156884646,"upper_bound":705.0560990272603},"point_estimate":547.891396681916,"standard_error":116.38666440130633}}