{"Mean":{"confidence_interval":{"confidence_level":0.95,"lower_bound":2477.4322398047616,"upper_bound":2547.8008495790723},"point_estimate":2513.001359867822,"standard_error":18.0091872061135},"Median":{"confidence_interval":{"confidence_level":0.95,"lower_bound":2469.669930302024,"upper_bound":2572.4990188350484},"point_estimate":2506.2438391968135,"standard_error":28.102946938947536},"MedianAbsDev":{"confidence_interval":{"confidence_level":0.95,"lower_bound":13.381319730074772,"upper_bound":105.64569226148747},"point_estimate":78.77602500162882,"standard_error":23.71785932165856},"Slope":{"confidence_interval":{"confidence_level":0.95,"lower_bound":2514.8405680788082,"upper_bound":2572.456242164033},"point_estimate":2553.2949289011685,"standard_error":14.566324508688169},"StdDev":{"confidence_interval":{"confidence_level":0.95,"lower_bound":36.64249672742105,"upper_bound":74.08140925435396},"point_estimate":59.84177641475183,"standard_error":9.71543489585032}}