{"Mean":{"confidence_interval":{"confidence_level":0.95,"lower_bound":6682567.974761904,"upper_bound":6732267.0269557815},"point_estimate":6706759.027015305,"standard_error":12749.736072276868},"Median":{"confidence_interval":{"confidence_level":0.95,"lower_bound":6672755.492857143,"upper_bound":6734740.428571428},"point_estimate":6705800.637755102,"standard_error":17449.31295468104},"MedianAbsDev":{"confidence_interval":{"confidence_level":0.95,"lower_bound":13844.289104215295,"upper_bound":74720.35587344825},"point_estimate":44708.384656267306,"standard_error":15051.968783605764},"Slope":{"confidence_interval":{"confidence_level":0.95,"lower_bound":6698788.454144621,"upper_bound":6752237.19015442},"point_estimate":6724445.239703154,"standard_error":13771.806270901658},"StdDev":{"confidence_interval":{"confidence_level":0.95,"lower_bound":23829.37592015606,"upper_bound":55002.35181876275},"point_estimate":42692.36569492777,"standard_error":8214.890763551066}}