{"Mean":{"confidence_interval":{"confidence_level":0.95,"lower_bound":2846656.958436127,"upper_bound":2886768.212429487},"point_estimate":2865576.010970696,"standard_error":10276.888018019445},"Median":{"confidence_interval":{"confidence_level":0.95,"lower_bound":2840082.325641026,"upper_bound":2886749.0625},"point_estimate":2860771.075320513,"standard_error":12534.606502793093},"MedianAbsDev":{"confidence_interval":{"confidence_level":0.95,"lower_bound":8798.79977648219,"upper_bound":55435.21133890524},"point_estimate":28961.68191813467,"standard_error":11853.871141634165},"Slope":{"confidence_interval":{"confidence_level":0.95,"lower_bound":2842127.62556038,"upper_bound":2870959.043900544},"point_estimate":2852966.5771228774,"standard_error":7425.674925228923},"StdDev":{"confidence_interval":{"confidence_level":0.95,"lower_bound":16701.662998545402,"upper_bound":45888.76566921478},"point_estimate":34279.905286242036,"standard_error":7955.749562692208}}