{"Mean":{"confidence_interval":{"confidence_level":0.95,"lower_bound":7785.481253320312,"upper_bound":8618.006363167318},"point_estimate":8210.49661734251,"standard_error":212.38836806018003},"Median":{"confidence_interval":{"confidence_level":0.95,"lower_bound":7519.027083333333,"upper_bound":8977.016059027777},"point_estimate":8253.009427083332,"standard_error":295.65741068653216},"MedianAbsDev":{"confidence_interval":{"confidence_level":0.95,"lower_bound":68.59061522758597,"upper_bound":1191.0120755506218},"point_estimate":1080.8072084941277,"standard_error":364.715985851267},"Slope":{"confidence_interval":{"confidence_level":0.95,"lower_bound":8268.03045967411,"upper_bound":8926.267467879945},"point_estimate":8724.762464150434,"standard_error":159.77204320474624},"StdDev":{"confidence_interval":{"confidence_level":0.95,"lower_bound":396.0045000406793,"upper_bound":872.5909191236154},"point_estimate":710.5510673344475,"standard_error":118.8554040666394}}