{"Mean":{"confidence_interval":{"confidence_level":0.95,"lower_bound":1415554.5679652991,"upper_bound":1438379.7003461667},"point_estimate":1426162.3756568725,"standard_error":5848.670979772019},"Median":{"confidence_interval":{"confidence_level":0.95,"lower_bound":1409767.1,"upper_bound":1439712.2647754138},"point_estimate":1423272.8019250254,"standard_error":7658.057911772928},"MedianAbsDev":{"confidence_interval":{"confidence_level":0.95,"lower_bound":3040.356462512188,"upper_bound":33213.77811016028},"point_estimate":21417.66520656913,"standard_error":7533.695372773934},"Slope":{"confidence_interval":{"confidence_level":0.95,"lower_bound":1415752.9674384836,"upper_bound":1452006.1651818221},"point_estimate":1435928.8546007185,"standard_error":9584.940751437684},"StdDev":{"confidence_interval":{"confidence_level":0.95,"lower_bound":8967.085572057373,"upper_bound":25958.19927871537},"point_estimate":19546.905092415698,"standard_error":4581.239690418957}}