{"Mean":{"confidence_interval":{"confidence_level":0.95,"lower_bound":3892595.6504347823,"upper_bound":3912866.7793064183},"point_estimate":3901933.9886128367,"standard_error":5221.198238258045},"Median":{"confidence_interval":{"confidence_level":0.95,"lower_bound":3891046.445652174,"upper_bound":3915960.895962733},"point_estimate":3893915.215942029,"standard_error":6079.584667976778},"MedianAbsDev":{"confidence_interval":{"confidence_level":0.95,"lower_bound":543.4480946997138,"upper_bound":27750.120687771665},"point_estimate":11642.116293311119,"standard_error":7157.445952318792},"Slope":{"confidence_interval":{"confidence_level":0.95,"lower_bound":3893596.5723320157,"upper_bound":3925405.583646169},"point_estimate":3910648.343308865,"standard_error":8326.773527557763},"StdDev":{"confidence_interval":{"confidence_level":0.95,"lower_bound":6266.412311619175,"upper_bound":22372.609707566608},"point_estimate":17403.107735396065,"standard_error":4143.077337691029}}