{"Mean":{"confidence_interval":{"confidence_level":0.95,"lower_bound":3103.1005313909827,"upper_bound":3175.4963960698915},"point_estimate":3141.4244556405406,"standard_error":18.687858295626693},"Median":{"confidence_interval":{"confidence_level":0.95,"lower_bound":3086.368064990942,"upper_bound":3186.4526591277927},"point_estimate":3163.448562653662,"standard_error":25.68074151952136},"MedianAbsDev":{"confidence_interval":{"confidence_level":0.95,"lower_bound":4.9752508370000115,"upper_bound":101.94500504515828},"point_estimate":34.1594653664306,"standard_error":24.17672461605499},"Slope":{"confidence_interval":{"confidence_level":0.95,"lower_bound":3158.5087848177786,"upper_bound":3190.3725561968577},"point_estimate":3178.6146120438666,"standard_error":8.144260602116002},"StdDev":{"confidence_interval":{"confidence_level":0.95,"lower_bound":21.11284227983401,"upper_bound":75.02757873935577},"point_estimate":62.26503551532883,"standard_error":12.18388454123819}}