{"Mean":{"confidence_interval":{"confidence_level":0.95,"lower_bound":18670.480208342793,"upper_bound":20418.62653527442},"point_estimate":19593.809791796735,"standard_error":448.3042575309278},"Median":{"confidence_interval":{"confidence_level":0.95,"lower_bound":18570.64905310555,"upper_bound":20480.897695669446},"point_estimate":20232.75810488677,"standard_error":556.2530768025802},"MedianAbsDev":{"confidence_interval":{"confidence_level":0.95,"lower_bound":25.913220445789335,"upper_bound":2485.445753697319},"point_estimate":1021.7428408890437,"standard_error":671.3653418612744},"Slope":{"confidence_interval":{"confidence_level":0.95,"lower_bound":19968.196475409077,"upper_bound":21027.991551030296},"point_estimate":20503.239059073625,"standard_error":280.89051013055854},"StdDev":{"confidence_interval":{"confidence_level":0.95,"lower_bound":697.2717554050198,"upper_bound":1966.2895155155784},"point_estimate":1498.4595829523873,"standard_error":335.5006001315771}}