{"Mean":{"confidence_interval":{"confidence_level":0.95,"lower_bound":64898.466183266486,"upper_bound":65341.05909705421},"point_estimate":65101.44431761594,"standard_error":113.49934470706121},"Median":{"confidence_interval":{"confidence_level":0.95,"lower_bound":64877.31961774609,"upper_bound":65282.83614081997},"point_estimate":65042.29552139038,"standard_error":94.9935421869109},"MedianAbsDev":{"confidence_interval":{"confidence_level":0.95,"lower_bound":73.310618685109,"upper_bound":569.791142459936},"point_estimate":204.83735451849267,"standard_error":127.93043455340029},"Slope":{"confidence_interval":{"confidence_level":0.95,"lower_bound":64981.81657435701,"upper_bound":65147.38892105771},"point_estimate":65071.21087344029,"standard_error":42.354056720525996},"StdDev":{"confidence_interval":{"confidence_level":0.95,"lower_bound":145.01692252484952,"upper_bound":524.931742740297},"point_estimate":377.73083824627145,"standard_error":104.6515994842114}}