{"Mean":{"confidence_interval":{"confidence_level":0.95,"lower_bound":12722.60232793508,"upper_bound":12912.192235521874},"point_estimate":12818.45971342516,"standard_error":48.40676210369551},"Median":{"confidence_interval":{"confidence_level":0.95,"lower_bound":12716.348301426427,"upper_bound":12956.733108108108},"point_estimate":12804.199533462033,"standard_error":49.96337527535307},"MedianAbsDev":{"confidence_interval":{"confidence_level":0.95,"lower_bound":19.01140034566313,"upper_bound":281.8345135292556},"point_estimate":140.41076954174468,"standard_error":79.74292712626041},"Slope":{"confidence_interval":{"confidence_level":0.95,"lower_bound":12783.619575262635,"upper_bound":12898.039176548999},"point_estimate":12824.291514148657,"standard_error":29.33291544981431},"StdDev":{"confidence_interval":{"confidence_level":0.95,"lower_bound":82.98249874796892,"upper_bound":211.30820715277127},"point_estimate":161.38000872910322,"standard_error":33.05754665819093}}