{"Mean":{"confidence_interval":{"confidence_level":0.95,"lower_bound":1813.6292760397941,"upper_bound":1881.5923636093241},"point_estimate":1848.506660828994,"standard_error":17.454525180388515},"Median":{"confidence_interval":{"confidence_level":0.95,"lower_bound":1796.299212913021,"upper_bound":1901.5451365305134},"point_estimate":1854.7538695113667,"standard_error":25.7765330978357},"MedianAbsDev":{"confidence_interval":{"confidence_level":0.95,"lower_bound":17.20287564615072,"upper_bound":95.28491851091943},"point_estimate":73.9292598430863,"standard_error":21.194008339955683},"Slope":{"confidence_interval":{"confidence_level":0.95,"lower_bound":1853.969028214267,"upper_bound":1904.0527170087396},"point_estimate":1887.156321835502,"standard_error":12.822007524624357},"StdDev":{"confidence_interval":{"confidence_level":0.95,"lower_bound":32.995344080097176,"upper_bound":71.75334769676654},"point_estimate":58.29456701324793,"standard_error":9.819813356877285}}