{"Mean":{"confidence_interval":{"confidence_level":0.95,"lower_bound":1585424.338398912,"upper_bound":1589234.5468929256},"point_estimate":1587338.7916652984,"standard_error":976.0387457003704},"Median":{"confidence_interval":{"confidence_level":0.95,"lower_bound":1583951.2241379311,"upper_bound":1590297.3051724138},"point_estimate":1587574.4807881773,"standard_error":1384.2510135127975},"MedianAbsDev":{"confidence_interval":{"confidence_level":0.95,"lower_bound":342.7340844322411,"upper_bound":5812.16772008914},"point_estimate":4101.226353050732,"standard_error":1435.2971140075806},"Slope":{"confidence_interval":{"confidence_level":0.95,"lower_bound":1587207.408303311,"upper_bound":1590794.1486313543},"point_estimate":1589389.526466637,"standard_error":908.1598365380391},"StdDev":{"confidence_interval":{"confidence_level":0.95,"lower_bound":1894.0131698598934,"upper_bound":3980.41517503871},"point_estimate":3239.0303191020594,"standard_error":528.3633448028424}}