{"Mean":{"confidence_interval":{"confidence_level":0.95,"lower_bound":43561.64966677155,"upper_bound":44318.865672742286},"point_estimate":43934.06322428501,"standard_error":194.21267661884139},"Median":{"confidence_interval":{"confidence_level":0.95,"lower_bound":43374.0484287812,"upper_bound":44546.80385462555},"point_estimate":43791.41269142018,"standard_error":343.8095235135272},"MedianAbsDev":{"confidence_interval":{"confidence_level":0.95,"lower_bound":43.64199570097875,"upper_bound":1057.5985720014103},"point_estimate":756.5530668063873,"standard_error":257.2105344606575},"Slope":{"confidence_interval":{"confidence_level":0.95,"lower_bound":43809.43837428835,"upper_bound":44710.54655454427},"point_estimate":44381.384999141825,"standard_error":228.6919634692545},"StdDev":{"confidence_interval":{"confidence_level":0.95,"lower_bound":403.99745852847025,"upper_bound":787.1592027822641},"point_estimate":650.6699503312799,"standard_error":98.28422704785616}}