{"Mean":{"confidence_interval":{"confidence_level":0.95,"lower_bound":1128300.4606251805,"upper_bound":1171021.7858536255},"point_estimate":1147652.9678535354,"standard_error":10949.079466287487},"Median":{"confidence_interval":{"confidence_level":0.95,"lower_bound":1120501.4727272727,"upper_bound":1174480.6093073594},"point_estimate":1136906.34992785,"standard_error":12085.164277570528},"MedianAbsDev":{"confidence_interval":{"confidence_level":0.95,"lower_bound":1783.5754701532423,"upper_bound":50673.03036401025},"point_estimate":24591.880842801027,"standard_error":12052.384292567107},"Slope":{"confidence_interval":{"confidence_level":0.95,"lower_bound":1129908.7128721816,"upper_bound":1165493.8025023579},"point_estimate":1142784.9709563165,"standard_error":9253.507774242727},"StdDev":{"confidence_interval":{"confidence_level":0.95,"lower_bound":9385.295125862562,"upper_bound":45682.8471702308},"point_estimate":36487.08497348847,"standard_error":9341.370934422393}}