{"Mean":{"confidence_interval":{"confidence_level":0.95,"lower_bound":77327.48097765476,"upper_bound":81994.5005595238},"point_estimate":79682.12279619047,"standard_error":1189.2732656399842},"Median":{"confidence_interval":{"confidence_level":0.95,"lower_bound":76888.15813333335,"upper_bound":82310.6558},"point_estimate":79808.67208333334,"standard_error":1477.8874818312142},"MedianAbsDev":{"confidence_interval":{"confidence_level":0.95,"lower_bound":421.57903927547454,"upper_bound":6746.247232130166},"point_estimate":3799.406267297054,"standard_error":1559.4881149832206},"Slope":{"confidence_interval":{"confidence_level":0.95,"lower_bound":79172.60737437595,"upper_bound":81810.52618507463},"point_estimate":80699.5808,"standard_error":683.5431087217656},"StdDev":{"confidence_interval":{"confidence_level":0.95,"lower_bound":2065.4338511106807,"upper_bound":5129.2371714300125},"point_estimate":3959.219931517473,"standard_error":779.399214797211}}