{"Mean":{"confidence_interval":{"confidence_level":0.95,"lower_bound":517481.9141257255,"upper_bound":524634.2267524728},"point_estimate":521239.23572435445,"standard_error":1837.3419411102857},"Median":{"confidence_interval":{"confidence_level":0.95,"lower_bound":516003.32835820894,"upper_bound":525776.2447761194},"point_estimate":523086.26409618574,"standard_error":2362.106633427191},"MedianAbsDev":{"confidence_interval":{"confidence_level":0.95,"lower_bound":571.8921945110715,"upper_bound":10105.770964168738},"point_estimate":4180.026998874253,"standard_error":2610.1342486992144},"Slope":{"confidence_interval":{"confidence_level":0.95,"lower_bound":522363.76849122153,"upper_bound":525160.7814361668},"point_estimate":523904.34274084127,"standard_error":718.2480895020392},"StdDev":{"confidence_interval":{"confidence_level":0.95,"lower_bound":2771.1169291054016,"upper_bound":7510.927824622759},"point_estimate":6100.659828209424,"standard_error":1138.8187952509006}}