{"Mean":{"confidence_interval":{"confidence_level":0.95,"lower_bound":5975026.648072668,"upper_bound":6059769.18288864},"point_estimate":6018931.264712301,"standard_error":21688.222722886952},"Median":{"confidence_interval":{"confidence_level":0.95,"lower_bound":5943247.583333333,"upper_bound":6083830.894444444},"point_estimate":6033916.4375,"standard_error":36783.380137312626},"MedianAbsDev":{"confidence_interval":{"confidence_level":0.95,"lower_bound":13603.996125148464,"upper_bound":116583.44475210403},"point_estimate":78269.66638126866,"standard_error":29527.79196229702},"Slope":{"confidence_interval":{"confidence_level":0.95,"lower_bound":5937050.812532912,"upper_bound":6045360.320035461},"point_estimate":5979109.304329004,"standard_error":27442.90999143545},"StdDev":{"confidence_interval":{"confidence_level":0.95,"lower_bound":40047.925396644445,"upper_bound":86151.58984514693},"point_estimate":72197.90733541794,"standard_error":11316.353212261578}}