{"Mean":{"confidence_interval":{"confidence_level":0.95,"lower_bound":19504.680368220743,"upper_bound":21009.58376129718},"point_estimate":20189.531939545835,"standard_error":387.0067714104727},"Median":{"confidence_interval":{"confidence_level":0.95,"lower_bound":19310.461363636365,"upper_bound":21243.03625199362},"point_estimate":19720.38217703349,"standard_error":444.20001784187417},"MedianAbsDev":{"confidence_interval":{"confidence_level":0.95,"lower_bound":1.36921969737694,"upper_bound":1906.8527585748282},"point_estimate":693.5328856968985,"standard_error":445.3480313390541},"Slope":{"confidence_interval":{"confidence_level":0.95,"lower_bound":19437.180544233117,"upper_bound":20936.644159764022},"point_estimate":19939.346148014665,"standard_error":387.87532207150804},"StdDev":{"confidence_interval":{"confidence_level":0.95,"lower_bound":410.6567282761849,"upper_bound":1634.1295134695742},"point_estimate":1288.694689868629,"standard_error":319.68732988281073}}