{"Mean":{"confidence_interval":{"confidence_level":0.95,"lower_bound":4755.112524128666,"upper_bound":4827.051983209022},"point_estimate":4788.8722204678,"standard_error":18.514042070060956},"Median":{"confidence_interval":{"confidence_level":0.95,"lower_bound":4746.131670450042,"upper_bound":4836.726720985119},"point_estimate":4774.371952066958,"standard_error":17.628686363175184},"MedianAbsDev":{"confidence_interval":{"confidence_level":0.95,"lower_bound":6.94798314332279,"upper_bound":105.5205393438016},"point_estimate":32.85423428051877,"standard_error":25.945998186793112},"Slope":{"confidence_interval":{"confidence_level":0.95,"lower_bound":4776.100413089137,"upper_bound":4872.087454653285},"point_estimate":4830.422954906946,"standard_error":25.307583682565614},"StdDev":{"confidence_interval":{"confidence_level":0.95,"lower_bound":25.042967307714523,"upper_bound":79.91192355715484},"point_estimate":61.82053284467024,"standard_error":14.090993367825027}}