{"Mean":{"confidence_interval":{"confidence_level":0.95,"lower_bound":10371.07777940161,"upper_bound":10421.056817431543},"point_estimate":10397.681970655938,"standard_error":12.830681732083832},"Median":{"confidence_interval":{"confidence_level":0.95,"lower_bound":10356.939533417402,"upper_bound":10435.64791929382},"point_estimate":10407.386202936408,"standard_error":17.096480501916066},"MedianAbsDev":{"confidence_interval":{"confidence_level":0.95,"lower_bound":6.136197110480837,"upper_bound":65.18646206591319},"point_estimate":45.102829230790164,"standard_error":17.35571329047902},"Slope":{"confidence_interval":{"confidence_level":0.95,"lower_bound":10347.160783545753,"upper_bound":10425.389307413898},"point_estimate":10390.01218060628,"standard_error":22.137652173281147},"StdDev":{"confidence_interval":{"confidence_level":0.95,"lower_bound":19.141999002248998,"upper_bound":54.80343939562259},"point_estimate":42.770462555587585,"standard_error":8.862269320009155}}