{"Mean":{"confidence_interval":{"confidence_level":0.95,"lower_bound":984792.8143686869,"upper_bound":1173532.523088023},"point_estimate":1076727.0916486294,"standard_error":48423.24536912178},"Median":{"confidence_interval":{"confidence_level":0.95,"lower_bound":936981.8318181818,"upper_bound":1237202.8068181819},"point_estimate":1019135.2556818181,"standard_error":91602.5475634246},"MedianAbsDev":{"confidence_interval":{"confidence_level":0.95,"lower_bound":32567.859167714018,"upper_bound":258045.24130105396},"point_estimate":167479.22330687655,"standard_error":63853.365472345504},"Slope":{"confidence_interval":{"confidence_level":0.95,"lower_bound":963288.2201141408,"upper_bound":1187751.0851080273},"point_estimate":1059804.761157025,"standard_error":57090.598146477765},"StdDev":{"confidence_interval":{"confidence_level":0.95,"lower_bound":99877.14949559627,"upper_bound":186020.2141712527},"point_estimate":161317.76663630476,"standard_error":21819.405328809175}}