{"Mean":{"confidence_interval":{"confidence_level":0.95,"lower_bound":1180.0183200284414,"upper_bound":1262.8121466275677},"point_estimate":1219.2458016614314,"standard_error":21.278393687162623},"Median":{"confidence_interval":{"confidence_level":0.95,"lower_bound":1159.4007789017808,"upper_bound":1306.3387350117966},"point_estimate":1192.9209395839393,"standard_error":34.42326993595655},"MedianAbsDev":{"confidence_interval":{"confidence_level":0.95,"lower_bound":9.954972891361123,"upper_bound":110.14527991033967},"point_estimate":51.23611940242255,"standard_error":26.044829309541115},"Slope":{"confidence_interval":{"confidence_level":0.95,"lower_bound":1203.4865530955865,"upper_bound":1302.221605952998},"point_estimate":1271.3085874792284,"standard_error":23.215933556283126},"StdDev":{"confidence_interval":{"confidence_level":0.95,"lower_bound":27.266243922751098,"upper_bound":83.29509334126138},"point_estimate":70.92357891908615,"standard_error":12.248093144686834}}