{"Mean":{"confidence_interval":{"confidence_level":0.95,"lower_bound":5144.245733618445,"upper_bound":5213.414287872472},"point_estimate":5177.644723677551,"standard_error":17.785658637170236},"Median":{"confidence_interval":{"confidence_level":0.95,"lower_bound":5120.447384871848,"upper_bound":5225.392905929476},"point_estimate":5171.560788127156,"standard_error":30.846581453310506},"MedianAbsDev":{"confidence_interval":{"confidence_level":0.95,"lower_bound":4.69385632685681,"upper_bound":100.60240116178679},"point_estimate":77.328046653652,"standard_error":27.03771304486834},"Slope":{"confidence_interval":{"confidence_level":0.95,"lower_bound":5126.97599384131,"upper_bound":5191.418146803071},"point_estimate":5152.574228036325,"standard_error":16.51751781688476},"StdDev":{"confidence_interval":{"confidence_level":0.95,"lower_bound":34.495494771889,"upper_bound":71.11780556313592},"point_estimate":59.235111407605714,"standard_error":9.239950299404752}}