{"Mean":{"confidence_interval":{"confidence_level":0.95,"lower_bound":10444.925554728092,"upper_bound":10525.336098218066},"point_estimate":10488.545280760498,"standard_error":20.645279271328757},"Median":{"confidence_interval":{"confidence_level":0.95,"lower_bound":10447.280475695647,"upper_bound":10533.921015664087},"point_estimate":10518.268367778932,"standard_error":23.655090904799945},"MedianAbsDev":{"confidence_interval":{"confidence_level":0.95,"lower_bound":2.6668026659674795,"upper_bound":102.38191891206336},"point_estimate":27.809648039938352,"standard_error":27.219694095798978},"Slope":{"confidence_interval":{"confidence_level":0.95,"lower_bound":10473.053933584679,"upper_bound":10518.378093527745},"point_estimate":10504.705500849457,"standard_error":11.901035453058771},"StdDev":{"confidence_interval":{"confidence_level":0.95,"lower_bound":15.953724933938151,"upper_bound":85.44406134546489},"point_estimate":68.60300252836586,"standard_error":16.06729082157847}}