{"Mean":{"confidence_interval":{"confidence_level":0.95,"lower_bound":703903.609433855,"upper_bound":804355.9169725344},"point_estimate":759789.006499911,"standard_error":25898.468068493723},"Median":{"confidence_interval":{"confidence_level":0.95,"lower_bound":715338.4466292135,"upper_bound":814481.3071161049},"point_estimate":801121.7803370786,"standard_error":26584.513953525362},"MedianAbsDev":{"confidence_interval":{"confidence_level":0.95,"lower_bound":466.07640239965616,"upper_bound":118294.0193726142},"point_estimate":20039.872252142563,"standard_error":30852.419896450112},"Slope":{"confidence_interval":{"confidence_level":0.95,"lower_bound":789239.3342402709,"upper_bound":811476.0255843038},"point_estimate":803531.8821538013,"standard_error":5876.085867973127},"StdDev":{"confidence_interval":{"confidence_level":0.95,"lower_bound":11166.734158884128,"upper_bound":113849.30978266164},"point_estimate":86155.90014459011,"standard_error":24894.920264675606}}