{"Mean":{"confidence_interval":{"confidence_level":0.95,"lower_bound":124909.5277588384,"upper_bound":127097.41080230882},"point_estimate":125961.21471771284,"standard_error":561.4815172142355},"Median":{"confidence_interval":{"confidence_level":0.95,"lower_bound":124406.68547348486,"upper_bound":127359.21212121213},"point_estimate":125793.3345959596,"standard_error":862.0693805769438},"MedianAbsDev":{"confidence_interval":{"confidence_level":0.95,"lower_bound":280.28312890277374,"upper_bound":3239.0305465866227},"point_estimate":1978.2738040604465,"standard_error":725.8517889188969},"Slope":{"confidence_interval":{"confidence_level":0.95,"lower_bound":124415.4961552058,"upper_bound":126157.4436300253},"point_estimate":125115.71172373081,"standard_error":444.3307353501108},"StdDev":{"confidence_interval":{"confidence_level":0.95,"lower_bound":1073.7477176813127,"upper_bound":2401.2768539271624},"point_estimate":1872.0818572991527,"standard_error":355.6053150495381}}