{"Mean":{"confidence_interval":{"confidence_level":0.95,"lower_bound":678.5032558029761,"upper_bound":743.5914470740256},"point_estimate":710.3570676925376,"standard_error":16.55561545767719},"Median":{"confidence_interval":{"confidence_level":0.95,"lower_bound":670.8527867266141,"upper_bound":750.8945217387884},"point_estimate":709.6389705101427,"standard_error":13.678272611087916},"MedianAbsDev":{"confidence_interval":{"confidence_level":0.95,"lower_bound":3.6562961293739438,"upper_bound":108.46066501488033},"point_estimate":19.540328587135974,"standard_error":32.07814227770996},"Slope":{"confidence_interval":{"confidence_level":0.95,"lower_bound":704.3915949725558,"upper_bound":781.1672267060892},"point_estimate":749.5729166503833,"standard_error":20.609849603962992},"StdDev":{"confidence_interval":{"confidence_level":0.95,"lower_bound":26.69948379867526,"upper_bound":71.91624793132392},"point_estimate":55.45595641041535,"standard_error":11.780283850760704}}