{"Mean":{"confidence_interval":{"confidence_level":0.95,"lower_bound":548955.8004982747,"upper_bound":561945.4839879227},"point_estimate":556205.2661287094,"standard_error":3357.5492908046544},"Median":{"confidence_interval":{"confidence_level":0.95,"lower_bound":550477.2675362319,"upper_bound":563266.5482608696},"point_estimate":560224.9121376812,"standard_error":2981.3719350062283},"MedianAbsDev":{"confidence_interval":{"confidence_level":0.95,"lower_bound":1067.9990253870667,"upper_bound":15552.435942657297},"point_estimate":6512.609813682407,"standard_error":3816.4532751753195},"Slope":{"confidence_interval":{"confidence_level":0.95,"lower_bound":557782.1851918446,"upper_bound":565008.818332714},"point_estimate":562339.1918238284,"standard_error":1822.1750812606326},"StdDev":{"confidence_interval":{"confidence_level":0.95,"lower_bound":3510.1745865817534,"upper_bound":15495.398151550304},"point_estimate":11188.752431478033,"standard_error":3316.131947858718}}