{"Mean":{"confidence_interval":{"confidence_level":0.95,"lower_bound":1415593.6932047072,"upper_bound":1437832.5023713736},"point_estimate":1426737.6806472358,"standard_error":5674.880909663963},"Median":{"confidence_interval":{"confidence_level":0.95,"lower_bound":1415962.1120689656,"upper_bound":1443707.5789545705},"point_estimate":1420575.3856321839,"standard_error":8691.964761842595},"MedianAbsDev":{"confidence_interval":{"confidence_level":0.95,"lower_bound":2026.1270885119282,"upper_bound":35234.20200032988},"point_estimate":19371.999082802366,"standard_error":9405.30886306725},"Slope":{"confidence_interval":{"confidence_level":0.95,"lower_bound":1426900.0715240003,"upper_bound":1448570.3119417897},"point_estimate":1440844.3945812809,"standard_error":5485.449704170456},"StdDev":{"confidence_interval":{"confidence_level":0.95,"lower_bound":11023.94301253855,"upper_bound":24276.11623840168},"point_estimate":18883.111032174405,"standard_error":3517.207997900084}}