{"Mean":{"confidence_interval":{"confidence_level":0.95,"lower_bound":398737.39044257964,"upper_bound":400153.643223648},"point_estimate":399369.01404610113,"standard_error":365.226075826331},"Median":{"confidence_interval":{"confidence_level":0.95,"lower_bound":398583.7786885246,"upper_bound":400194.17540983605},"point_estimate":399019.9444184231,"standard_error":344.00807576698605},"MedianAbsDev":{"confidence_interval":{"confidence_level":0.95,"lower_bound":61.36316557723353,"upper_bound":1656.071462074271},"point_estimate":615.9777168783926,"standard_error":359.55929832131676},"Slope":{"confidence_interval":{"confidence_level":0.95,"lower_bound":398622.541876395,"upper_bound":399513.8017316626},"point_estimate":399007.1042225534,"standard_error":225.26872220466464},"StdDev":{"confidence_interval":{"confidence_level":0.95,"lower_bound":287.1180411278553,"upper_bound":1568.055972462412},"point_estimate":1220.2996982220843,"standard_error":340.03865552777296}}