{"Mean":{"confidence_interval":{"confidence_level":0.95,"lower_bound":9091210.256949998,"upper_bound":9142980.653066866},"point_estimate":9115216.915626984,"standard_error":13266.7911755771},"Median":{"confidence_interval":{"confidence_level":0.95,"lower_bound":9080954.2,"upper_bound":9141157.788888888},"point_estimate":9105177.52,"standard_error":18791.369781336285},"MedianAbsDev":{"confidence_interval":{"confidence_level":0.95,"lower_bound":8489.234015286189,"upper_bound":77285.99112723324},"point_estimate":40086.04388833092,"standard_error":16664.05565577237},"Slope":{"confidence_interval":{"confidence_level":0.95,"lower_bound":9100033.544610778,"upper_bound":9155300.145768026},"point_estimate":9127902.768571429,"standard_error":13866.264651217098},"StdDev":{"confidence_interval":{"confidence_level":0.95,"lower_bound":22328.858660270114,"upper_bound":58616.97994321529},"point_estimate":44009.59910574905,"standard_error":10227.544391876914}}