{"Mean":{"confidence_interval":{"confidence_level":0.95,"lower_bound":1140815.805362963,"upper_bound":1145406.0270215212},"point_estimate":1143113.2900534389,"standard_error":1175.6969453560848},"Median":{"confidence_interval":{"confidence_level":0.95,"lower_bound":1139309.8152592592,"upper_bound":1146481.1758333333},"point_estimate":1143476.3526666667,"standard_error":2019.5807767218298},"MedianAbsDev":{"confidence_interval":{"confidence_level":0.95,"lower_bound":329.47201465087045,"upper_bound":6357.818641126211},"point_estimate":4475.4798154443715,"standard_error":1537.8350396313876},"Slope":{"confidence_interval":{"confidence_level":0.95,"lower_bound":1140612.1296791853,"upper_bound":1146527.7639666668},"point_estimate":1143584.8224761905,"standard_error":1529.2531732972925},"StdDev":{"confidence_interval":{"confidence_level":0.95,"lower_bound":2469.3103612932377,"upper_bound":4701.862112203126},"point_estimate":3931.343161382614,"standard_error":568.0455280732076}}