{"Mean":{"confidence_interval":{"confidence_level":0.95,"lower_bound":766348.6236740638,"upper_bound":769033.1029056866},"point_estimate":767417.3080871475,"standard_error":723.8809414948704},"Median":{"confidence_interval":{"confidence_level":0.95,"lower_bound":766124.9592233009,"upper_bound":767820.1427184466},"point_estimate":766678.7196024042,"standard_error":413.95617954176055},"MedianAbsDev":{"confidence_interval":{"confidence_level":0.95,"lower_bound":208.90361415530026,"upper_bound":1915.494181818316},"point_estimate":947.5801170364794,"standard_error":489.15199273170236},"Slope":{"confidence_interval":{"confidence_level":0.95,"lower_bound":766433.3550151793,"upper_bound":767422.4815893563},"point_estimate":766905.4528810995,"standard_error":272.16529932792037},"StdDev":{"confidence_interval":{"confidence_level":0.95,"lower_bound":478.17124393827584,"upper_bound":3647.8367053040697},"point_estimate":2412.780696715489,"standard_error":1030.2156578238225}}