{"Mean":{"confidence_interval":{"confidence_level":0.95,"lower_bound":404791.2740909091,"upper_bound":414701.2556084875},"point_estimate":409682.8013701954,"standard_error":2539.590487332321},"Median":{"confidence_interval":{"confidence_level":0.95,"lower_bound":400744.71694214875,"upper_bound":417687.8536009445},"point_estimate":408468.22534435266,"standard_error":5076.9031778278495},"MedianAbsDev":{"confidence_interval":{"confidence_level":0.95,"lower_bound":343.39935663070554,"upper_bound":13530.912922174972},"point_estimate":11537.853062806858,"standard_error":3515.3210206386066},"Slope":{"confidence_interval":{"confidence_level":0.95,"lower_bound":404437.5558974761,"upper_bound":414917.22967647563},"point_estimate":410195.9174627026,"standard_error":2587.8840129642845},"StdDev":{"confidence_interval":{"confidence_level":0.95,"lower_bound":5651.256675999608,"upper_bound":9757.368507785088},"point_estimate":8489.660048793783,"standard_error":1056.1051234042147}}