{"Mean":{"confidence_interval":{"confidence_level":0.95,"lower_bound":512446.80121031747,"upper_bound":591529.8839087302},"point_estimate":556129.713404762,"standard_error":20178.868351586498},"Median":{"confidence_interval":{"confidence_level":0.95,"lower_bound":512327.2260416667,"upper_bound":595209.4418154762},"point_estimate":592295.8219444444,"standard_error":21070.71322162185},"MedianAbsDev":{"confidence_interval":{"confidence_level":0.95,"lower_bound":356.2199714258405,"upper_bound":87262.01109308135},"point_estimate":10082.467452250421,"standard_error":21840.808045095775},"Slope":{"confidence_interval":{"confidence_level":0.95,"lower_bound":580716.794089409,"upper_bound":596938.2019740649},"point_estimate":591926.7253246753,"standard_error":4266.82493131554},"StdDev":{"confidence_interval":{"confidence_level":0.95,"lower_bound":6928.850817408644,"upper_bound":84352.63118360018},"point_estimate":67379.01269167694,"standard_error":18858.94112783953}}