{"Mean":{"confidence_interval":{"confidence_level":0.95,"lower_bound":666.386197962133,"upper_bound":743.4971499932738},"point_estimate":705.1746686475435,"standard_error":19.78154416093501},"Median":{"confidence_interval":{"confidence_level":0.95,"lower_bound":653.3209306673314,"upper_bound":764.1778082935689},"point_estimate":697.1680334971393,"standard_error":28.030531990717524},"MedianAbsDev":{"confidence_interval":{"confidence_level":0.95,"lower_bound":17.541701898172988,"upper_bound":111.77089799394787},"point_estimate":75.72915706955847,"standard_error":25.528766610074857},"Slope":{"confidence_interval":{"confidence_level":0.95,"lower_bound":709.4967662514571,"upper_bound":778.3348898662559},"point_estimate":754.1476728171764,"standard_error":17.15498460418509},"StdDev":{"confidence_interval":{"confidence_level":0.95,"lower_bound":38.463240244797824,"upper_bound":82.24503415117702},"point_estimate":65.76765099927042,"standard_error":11.232357291960787}}