{"Mean":{"confidence_interval":{"confidence_level":0.95,"lower_bound":239064.30920377868,"upper_bound":242518.86983265856},"point_estimate":240776.8336668595,"standard_error":884.0905551344947},"Median":{"confidence_interval":{"confidence_level":0.95,"lower_bound":237959.18657219975,"upper_bound":242982.58241758242},"point_estimate":240783.09446693657,"standard_error":1891.118907696812},"MedianAbsDev":{"confidence_interval":{"confidence_level":0.95,"lower_bound":182.52593542349825,"upper_bound":4311.323292122691},"point_estimate":3548.736090843503,"standard_error":1376.2047902413972},"Slope":{"confidence_interval":{"confidence_level":0.95,"lower_bound":239867.43528464017,"upper_bound":244061.82415593785},"point_estimate":242480.78651874443,"standard_error":1062.1777036806234},"StdDev":{"confidence_interval":{"confidence_level":0.95,"lower_bound":2000.8693479570613,"upper_bound":3489.4445866806773},"point_estimate":2950.1085496234996,"standard_error":399.44105455697434}}