{"Mean":{"confidence_interval":{"confidence_level":0.95,"lower_bound":35040.32966866226,"upper_bound":36360.082423043394},"point_estimate":35698.749561673416,"standard_error":338.4541548750547},"Median":{"confidence_interval":{"confidence_level":0.95,"lower_bound":34584.8769611891,"upper_bound":36624.173731535004},"point_estimate":35751.561088828596,"standard_error":501.7516344267881},"MedianAbsDev":{"confidence_interval":{"confidence_level":0.95,"lower_bound":286.3597163033885,"upper_bound":2051.3599094192327},"point_estimate":1511.7306690188366,"standard_error":461.60063089249144},"Slope":{"confidence_interval":{"confidence_level":0.95,"lower_bound":35741.264975816914,"upper_bound":36607.75760843629},"point_estimate":36162.88972835587,"standard_error":220.03189759847686},"StdDev":{"confidence_interval":{"confidence_level":0.95,"lower_bound":686.1407803414313,"upper_bound":1365.6076391666095},"point_estimate":1128.8638054200167,"standard_error":172.34199922507142}}