{"Mean":{"confidence_interval":{"confidence_level":0.95,"lower_bound":29878.610584156726,"upper_bound":30189.232155108126},"point_estimate":30028.47644073364,"standard_error":79.58129279255137},"Median":{"confidence_interval":{"confidence_level":0.95,"lower_bound":29779.553970917226,"upper_bound":30206.005070842653},"point_estimate":30058.6589964845,"standard_error":132.72922843343744},"MedianAbsDev":{"confidence_interval":{"confidence_level":0.95,"lower_bound":48.299204399786774,"upper_bound":526.3271780887118},"point_estimate":294.15713557744243,"standard_error":120.61251947684487},"Slope":{"confidence_interval":{"confidence_level":0.95,"lower_bound":30017.21474017883,"upper_bound":30254.052310875},"point_estimate":30131.419649031057,"standard_error":59.64099681554168},"StdDev":{"confidence_interval":{"confidence_level":0.95,"lower_bound":158.65492379176874,"upper_bound":337.73062428202786},"point_estimate":265.4177752668256,"standard_error":48.93724048803089}}