{"Mean":{"confidence_interval":{"confidence_level":0.95,"lower_bound":1422.3244708798845,"upper_bound":1458.5867478404668},"point_estimate":1439.3540136591548,"standard_error":9.279556838099488},"Median":{"confidence_interval":{"confidence_level":0.95,"lower_bound":1412.0123236497204,"upper_bound":1457.0213423259222},"point_estimate":1440.014191153964,"standard_error":9.29879169720028},"MedianAbsDev":{"confidence_interval":{"confidence_level":0.95,"lower_bound":1.6703165878291795,"upper_bound":50.73023478211554},"point_estimate":26.14648822935419,"standard_error":15.400113175415099},"Slope":{"confidence_interval":{"confidence_level":0.95,"lower_bound":1434.34518873218,"upper_bound":1465.9796776740372},"point_estimate":1446.7482025362567,"standard_error":8.435227014988868},"StdDev":{"confidence_interval":{"confidence_level":0.95,"lower_bound":14.815942517442561,"upper_bound":41.11451011496234},"point_estimate":30.926983871954526,"standard_error":7.132284109615741}}