{"Mean":{"confidence_interval":{"confidence_level":0.95,"lower_bound":278273.8047001062,"upper_bound":280168.01939528354},"point_estimate":279120.5446477859,"standard_error":488.1518029956281},"Median":{"confidence_interval":{"confidence_level":0.95,"lower_bound":278128.95217622083,"upper_bound":280261.15570973617},"point_estimate":278301.12440286623,"standard_error":505.0767967327446},"MedianAbsDev":{"confidence_interval":{"confidence_level":0.95,"lower_bound":82.61351600149962,"upper_bound":2278.7332595125545},"point_estimate":568.1679780897271,"standard_error":562.206385289631},"Slope":{"confidence_interval":{"confidence_level":0.95,"lower_bound":278243.78575743735,"upper_bound":279960.4610727807},"point_estimate":278815.79699727026,"standard_error":459.4669166090186},"StdDev":{"confidence_interval":{"confidence_level":0.95,"lower_bound":403.8884747824233,"upper_bound":2116.0770840717473},"point_estimate":1624.0908238556078,"standard_error":453.1619405996334}}