{"Mean":{"confidence_interval":{"confidence_level":0.95,"lower_bound":34415162.403403774,"upper_bound":34862003.67852827},"point_estimate":34641149.07490079,"standard_error":115021.84963978778},"Median":{"confidence_interval":{"confidence_level":0.95,"lower_bound":34178475.625,"upper_bound":34916572.71825397},"point_estimate":34718564.09375,"standard_error":155907.53047298722},"MedianAbsDev":{"confidence_interval":{"confidence_level":0.95,"lower_bound":30279.344443685757,"upper_bound":739536.2951768562},"point_estimate":352723.30983749626,"standard_error":214988.60136508886},"Slope":{"confidence_interval":{"confidence_level":0.95,"lower_bound":34518757.46357616,"upper_bound":34908180.563939765},"point_estimate":34757275.80909091,"standard_error":98614.34264009133},"StdDev":{"confidence_interval":{"confidence_level":0.95,"lower_bound":217491.5092561076,"upper_bound":470673.1192618669},"point_estimate":383640.02465161355,"standard_error":64052.31424481915}}