{"Mean":{"confidence_interval":{"confidence_level":0.95,"lower_bound":35936.25270590278,"upper_bound":36273.369883680556},"point_estimate":36098.66796873347,"standard_error":86.3640939881117},"Median":{"confidence_interval":{"confidence_level":0.95,"lower_bound":35796.14923611111,"upper_bound":36314.50025462963},"point_estimate":36097.97005952381,"standard_error":113.3159475685026},"MedianAbsDev":{"confidence_interval":{"confidence_level":0.95,"lower_bound":35.79660675093648,"upper_bound":510.47431868205985},"point_estimate":327.61060523583524,"standard_error":132.5349970334687},"Slope":{"confidence_interval":{"confidence_level":0.95,"lower_bound":35882.62508227246,"upper_bound":36403.50907151445},"point_estimate":36154.56044155844,"standard_error":138.20297747159975},"StdDev":{"confidence_interval":{"confidence_level":0.95,"lower_bound":156.16440000508499,"upper_bound":360.00157708882045},"point_estimate":287.069936084257,"standard_error":52.785787526792234}}