{"Mean":{"confidence_interval":{"confidence_level":0.95,"lower_bound":1490961.911885783,"upper_bound":1748927.8506034333},"point_estimate":1617885.7917356796,"standard_error":66223.03405194813},"Median":{"confidence_interval":{"confidence_level":0.95,"lower_bound":1413584.0307971016,"upper_bound":1837081.2850241545},"point_estimate":1571663.8385093168,"standard_error":138257.24845683627},"MedianAbsDev":{"confidence_interval":{"confidence_level":0.95,"lower_bound":24838.480815550585,"upper_bound":344853.6045308855},"point_estimate":276062.62600325665,"standard_error":96785.3380267974},"Slope":{"confidence_interval":{"confidence_level":0.95,"lower_bound":1621203.9621457928,"upper_bound":1865119.8939091046},"point_estimate":1783667.654658385,"standard_error":62333.96074527554},"StdDev":{"confidence_interval":{"confidence_level":0.95,"lower_bound":146988.5121873551,"upper_bound":251451.76485444882},"point_estimate":220504.98865197398,"standard_error":26952.21252323546}}