{"Mean":{"confidence_interval":{"confidence_level":0.95,"lower_bound":55799.60760136643,"upper_bound":56161.11353652196},"point_estimate":55956.412627591846,"standard_error":93.59437467154302},"Median":{"confidence_interval":{"confidence_level":0.95,"lower_bound":55743.43766361257,"upper_bound":56021.87480366492},"point_estimate":55949.80742333583,"standard_error":72.45252518014021},"MedianAbsDev":{"confidence_interval":{"confidence_level":0.95,"lower_bound":14.551572851933841,"upper_bound":395.3568692601989},"point_estimate":129.97891008333906,"standard_error":93.15089153719775},"Slope":{"confidence_interval":{"confidence_level":0.95,"lower_bound":55830.702311413,"upper_bound":56016.114864968506},"point_estimate":55952.52836234446,"standard_error":47.844348569248076},"StdDev":{"confidence_interval":{"confidence_level":0.95,"lower_bound":107.30558696372732,"upper_bound":452.88686114831273},"point_estimate":311.20950950448645,"standard_error":106.4571186781641}}