{"Mean":{"confidence_interval":{"confidence_level":0.95,"lower_bound":7573.072653210506,"upper_bound":7817.227019691555},"point_estimate":7699.827854041401,"standard_error":62.59622977642002},"Median":{"confidence_interval":{"confidence_level":0.95,"lower_bound":7497.596640783255,"upper_bound":7865.111189652262},"point_estimate":7792.864363284139,"standard_error":110.16261590175577},"MedianAbsDev":{"confidence_interval":{"confidence_level":0.95,"lower_bound":36.05584432246281,"upper_bound":322.939915977789},"point_estimate":177.13009351297669,"standard_error":84.61382565476029},"Slope":{"confidence_interval":{"confidence_level":0.95,"lower_bound":7739.767844208459,"upper_bound":7887.409314053091},"point_estimate":7835.865404649368,"standard_error":38.20495990284229},"StdDev":{"confidence_interval":{"confidence_level":0.95,"lower_bound":118.50861306713517,"upper_bound":247.50374976936007},"point_estimate":208.82648710651281,"standard_error":32.23319397857873}}