{"Mean":{"confidence_interval":{"confidence_level":0.95,"lower_bound":147388.64741927743,"upper_bound":147641.26642281594},"point_estimate":147518.4264212256,"standard_error":64.60243344845956},"Median":{"confidence_interval":{"confidence_level":0.95,"lower_bound":147358.4388120229,"upper_bound":147666.7088899491},"point_estimate":147536.87648430874,"standard_error":58.79773190789231},"MedianAbsDev":{"confidence_interval":{"confidence_level":0.95,"lower_bound":27.032731660664044,"upper_bound":419.2945041018253},"point_estimate":120.01533611356867,"standard_error":109.44873620521294},"Slope":{"confidence_interval":{"confidence_level":0.95,"lower_bound":147410.02382237944,"upper_bound":147743.8932078791},"point_estimate":147591.1339397244,"standard_error":86.27043360336238},"StdDev":{"confidence_interval":{"confidence_level":0.95,"lower_bound":105.67850366218099,"upper_bound":278.35765777282273},"point_estimate":216.12303566135964,"standard_error":44.69138091372357}}