{"Mean":{"confidence_interval":{"confidence_level":0.95,"lower_bound":3168129.1446800595,"upper_bound":3219835.6754166665},"point_estimate":3194759.976428571,"standard_error":13211.921440866823},"Median":{"confidence_interval":{"confidence_level":0.95,"lower_bound":3173969.09375,"upper_bound":3223362.6104166666},"point_estimate":3193526.028645833,"standard_error":11442.430146931487},"MedianAbsDev":{"confidence_interval":{"confidence_level":0.95,"lower_bound":4483.088889159492,"upper_bound":77356.50378789805},"point_estimate":29695.785813419563,"standard_error":18937.829393949392},"Slope":{"confidence_interval":{"confidence_level":0.95,"lower_bound":3177365.9564479636,"upper_bound":3242544.9333821377},"point_estimate":3217548.8277597404,"standard_error":16896.66678098444},"StdDev":{"confidence_interval":{"confidence_level":0.95,"lower_bound":19621.747181506973,"upper_bound":59747.34597029367},"point_estimate":44121.76769707243,"standard_error":10418.299336562963}}