{"Mean":{"confidence_interval":{"confidence_level":0.95,"lower_bound":620.2278823722409,"upper_bound":694.7731593930664},"point_estimate":655.8297891988823,"standard_error":19.15094798407952},"Median":{"confidence_interval":{"confidence_level":0.95,"lower_bound":606.2575730577335,"upper_bound":728.9692424962382},"point_estimate":640.1845148293339,"standard_error":27.71798349250938},"MedianAbsDev":{"confidence_interval":{"confidence_level":0.95,"lower_bound":7.226276584109972,"upper_bound":102.29889916981386},"point_estimate":54.15460661132418,"standard_error":25.29579038198161},"Slope":{"confidence_interval":{"confidence_level":0.95,"lower_bound":640.0199123402223,"upper_bound":734.8016070524377},"point_estimate":704.7102577809455,"standard_error":21.99699784768897},"StdDev":{"confidence_interval":{"confidence_level":0.95,"lower_bound":29.044285059417163,"upper_bound":76.94749952703627},"point_estimate":63.90813219813864,"standard_error":11.012990462201293}}