{"Mean":{"confidence_interval":{"confidence_level":0.95,"lower_bound":23875.57421346077,"upper_bound":24128.18725544035},"point_estimate":24006.759226432267,"standard_error":64.5466482465211},"Median":{"confidence_interval":{"confidence_level":0.95,"lower_bound":23872.070250896057,"upper_bound":24201.551810035842},"point_estimate":23998.04481993514,"standard_error":98.51248933449251},"MedianAbsDev":{"confidence_interval":{"confidence_level":0.95,"lower_bound":19.583958863783206,"upper_bound":428.70603406158597},"point_estimate":215.26062978051056,"standard_error":90.86367844892474},"Slope":{"confidence_interval":{"confidence_level":0.95,"lower_bound":24024.047994608845,"upper_bound":24208.56478264317},"point_estimate":24141.407479402318,"standard_error":47.11897465652432},"StdDev":{"confidence_interval":{"confidence_level":0.95,"lower_bound":120.8264466222453,"upper_bound":280.8229779857399},"point_estimate":215.1385200125147,"standard_error":44.38729685450571}}