{"Mean":{"confidence_interval":{"confidence_level":0.95,"lower_bound":280.63100329350357,"upper_bound":285.88314094733647},"point_estimate":283.3647085571743,"standard_error":1.3481553384352696},"Median":{"confidence_interval":{"confidence_level":0.95,"lower_bound":278.07461559235065,"upper_bound":287.318935452428},"point_estimate":284.79300006751396,"standard_error":2.3306850727617383},"MedianAbsDev":{"confidence_interval":{"confidence_level":0.95,"lower_bound":0.3107783119501848,"upper_bound":6.852814190613549},"point_estimate":3.837454574880941,"standard_error":1.908549062590481},"Slope":{"confidence_interval":{"confidence_level":0.95,"lower_bound":284.66716325366593,"upper_bound":287.24009613171745},"point_estimate":286.478847885114,"standard_error":0.6726803691025132},"StdDev":{"confidence_interval":{"confidence_level":0.95,"lower_bound":2.200116903459418,"upper_bound":5.270687305279871},"point_estimate":4.489200013221916,"standard_error":0.7192524882024571}}