{"Mean":{"confidence_interval":{"confidence_level":0.95,"lower_bound":132.19768873414108,"upper_bound":141.0224322708806},"point_estimate":135.86479868042224,"standard_error":2.31684533201189},"Median":{"confidence_interval":{"confidence_level":0.95,"lower_bound":131.6474310453933,"upper_bound":136.55222394452875},"point_estimate":135.14394137767377,"standard_error":1.5399826190850034},"MedianAbsDev":{"confidence_interval":{"confidence_level":0.95,"lower_bound":0.5279497939645752,"upper_bound":7.613905352281771},"point_estimate":3.2306847214190704,"standard_error":1.7763823910225787},"Slope":{"confidence_interval":{"confidence_level":0.95,"lower_bound":131.88733751104374,"upper_bound":135.7009890694231},"point_estimate":133.76458755009727,"standard_error":0.9793012682914602},"StdDev":{"confidence_interval":{"confidence_level":0.95,"lower_bound":2.00360617271554,"upper_bound":11.376022122471687},"point_estimate":7.612636770578884,"standard_error":2.945853792131738}}