{"Mean":{"confidence_interval":{"confidence_level":0.95,"lower_bound":25664.709658964195,"upper_bound":26304.662165220827},"point_estimate":25965.058817325098,"standard_error":164.06399190473954},"Median":{"confidence_interval":{"confidence_level":0.95,"lower_bound":25656.813892529488,"upper_bound":26248.44387651085},"point_estimate":25908.50895587593,"standard_error":120.00284273388743},"MedianAbsDev":{"confidence_interval":{"confidence_level":0.95,"lower_bound":52.2567681417231,"upper_bound":884.8283038193379},"point_estimate":265.7181313245012,"standard_error":218.72186756233648},"Slope":{"confidence_interval":{"confidence_level":0.95,"lower_bound":25885.7078077849,"upper_bound":26750.274153644466},"point_estimate":26359.51607745684,"standard_error":234.19648145831857},"StdDev":{"confidence_interval":{"confidence_level":0.95,"lower_bound":172.03937382790852,"upper_bound":748.7222839493763},"point_estimate":546.3032684818505,"standard_error":144.56080159712803}}