{"Mean":{"confidence_interval":{"confidence_level":0.95,"lower_bound":1881.465061791231,"upper_bound":1902.7045563089807},"point_estimate":1893.398607839578,"standard_error":5.531477872974103},"Median":{"confidence_interval":{"confidence_level":0.95,"lower_bound":1882.893290256122,"upper_bound":1904.6655556832548},"point_estimate":1901.6035525929333,"standard_error":5.53232796002736},"MedianAbsDev":{"confidence_interval":{"confidence_level":0.95,"lower_bound":0.9841441843439958,"upper_bound":26.79491307126925},"point_estimate":4.576772241084267,"standard_error":6.497147852277257},"Slope":{"confidence_interval":{"confidence_level":0.95,"lower_bound":1883.8222784122108,"upper_bound":1905.220499453998},"point_estimate":1892.93187746246,"standard_error":5.605321947323021},"StdDev":{"confidence_interval":{"confidence_level":0.95,"lower_bound":3.874747437707132,"upper_bound":25.950045405891323},"point_estimate":18.487592245628562,"standard_error":5.762917063383341}}