{"Mean":{"confidence_interval":{"confidence_level":0.95,"lower_bound":6385.214328190965,"upper_bound":6446.806593911148},"point_estimate":6417.276624218755,"standard_error":15.81924620923505},"Median":{"confidence_interval":{"confidence_level":0.95,"lower_bound":6383.135326989881,"upper_bound":6467.419988348761},"point_estimate":6416.650173689775,"standard_error":27.951348111983794},"MedianAbsDev":{"confidence_interval":{"confidence_level":0.95,"lower_bound":1.0099840047242536,"upper_bound":100.38792800933027},"point_estimate":55.033607194231436,"standard_error":24.955141946222607},"Slope":{"confidence_interval":{"confidence_level":0.95,"lower_bound":6422.458602714308,"upper_bound":6467.778747465491},"point_estimate":6453.525011445283,"standard_error":11.73691836847286},"StdDev":{"confidence_interval":{"confidence_level":0.95,"lower_bound":31.876282160102157,"upper_bound":67.0316236406702},"point_estimate":52.74353878015221,"standard_error":9.679028248270113}}