{"Mean":{"confidence_interval":{"confidence_level":0.95,"lower_bound":7062.422534485233,"upper_bound":7137.941180255242},"point_estimate":7099.7864919220865,"standard_error":19.457801274386277},"Median":{"confidence_interval":{"confidence_level":0.95,"lower_bound":7036.334890157412,"upper_bound":7172.166632070576},"point_estimate":7085.763675065829,"standard_error":40.77346314021834},"MedianAbsDev":{"confidence_interval":{"confidence_level":0.95,"lower_bound":7.297457859546178,"upper_bound":100.69206849258794},"point_estimate":86.02254822053241,"standard_error":27.080635687485593},"Slope":{"confidence_interval":{"confidence_level":0.95,"lower_bound":7054.34888965224,"upper_bound":7152.066656815314},"point_estimate":7106.431982288599,"standard_error":25.4536063264483},"StdDev":{"confidence_interval":{"confidence_level":0.95,"lower_bound":44.02164438146215,"upper_bound":72.66400013405166},"point_estimate":64.82546398137326,"standard_error":7.419089241786044}}