{"Mean":{"confidence_interval":{"confidence_level":0.95,"lower_bound":737221.8289767425,"upper_bound":742937.7898638154},"point_estimate":739917.3623262289,"standard_error":1469.8430399700667},"Median":{"confidence_interval":{"confidence_level":0.95,"lower_bound":736036.2258064516,"upper_bound":743700.4295074885},"point_estimate":738960.1653225806,"standard_error":1950.2577248027153},"MedianAbsDev":{"confidence_interval":{"confidence_level":0.95,"lower_bound":1062.4562496860292,"upper_bound":8389.222603642114},"point_estimate":4227.60692292887,"standard_error":1869.4624262418888},"Slope":{"confidence_interval":{"confidence_level":0.95,"lower_bound":736124.5921461931,"upper_bound":743042.6107879429},"point_estimate":739052.4522203603,"standard_error":1791.2040234443216},"StdDev":{"confidence_interval":{"confidence_level":0.95,"lower_bound":2381.061972937941,"upper_bound":6227.445851874442},"point_estimate":4892.263628933979,"standard_error":1005.694672056738}}