{"Mean":{"confidence_interval":{"confidence_level":0.95,"lower_bound":1456.319207649824,"upper_bound":1469.2169625149945},"point_estimate":1462.3843571646646,"standard_error":3.2967692409777865},"Median":{"confidence_interval":{"confidence_level":0.95,"lower_bound":1454.2567857358322,"upper_bound":1467.1177487646094},"point_estimate":1461.186365273413,"standard_error":3.338415689090955},"MedianAbsDev":{"confidence_interval":{"confidence_level":0.95,"lower_bound":0.20682940877018657,"upper_bound":18.083700845941443},"point_estimate":8.70409466889695,"standard_error":4.396812570485485},"Slope":{"confidence_interval":{"confidence_level":0.95,"lower_bound":1460.662807030243,"upper_bound":1473.3177116347424},"point_estimate":1466.1469499419743,"standard_error":3.2540258469512313},"StdDev":{"confidence_interval":{"confidence_level":0.95,"lower_bound":4.2402784762647086,"upper_bound":15.174873520782297},"point_estimate":10.979180698653723,"standard_error":2.887493675618131}}