{"Mean":{"confidence_interval":{"confidence_level":0.95,"lower_bound":1076878.7794476817,"upper_bound":1098525.3430562518},"point_estimate":1088309.6496644388,"standard_error":5542.603111806498},"Median":{"confidence_interval":{"confidence_level":0.95,"lower_bound":1077686.1615497074,"upper_bound":1103617.6350877192},"point_estimate":1088188.1885268728,"standard_error":5771.540991597812},"MedianAbsDev":{"confidence_interval":{"confidence_level":0.95,"lower_bound":1958.3835836529522,"upper_bound":30773.65716009096},"point_estimate":15526.550436512176,"standard_error":8189.856318310423},"Slope":{"confidence_interval":{"confidence_level":0.95,"lower_bound":1084913.2465900292,"upper_bound":1103210.030525844},"point_estimate":1093931.3792207793,"standard_error":5026.630522133371},"StdDev":{"confidence_interval":{"confidence_level":0.95,"lower_bound":8989.53629391721,"upper_bound":24403.269394096318},"point_estimate":18413.106714862584,"standard_error":4169.260552649094}}