{"Mean":{"confidence_interval":{"confidence_level":0.95,"lower_bound":507566.498465251,"upper_bound":515515.26356837194},"point_estimate":511476.73810489057,"standard_error":2041.422715679166},"Median":{"confidence_interval":{"confidence_level":0.95,"lower_bound":505346.6790540541,"upper_bound":516430.0135135135},"point_estimate":511592.36225868727,"standard_error":3252.1591749813338},"MedianAbsDev":{"confidence_interval":{"confidence_level":0.95,"lower_bound":1876.7319798570034,"upper_bound":11853.922371645465},"point_estimate":8043.176339705044,"standard_error":2509.1203222477834},"Slope":{"confidence_interval":{"confidence_level":0.95,"lower_bound":511995.1417789027,"upper_bound":517521.3456441879},"point_estimate":515329.3520884521,"standard_error":1397.8392851431772},"StdDev":{"confidence_interval":{"confidence_level":0.95,"lower_bound":4108.58130770185,"upper_bound":8451.11628945988},"point_estimate":6781.393914958969,"standard_error":1139.3082461082415}}