{"Mean":{"confidence_interval":{"confidence_level":0.95,"lower_bound":8218522.563333334,"upper_bound":8500249.985000001},"point_estimate":8346286.00015873,"standard_error":72333.8689412115},"Median":{"confidence_interval":{"confidence_level":0.95,"lower_bound":8222484.116666667,"upper_bound":8475833.691666666},"point_estimate":8287614.928571429,"standard_error":49410.61555053748},"MedianAbsDev":{"confidence_interval":{"confidence_level":0.95,"lower_bound":14515.951017291045,"upper_bound":366857.5397519766},"point_estimate":58696.93603292084,"standard_error":92155.31423316154},"Slope":{"confidence_interval":{"confidence_level":0.95,"lower_bound":8265209.02640264,"upper_bound":8676059.416690234},"point_estimate":8501914.667965367,"standard_error":107160.82186916316},"StdDev":{"confidence_interval":{"confidence_level":0.95,"lower_bound":59976.572159403775,"upper_bound":328061.7118938529},"point_estimate":242057.03011197504,"standard_error":68387.79802775597}}