{"Mean":{"confidence_interval":{"confidence_level":0.95,"lower_bound":1113661.6569645305,"upper_bound":1127289.499760274},"point_estimate":1120754.2543460536,"standard_error":3478.5769166359655},"Median":{"confidence_interval":{"confidence_level":0.95,"lower_bound":1114510.4760273972,"upper_bound":1126298.7632093932},"point_estimate":1122798.0461187214,"standard_error":3140.4606176638904},"MedianAbsDev":{"confidence_interval":{"confidence_level":0.95,"lower_bound":1450.0374167223238,"upper_bound":19248.16453231766},"point_estimate":7620.757821279989,"standard_error":4146.160445879735},"Slope":{"confidence_interval":{"confidence_level":0.95,"lower_bound":1120616.3640581255,"upper_bound":1125022.049608208},"point_estimate":1122940.1901085216,"standard_error":1119.1490496089252},"StdDev":{"confidence_interval":{"confidence_level":0.95,"lower_bound":4297.772778040563,"upper_bound":16002.479634798532},"point_estimate":11590.137841595004,"standard_error":3045.3536761719183}}