{"Mean":{"confidence_interval":{"confidence_level":0.95,"lower_bound":698.2117696206185,"upper_bound":725.7497956608512},"point_estimate":713.0530625288707,"standard_error":7.113986818867576},"Median":{"confidence_interval":{"confidence_level":0.95,"lower_bound":696.7788271874848,"upper_bound":729.568322968793},"point_estimate":715.6617250019087,"standard_error":6.987431542297606},"MedianAbsDev":{"confidence_interval":{"confidence_level":0.95,"lower_bound":1.923560558329278,"upper_bound":38.37458135567108},"point_estimate":17.12149345714614,"standard_error":9.420564429619033},"Slope":{"confidence_interval":{"confidence_level":0.95,"lower_bound":717.8219247810282,"upper_bound":734.3086677835478},"point_estimate":727.2070586557687,"standard_error":4.160724963898339},"StdDev":{"confidence_interval":{"confidence_level":0.95,"lower_bound":8.621073172642323,"upper_bound":31.20630193982956},"point_estimate":23.75996345155885,"standard_error":5.802978374213744}}