{"Mean":{"confidence_interval":{"confidence_level":0.95,"lower_bound":8571.86067998284,"upper_bound":8614.449945965544},"point_estimate":8594.241755294457,"standard_error":10.943390292479197},"Median":{"confidence_interval":{"confidence_level":0.95,"lower_bound":8566.537345075016,"upper_bound":8626.187801696022},"point_estimate":8594.120318275713,"standard_error":14.201503898576707},"MedianAbsDev":{"confidence_interval":{"confidence_level":0.95,"lower_bound":6.648514668240036,"upper_bound":61.87390740608513},"point_estimate":40.22778228565075,"standard_error":15.68991216953207},"Slope":{"confidence_interval":{"confidence_level":0.95,"lower_bound":8590.128743315574,"upper_bound":8626.754443101441},"point_estimate":8608.47388195627,"standard_error":9.769099655691196},"StdDev":{"confidence_interval":{"confidence_level":0.95,"lower_bound":18.92128311181185,"upper_bound":46.60656068685297},"point_estimate":36.519691311936846,"standard_error":7.3093580502731745}}