{"Mean":{"confidence_interval":{"confidence_level":0.95,"lower_bound":35073.977644563776,"upper_bound":35647.59225233101},"point_estimate":35334.04352231101,"standard_error":148.11943990536298},"Median":{"confidence_interval":{"confidence_level":0.95,"lower_bound":35074.4721590909,"upper_bound":35666.36713286713},"point_estimate":35162.32317682318,"standard_error":144.90926675484957},"MedianAbsDev":{"confidence_interval":{"confidence_level":0.95,"lower_bound":42.365707726875364,"upper_bound":763.5490302817086},"point_estimate":142.2710377364256,"standard_error":213.54704699118957},"Slope":{"confidence_interval":{"confidence_level":0.95,"lower_bound":35168.267999070675,"upper_bound":36072.27245645314},"point_estimate":35691.879425120336,"standard_error":227.6976121653922},"StdDev":{"confidence_interval":{"confidence_level":0.95,"lower_bound":181.8309265257822,"upper_bound":677.5781284324237},"point_estimate":494.00023756070067,"standard_error":137.08069709141756}}