{"Mean":{"confidence_interval":{"confidence_level":0.95,"lower_bound":15498.023906646373,"upper_bound":16146.259757555988},"point_estimate":15809.704046411056,"standard_error":165.65231090607242},"Median":{"confidence_interval":{"confidence_level":0.95,"lower_bound":15404.712607813293,"upper_bound":16188.942330458312},"point_estimate":15699.409817351598,"standard_error":219.25848683400082},"MedianAbsDev":{"confidence_interval":{"confidence_level":0.95,"lower_bound":66.83682538875122,"upper_bound":944.4688377224321},"point_estimate":566.989933160705,"standard_error":213.8113346171065},"Slope":{"confidence_interval":{"confidence_level":0.95,"lower_bound":15790.838330027827,"upper_bound":16544.320917006396},"point_estimate":16216.924115914528,"standard_error":199.69141893533595},"StdDev":{"confidence_interval":{"confidence_level":0.95,"lower_bound":285.7298485877102,"upper_bound":726.3390713375367},"point_estimate":551.0373612006867,"standard_error":116.4467497092148}}