{"Mean":{"confidence_interval":{"confidence_level":0.95,"lower_bound":95820.80644802906,"upper_bound":96792.54475534074},"point_estimate":96290.75724037987,"standard_error":249.77171383725005},"Median":{"confidence_interval":{"confidence_level":0.95,"lower_bound":95585.9422706426,"upper_bound":97209.00563909774},"point_estimate":96081.66058002147,"standard_error":424.641027184955},"MedianAbsDev":{"confidence_interval":{"confidence_level":0.95,"lower_bound":122.3355413297171,"upper_bound":1376.4224060899357},"point_estimate":793.4782012727611,"standard_error":333.80241316236686},"Slope":{"confidence_interval":{"confidence_level":0.95,"lower_bound":95615.88390669976,"upper_bound":96900.36039330912},"point_estimate":96099.4841630979,"standard_error":336.6103993823576},"StdDev":{"confidence_interval":{"confidence_level":0.95,"lower_bound":460.6145402162904,"upper_bound":975.7654002896704},"point_estimate":835.0148384155417,"standard_error":125.36759696165325}}