{"Mean":{"confidence_interval":{"confidence_level":0.95,"lower_bound":7628071.249920635,"upper_bound":7658108.979874007},"point_estimate":7641963.914272487,"standard_error":7665.723229496561},"Median":{"confidence_interval":{"confidence_level":0.95,"lower_bound":7622105.75,"upper_bound":7655591.670833333},"point_estimate":7637734.028769841,"standard_error":9472.061040141025},"MedianAbsDev":{"confidence_interval":{"confidence_level":0.95,"lower_bound":4763.352792934135,"upper_bound":41430.35023113038},"point_estimate":24334.409038811355,"standard_error":8579.020207581532},"Slope":{"confidence_interval":{"confidence_level":0.95,"lower_bound":7628820.501766784,"upper_bound":7670991.020251368},"point_estimate":7650328.191774892,"standard_error":10778.770688086333},"StdDev":{"confidence_interval":{"confidence_level":0.95,"lower_bound":12099.645231562366,"upper_bound":34411.31079666168},"point_estimate":25511.804803696126,"standard_error":6288.314679451964}}