{"Mean":{"confidence_interval":{"confidence_level":0.95,"lower_bound":2079506.0987377174,"upper_bound":2097818.212229781},"point_estimate":2088260.7357218445,"standard_error":4679.287755620605},"Median":{"confidence_interval":{"confidence_level":0.95,"lower_bound":2076748.2333333334,"upper_bound":2102117.58707483},"point_estimate":2083890.0026455026,"standard_error":7015.805780454056},"MedianAbsDev":{"confidence_interval":{"confidence_level":0.95,"lower_bound":718.2396739152999,"upper_bound":26657.535826734118},"point_estimate":13938.04472588353,"standard_error":6449.221244337639},"Slope":{"confidence_interval":{"confidence_level":0.95,"lower_bound":2077096.84662237,"upper_bound":2096247.4538246053},"point_estimate":2084265.8408163264,"standard_error":4916.16156264278},"StdDev":{"confidence_interval":{"confidence_level":0.95,"lower_bound":8145.447248416619,"upper_bound":19254.37231154643},"point_estimate":15551.911634070184,"standard_error":2791.5419612049645}}