{"Mean":{"confidence_interval":{"confidence_level":0.95,"lower_bound":10114.4364238072,"upper_bound":10284.12967105905},"point_estimate":10201.042486276696,"standard_error":43.53597449359929},"Median":{"confidence_interval":{"confidence_level":0.95,"lower_bound":10057.828550512446,"upper_bound":10313.315666178623},"point_estimate":10223.278296032908,"standard_error":61.554876437931846},"MedianAbsDev":{"confidence_interval":{"confidence_level":0.95,"lower_bound":30.79042014638214,"upper_bound":257.00856692473906},"point_estimate":144.1367713795676,"standard_error":58.88934942569413},"Slope":{"confidence_interval":{"confidence_level":0.95,"lower_bound":10184.701548607778,"upper_bound":10353.086089846383},"point_estimate":10285.401471734707,"standard_error":43.62037947226102},"StdDev":{"confidence_interval":{"confidence_level":0.95,"lower_bound":81.38472418285124,"upper_bound":179.2745265207354},"point_estimate":145.351131527892,"standard_error":24.263935983470347}}