{"Mean":{"confidence_interval":{"confidence_level":0.95,"lower_bound":82352.0484096524,"upper_bound":82891.4166164242},"point_estimate":82612.41303433591,"standard_error":138.556527537415},"Median":{"confidence_interval":{"confidence_level":0.95,"lower_bound":82146.53096435101,"upper_bound":82952.24832419257},"point_estimate":82627.98199268739,"standard_error":192.47313397634866},"MedianAbsDev":{"confidence_interval":{"confidence_level":0.95,"lower_bound":65.41954314388535,"upper_bound":803.6327676796374},"point_estimate":564.9272256583782,"standard_error":200.92672675504815},"Slope":{"confidence_interval":{"confidence_level":0.95,"lower_bound":82160.80930382546,"upper_bound":82587.09513394022},"point_estimate":82297.90381063177,"standard_error":110.28067296738435},"StdDev":{"confidence_interval":{"confidence_level":0.95,"lower_bound":251.90346872601978,"upper_bound":591.0130291230446},"point_estimate":462.91717962341534,"standard_error":90.70551012130099}}