{"Mean":{"confidence_interval":{"confidence_level":0.95,"lower_bound":1678303.1136601306,"upper_bound":1767713.3530756305},"point_estimate":1723317.2412931838,"standard_error":22923.857543974},"Median":{"confidence_interval":{"confidence_level":0.95,"lower_bound":1651611.2843137253,"upper_bound":1794615.2089169002},"point_estimate":1726380.0779411765,"standard_error":44671.463564364996},"MedianAbsDev":{"confidence_interval":{"confidence_level":0.95,"lower_bound":11711.251688162123,"upper_bound":123584.61603142472},"point_estimate":94708.96598328569,"standard_error":28953.797617086653},"Slope":{"confidence_interval":{"confidence_level":0.95,"lower_bound":1733628.878350539,"upper_bound":1802553.1169837853},"point_estimate":1780433.7281130634,"standard_error":17789.832024809934},"StdDev":{"confidence_interval":{"confidence_level":0.95,"lower_bound":50601.47067114432,"upper_bound":89128.42783495998},"point_estimate":76647.31451870968,"standard_error":9841.087919410036}}