{"Mean":{"confidence_interval":{"confidence_level":0.95,"lower_bound":1345089.9189705881,"upper_bound":1397927.577794818},"point_estimate":1371210.7026820728,"standard_error":13546.479544810478},"Median":{"confidence_interval":{"confidence_level":0.95,"lower_bound":1331232.724264706,"upper_bound":1414928.044117647},"point_estimate":1364061.8259803923,"standard_error":26437.911885017624},"MedianAbsDev":{"confidence_interval":{"confidence_level":0.95,"lower_bound":5537.591572570474,"upper_bound":70309.51442881512},"point_estimate":57774.89875149628,"standard_error":17800.126950904116},"Slope":{"confidence_interval":{"confidence_level":0.95,"lower_bound":1364412.9618736384,"upper_bound":1418824.4712576598},"point_estimate":1401043.015355233,"standard_error":13605.250865213551},"StdDev":{"confidence_interval":{"confidence_level":0.95,"lower_bound":29760.267897896698,"upper_bound":52194.77960085757},"point_estimate":45086.04522673126,"standard_error":5770.299981810278}}