{"Mean":{"confidence_interval":{"confidence_level":0.95,"lower_bound":1516.733060919727,"upper_bound":1594.0230049499473},"point_estimate":1554.8888803803666,"standard_error":19.819219368445566},"Median":{"confidence_interval":{"confidence_level":0.95,"lower_bound":1497.2563233965673,"upper_bound":1629.604095869001},"point_estimate":1540.0821622144792,"standard_error":37.64852840968157},"MedianAbsDev":{"confidence_interval":{"confidence_level":0.95,"lower_bound":10.288937373793715,"upper_bound":109.65874406894469},"point_estimate":88.04483313088463,"standard_error":25.924628609437985},"Slope":{"confidence_interval":{"confidence_level":0.95,"lower_bound":1546.381418915805,"upper_bound":1623.6959617296282},"point_estimate":1599.172064346803,"standard_error":19.627429549300125},"StdDev":{"confidence_interval":{"confidence_level":0.95,"lower_bound":43.2439812696429,"upper_bound":75.67577645889921},"point_estimate":65.90547624153979,"standard_error":8.373272338599401}}