{"Mean":{"confidence_interval":{"confidence_level":0.95,"lower_bound":677818.8013011503,"upper_bound":699372.9730015018},"point_estimate":688322.2199326489,"standard_error":5525.001309245988},"Median":{"confidence_interval":{"confidence_level":0.95,"lower_bound":670761.9296636085,"upper_bound":701796.7006061599},"point_estimate":685125.7720183486,"standard_error":10581.760438020698},"MedianAbsDev":{"confidence_interval":{"confidence_level":0.95,"lower_bound":1147.3663238960958,"upper_bound":33479.485135895666},"point_estimate":22433.843214334334,"standard_error":9256.176961308385},"Slope":{"confidence_interval":{"confidence_level":0.95,"lower_bound":689105.0014011676,"upper_bound":704691.6267163971},"point_estimate":697666.8337424044,"standard_error":3945.43464481732},"StdDev":{"confidence_interval":{"confidence_level":0.95,"lower_bound":11543.546759634539,"upper_bound":22893.5448307693},"point_estimate":18512.257282034767,"standard_error":3106.819259606125}}