{"Mean":{"confidence_interval":{"confidence_level":0.95,"lower_bound":14193.890393588363,"upper_bound":14653.054013623765},"point_estimate":14400.759563192734,"standard_error":117.86980485970129},"Median":{"confidence_interval":{"confidence_level":0.95,"lower_bound":14129.404184626437,"upper_bound":14581.981438577586},"point_estimate":14309.581582255749,"standard_error":112.61210848648543},"MedianAbsDev":{"confidence_interval":{"confidence_level":0.95,"lower_bound":80.84143959387265,"upper_bound":564.2774035327238},"point_estimate":287.96141479067734,"standard_error":122.5879969300458},"Slope":{"confidence_interval":{"confidence_level":0.95,"lower_bound":14190.60656655074,"upper_bound":14548.4693151185},"point_estimate":14344.088306090462,"standard_error":91.43250850476043},"StdDev":{"confidence_interval":{"confidence_level":0.95,"lower_bound":157.788024385739,"upper_bound":550.008854769504},"point_estimate":394.28240397910366,"standard_error":112.85174851597041}}