{"Mean":{"confidence_interval":{"confidence_level":0.95,"lower_bound":1130700.6911730513,"upper_bound":1135859.6920040324},"point_estimate":1133182.9172715056,"standard_error":1326.12785780831},"Median":{"confidence_interval":{"confidence_level":0.95,"lower_bound":1129945.4704301076,"upper_bound":1136993.875},"point_estimate":1132067.916330645,"standard_error":1873.942055058392},"MedianAbsDev":{"confidence_interval":{"confidence_level":0.95,"lower_bound":1029.1201686246595,"upper_bound":7378.332934653508},"point_estimate":4308.9289264044,"standard_error":1689.3699728209551},"Slope":{"confidence_interval":{"confidence_level":0.95,"lower_bound":1131439.0613327674,"upper_bound":1136856.6613796505},"point_estimate":1134119.7037285296,"standard_error":1475.9237599247044},"StdDev":{"confidence_interval":{"confidence_level":0.95,"lower_bound":2360.672353238574,"upper_bound":5527.535551067893},"point_estimate":4429.071924997146,"standard_error":794.8126232204154}}