{"Mean":{"confidence_interval":{"confidence_level":0.95,"lower_bound":1277764.6611866197,"upper_bound":1291189.438229376},"point_estimate":1283880.0582696176,"standard_error":3458.68155933933},"Median":{"confidence_interval":{"confidence_level":0.95,"lower_bound":1275920.4704225352,"upper_bound":1290622.5774647887},"point_estimate":1280697.38028169,"standard_error":3702.8445874284494},"MedianAbsDev":{"confidence_interval":{"confidence_level":0.95,"lower_bound":2236.564705363503,"upper_bound":17099.786054164477},"point_estimate":8093.336806032763,"standard_error":3956.060529510477},"Slope":{"confidence_interval":{"confidence_level":0.95,"lower_bound":1278309.797246688,"upper_bound":1294282.419932529},"point_estimate":1285551.3611121273,"standard_error":4046.4383203442108},"StdDev":{"confidence_interval":{"confidence_level":0.95,"lower_bound":4492.639152487575,"upper_bound":15791.46538401033},"point_estimate":11564.908523300139,"standard_error":3120.5754116570224}}