{"Mean":{"confidence_interval":{"confidence_level":0.95,"lower_bound":3461.9149284210434,"upper_bound":3548.0031351203083},"point_estimate":3504.2516773166367,"standard_error":22.025439366074615},"Median":{"confidence_interval":{"confidence_level":0.95,"lower_bound":3441.7805084745764,"upper_bound":3543.8791488536626},"point_estimate":3509.311558968927,"standard_error":24.28551441476985},"MedianAbsDev":{"confidence_interval":{"confidence_level":0.95,"lower_bound":11.794737934669284,"upper_bound":133.30583381303583},"point_estimate":65.53789633580726,"standard_error":31.306975273815933},"Slope":{"confidence_interval":{"confidence_level":0.95,"lower_bound":3492.1865518783034,"upper_bound":3539.825971922902},"point_estimate":3521.715179396874,"standard_error":12.160209774960382},"StdDev":{"confidence_interval":{"confidence_level":0.95,"lower_bound":38.675961410537106,"upper_bound":96.38140230635369},"point_estimate":73.30219168287859,"standard_error":15.215428280931395}}