{"Mean":{"confidence_interval":{"confidence_level":0.95,"lower_bound":2815592.814555727,"upper_bound":2827408.1828014166},"point_estimate":2821474.262705255,"standard_error":3024.3554899578644},"Median":{"confidence_interval":{"confidence_level":0.95,"lower_bound":2813987.450738916,"upper_bound":2830064.474137931},"point_estimate":2820652.0021551726,"standard_error":3792.608218176745},"MedianAbsDev":{"confidence_interval":{"confidence_level":0.95,"lower_bound":2262.0566732026105,"upper_bound":17903.41290456468},"point_estimate":9971.331566508257,"standard_error":4060.1966234215283},"Slope":{"confidence_interval":{"confidence_level":0.95,"lower_bound":2816951.4727382143,"upper_bound":2833138.231658602},"point_estimate":2826658.4883116884,"standard_error":4163.185524314077},"StdDev":{"confidence_interval":{"confidence_level":0.95,"lower_bound":5549.460427456411,"upper_bound":12792.029483052425},"point_estimate":10079.932961462206,"standard_error":1847.834163255376}}