{"Mean":{"confidence_interval":{"confidence_level":0.95,"lower_bound":806537.0765539175,"upper_bound":814699.4634711379},"point_estimate":811023.5948698783,"standard_error":2105.52418782376},"Median":{"confidence_interval":{"confidence_level":0.95,"lower_bound":807370.7472868217,"upper_bound":815847.1268687707},"point_estimate":813716.4031007752,"standard_error":2140.9110474051768},"MedianAbsDev":{"confidence_interval":{"confidence_level":0.95,"lower_bound":842.9089827097634,"upper_bound":10029.226813108271},"point_estimate":4358.223730358601,"standard_error":2394.8953136691607},"Slope":{"confidence_interval":{"confidence_level":0.95,"lower_bound":812456.8811549137,"upper_bound":815513.8667972136},"point_estimate":814381.6430081546,"standard_error":783.2017640741017},"StdDev":{"confidence_interval":{"confidence_level":0.95,"lower_bound":2339.2348265395794,"upper_bound":9525.5915923302},"point_estimate":7002.717831438514,"standard_error":1944.7126055207227}}