{"Mean":{"confidence_interval":{"confidence_level":0.95,"lower_bound":63709.82323783663,"upper_bound":64645.479457553054},"point_estimate":64157.19028520897,"standard_error":241.1863582444559},"Median":{"confidence_interval":{"confidence_level":0.95,"lower_bound":63513.753745318354,"upper_bound":64999.91483146067},"point_estimate":63795.85419475655,"standard_error":389.0387832929114},"MedianAbsDev":{"confidence_interval":{"confidence_level":0.95,"lower_bound":85.52602836924578,"upper_bound":1266.0350460252594},"point_estimate":687.2510921883642,"standard_error":324.30213270999917},"Slope":{"confidence_interval":{"confidence_level":0.95,"lower_bound":64044.52754725884,"upper_bound":65090.06638790553},"point_estimate":64738.25392285617,"standard_error":260.1557108547645},"StdDev":{"confidence_interval":{"confidence_level":0.95,"lower_bound":389.8113988337761,"upper_bound":941.6842316352677},"point_estimate":802.5193978379576,"standard_error":132.29511631379344}}