{"Mean":{"confidence_interval":{"confidence_level":0.95,"lower_bound":43406.48694296645,"upper_bound":44071.57283363237},"point_estimate":43735.60833159571,"standard_error":171.04630074232566},"Median":{"confidence_interval":{"confidence_level":0.95,"lower_bound":43159.677393075355,"upper_bound":44306.41229633401},"point_estimate":43697.14672437203,"standard_error":360.22518862838757},"MedianAbsDev":{"confidence_interval":{"confidence_level":0.95,"lower_bound":57.17836023742289,"upper_bound":873.9475170199751},"point_estimate":816.7691567825522,"standard_error":248.90600647725995},"Slope":{"confidence_interval":{"confidence_level":0.95,"lower_bound":43644.0149582436,"upper_bound":44324.76386102257},"point_estimate":44097.05704499167,"standard_error":174.60490393468177},"StdDev":{"confidence_interval":{"confidence_level":0.95,"lower_bound":389.97237812878916,"upper_bound":641.6549739329565},"point_estimate":572.2708356755654,"standard_error":65.58689266456035}}