{"Mean":{"confidence_interval":{"confidence_level":0.95,"lower_bound":4897486.354002233,"upper_bound":4932284.84152939},"point_estimate":4913693.243675595,"standard_error":8909.968955708318},"Median":{"confidence_interval":{"confidence_level":0.95,"lower_bound":4890514.75625,"upper_bound":4936444.3125},"point_estimate":4908674.5859375,"standard_error":9871.069818147214},"MedianAbsDev":{"confidence_interval":{"confidence_level":0.95,"lower_bound":6357.597177755088,"upper_bound":51444.81061667176},"point_estimate":19520.755805937366,"standard_error":11566.41652799781},"Slope":{"confidence_interval":{"confidence_level":0.95,"lower_bound":4899006.422658672,"upper_bound":4944013.692361111},"point_estimate":4921880.018831169,"standard_error":11697.570662297025},"StdDev":{"confidence_interval":{"confidence_level":0.95,"lower_bound":12845.7673471728,"upper_bound":38009.978580331786},"point_estimate":29699.55937059077,"standard_error":6456.915095351025}}