{"Mean":{"confidence_interval":{"confidence_level":0.95,"lower_bound":1281.8624908039938,"upper_bound":1328.5650501547264},"point_estimate":1306.8945818076165,"standard_error":12.018463969857159},"Median":{"confidence_interval":{"confidence_level":0.95,"lower_bound":1274.8856410930111,"upper_bound":1337.887283236994},"point_estimate":1315.6214310737432,"standard_error":13.34872508880021},"MedianAbsDev":{"confidence_interval":{"confidence_level":0.95,"lower_bound":7.951620725882761,"upper_bound":65.17720097109219},"point_estimate":28.510184543764094,"standard_error":14.62136651843984},"Slope":{"confidence_interval":{"confidence_level":0.95,"lower_bound":1311.4810127740557,"upper_bound":1340.4140645122964},"point_estimate":1330.1894338626867,"standard_error":7.4307615419116395},"StdDev":{"confidence_interval":{"confidence_level":0.95,"lower_bound":15.8064406151151,"upper_bound":51.02616763348982},"point_estimate":39.98315054543067,"standard_error":9.133690887224454}}