{"Mean":{"confidence_interval":{"confidence_level":0.95,"lower_bound":26853.898622297667,"upper_bound":27263.953731459576},"point_estimate":27058.702932057688,"standard_error":105.50871377868482},"Median":{"confidence_interval":{"confidence_level":0.95,"lower_bound":26713.431677018634,"upper_bound":27406.375776397515},"point_estimate":27071.411116862204,"standard_error":228.29741852174502},"MedianAbsDev":{"confidence_interval":{"confidence_level":0.95,"lower_bound":46.51638232634487,"upper_bound":555.8940047685892},"point_estimate":497.9753112376737,"standard_error":142.6101173082544},"Slope":{"confidence_interval":{"confidence_level":0.95,"lower_bound":26985.417245048073,"upper_bound":27400.37104707676},"point_estimate":27265.4352755595,"standard_error":107.1783393077931},"StdDev":{"confidence_interval":{"confidence_level":0.95,"lower_bound":242.1691647858145,"upper_bound":391.40167623013144},"point_estimate":350.5655222672531,"standard_error":38.08056826310724}}