{"Mean":{"confidence_interval":{"confidence_level":0.95,"lower_bound":7127.181522568167,"upper_bound":7260.206273603629},"point_estimate":7195.845313760935,"standard_error":34.08700230994218},"Median":{"confidence_interval":{"confidence_level":0.95,"lower_bound":7080.410401477593,"upper_bound":7270.945159632824},"point_estimate":7236.533478743398,"standard_error":48.78687433381492},"MedianAbsDev":{"confidence_interval":{"confidence_level":0.95,"lower_bound":16.440070904138143,"upper_bound":188.79014718198758},"point_estimate":76.53651771965319,"standard_error":48.80514382998796},"Slope":{"confidence_interval":{"confidence_level":0.95,"lower_bound":7196.101371923505,"upper_bound":7271.8335457862995},"point_estimate":7245.883198691073,"standard_error":19.53430685461609},"StdDev":{"confidence_interval":{"confidence_level":0.95,"lower_bound":58.82992830787966,"upper_bound":140.61431099566232},"point_estimate":113.79906304997598,"standard_error":20.30599567067758}}