{"Mean":{"confidence_interval":{"confidence_level":0.95,"lower_bound":6340.153944140318,"upper_bound":6459.9387553608085},"point_estimate":6399.945249996037,"standard_error":30.73576089759255},"Median":{"confidence_interval":{"confidence_level":0.95,"lower_bound":6306.123147994007,"upper_bound":6509.453399605222},"point_estimate":6398.754698684867,"standard_error":53.49186220846768},"MedianAbsDev":{"confidence_interval":{"confidence_level":0.95,"lower_bound":19.716948486728622,"upper_bound":168.5231945401611},"point_estimate":146.5973156843757,"standard_error":39.83892917277388},"Slope":{"confidence_interval":{"confidence_level":0.95,"lower_bound":6405.11165054648,"upper_bound":6506.907739640589},"point_estimate":6461.971099085698,"standard_error":26.45438381851792},"StdDev":{"confidence_interval":{"confidence_level":0.95,"lower_bound":65.41475270880865,"upper_bound":119.86933159349682},"point_estimate":102.20972119840857,"standard_error":13.886103562989367}}