{"Mean":{"confidence_interval":{"confidence_level":0.95,"lower_bound":13290.993909301098,"upper_bound":13717.720685487568},"point_estimate":13480.035921992245,"standard_error":108.68346670086163},"Median":{"confidence_interval":{"confidence_level":0.95,"lower_bound":13230.608289768485,"upper_bound":13772.16178384722},"point_estimate":13373.79331404033,"standard_error":106.43589957661506},"MedianAbsDev":{"confidence_interval":{"confidence_level":0.95,"lower_bound":14.106630566586093,"upper_bound":515.2071025784145},"point_estimate":158.23183579687299,"standard_error":103.72240272548558},"Slope":{"confidence_interval":{"confidence_level":0.95,"lower_bound":13295.119542163198,"upper_bound":13686.011540362826},"point_estimate":13451.918368233708,"standard_error":101.99965169146317},"StdDev":{"confidence_interval":{"confidence_level":0.95,"lower_bound":86.73898730113133,"upper_bound":456.306836611482},"point_estimate":362.87791379821766,"standard_error":99.62891003442573}}