{"Mean":{"confidence_interval":{"confidence_level":0.95,"lower_bound":213414.85919461548,"upper_bound":216889.45102282317},"point_estimate":215049.7682085842,"standard_error":884.2506480522334},"Median":{"confidence_interval":{"confidence_level":0.95,"lower_bound":212805.33620689655,"upper_bound":216452.56736909325},"point_estimate":215048.87725779967,"standard_error":985.2635685643805},"MedianAbsDev":{"confidence_interval":{"confidence_level":0.95,"lower_bound":710.1947364336552,"upper_bound":4649.8259425448905},"point_estimate":2436.2082902735756,"standard_error":1011.37908016598},"Slope":{"confidence_interval":{"confidence_level":0.95,"lower_bound":213440.44673694816,"upper_bound":216070.97218043663},"point_estimate":214935.52130915062,"standard_error":668.4632836346964},"StdDev":{"confidence_interval":{"confidence_level":0.95,"lower_bound":1352.6314293027503,"upper_bound":4035.7604999347873},"point_estimate":2947.2755378108495,"standard_error":727.4056136471156}}