{"Mean":{"confidence_interval":{"confidence_level":0.95,"lower_bound":8259.423280056268,"upper_bound":8307.980579201008},"point_estimate":8279.321704012813,"standard_error":12.910497166086257},"Median":{"confidence_interval":{"confidence_level":0.95,"lower_bound":8255.895204195378,"upper_bound":8287.418994477099},"point_estimate":8265.888958699275,"standard_error":7.344781799692149},"MedianAbsDev":{"confidence_interval":{"confidence_level":0.95,"lower_bound":2.6245819017896417,"upper_bound":41.30219271652803},"point_estimate":15.530447211104624,"standard_error":10.578336563845369},"Slope":{"confidence_interval":{"confidence_level":0.95,"lower_bound":8258.300278602635,"upper_bound":8274.669443825194},"point_estimate":8265.881155933648,"standard_error":4.056930808235906},"StdDev":{"confidence_interval":{"confidence_level":0.95,"lower_bound":8.815804734444912,"upper_bound":63.667583275662786},"point_estimate":42.9580941147558,"standard_error":16.75762749170857}}