{"Mean":{"confidence_interval":{"confidence_level":0.95,"lower_bound":393.66970894582886,"upper_bound":396.98752646795776},"point_estimate":395.0851614420239,"standard_error":0.8645911616068819},"Median":{"confidence_interval":{"confidence_level":0.95,"lower_bound":393.0877199888646,"upper_bound":395.60816862260657},"point_estimate":394.9302946047709,"standard_error":0.8281997842631816},"MedianAbsDev":{"confidence_interval":{"confidence_level":0.95,"lower_bound":0.27528475937046665,"upper_bound":3.4823943340376564},"point_estimate":1.8026998975296362,"standard_error":0.8243009537038186},"Slope":{"confidence_interval":{"confidence_level":0.95,"lower_bound":393.1177672931665,"upper_bound":395.3408614621313},"point_estimate":393.84313886011336,"standard_error":0.5726618985713341},"StdDev":{"confidence_interval":{"confidence_level":0.95,"lower_bound":1.0003611920921094,"upper_bound":4.24227353968752},"point_estimate":2.886691531520489,"standard_error":1.0392406953184097}}