{"Mean":{"confidence_interval":{"confidence_level":0.95,"lower_bound":113.42427186898594,"upper_bound":119.51256272431942},"point_estimate":116.5935050360501,"standard_error":1.5639818790868656},"Median":{"confidence_interval":{"confidence_level":0.95,"lower_bound":110.70690155440414,"upper_bound":121.52174400307042},"point_estimate":118.23671042026483,"standard_error":2.4435500502166536},"MedianAbsDev":{"confidence_interval":{"confidence_level":0.95,"lower_bound":0.4743756578993888,"upper_bound":7.798007267775318},"point_estimate":4.894873092142957,"standard_error":2.0186422179993615},"Slope":{"confidence_interval":{"confidence_level":0.95,"lower_bound":118.02676430338421,"upper_bound":121.14421142089536},"point_estimate":120.18729420631182,"standard_error":0.8108192823746715},"StdDev":{"confidence_interval":{"confidence_level":0.95,"lower_bound":2.237727722821389,"upper_bound":6.136268093250574},"point_estimate":5.223688100180237,"standard_error":0.8680251033577399}}