{"Mean":{"confidence_interval":{"confidence_level":0.95,"lower_bound":350926.09346211585,"upper_bound":354196.01411752787},"point_estimate":352309.1237551503,"standard_error":855.9881333084967},"Median":{"confidence_interval":{"confidence_level":0.95,"lower_bound":350520.45432624116,"upper_bound":353464.2748395812},"point_estimate":351247.4765957447,"standard_error":649.5543462028345},"MedianAbsDev":{"confidence_interval":{"confidence_level":0.95,"lower_bound":159.03566015529,"upper_bound":3246.025201860943},"point_estimate":1314.1565507470223,"standard_error":782.4725058458047},"Slope":{"confidence_interval":{"confidence_level":0.95,"lower_bound":350658.65064539725,"upper_bound":354760.88890573994},"point_estimate":352231.15827576676,"standard_error":1050.8956724379484},"StdDev":{"confidence_interval":{"confidence_level":0.95,"lower_bound":629.8644879597631,"upper_bound":4064.2269773661037},"point_estimate":2843.465906978364,"standard_error":980.7574598543818}}