{"Mean":{"confidence_interval":{"confidence_level":0.95,"lower_bound":2490.716197307239,"upper_bound":2571.2851515129432},"point_estimate":2532.9733618770015,"standard_error":20.682316090279553},"Median":{"confidence_interval":{"confidence_level":0.95,"lower_bound":2474.610118675828,"upper_bound":2581.545594420154},"point_estimate":2552.2478205585794,"standard_error":25.19942212675822},"MedianAbsDev":{"confidence_interval":{"confidence_level":0.95,"lower_bound":5.564084312002745,"upper_bound":110.01411316615928},"point_estimate":43.82111384725403,"standard_error":29.71587273711311},"Slope":{"confidence_interval":{"confidence_level":0.95,"lower_bound":2543.6024127482306,"upper_bound":2599.2527694789965},"point_estimate":2571.397149184357,"standard_error":15.277196113864974},"StdDev":{"confidence_interval":{"confidence_level":0.95,"lower_bound":29.851022388258134,"upper_bound":86.25953712771289},"point_estimate":69.11794289159522,"standard_error":13.647960144405838}}