{"Mean":{"confidence_interval":{"confidence_level":0.95,"lower_bound":126710.6180748316,"upper_bound":128480.80814849377},"point_estimate":127568.82316821029,"standard_error":452.89194087499874},"Median":{"confidence_interval":{"confidence_level":0.95,"lower_bound":126295.82752128356,"upper_bound":128900.50196463654},"point_estimate":127116.26323790813,"standard_error":814.9513277094304},"MedianAbsDev":{"confidence_interval":{"confidence_level":0.95,"lower_bound":121.19094878162849,"upper_bound":2502.927994149607},"point_estimate":1698.8774246129658,"standard_error":633.574865787973},"Slope":{"confidence_interval":{"confidence_level":0.95,"lower_bound":126978.73568351279,"upper_bound":129137.32122141225},"point_estimate":128112.07169137347,"standard_error":546.5927778768765},"StdDev":{"confidence_interval":{"confidence_level":0.95,"lower_bound":919.4967795464705,"upper_bound":1793.0045083419673},"point_estimate":1509.415492751136,"standard_error":223.30771037574902}}