{"Mean":{"confidence_interval":{"confidence_level":0.95,"lower_bound":184985.95400017902,"upper_bound":209859.00005549582},"point_estimate":196685.58879132353,"standard_error":6391.835039404711},"Median":{"confidence_interval":{"confidence_level":0.95,"lower_bound":180987.39887218046,"upper_bound":207668.17379162193},"point_estimate":196235.99859022556,"standard_error":7158.863967323554},"MedianAbsDev":{"confidence_interval":{"confidence_level":0.95,"lower_bound":2526.0294701916064,"upper_bound":33877.04277400087},"point_estimate":20068.567299632752,"standard_error":7874.477368814361},"Slope":{"confidence_interval":{"confidence_level":0.95,"lower_bound":191316.80061555372,"upper_bound":224019.16600462323},"point_estimate":209708.43927350844,"standard_error":8365.589323226779},"StdDev":{"confidence_interval":{"confidence_level":0.95,"lower_bound":9814.518507745634,"upper_bound":28699.694016273148},"point_estimate":21265.36451631453,"standard_error":5139.695563290454}}