{"Mean":{"confidence_interval":{"confidence_level":0.95,"lower_bound":6054.853093578895,"upper_bound":6443.241898768576},"point_estimate":6251.050897090231,"standard_error":99.17352276816227},"Median":{"confidence_interval":{"confidence_level":0.95,"lower_bound":6017.369583668364,"upper_bound":6519.475660010721},"point_estimate":6273.828265433753,"standard_error":122.35275893758576},"MedianAbsDev":{"confidence_interval":{"confidence_level":0.95,"lower_bound":38.88637050501793,"upper_bound":570.8646311401434},"point_estimate":351.8267282167728,"standard_error":130.10039444638596},"Slope":{"confidence_interval":{"confidence_level":0.95,"lower_bound":6250.746183392625,"upper_bound":6622.977787648166},"point_estimate":6494.619623930077,"standard_error":93.74549178965675},"StdDev":{"confidence_interval":{"confidence_level":0.95,"lower_bound":184.50301204654824,"upper_bound":423.14071505315815},"point_estimate":330.4745692794449,"standard_error":61.82788757799214}}