{"Mean":{"confidence_interval":{"confidence_level":0.95,"lower_bound":12050.172845878744,"upper_bound":12219.737946479214},"point_estimate":12128.531273059989,"standard_error":43.36853343797361},"Median":{"confidence_interval":{"confidence_level":0.95,"lower_bound":12009.704800056721,"upper_bound":12188.709543391946},"point_estimate":12124.285827391082,"standard_error":44.43190505725834},"MedianAbsDev":{"confidence_interval":{"confidence_level":0.95,"lower_bound":31.628612726908415,"upper_bound":225.04084605081295},"point_estimate":116.55253979975066,"standard_error":50.925776613568615},"Slope":{"confidence_interval":{"confidence_level":0.95,"lower_bound":12096.67241699027,"upper_bound":12183.724154473823},"point_estimate":12154.14007447459,"standard_error":22.061261254666963},"StdDev":{"confidence_interval":{"confidence_level":0.95,"lower_bound":65.47547791283282,"upper_bound":198.4011259712746},"point_estimate":144.0439020985492,"standard_error":37.63716262508188}}