{"Mean":{"confidence_interval":{"confidence_level":0.95,"lower_bound":27271.4447481354,"upper_bound":27515.295044996317},"point_estimate":27389.38447318526,"standard_error":62.60455813788184},"Median":{"confidence_interval":{"confidence_level":0.95,"lower_bound":27210.735742971887,"upper_bound":27592.827437641725},"point_estimate":27315.06614457831,"standard_error":115.7630646264173},"MedianAbsDev":{"confidence_interval":{"confidence_level":0.95,"lower_bound":24.668277513860293,"upper_bound":320.7827192045654},"point_estimate":208.31111442221888,"standard_error":84.18378126472705},"Slope":{"confidence_interval":{"confidence_level":0.95,"lower_bound":27383.93788657816,"upper_bound":27644.18992060097},"point_estimate":27553.632794331315,"standard_error":65.99191190590098},"StdDev":{"confidence_interval":{"confidence_level":0.95,"lower_bound":125.02949024137568,"upper_bound":248.66643262791507},"point_estimate":209.6304995882938,"standard_error":31.019854812574597}}