{"Mean":{"confidence_interval":{"confidence_level":0.95,"lower_bound":835.2116746155012,"upper_bound":852.9931270515501},"point_estimate":843.6805601481741,"standard_error":4.569088282242907},"Median":{"confidence_interval":{"confidence_level":0.95,"lower_bound":830.7231792200729,"upper_bound":858.9210712100531},"point_estimate":838.0802160304984,"standard_error":8.107285091520907},"MedianAbsDev":{"confidence_interval":{"confidence_level":0.95,"lower_bound":1.9330750026514842,"upper_bound":24.644843175682524},"point_estimate":13.317897090515967,"standard_error":6.881402622660707},"Slope":{"confidence_interval":{"confidence_level":0.95,"lower_bound":832.9100275015411,"upper_bound":857.0308763553907},"point_estimate":841.7468194440285,"standard_error":6.145399554313335},"StdDev":{"confidence_interval":{"confidence_level":0.95,"lower_bound":8.264624267739793,"upper_bound":17.836784962901483},"point_estimate":15.24021443893241,"standard_error":2.367990074581417}}