{"Mean":{"confidence_interval":{"confidence_level":0.95,"lower_bound":311897.5989580038,"upper_bound":313582.33718883985},"point_estimate":312658.0668196861,"standard_error":431.85349632705976},"Median":{"confidence_interval":{"confidence_level":0.95,"lower_bound":311634.4356293563,"upper_bound":313235.3153136531},"point_estimate":312453.33584607276,"standard_error":326.73645190162006},"MedianAbsDev":{"confidence_interval":{"confidence_level":0.95,"lower_bound":93.61948654822461,"upper_bound":2074.3816679694087},"point_estimate":509.1429303520563,"standard_error":564.7905758312232},"Slope":{"confidence_interval":{"confidence_level":0.95,"lower_bound":312356.4730920414,"upper_bound":314345.76563130174},"point_estimate":313101.17372885416,"standard_error":553.2343815841325},"StdDev":{"confidence_interval":{"confidence_level":0.95,"lower_bound":520.5136248388835,"upper_bound":2011.5556310003824},"point_estimate":1437.2024624850042,"standard_error":423.57271742084805}}