{"Mean":{"confidence_interval":{"confidence_level":0.95,"lower_bound":1034.8627019210148,"upper_bound":1107.1227017712336},"point_estimate":1072.423510753039,"standard_error":18.531497196265033},"Median":{"confidence_interval":{"confidence_level":0.95,"lower_bound":1024.858093726325,"upper_bound":1120.573985123951},"point_estimate":1083.9967892059599,"standard_error":23.544257356983074},"MedianAbsDev":{"confidence_interval":{"confidence_level":0.95,"lower_bound":17.842296270865326,"upper_bound":108.41810719168423},"point_estimate":60.03514424649398,"standard_error":23.189171089381976},"Slope":{"confidence_interval":{"confidence_level":0.95,"lower_bound":1084.0173207917228,"upper_bound":1134.0422794169303},"point_estimate":1117.1865346241477,"standard_error":12.672478742485328},"StdDev":{"confidence_interval":{"confidence_level":0.95,"lower_bound":31.109930919710656,"upper_bound":77.31904230252123},"point_estimate":61.73024358769183,"standard_error":11.643171792461871}}