{"Mean":{"confidence_interval":{"confidence_level":0.95,"lower_bound":22427.845165770148,"upper_bound":22693.86724250671},"point_estimate":22581.257771848086,"standard_error":69.81509279430124},"Median":{"confidence_interval":{"confidence_level":0.95,"lower_bound":22512.952678949598,"upper_bound":22730.408248623462},"point_estimate":22627.31487928844,"standard_error":51.10107463217847},"MedianAbsDev":{"confidence_interval":{"confidence_level":0.95,"lower_bound":17.843998077109585,"upper_bound":257.70705335362805},"point_estimate":111.01608548861962,"standard_error":64.19545292494291},"Slope":{"confidence_interval":{"confidence_level":0.95,"lower_bound":22519.70224427488,"upper_bound":22683.44090894416},"point_estimate":22615.795025000414,"standard_error":42.50934326814639},"StdDev":{"confidence_interval":{"confidence_level":0.95,"lower_bound":65.71790357071879,"upper_bound":337.92068686885085},"point_estimate":231.95665821100297,"standard_error":82.57995574691842}}