{"Mean":{"confidence_interval":{"confidence_level":0.95,"lower_bound":63895.9062014231,"upper_bound":70360.5284878421},"point_estimate":67261.88928763,"standard_error":1665.422984742937},"Median":{"confidence_interval":{"confidence_level":0.95,"lower_bound":61393.41247947455,"upper_bound":71877.12152709361},"point_estimate":69710.20582922825,"standard_error":2916.6066492093496},"MedianAbsDev":{"confidence_interval":{"confidence_level":0.95,"lower_bound":798.8161787721936,"upper_bound":8958.276816820864},"point_estimate":4295.492711791481,"standard_error":2346.598909687677},"Slope":{"confidence_interval":{"confidence_level":0.95,"lower_bound":68948.35267438133,"upper_bound":71941.28933299537},"point_estimate":71068.24676604183,"standard_error":778.7384613735276},"StdDev":{"confidence_interval":{"confidence_level":0.95,"lower_bound":2971.139526442291,"upper_bound":6438.766973571956},"point_estimate":5553.629279477496,"standard_error":865.3515116777592}}