{"Mean":{"confidence_interval":{"confidence_level":0.95,"lower_bound":16455.529656298673,"upper_bound":17811.23504483961},"point_estimate":17141.0002251922,"standard_error":347.2475364089514},"Median":{"confidence_interval":{"confidence_level":0.95,"lower_bound":16123.14450678497,"upper_bound":18291.39454302946},"point_estimate":17071.396820633265,"standard_error":693.6691758607207},"MedianAbsDev":{"confidence_interval":{"confidence_level":0.95,"lower_bound":86.14316099022348,"upper_bound":1829.950941920368},"point_estimate":1729.0990311730056,"standard_error":508.73699406608773},"Slope":{"confidence_interval":{"confidence_level":0.95,"lower_bound":17347.107057969293,"upper_bound":18266.03411099513},"point_estimate":17989.159126155682,"standard_error":239.51868813035423},"StdDev":{"confidence_interval":{"confidence_level":0.95,"lower_bound":767.4066221752981,"upper_bound":1335.1425983032066},"point_estimate":1154.6920447977448,"standard_error":147.46982688442486}}