{"Mean":{"confidence_interval":{"confidence_level":0.95,"lower_bound":139.82931602381194,"upper_bound":142.00280094485169},"point_estimate":140.90465190737467,"standard_error":0.5572882075217983},"Median":{"confidence_interval":{"confidence_level":0.95,"lower_bound":139.24884484825193,"upper_bound":142.40335624683843},"point_estimate":140.85212608919755,"standard_error":1.0615573678167474},"MedianAbsDev":{"confidence_interval":{"confidence_level":0.95,"lower_bound":0.2217191885097002,"upper_bound":3.0082654750345093},"point_estimate":2.312808242749945,"standard_error":0.7571720338896948},"Slope":{"confidence_interval":{"confidence_level":0.95,"lower_bound":141.03376873166934,"upper_bound":142.98629488915992},"point_estimate":142.29459806660543,"standard_error":0.4921183376408067},"StdDev":{"confidence_interval":{"confidence_level":0.95,"lower_bound":1.209462427318655,"upper_bound":2.2185655008127494},"point_estimate":1.8612674715783173,"standard_error":0.26073766490745337}}