{"Mean":{"confidence_interval":{"confidence_level":0.95,"lower_bound":139151.3633700565,"upper_bound":143814.20490131492},"point_estimate":141566.00331820018,"standard_error":1200.3549700311755},"Median":{"confidence_interval":{"confidence_level":0.95,"lower_bound":136439.4463276836,"upper_bound":145155.3829701372},"point_estimate":142323.46139359698,"standard_error":2044.7856724136996},"MedianAbsDev":{"confidence_interval":{"confidence_level":0.95,"lower_bound":492.4022340547113,"upper_bound":6415.159147909032},"point_estimate":4284.548921363429,"standard_error":1656.9695762944084},"Slope":{"confidence_interval":{"confidence_level":0.95,"lower_bound":142592.93670266084,"upper_bound":145098.30304117344},"point_estimate":144276.04282045638,"standard_error":644.600978248537},"StdDev":{"confidence_interval":{"confidence_level":0.95,"lower_bound":1997.938530201386,"upper_bound":4671.457848486246},"point_estimate":4004.415880173287,"standard_error":610.4637397488506}}