{"Mean":{"confidence_interval":{"confidence_level":0.95,"lower_bound":544903.9145017636,"upper_bound":559060.6616681822},"point_estimate":551215.0666648296,"standard_error":3657.3700437774064},"Median":{"confidence_interval":{"confidence_level":0.95,"lower_bound":542882.2395833334,"upper_bound":558125.4405864198},"point_estimate":547544.5302211933,"standard_error":3939.324733847643},"MedianAbsDev":{"confidence_interval":{"confidence_level":0.95,"lower_bound":1085.447838406884,"upper_bound":17053.34079353907},"point_estimate":7446.030440067219,"standard_error":4393.91656511663},"Slope":{"confidence_interval":{"confidence_level":0.95,"lower_bound":542914.4140461216,"upper_bound":550431.9388531044},"point_estimate":546366.8925925926,"standard_error":2041.470127082762},"StdDev":{"confidence_interval":{"confidence_level":0.95,"lower_bound":4123.067923224374,"upper_bound":16557.72629840604},"point_estimate":12171.919581735028,"standard_error":3410.5377810592554}}