{"Mean":{"confidence_interval":{"confidence_level":0.95,"lower_bound":26184418.196388893,"upper_bound":26409614.888467263},"point_estimate":26286236.408492066,"standard_error":58149.21847845642},"Median":{"confidence_interval":{"confidence_level":0.95,"lower_bound":26141545.527777776,"upper_bound":26433456.083333332},"point_estimate":26214244.39107143,"standard_error":68204.01646770738},"MedianAbsDev":{"confidence_interval":{"confidence_level":0.95,"lower_bound":27098.686390571453,"upper_bound":321801.9372418764},"point_estimate":117077.64908229398,"standard_error":70761.76972647809},"Slope":{"confidence_interval":{"confidence_level":0.95,"lower_bound":26160546.81317349,"upper_bound":26290587.904999837},"point_estimate":26204659.8512987,"standard_error":33887.162938036505},"StdDev":{"confidence_interval":{"confidence_level":0.95,"lower_bound":58623.22755021854,"upper_bound":259968.96436957},"point_estimate":193887.13222413702,"standard_error":50159.437168836215}}