{"Mean":{"confidence_interval":{"confidence_level":0.95,"lower_bound":45571.72166472375,"upper_bound":45700.79471774764},"point_estimate":45635.236321357916,"standard_error":33.04128385146967},"Median":{"confidence_interval":{"confidence_level":0.95,"lower_bound":45542.98080489614,"upper_bound":45721.75133531157},"point_estimate":45629.11756923838,"standard_error":48.42553729396684},"MedianAbsDev":{"confidence_interval":{"confidence_level":0.95,"lower_bound":21.988141783224126,"upper_bound":181.97173245184968},"point_estimate":114.19867444883018,"standard_error":41.80252941605116},"Slope":{"confidence_interval":{"confidence_level":0.95,"lower_bound":45605.82493508902,"upper_bound":45697.43704876282},"point_estimate":45652.672858298974,"standard_error":23.12088661392163},"StdDev":{"confidence_interval":{"confidence_level":0.95,"lower_bound":63.43941637158147,"upper_bound":139.21286994712457},"point_estimate":109.94807873335279,"standard_error":19.481929253783523}}