{"Mean":{"confidence_interval":{"confidence_level":0.95,"lower_bound":23296.829252584175,"upper_bound":23464.156398671195},"point_estimate":23380.901998593778,"standard_error":42.935589959973775},"Median":{"confidence_interval":{"confidence_level":0.95,"lower_bound":23264.326036786995,"upper_bound":23494.390669299777},"point_estimate":23392.34982547993,"standard_error":58.763381348528604},"MedianAbsDev":{"confidence_interval":{"confidence_level":0.95,"lower_bound":30.541498176439323,"upper_bound":260.3465027628819},"point_estimate":140.75956944921344,"standard_error":54.4412416847971},"Slope":{"confidence_interval":{"confidence_level":0.95,"lower_bound":23347.535568737218,"upper_bound":23518.943259203472},"point_estimate":23447.03985427634,"standard_error":43.93079645802752},"StdDev":{"confidence_interval":{"confidence_level":0.95,"lower_bound":84.19929243133862,"upper_bound":178.10505273504162},"point_estimate":143.71171477747322,"standard_error":24.218417754264895}}