{"Mean":{"confidence_interval":{"confidence_level":0.95,"lower_bound":266254.14923055086,"upper_bound":270007.7697501072},"point_estimate":267683.02238913014,"standard_error":1045.1509654439064},"Median":{"confidence_interval":{"confidence_level":0.95,"lower_bound":266012.6381381381,"upper_bound":267532.3550012065},"point_estimate":266706.41773648653,"standard_error":412.5420415499991},"MedianAbsDev":{"confidence_interval":{"confidence_level":0.95,"lower_bound":165.62119297182807,"upper_bound":1839.7419930137232},"point_estimate":762.6997856062262,"standard_error":505.4655696258618},"Slope":{"confidence_interval":{"confidence_level":0.95,"lower_bound":266521.40703634016,"upper_bound":267597.53151472367},"point_estimate":266924.9451386451,"standard_error":278.0681821197576},"StdDev":{"confidence_interval":{"confidence_level":0.95,"lower_bound":524.055161258181,"upper_bound":5348.633631658986},"point_estimate":3494.8051369233153,"standard_error":1647.8638581989317}}