{"Mean":{"confidence_interval":{"confidence_level":0.95,"lower_bound":7137.79560857829,"upper_bound":7457.068976650857},"point_estimate":7301.22521090669,"standard_error":81.40997466085945},"Median":{"confidence_interval":{"confidence_level":0.95,"lower_bound":7100.515383679922,"upper_bound":7444.872893104706},"point_estimate":7362.749811069995,"standard_error":91.94402837398798},"MedianAbsDev":{"confidence_interval":{"confidence_level":0.95,"lower_bound":37.5708646886931,"upper_bound":487.0396625973897},"point_estimate":158.21434992371306,"standard_error":115.66842270785368},"Slope":{"confidence_interval":{"confidence_level":0.95,"lower_bound":7319.635473671409,"upper_bound":7505.526339675644},"point_estimate":7415.453934245252,"standard_error":46.285920597593694},"StdDev":{"confidence_interval":{"confidence_level":0.95,"lower_bound":125.1001722185898,"upper_bound":361.38669939260785},"point_estimate":270.50504305316645,"standard_error":61.44184651730314}}