{"Mean":{"confidence_interval":{"confidence_level":0.95,"lower_bound":34828.681459327825,"upper_bound":35270.31594769109},"point_estimate":35055.309917966784,"standard_error":113.08274992203408},"Median":{"confidence_interval":{"confidence_level":0.95,"lower_bound":34823.28738793806,"upper_bound":35410.513284433575},"point_estimate":35045.41163479451,"standard_error":141.09494046150914},"MedianAbsDev":{"confidence_interval":{"confidence_level":0.95,"lower_bound":95.66930957904219,"upper_bound":661.4986883141174},"point_estimate":406.50881055503885,"standard_error":146.7525533067752},"Slope":{"confidence_interval":{"confidence_level":0.95,"lower_bound":35017.941934993716,"upper_bound":35380.638461262504},"point_estimate":35217.13019930355,"standard_error":93.42664183026339},"StdDev":{"confidence_interval":{"confidence_level":0.95,"lower_bound":207.4885580661898,"upper_bound":489.1524326748507},"point_estimate":377.5565725528667,"standard_error":74.26466454706983}}