{"Mean":{"confidence_interval":{"confidence_level":0.95,"lower_bound":3986.7645839698903,"upper_bound":4368.094724775298},"point_estimate":4185.257335844363,"standard_error":97.52699390604818},"Median":{"confidence_interval":{"confidence_level":0.95,"lower_bound":3977.682624612785,"upper_bound":4431.88679245283},"point_estimate":4201.377518070027,"standard_error":116.42929226087294},"MedianAbsDev":{"confidence_interval":{"confidence_level":0.95,"lower_bound":90.94119394024408,"upper_bound":551.2906150999906},"point_estimate":272.49090753383405,"standard_error":113.9608499534074},"Slope":{"confidence_interval":{"confidence_level":0.95,"lower_bound":4211.8125532755885,"upper_bound":4529.17311650382},"point_estimate":4415.944325176372,"standard_error":81.16536506369047},"StdDev":{"confidence_interval":{"confidence_level":0.95,"lower_bound":164.61746213156087,"upper_bound":429.0641495728684},"point_estimate":325.09873126402186,"standard_error":70.00433043587606}}