{"Mean":{"confidence_interval":{"confidence_level":0.95,"lower_bound":3630.681889141673,"upper_bound":3678.996686400052},"point_estimate":3654.221318348672,"standard_error":12.300710742302567},"Median":{"confidence_interval":{"confidence_level":0.95,"lower_bound":3635.739763204793,"upper_bound":3676.4745667917946},"point_estimate":3650.575802746496,"standard_error":8.031670016940119},"MedianAbsDev":{"confidence_interval":{"confidence_level":0.95,"lower_bound":2.2117135101034098,"upper_bound":68.43721223625373},"point_estimate":11.003551591987256,"standard_error":17.30254833292464},"Slope":{"confidence_interval":{"confidence_level":0.95,"lower_bound":3645.26585534273,"upper_bound":3662.429028594912},"point_estimate":3651.760582177463,"standard_error":4.412503159852893},"StdDev":{"confidence_interval":{"confidence_level":0.95,"lower_bound":12.161038048415776,"upper_bound":56.64502169076613},"point_estimate":41.04102515122894,"standard_error":10.743140923719315}}