{"Mean":{"confidence_interval":{"confidence_level":0.95,"lower_bound":4852129.187619049,"upper_bound":4954160.113391814},"point_estimate":4899103.141551796,"standard_error":26237.03701423071},"Median":{"confidence_interval":{"confidence_level":0.95,"lower_bound":4833661.605263158,"upper_bound":4956214.994152047},"point_estimate":4855235.280701755,"standard_error":38718.85522126666},"MedianAbsDev":{"confidence_interval":{"confidence_level":0.95,"lower_bound":3711.4334806875845,"upper_bound":156893.26860879912},"point_estimate":37524.755219460465,"standard_error":40118.89127096062},"Slope":{"confidence_interval":{"confidence_level":0.95,"lower_bound":4860839.685136595,"upper_bound":5028957.988147298},"point_estimate":4952414.110047847,"standard_error":44405.04502730244},"StdDev":{"confidence_interval":{"confidence_level":0.95,"lower_bound":38167.5416055147,"upper_bound":119432.17017430607},"point_estimate":87500.30747892061,"standard_error":23048.095217006576}}