{"Mean":{"confidence_interval":{"confidence_level":0.95,"lower_bound":1114.5842371623914,"upper_bound":1157.2524663453346},"point_estimate":1130.952882402715,"standard_error":11.901541938162362},"Median":{"confidence_interval":{"confidence_level":0.95,"lower_bound":1111.0636588629252,"upper_bound":1129.829523586699},"point_estimate":1120.9023107799842,"standard_error":6.054196121711297},"MedianAbsDev":{"confidence_interval":{"confidence_level":0.95,"lower_bound":2.4849352984001842,"upper_bound":23.83159909950407},"point_estimate":13.911135272761499,"standard_error":5.682132094000935},"Slope":{"confidence_interval":{"confidence_level":0.95,"lower_bound":1113.6079616115387,"upper_bound":1126.0890014750246},"point_estimate":1118.827737316934,"standard_error":3.126779885085316},"StdDev":{"confidence_interval":{"confidence_level":0.95,"lower_bound":6.856569796507625,"upper_bound":60.681315837998014},"point_estimate":39.609320870647075,"standard_error":18.542892128479977}}