{"Mean":{"confidence_interval":{"confidence_level":0.95,"lower_bound":1821.8534962155616,"upper_bound":1885.589803404793},"point_estimate":1854.359580862035,"standard_error":16.210589661463498},"Median":{"confidence_interval":{"confidence_level":0.95,"lower_bound":1796.0634953072963,"upper_bound":1899.3490648232246},"point_estimate":1886.6155727116761,"standard_error":36.21000133122166},"MedianAbsDev":{"confidence_interval":{"confidence_level":0.95,"lower_bound":0.5406450151264429,"upper_bound":83.14622516802126},"point_estimate":21.023935010139624,"standard_error":27.04629321066389},"Slope":{"confidence_interval":{"confidence_level":0.95,"lower_bound":1866.0488624116304,"upper_bound":1897.6222836142229},"point_estimate":1888.9793405706212,"standard_error":8.440770719875024},"StdDev":{"confidence_interval":{"confidence_level":0.95,"lower_bound":32.71483437354915,"upper_bound":58.71615115012678},"point_estimate":53.989587283455876,"standard_error":6.5976312861529545}}