{"Mean":{"confidence_interval":{"confidence_level":0.95,"lower_bound":196.09264818338897,"upper_bound":214.34796773406552},"point_estimate":207.150781822567,"standard_error":4.965589055019763},"Median":{"confidence_interval":{"confidence_level":0.95,"lower_bound":206.6263046676162,"upper_bound":214.08802449389404},"point_estimate":211.33853343749917,"standard_error":2.1055703184145393},"MedianAbsDev":{"confidence_interval":{"confidence_level":0.95,"lower_bound":1.2503860598678143,"upper_bound":11.350861431914108},"point_estimate":5.060797013567058,"standard_error":2.7411677348821812},"Slope":{"confidence_interval":{"confidence_level":0.95,"lower_bound":208.65619723372106,"upper_bound":212.74269587202258},"point_estimate":210.82214997275355,"standard_error":1.0252522191794835},"StdDev":{"confidence_interval":{"confidence_level":0.95,"lower_bound":2.610804969679424,"upper_bound":25.217020926539444},"point_estimate":16.567042485301524,"standard_error":7.434890603783759}}