{"Mean":{"confidence_interval":{"confidence_level":0.95,"lower_bound":13436.517411412733,"upper_bound":13535.948714399634},"point_estimate":13485.92616279606,"standard_error":25.38802178552614},"Median":{"confidence_interval":{"confidence_level":0.95,"lower_bound":13425.717908407381,"upper_bound":13540.445488721805},"point_estimate":13478.230489101541,"standard_error":26.142051008128323},"MedianAbsDev":{"confidence_interval":{"confidence_level":0.95,"lower_bound":14.147619043087992,"upper_bound":150.5954614924942},"point_estimate":78.26243505394405,"standard_error":33.05587876302536},"Slope":{"confidence_interval":{"confidence_level":0.95,"lower_bound":13423.51435854913,"upper_bound":13545.870119621502},"point_estimate":13486.345092364914,"standard_error":30.562549967687126},"StdDev":{"confidence_interval":{"confidence_level":0.95,"lower_bound":39.832953422084245,"upper_bound":112.90536025640316},"point_estimate":84.6601421439331,"standard_error":18.754281108147495}}