{"Mean":{"confidence_interval":{"confidence_level":0.95,"lower_bound":828.857207390439,"upper_bound":876.4907889274511},"point_estimate":848.5161430510728,"standard_error":12.635274703028418},"Median":{"confidence_interval":{"confidence_level":0.95,"lower_bound":827.740787417396,"upper_bound":856.3759079002202},"point_estimate":837.1498748536445,"standard_error":6.897400271011303},"MedianAbsDev":{"confidence_interval":{"confidence_level":0.95,"lower_bound":4.02061260513015,"upper_bound":40.03298483258931},"point_estimate":13.700357254649113,"standard_error":9.396627782291269},"Slope":{"confidence_interval":{"confidence_level":0.95,"lower_bound":829.7197802714027,"upper_bound":843.8674800004508},"point_estimate":834.7474643547201,"standard_error":3.6375182038191425},"StdDev":{"confidence_interval":{"confidence_level":0.95,"lower_bound":9.069122228578983,"upper_bound":62.96261413624372},"point_estimate":42.153583865724,"standard_error":16.780819300349773}}