{"Mean":{"confidence_interval":{"confidence_level":0.95,"lower_bound":1921.1399106007664,"upper_bound":1976.7092638331917},"point_estimate":1949.458672206381,"standard_error":14.22049645919302},"Median":{"confidence_interval":{"confidence_level":0.95,"lower_bound":1914.4127153208167,"upper_bound":1990.372092599344},"point_estimate":1955.7524896978023,"standard_error":18.67245362365536},"MedianAbsDev":{"confidence_interval":{"confidence_level":0.95,"lower_bound":9.75108251406463,"upper_bound":78.11282866422123},"point_estimate":54.54067584359426,"standard_error":17.36331971512344},"Slope":{"confidence_interval":{"confidence_level":0.95,"lower_bound":1951.5564195074796,"upper_bound":2000.0918595251603},"point_estimate":1980.853745661921,"standard_error":12.601047450897573},"StdDev":{"confidence_interval":{"confidence_level":0.95,"lower_bound":26.403357035156844,"upper_bound":59.967845335255376},"point_estimate":47.50922016287802,"standard_error":8.635634120562008}}