{"Mean":{"confidence_interval":{"confidence_level":0.95,"lower_bound":641094.763290378,"upper_bound":670552.7727033219},"point_estimate":655327.8994530356,"standard_error":7560.210881908266},"Median":{"confidence_interval":{"confidence_level":0.95,"lower_bound":632058.1645189004,"upper_bound":674394.5486827034},"point_estimate":653289.9852233677,"standard_error":13598.3234790413},"MedianAbsDev":{"confidence_interval":{"confidence_level":0.95,"lower_bound":3281.0820524021083,"upper_bound":42858.97948989142},"point_estimate":30704.587182590774,"standard_error":10822.410169585426},"Slope":{"confidence_interval":{"confidence_level":0.95,"lower_bound":656324.6275331073,"upper_bound":687446.9428336129},"point_estimate":674577.0251974829,"standard_error":8095.0240046837},"StdDev":{"confidence_interval":{"confidence_level":0.95,"lower_bound":15448.148365462184,"upper_bound":31178.49059477191},"point_estimate":25204.723843543532,"standard_error":4201.531416597156}}