{"Mean":{"confidence_interval":{"confidence_level":0.95,"lower_bound":98358.03063823126,"upper_bound":98809.0259799395},"point_estimate":98565.47317165048,"standard_error":115.31423478043001},"Median":{"confidence_interval":{"confidence_level":0.95,"lower_bound":98334.15908806214,"upper_bound":98708.62215332582},"point_estimate":98535.67972566704,"standard_error":102.90151004321835},"MedianAbsDev":{"confidence_interval":{"confidence_level":0.95,"lower_bound":88.28815984182012,"upper_bound":557.1775805853691},"point_estimate":267.6605167287189,"standard_error":118.15059455969457},"Slope":{"confidence_interval":{"confidence_level":0.95,"lower_bound":98349.88053757294,"upper_bound":98943.34119630908},"point_estimate":98638.73270179651,"standard_error":149.74083942211757},"StdDev":{"confidence_interval":{"confidence_level":0.95,"lower_bound":149.30367424400302,"upper_bound":540.9085181761513},"point_estimate":384.84361994023084,"standard_error":109.4662758742728}}