{"Mean":{"confidence_interval":{"confidence_level":0.95,"lower_bound":8546.077963029184,"upper_bound":8762.006103591999},"point_estimate":8659.144271203753,"standard_error":55.49182345079162},"Median":{"confidence_interval":{"confidence_level":0.95,"lower_bound":8495.769566124321,"upper_bound":8812.344640622206},"point_estimate":8691.487432206926,"standard_error":77.25897098250633},"MedianAbsDev":{"confidence_interval":{"confidence_level":0.95,"lower_bound":45.38627725117872,"upper_bound":328.0648038857402},"point_estimate":159.80234364465485,"standard_error":71.84473841620714},"Slope":{"confidence_interval":{"confidence_level":0.95,"lower_bound":8698.029503477228,"upper_bound":8829.25887851986},"point_estimate":8785.217825311944,"standard_error":33.64531404731007},"StdDev":{"confidence_interval":{"confidence_level":0.95,"lower_bound":93.91766309437128,"upper_bound":228.55298855067738},"point_estimate":184.11002635621864,"standard_error":34.10960442854044}}