{"Mean":{"confidence_interval":{"confidence_level":0.95,"lower_bound":3857.1487701578094,"upper_bound":3951.476953278773},"point_estimate":3903.680123536724,"standard_error":24.11432523942353},"Median":{"confidence_interval":{"confidence_level":0.95,"lower_bound":3855.801909596326,"upper_bound":3930.91447283228},"point_estimate":3915.57342881315,"standard_error":19.703309490483942},"MedianAbsDev":{"confidence_interval":{"confidence_level":0.95,"lower_bound":7.6784102987789415,"upper_bound":127.17958137155259},"point_estimate":30.035685380465804,"standard_error":32.95032273249694},"Slope":{"confidence_interval":{"confidence_level":0.95,"lower_bound":3907.835806132161,"upper_bound":4013.248135294727},"point_estimate":3958.6628645828428,"standard_error":30.438572611433504},"StdDev":{"confidence_interval":{"confidence_level":0.95,"lower_bound":29.36437176379386,"upper_bound":111.987543608298},"point_estimate":80.36000079619699,"standard_error":21.418942323346275}}