{"Mean":{"confidence_interval":{"confidence_level":0.95,"lower_bound":2372380.3984649125,"upper_bound":2388361.8647159566},"point_estimate":2378717.6412291145,"standard_error":4326.546638877409},"Median":{"confidence_interval":{"confidence_level":0.95,"lower_bound":2371554.0,"upper_bound":2379332.923141186},"point_estimate":2375207.199122807,"standard_error":2542.8532398153798},"MedianAbsDev":{"confidence_interval":{"confidence_level":0.95,"lower_bound":1280.69326673687,"upper_bound":10353.849086577316},"point_estimate":5315.001419784745,"standard_error":2539.4499073369343},"Slope":{"confidence_interval":{"confidence_level":0.95,"lower_bound":2374902.495747735,"upper_bound":2381224.977039915},"point_estimate":2377844.5834586467,"standard_error":1583.3044021446383},"StdDev":{"confidence_interval":{"confidence_level":0.95,"lower_bound":2994.5386651914814,"upper_bound":21915.376854375598},"point_estimate":14415.123246441606,"standard_error":6263.655276128816}}