{"Mean":{"confidence_interval":{"confidence_level":0.95,"lower_bound":34760.27665404965,"upper_bound":35828.57561167456},"point_estimate":35186.016736925114,"standard_error":289.5573578292996},"Median":{"confidence_interval":{"confidence_level":0.95,"lower_bound":34614.80185185185,"upper_bound":35269.29177350427},"point_estimate":34925.33903133903,"standard_error":197.04083613635973},"MedianAbsDev":{"confidence_interval":{"confidence_level":0.95,"lower_bound":58.126200513987435,"upper_bound":779.9945921726205},"point_estimate":455.520922041095,"standard_error":188.8769939413721},"Slope":{"confidence_interval":{"confidence_level":0.95,"lower_bound":34620.17205792573,"upper_bound":34895.94297841144},"point_estimate":34702.29606837607,"standard_error":71.23287101592099},"StdDev":{"confidence_interval":{"confidence_level":0.95,"lower_bound":217.81601606645737,"upper_bound":1461.5843862527786},"point_estimate":965.8536366252451,"standard_error":413.77987477451137}}