{"Mean":{"confidence_interval":{"confidence_level":0.95,"lower_bound":6347.67440905418,"upper_bound":6430.489894530918},"point_estimate":6387.159579257746,"standard_error":21.265810519838215},"Median":{"confidence_interval":{"confidence_level":0.95,"lower_bound":6326.216743216807,"upper_bound":6434.852879135834},"point_estimate":6386.288480621473,"standard_error":28.97687077831581},"MedianAbsDev":{"confidence_interval":{"confidence_level":0.95,"lower_bound":14.189397260208606,"upper_bound":118.15091439470471},"point_estimate":77.67703011283344,"standard_error":27.971637387415896},"Slope":{"confidence_interval":{"confidence_level":0.95,"lower_bound":6382.013067915993,"upper_bound":6461.283092565567},"point_estimate":6423.436155305101,"standard_error":19.655576074339805},"StdDev":{"confidence_interval":{"confidence_level":0.95,"lower_bound":37.18454898215734,"upper_bound":89.66699264451753},"point_estimate":70.72868434082032,"standard_error":13.64361883868601}}