{"Mean":{"confidence_interval":{"confidence_level":0.95,"lower_bound":383.5449657713805,"upper_bound":420.0173497337416},"point_estimate":401.23147665424756,"standard_error":9.343719809829278},"Median":{"confidence_interval":{"confidence_level":0.95,"lower_bound":378.0254452464725,"upper_bound":415.04223493779244},"point_estimate":404.74799472837844,"standard_error":9.99308201462333},"MedianAbsDev":{"confidence_interval":{"confidence_level":0.95,"lower_bound":5.873552734237916,"upper_bound":54.63312874097522},"point_estimate":20.149928638240997,"standard_error":12.558086990585862},"Slope":{"confidence_interval":{"confidence_level":0.95,"lower_bound":403.5448746290634,"upper_bound":441.25235664163245},"point_estimate":422.1587519013686,"standard_error":10.099977369680186},"StdDev":{"confidence_interval":{"confidence_level":0.95,"lower_bound":14.587882790453893,"upper_bound":42.228475040479815},"point_estimate":31.157679318719605,"standard_error":7.331785142399879}}