{"Mean":{"confidence_interval":{"confidence_level":0.95,"lower_bound":7939.631404807822,"upper_bound":8007.835433911883},"point_estimate":7966.220760308276,"standard_error":18.74011421963442},"Median":{"confidence_interval":{"confidence_level":0.95,"lower_bound":7930.0801809820505,"upper_bound":7968.599577214063},"point_estimate":7946.560703159768,"standard_error":10.699187707770605},"MedianAbsDev":{"confidence_interval":{"confidence_level":0.95,"lower_bound":3.0087753641782826,"upper_bound":43.99170817849237},"point_estimate":25.464365417965396,"standard_error":10.392818601537833},"Slope":{"confidence_interval":{"confidence_level":0.95,"lower_bound":7932.146322861002,"upper_bound":8070.649018732658},"point_estimate":7994.541254544299,"standard_error":40.27803522895566},"StdDev":{"confidence_interval":{"confidence_level":0.95,"lower_bound":12.132683027636695,"upper_bound":95.26745727102556},"point_estimate":62.513977982359435,"standard_error":27.96826076998044}}