{"Mean":{"confidence_interval":{"confidence_level":0.95,"lower_bound":1525403.5940080874,"upper_bound":1562632.3770152046},"point_estimate":1544509.4561482056,"standard_error":9550.202975441482},"Median":{"confidence_interval":{"confidence_level":0.95,"lower_bound":1516233.0760869565,"upper_bound":1572989.530344203},"point_estimate":1548623.3555900622,"standard_error":15445.156743439204},"MedianAbsDev":{"confidence_interval":{"confidence_level":0.95,"lower_bound":8273.351149495496,"upper_bound":52061.861512239215},"point_estimate":39682.62181034775,"standard_error":11774.380292905},"Slope":{"confidence_interval":{"confidence_level":0.95,"lower_bound":1551113.9515122874,"upper_bound":1574407.68784562},"point_estimate":1566066.8959909657,"standard_error":6004.533850938672},"StdDev":{"confidence_interval":{"confidence_level":0.95,"lower_bound":18901.54501863789,"upper_bound":38795.22221080135},"point_estimate":31830.26277347242,"standard_error":5088.343274103764}}