{"Mean":{"confidence_interval":{"confidence_level":0.95,"lower_bound":58352.09113120268,"upper_bound":61195.85789802045},"point_estimate":59774.63058858363,"standard_error":722.7909341491434},"Median":{"confidence_interval":{"confidence_level":0.95,"lower_bound":58251.89653846154,"upper_bound":60752.595384615386},"point_estimate":60318.8710989011,"standard_error":699.2742063795318},"MedianAbsDev":{"confidence_interval":{"confidence_level":0.95,"lower_bound":127.79973757725388,"upper_bound":4450.660055965757},"point_estimate":660.5432912473675,"standard_error":1174.6127006963713},"Slope":{"confidence_interval":{"confidence_level":0.95,"lower_bound":59251.38928744762,"upper_bound":62107.00562204583},"point_estimate":60629.70539060939,"standard_error":730.2883864800648},"StdDev":{"confidence_interval":{"confidence_level":0.95,"lower_bound":1075.425234481429,"upper_bound":3246.1207381703225},"point_estimate":2394.218205589901,"standard_error":560.3581803560577}}