{"Mean":{"confidence_interval":{"confidence_level":0.95,"lower_bound":100873.66885365856,"upper_bound":107078.80871194832},"point_estimate":104027.42979926444,"standard_error":1585.9057031570292},"Median":{"confidence_interval":{"confidence_level":0.95,"lower_bound":100286.01707317073,"upper_bound":106998.12740514905},"point_estimate":105150.5200058072,"standard_error":1764.1520482558271},"MedianAbsDev":{"confidence_interval":{"confidence_level":0.95,"lower_bound":911.1539236774493,"upper_bound":9510.179116282517},"point_estimate":3131.369069366439,"standard_error":2272.1564629867084},"Slope":{"confidence_interval":{"confidence_level":0.95,"lower_bound":105017.16359237682,"upper_bound":107759.84868480539},"point_estimate":106501.46062084257,"standard_error":686.920972326983},"StdDev":{"confidence_interval":{"confidence_level":0.95,"lower_bound":2607.0600348445632,"upper_bound":6959.503250188103},"point_estimate":5304.729865296709,"standard_error":1114.6970264423699}}