{"Mean":{"confidence_interval":{"confidence_level":0.95,"lower_bound":70083.69112263535,"upper_bound":75080.40709362361},"point_estimate":72601.53725962165,"standard_error":1282.6790234316563},"Median":{"confidence_interval":{"confidence_level":0.95,"lower_bound":68224.35433789954,"upper_bound":76132.39184605349},"point_estimate":73227.14789954337,"standard_error":2228.2211898892115},"MedianAbsDev":{"confidence_interval":{"confidence_level":0.95,"lower_bound":273.0129998105707,"upper_bound":6690.414219741973},"point_estimate":4338.050694929424,"standard_error":1692.209079990069},"Slope":{"confidence_interval":{"confidence_level":0.95,"lower_bound":73348.53372207824,"upper_bound":77193.24963224237},"point_estimate":75809.25257427504,"standard_error":981.2141570197634},"StdDev":{"confidence_interval":{"confidence_level":0.95,"lower_bound":2654.9722632908843,"upper_bound":5090.665143685807},"point_estimate":4271.201410277956,"standard_error":618.7060305928351}}