{"Mean":{"confidence_interval":{"confidence_level":0.95,"lower_bound":2816730.9192741937,"upper_bound":2843614.4149577576},"point_estimate":2829013.4729608297,"standard_error":6948.276152817737},"Median":{"confidence_interval":{"confidence_level":0.95,"lower_bound":2812165.1975806453,"upper_bound":2843673.160906298},"point_estimate":2818720.4112903224,"standard_error":8669.555641896774},"MedianAbsDev":{"confidence_interval":{"confidence_level":0.95,"lower_bound":2435.246180959561,"upper_bound":36708.642432162094},"point_estimate":16314.46036439258,"standard_error":8903.203307888447},"Slope":{"confidence_interval":{"confidence_level":0.95,"lower_bound":2815677.5543657206,"upper_bound":2840119.173444211},"point_estimate":2828607.938667784,"standard_error":6245.9701985297215},"StdDev":{"confidence_interval":{"confidence_level":0.95,"lower_bound":9593.348407191843,"upper_bound":30697.4094517065},"point_estimate":23245.501539644312,"standard_error":5659.027462841063}}