{"Mean":{"confidence_interval":{"confidence_level":0.95,"lower_bound":323.26098307654485,"upper_bound":332.74960195811735},"point_estimate":327.8332231199115,"standard_error":2.412748139601346},"Median":{"confidence_interval":{"confidence_level":0.95,"lower_bound":324.22419467405575,"upper_bound":330.6380380298573},"point_estimate":327.699543696197,"standard_error":1.5851083222922602},"MedianAbsDev":{"confidence_interval":{"confidence_level":0.95,"lower_bound":0.8827850153833037,"upper_bound":12.517599224755214},"point_estimate":4.035926205998639,"standard_error":2.803319461595783},"Slope":{"confidence_interval":{"confidence_level":0.95,"lower_bound":326.7151107591834,"upper_bound":330.37804734746936},"point_estimate":328.7801107087312,"standard_error":0.9346969389375057},"StdDev":{"confidence_interval":{"confidence_level":0.95,"lower_bound":2.478165635205849,"upper_bound":11.300703024463287},"point_estimate":8.023997892740963,"standard_error":2.269334089242421}}