{"Mean":{"confidence_interval":{"confidence_level":0.95,"lower_bound":12034929.976000002,"upper_bound":13547368.863333335},"point_estimate":12777601.615333332,"standard_error":387299.9052310875},"Median":{"confidence_interval":{"confidence_level":0.95,"lower_bound":11574411.866666667,"upper_bound":14078046.35},"point_estimate":12413400.726666667,"standard_error":705357.9707036193},"MedianAbsDev":{"confidence_interval":{"confidence_level":0.95,"lower_bound":249055.71794837696,"upper_bound":2128937.144057808},"point_estimate":1592935.9186857336,"standard_error":495864.2903190385},"Slope":{"confidence_interval":{"confidence_level":0.95,"lower_bound":12759769.423103275,"upper_bound":14214490.360646294},"point_estimate":13752559.272727273,"standard_error":373155.8894180209},"StdDev":{"confidence_interval":{"confidence_level":0.95,"lower_bound":815481.6774016346,"upper_bound":1483563.7939075031},"point_estimate":1286898.802377265,"standard_error":171525.84686462383}}