{"Mean":{"confidence_interval":{"confidence_level":0.95,"lower_bound":103918.65025664252,"upper_bound":109636.54048427795},"point_estimate":107222.54998759921,"standard_error":1502.2921930232912},"Median":{"confidence_interval":{"confidence_level":0.95,"lower_bound":105865.45516304349,"upper_bound":110596.22826086957},"point_estimate":109041.28970410628,"standard_error":1199.6597464579925},"MedianAbsDev":{"confidence_interval":{"confidence_level":0.95,"lower_bound":170.02415762457758,"upper_bound":5368.540835939348},"point_estimate":2618.4420222973217,"standard_error":1264.5354999543379},"Slope":{"confidence_interval":{"confidence_level":0.95,"lower_bound":108560.256234284,"upper_bound":110466.31253242711},"point_estimate":109757.4829121965,"standard_error":492.07055247205756},"StdDev":{"confidence_interval":{"confidence_level":0.95,"lower_bound":1424.0771535094864,"upper_bound":7347.960142954695},"point_estimate":5011.412004987192,"standard_error":1823.5672256577448}}