{"Mean":{"confidence_interval":{"confidence_level":0.95,"lower_bound":78157.67765273912,"upper_bound":80943.8104882155},"point_estimate":79520.8278176321,"standard_error":718.1052211407225},"Median":{"confidence_interval":{"confidence_level":0.95,"lower_bound":77390.06904761905,"upper_bound":81683.85215247716},"point_estimate":79095.99478200372,"standard_error":1253.0872232621232},"MedianAbsDev":{"confidence_interval":{"confidence_level":0.95,"lower_bound":457.20839983747373,"upper_bound":3949.770074715247},"point_estimate":2897.540927562681,"standard_error":928.392244124263},"Slope":{"confidence_interval":{"confidence_level":0.95,"lower_bound":79266.36339419453,"upper_bound":82365.06471861473},"point_estimate":81298.02747512228,"standard_error":789.6129797719465},"StdDev":{"confidence_interval":{"confidence_level":0.95,"lower_bound":1490.2903626247296,"upper_bound":2868.3220695782816},"point_estimate":2405.7418789000603,"standard_error":353.02119283595607}}