{"Mean":{"confidence_interval":{"confidence_level":0.95,"lower_bound":2362815.6152777774,"upper_bound":2374425.2001190474},"point_estimate":2368525.5527116405,"standard_error":2970.5492297150536},"Median":{"confidence_interval":{"confidence_level":0.95,"lower_bound":2359926.5666666664,"upper_bound":2374305.2916666665},"point_estimate":2370066.1138888886,"standard_error":3793.696995700115},"MedianAbsDev":{"confidence_interval":{"confidence_level":0.95,"lower_bound":1824.2136584469595,"upper_bound":17625.580912083504},"point_estimate":9097.639780706888,"standard_error":4006.540986446987},"Slope":{"confidence_interval":{"confidence_level":0.95,"lower_bound":2366837.874399637,"upper_bound":2381174.7032089066},"point_estimate":2374608.7685714285,"standard_error":3811.4451978293737},"StdDev":{"confidence_interval":{"confidence_level":0.95,"lower_bound":5158.645787766026,"upper_bound":12941.528536446252},"point_estimate":9881.829896997775,"standard_error":2012.0428224419197}}