{"Mean":{"confidence_interval":{"confidence_level":0.95,"lower_bound":45292.25147477756,"upper_bound":50132.90044296789},"point_estimate":47764.92167993661,"standard_error":1241.1323046665232},"Median":{"confidence_interval":{"confidence_level":0.95,"lower_bound":43365.33226410051,"upper_bound":51411.419657177226},"point_estimate":49427.29498797114,"standard_error":2474.453258286157},"MedianAbsDev":{"confidence_interval":{"confidence_level":0.95,"lower_bound":604.3398356120445,"upper_bound":6543.936799098563},"point_estimate":3882.0692169976874,"standard_error":1637.0696295800622},"Slope":{"confidence_interval":{"confidence_level":0.95,"lower_bound":48788.42464871164,"upper_bound":51501.5344864739},"point_estimate":50692.71522094585,"standard_error":709.8907372313947},"StdDev":{"confidence_interval":{"confidence_level":0.95,"lower_bound":2607.8453876056733,"upper_bound":4685.754598033355},"point_estimate":4138.739499896853,"standard_error":530.7490924140451}}