{"Mean":{"confidence_interval":{"confidence_level":0.95,"lower_bound":1843.7358246633848,"upper_bound":1921.8992551611464},"point_estimate":1883.1482508176189,"standard_error":19.918617263915923},"Median":{"confidence_interval":{"confidence_level":0.95,"lower_bound":1852.4843724630623,"upper_bound":1914.164249066407},"point_estimate":1880.913413123652,"standard_error":16.48423609082556},"MedianAbsDev":{"confidence_interval":{"confidence_level":0.95,"lower_bound":9.417041013038173,"upper_bound":109.28354174711626},"point_estimate":41.56699421893047,"standard_error":22.624572088086317},"Slope":{"confidence_interval":{"confidence_level":0.95,"lower_bound":1878.5400184756702,"upper_bound":1918.353744091436},"point_estimate":1897.5630082046546,"standard_error":10.100708956378298},"StdDev":{"confidence_interval":{"confidence_level":0.95,"lower_bound":22.887904521456726,"upper_bound":92.07287857656937},"point_estimate":66.64225547331824,"standard_error":18.072266557509366}}