{"Mean":{"confidence_interval":{"confidence_level":0.95,"lower_bound":406.9975592389118,"upper_bound":422.6186006912858},"point_estimate":415.3600197430008,"standard_error":4.009645996712443},"Median":{"confidence_interval":{"confidence_level":0.95,"lower_bound":404.47085431667153,"upper_bound":425.7424385661369},"point_estimate":419.12323404688243,"standard_error":5.273107939583142},"MedianAbsDev":{"confidence_interval":{"confidence_level":0.95,"lower_bound":2.401679368718326,"upper_bound":22.46887088860771},"point_estimate":11.149579191561687,"standard_error":5.094149138423485},"Slope":{"confidence_interval":{"confidence_level":0.95,"lower_bound":415.6878535447933,"upper_bound":424.3422944462154},"point_estimate":420.27288077968564,"standard_error":2.2557015336677018},"StdDev":{"confidence_interval":{"confidence_level":0.95,"lower_bound":5.666893869534968,"upper_bound":16.551565898827597},"point_estimate":13.340497192529702,"standard_error":2.77540617358492}}