{"Mean":{"confidence_interval":{"confidence_level":0.95,"lower_bound":53909.589997030875,"upper_bound":54338.276475776926},"point_estimate":54125.91947842438,"standard_error":110.25267540195735},"Median":{"confidence_interval":{"confidence_level":0.95,"lower_bound":53780.81937846397,"upper_bound":54438.87606888361},"point_estimate":54168.03127474268,"standard_error":207.4854503753304},"MedianAbsDev":{"confidence_interval":{"confidence_level":0.95,"lower_bound":63.59096377008544,"upper_bound":579.277700924197},"point_estimate":430.6542288537634,"standard_error":141.02468576697947},"Slope":{"confidence_interval":{"confidence_level":0.95,"lower_bound":53736.03840181869,"upper_bound":54283.02282404882},"point_estimate":53987.863025573,"standard_error":147.49171579365563},"StdDev":{"confidence_interval":{"confidence_level":0.95,"lower_bound":240.22762869493815,"upper_bound":432.73144008066646},"point_estimate":367.8636322418289,"standard_error":48.86556075362485}}