{"Mean":{"confidence_interval":{"confidence_level":0.95,"lower_bound":1634.4600738979202,"upper_bound":1666.0881210031548},"point_estimate":1652.9609111987588,"standard_error":8.310736845704065},"Median":{"confidence_interval":{"confidence_level":0.95,"lower_bound":1648.0071652574334,"upper_bound":1666.6275998041629},"point_estimate":1659.714330294329,"standard_error":5.178725250841025},"MedianAbsDev":{"confidence_interval":{"confidence_level":0.95,"lower_bound":1.5327994659925865,"upper_bound":27.60665576886502},"point_estimate":10.511472143746746,"standard_error":6.673124344518355},"Slope":{"confidence_interval":{"confidence_level":0.95,"lower_bound":1657.1236431843083,"upper_bound":1670.5944386197316},"point_estimate":1664.3806449118347,"standard_error":3.3933048900554565},"StdDev":{"confidence_interval":{"confidence_level":0.95,"lower_bound":6.369384526957619,"upper_bound":41.19823163592506},"point_estimate":27.716429669327624,"standard_error":10.696282779602518}}