{"Mean":{"confidence_interval":{"confidence_level":0.95,"lower_bound":1466.716647103583,"upper_bound":1474.151905332685},"point_estimate":1470.4135970590091,"standard_error":1.8980278699390127},"Median":{"confidence_interval":{"confidence_level":0.95,"lower_bound":1463.6649606937353,"upper_bound":1476.1792792500742},"point_estimate":1469.725342410244,"standard_error":3.5953736418493},"MedianAbsDev":{"confidence_interval":{"confidence_level":0.95,"lower_bound":0.6295566119963023,"upper_bound":9.828782184096356},"point_estimate":8.990742051663759,"standard_error":2.4922553994883363},"Slope":{"confidence_interval":{"confidence_level":0.95,"lower_bound":1465.2670721722643,"upper_bound":1477.3058889659305},"point_estimate":1471.4441984921634,"standard_error":3.1643035251274214},"StdDev":{"confidence_interval":{"confidence_level":0.95,"lower_bound":4.103721001217056,"upper_bound":7.3830823594191894},"point_estimate":6.295725259705089,"standard_error":0.8422117573071167}}