{"Mean":{"confidence_interval":{"confidence_level":0.95,"lower_bound":3251924.096418561,"upper_bound":3322976.9774261364},"point_estimate":3282739.903472223,"standard_error":18429.194601090578},"Median":{"confidence_interval":{"confidence_level":0.95,"lower_bound":3238429.8106060605,"upper_bound":3299690.7454545456},"point_estimate":3273639.3005050505,"standard_error":14880.564444516413},"MedianAbsDev":{"confidence_interval":{"confidence_level":0.95,"lower_bound":9068.777159641271,"upper_bound":75693.57070541293},"point_estimate":35397.10469748494,"standard_error":16570.71130038922},"Slope":{"confidence_interval":{"confidence_level":0.95,"lower_bound":3262552.3809008677,"upper_bound":3297810.2636779696},"point_estimate":3281606.402951594,"standard_error":9299.158239896713},"StdDev":{"confidence_interval":{"confidence_level":0.95,"lower_bound":21078.56667030654,"upper_bound":88834.54913711222},"point_estimate":61340.7126308442,"standard_error":20750.213203527877}}