{"Mean":{"confidence_interval":{"confidence_level":0.95,"lower_bound":652284.3388452382,"upper_bound":863665.858807619},"point_estimate":754915.1784190476,"standard_error":54350.77744262788},"Median":{"confidence_interval":{"confidence_level":0.95,"lower_bound":578757.58,"upper_bound":910444.02},"point_estimate":733927.9966666667,"standard_error":96076.06160420828},"MedianAbsDev":{"confidence_interval":{"confidence_level":0.95,"lower_bound":17169.881571173624,"upper_bound":309481.8664575986},"point_estimate":238640.5964512826,"standard_error":77032.03098857355},"Slope":{"confidence_interval":{"confidence_level":0.95,"lower_bound":753614.1681617103,"upper_bound":977355.5326717558},"point_estimate":896335.4636883116,"standard_error":57387.89038216316},"StdDev":{"confidence_interval":{"confidence_level":0.95,"lower_bound":109724.79322706399,"upper_bound":218482.85715102384},"point_estimate":180877.8197322673,"standard_error":27935.723587015003}}