{"Mean":{"confidence_interval":{"confidence_level":0.95,"lower_bound":180764.23297895753,"upper_bound":182558.61569969967},"point_estimate":181721.62915079365,"standard_error":459.82890162646277},"Median":{"confidence_interval":{"confidence_level":0.95,"lower_bound":180734.55585585587,"upper_bound":182639.93885135135},"point_estimate":182293.22471042472,"standard_error":484.2600782976808},"MedianAbsDev":{"confidence_interval":{"confidence_level":0.95,"lower_bound":56.55632332024571,"upper_bound":2428.4898412505518},"point_estimate":1027.2875112214572,"standard_error":628.9094912723372},"Slope":{"confidence_interval":{"confidence_level":0.95,"lower_bound":181774.0201230934,"upper_bound":183170.55784514072},"point_estimate":182589.62246402245,"standard_error":366.13138890484674},"StdDev":{"confidence_interval":{"confidence_level":0.95,"lower_bound":627.1468833273981,"upper_bound":2018.1855533666235},"point_estimate":1532.8500099327905,"standard_error":360.49365143308063}}