{"Mean":{"confidence_interval":{"confidence_level":0.95,"lower_bound":6116.493407183703,"upper_bound":6211.637564050436},"point_estimate":6163.3167448044505,"standard_error":24.407631729240702},"Median":{"confidence_interval":{"confidence_level":0.95,"lower_bound":6101.930825529236,"upper_bound":6229.2220958077105},"point_estimate":6160.530846952248,"standard_error":30.62680034409845},"MedianAbsDev":{"confidence_interval":{"confidence_level":0.95,"lower_bound":10.712413725047233,"upper_bound":149.37854212620803},"point_estimate":68.17325192476572,"standard_error":34.14939864176329},"Slope":{"confidence_interval":{"confidence_level":0.95,"lower_bound":6144.993993887453,"upper_bound":6229.514979139132},"point_estimate":6192.94581573302,"standard_error":22.236630245195748},"StdDev":{"confidence_interval":{"confidence_level":0.95,"lower_bound":45.02419327933092,"upper_bound":102.64789528932403},"point_estimate":81.29241586861025,"standard_error":14.859776129764539}}