{"Mean":{"confidence_interval":{"confidence_level":0.95,"lower_bound":1029117.6249433107,"upper_bound":1067121.8541002593},"point_estimate":1050379.059179624,"standard_error":9839.653208123447},"Median":{"confidence_interval":{"confidence_level":0.95,"lower_bound":1035947.137414966,"upper_bound":1072464.0727040817},"point_estimate":1060387.3615160352,"standard_error":11536.142616694211},"MedianAbsDev":{"confidence_interval":{"confidence_level":0.95,"lower_bound":1312.6645159811055,"upper_bound":47583.92488650919},"point_estimate":25295.694503411683,"standard_error":10733.328492452942},"Slope":{"confidence_interval":{"confidence_level":0.95,"lower_bound":1043884.7530204987,"upper_bound":1071315.8944425853},"point_estimate":1055036.3604028625,"standard_error":7058.819505081723},"StdDev":{"confidence_interval":{"confidence_level":0.95,"lower_bound":13052.266679252101,"upper_bound":46562.15647444321},"point_estimate":32816.942441527106,"standard_error":10092.83396241905}}