{"Mean":{"confidence_interval":{"confidence_level":0.95,"lower_bound":4985105.205952382,"upper_bound":5022756.498232425},"point_estimate":5005947.495243764,"standard_error":9728.971982403258},"Median":{"confidence_interval":{"confidence_level":0.95,"lower_bound":4982334.757142857,"upper_bound":5027030.125},"point_estimate":5016099.978571429,"standard_error":8775.372100026896},"MedianAbsDev":{"confidence_interval":{"confidence_level":0.95,"lower_bound":3726.2855838457654,"upper_bound":40040.33038914158},"point_estimate":13211.999927940376,"standard_error":9567.520066352383},"Slope":{"confidence_interval":{"confidence_level":0.95,"lower_bound":5015724.659670529,"upper_bound":5028358.977992278},"point_estimate":5022954.888682745,"standard_error":3270.6875698094955},"StdDev":{"confidence_interval":{"confidence_level":0.95,"lower_bound":8070.360212431163,"upper_bound":42053.40631972784},"point_estimate":32554.84610353981,"standard_error":9004.92910144273}}