{"Mean":{"confidence_interval":{"confidence_level":0.95,"lower_bound":8963.78202421427,"upper_bound":9297.263278198105},"point_estimate":9133.134590555674,"standard_error":85.03638385282282},"Median":{"confidence_interval":{"confidence_level":0.95,"lower_bound":8905.94497413156,"upper_bound":9377.30088486491},"point_estimate":9167.154483093127,"standard_error":126.25829768046886},"MedianAbsDev":{"confidence_interval":{"confidence_level":0.95,"lower_bound":91.27125963238193,"upper_bound":469.8590488534556},"point_estimate":327.9945244693398,"standard_error":100.32707026556653},"Slope":{"confidence_interval":{"confidence_level":0.95,"lower_bound":9024.467006051182,"upper_bound":9384.837146094262},"point_estimate":9204.940001055855,"standard_error":93.1578955366172},"StdDev":{"confidence_interval":{"confidence_level":0.95,"lower_bound":166.73646686130226,"upper_bound":352.1114589937009},"point_estimate":283.9044613747478,"standard_error":47.55337544444856}}