{"Mean":{"confidence_interval":{"confidence_level":0.95,"lower_bound":8147090.769090909,"upper_bound":8319291.072619046},"point_estimate":8233696.32693723,"standard_error":44034.14457316519},"Median":{"confidence_interval":{"confidence_level":0.95,"lower_bound":8099434.921212122,"upper_bound":8364079.191287879},"point_estimate":8255243.484848484,"standard_error":79732.9253865626},"MedianAbsDev":{"confidence_interval":{"confidence_level":0.95,"lower_bound":36445.24367114943,"upper_bound":235326.33788348554},"point_estimate":202433.91399471503,"standard_error":52276.46424153638},"Slope":{"confidence_interval":{"confidence_level":0.95,"lower_bound":8082546.595927904,"upper_bound":8288064.144669885},"point_estimate":8181112.67957497,"standard_error":53843.67758826574},"StdDev":{"confidence_interval":{"confidence_level":0.95,"lower_bound":95226.35136078204,"upper_bound":173060.67087141136},"point_estimate":147156.47777379313,"standard_error":19898.2997917808}}