{"Mean":{"confidence_interval":{"confidence_level":0.95,"lower_bound":2040616.7714989758,"upper_bound":2085562.900241936},"point_estimate":2058250.3870442912,"standard_error":12291.252466195894},"Median":{"confidence_interval":{"confidence_level":0.95,"lower_bound":2036516.2795698927,"upper_bound":2060455.82437276},"point_estimate":2044083.2197580645,"standard_error":7194.710248086832},"MedianAbsDev":{"confidence_interval":{"confidence_level":0.95,"lower_bound":2810.5620371992227,"upper_bound":29141.635954245285},"point_estimate":12084.01663103017,"standard_error":7477.724132120436},"Slope":{"confidence_interval":{"confidence_level":0.95,"lower_bound":2041764.163466462,"upper_bound":2069994.9140285072},"point_estimate":2053331.2383745287,"standard_error":7159.828387986744},"StdDev":{"confidence_interval":{"confidence_level":0.95,"lower_bound":6892.705539259292,"upper_bound":62155.079626400206},"point_estimate":40951.83738399883,"standard_error":18066.768030936382}}