{"Mean":{"confidence_interval":{"confidence_level":0.95,"lower_bound":10531.793063017614,"upper_bound":10916.823625825029},"point_estimate":10729.420456131502,"standard_error":99.1899309575486},"Median":{"confidence_interval":{"confidence_level":0.95,"lower_bound":10410.87093265229,"upper_bound":11046.184533568756},"point_estimate":10828.301456678018,"standard_error":185.36304551373038},"MedianAbsDev":{"confidence_interval":{"confidence_level":0.95,"lower_bound":46.90978306647815,"upper_bound":530.5907595784298},"point_estimate":369.9432271296953,"standard_error":133.6074369711701},"Slope":{"confidence_interval":{"confidence_level":0.95,"lower_bound":10720.1437768839,"upper_bound":11013.308618581139},"point_estimate":10916.741936799484,"standard_error":75.67934131455068},"StdDev":{"confidence_interval":{"confidence_level":0.95,"lower_bound":207.85483792565714,"upper_bound":380.8150063707309},"point_estimate":329.59580565404104,"standard_error":44.316588771856516}}