{"Mean":{"confidence_interval":{"confidence_level":0.95,"lower_bound":240306.4275703357,"upper_bound":246171.23215129232},"point_estimate":242777.94104426616,"standard_error":1538.167069972497},"Median":{"confidence_interval":{"confidence_level":0.95,"lower_bound":240086.71911764707,"upper_bound":244763.98863636365},"point_estimate":240344.9802436126,"standard_error":1129.4795731438428},"MedianAbsDev":{"confidence_interval":{"confidence_level":0.95,"lower_bound":35.824907532426444,"upper_bound":6408.7440826570155},"point_estimate":460.0391215742221,"standard_error":1344.8183298061706},"Slope":{"confidence_interval":{"confidence_level":0.95,"lower_bound":240141.04312467147,"upper_bound":247268.6548353081},"point_estimate":242677.9721508438,"standard_error":1876.7049653398337},"StdDev":{"confidence_interval":{"confidence_level":0.95,"lower_bound":289.80266169632773,"upper_bound":7156.018113163564},"point_estimate":5124.749740714042,"standard_error":1839.0292314232547}}