{"Mean":{"confidence_interval":{"confidence_level":0.95,"lower_bound":2118669.190394265,"upper_bound":2201180.1108210445},"point_estimate":2159654.7552252943,"standard_error":21160.799735693818},"Median":{"confidence_interval":{"confidence_level":0.95,"lower_bound":2091689.7204301076,"upper_bound":2232922.343061956},"point_estimate":2153406.5602150536,"standard_error":43412.56359820817},"MedianAbsDev":{"confidence_interval":{"confidence_level":0.95,"lower_bound":12140.054668342114,"upper_bound":106669.52501107627},"point_estimate":101333.17776033167,"standard_error":28573.64431058222},"Slope":{"confidence_interval":{"confidence_level":0.95,"lower_bound":2169251.3941703634,"upper_bound":2230538.139599438},"point_estimate":2210926.13313783,"standard_error":15881.835063600887},"StdDev":{"confidence_interval":{"confidence_level":0.95,"lower_bound":47459.36008721025,"upper_bound":79359.25483110346},"point_estimate":70345.00779905832,"standard_error":8247.96622281689}}