{"Mean":{"confidence_interval":{"confidence_level":0.95,"lower_bound":621430.9265467748,"upper_bound":638419.2729078013},"point_estimate":628867.2808797703,"standard_error":4396.7620720187915},"Median":{"confidence_interval":{"confidence_level":0.95,"lower_bound":618384.1513002363,"upper_bound":635830.5886524823},"point_estimate":624502.0241134751,"standard_error":4552.837872128353},"MedianAbsDev":{"confidence_interval":{"confidence_level":0.95,"lower_bound":1801.5669000370451,"upper_bound":20295.958581873267},"point_estimate":9700.952441355137,"standard_error":4734.033327649344},"Slope":{"confidence_interval":{"confidence_level":0.95,"lower_bound":618711.6135295675,"upper_bound":624785.46577081},"point_estimate":620672.5723312149,"standard_error":1527.058112952497},"StdDev":{"confidence_interval":{"confidence_level":0.95,"lower_bound":4656.081053895508,"upper_bound":20686.83089718095},"point_estimate":14658.36767974173,"standard_error":4500.904946394411}}