{"Mean":{"confidence_interval":{"confidence_level":0.95,"lower_bound":1790066.893363285,"upper_bound":1803988.9570957446},"point_estimate":1796785.6933257345,"standard_error":3566.9753330940143},"Median":{"confidence_interval":{"confidence_level":0.95,"lower_bound":1785816.6391843972,"upper_bound":1806713.7188449847},"point_estimate":1795220.8656914895,"standard_error":5763.125888376858},"MedianAbsDev":{"confidence_interval":{"confidence_level":0.95,"lower_bound":2484.0958615899845,"upper_bound":21120.27606200818},"point_estimate":11737.047849338169,"standard_error":4668.858724024919},"Slope":{"confidence_interval":{"confidence_level":0.95,"lower_bound":1787916.493230797,"upper_bound":1808949.8309431055},"point_estimate":1798158.642718983,"standard_error":5821.74842993436},"StdDev":{"confidence_interval":{"confidence_level":0.95,"lower_bound":6916.524966523449,"upper_bound":14692.797503273667},"point_estimate":11901.65484855693,"standard_error":2022.319384406975}}