{"Mean":{"confidence_interval":{"confidence_level":0.95,"lower_bound":1610.5970678140159,"upper_bound":1669.311091051897},"point_estimate":1639.108794750983,"standard_error":15.03538720386303},"Median":{"confidence_interval":{"confidence_level":0.95,"lower_bound":1592.1706617019627,"upper_bound":1687.1794565976263},"point_estimate":1631.4184282315828,"standard_error":25.706883564538757},"MedianAbsDev":{"confidence_interval":{"confidence_level":0.95,"lower_bound":6.9409202243034684,"upper_bound":78.85466666478474},"point_estimate":61.46205062126542,"standard_error":20.07071985361821},"Slope":{"confidence_interval":{"confidence_level":0.95,"lower_bound":1632.1713967652572,"upper_bound":1686.5708014308289},"point_estimate":1664.0850330493338,"standard_error":13.909144531465913},"StdDev":{"confidence_interval":{"confidence_level":0.95,"lower_bound":29.54092848171997,"upper_bound":60.056587711364884},"point_estimate":50.064228001447965,"standard_error":7.6880296649833815}}