{"Mean":{"confidence_interval":{"confidence_level":0.95,"lower_bound":2018237.0307282913,"upper_bound":2022653.0409663867},"point_estimate":2020464.1272152197,"standard_error":1129.53578651662},"Median":{"confidence_interval":{"confidence_level":0.95,"lower_bound":2017615.2769607843,"upper_bound":2023133.910130719},"point_estimate":2020710.5399159663,"standard_error":1309.782435618558},"MedianAbsDev":{"confidence_interval":{"confidence_level":0.95,"lower_bound":1053.701243646104,"upper_bound":6591.233706021449},"point_estimate":3214.547099401079,"standard_error":1496.8231820790438},"Slope":{"confidence_interval":{"confidence_level":0.95,"lower_bound":2019900.4899922104,"upper_bound":2023259.9981672193},"point_estimate":2021905.5729564554,"standard_error":850.0361007789588},"StdDev":{"confidence_interval":{"confidence_level":0.95,"lower_bound":2031.0331261391987,"upper_bound":4816.341884690287},"point_estimate":3760.1811671924925,"standard_error":712.9543474425398}}