{"Mean":{"confidence_interval":{"confidence_level":0.95,"lower_bound":8898.250165777437,"upper_bound":9182.860999218774},"point_estimate":9048.17637185544,"standard_error":73.01520859696083},"Median":{"confidence_interval":{"confidence_level":0.95,"lower_bound":8865.895833333334,"upper_bound":9260.636936520035},"point_estimate":9097.23928692412,"standard_error":104.04326353472838},"MedianAbsDev":{"confidence_interval":{"confidence_level":0.95,"lower_bound":35.38171470149769,"upper_bound":437.0211715223202},"point_estimate":275.0175584063344,"standard_error":91.55451812302512},"Slope":{"confidence_interval":{"confidence_level":0.95,"lower_bound":9061.021833465977,"upper_bound":9272.945626069179},"point_estimate":9206.077420876887,"standard_error":54.75974306683236},"StdDev":{"confidence_interval":{"confidence_level":0.95,"lower_bound":129.69133727900785,"upper_bound":316.67322013581247},"point_estimate":243.6038797771047,"standard_error":50.88675120338531}}