{"Mean":{"confidence_interval":{"confidence_level":0.95,"lower_bound":1203.317912718349,"upper_bound":1314.3127446723995},"point_estimate":1258.703342934102,"standard_error":28.510071908891074},"Median":{"confidence_interval":{"confidence_level":0.95,"lower_bound":1171.8722342658546,"upper_bound":1367.0653185445174},"point_estimate":1255.2631378823853,"standard_error":46.282111610020735},"MedianAbsDev":{"confidence_interval":{"confidence_level":0.95,"lower_bound":17.721152306941175,"upper_bound":166.35007147324708},"point_estimate":144.69663080689404,"standard_error":39.317068106133775},"Slope":{"confidence_interval":{"confidence_level":0.95,"lower_bound":1274.1802729970577,"upper_bound":1356.95593895438},"point_estimate":1330.0487923074481,"standard_error":21.666711578065403},"StdDev":{"confidence_interval":{"confidence_level":0.95,"lower_bound":58.81590457280601,"upper_bound":112.74592283758489},"point_estimate":94.88119972247665,"standard_error":13.667448939555744}}