{"Mean":{"confidence_interval":{"confidence_level":0.95,"lower_bound":3670575.229413055,"upper_bound":3686914.7056386904},"point_estimate":3678584.7695603175,"standard_error":4195.116217878802},"Median":{"confidence_interval":{"confidence_level":0.95,"lower_bound":3666310.28,"upper_bound":3692253.305},"point_estimate":3675646.5133333337,"standard_error":7186.774209487183},"MedianAbsDev":{"confidence_interval":{"confidence_level":0.95,"lower_bound":3391.714307784592,"upper_bound":23124.908439851595},"point_estimate":17801.66683995732,"standard_error":5157.728890033044},"Slope":{"confidence_interval":{"confidence_level":0.95,"lower_bound":3666950.4448,"upper_bound":3693519.60775},"point_estimate":3681028.6814545454,"standard_error":7098.361506567735},"StdDev":{"confidence_interval":{"confidence_level":0.95,"lower_bound":8736.084529017278,"upper_bound":16738.088992188223},"point_estimate":13961.950464681611,"standard_error":2057.6839019288245}}