{"Mean":{"confidence_interval":{"confidence_level":0.95,"lower_bound":566.8937929178078,"upper_bound":584.4776325492477},"point_estimate":576.344419287454,"standard_error":4.515164626081384},"Median":{"confidence_interval":{"confidence_level":0.95,"lower_bound":563.0556782334386,"upper_bound":588.7093990131845},"point_estimate":579.8242128393863,"standard_error":5.2671046565040225},"MedianAbsDev":{"confidence_interval":{"confidence_level":0.95,"lower_bound":2.436066576503657,"upper_bound":22.731322278689042},"point_estimate":11.244416915149602,"standard_error":5.209779879990368},"Slope":{"confidence_interval":{"confidence_level":0.95,"lower_bound":580.415150656776,"upper_bound":589.0394863191108},"point_estimate":586.3084115463926,"standard_error":2.196765630049989},"StdDev":{"confidence_interval":{"confidence_level":0.95,"lower_bound":5.769387823740729,"upper_bound":18.86903679268315},"point_estimate":15.080153989786199,"standard_error":3.3922563085889945}}