{"Mean":{"confidence_interval":{"confidence_level":0.95,"lower_bound":17555.851238130024,"upper_bound":17954.339113053342},"point_estimate":17757.25866307848,"standard_error":102.28710326262949},"Median":{"confidence_interval":{"confidence_level":0.95,"lower_bound":17476.64445072901,"upper_bound":18083.997821350764},"point_estimate":17714.3125,"standard_error":175.7004856223998},"MedianAbsDev":{"confidence_interval":{"confidence_level":0.95,"lower_bound":20.865646718238054,"upper_bound":563.8500446276691},"point_estimate":534.9309865705105,"standard_error":158.44244957440355},"Slope":{"confidence_interval":{"confidence_level":0.95,"lower_bound":17700.079225858502,"upper_bound":18105.95325155622},"point_estimate":17977.793835576187,"standard_error":103.1288613861836},"StdDev":{"confidence_interval":{"confidence_level":0.95,"lower_bound":215.59885074150284,"upper_bound":410.5939099260951},"point_estimate":342.42340276573617,"standard_error":49.977306312038706}}