{"Mean":{"confidence_interval":{"confidence_level":0.95,"lower_bound":4794679.209829417,"upper_bound":4815433.306665831},"point_estimate":4805434.042228487,"standard_error":5332.163828567675},"Median":{"confidence_interval":{"confidence_level":0.95,"lower_bound":4788096.060150376,"upper_bound":4817387.692982456},"point_estimate":4811486.545321638,"standard_error":7725.357436201798},"MedianAbsDev":{"confidence_interval":{"confidence_level":0.95,"lower_bound":424.18832580233175,"upper_bound":30151.403427864312},"point_estimate":13953.056577020658,"standard_error":7714.875885386392},"Slope":{"confidence_interval":{"confidence_level":0.95,"lower_bound":4794142.052438466,"upper_bound":4814485.90962353},"point_estimate":4803531.885987696,"standard_error":5139.962647366486},"StdDev":{"confidence_interval":{"confidence_level":0.95,"lower_bound":9508.82015824782,"upper_bound":22230.42565647659},"point_estimate":17742.383128578178,"standard_error":3170.8429637971767}}