{"Mean":{"confidence_interval":{"confidence_level":0.95,"lower_bound":167714.50645573382,"upper_bound":181676.0761559927},"point_estimate":174913.27343466174,"standard_error":3580.9729175502243},"Median":{"confidence_interval":{"confidence_level":0.95,"lower_bound":164221.2258244207,"upper_bound":185464.046239708},"point_estimate":178260.33591800358,"standard_error":6376.551891936053},"MedianAbsDev":{"confidence_interval":{"confidence_level":0.95,"lower_bound":1447.327137529012,"upper_bound":19023.911198220634},"point_estimate":13460.934814059836,"standard_error":4907.118059937983},"Slope":{"confidence_interval":{"confidence_level":0.95,"lower_bound":177552.71148838353,"upper_bound":185769.05033125656},"point_estimate":183340.24290575733,"standard_error":2145.0329607671188},"StdDev":{"confidence_interval":{"confidence_level":0.95,"lower_bound":6968.945515407928,"upper_bound":14465.488872158192},"point_estimate":11946.925722913735,"standard_error":1908.8690100953477}}