{"Mean":{"confidence_interval":{"confidence_level":0.95,"lower_bound":8188.384281091323,"upper_bound":8438.29551854646},"point_estimate":8304.064176064994,"standard_error":63.8297475598063},"Median":{"confidence_interval":{"confidence_level":0.95,"lower_bound":8146.097895663306,"upper_bound":8395.211420493946},"point_estimate":8292.71212393983,"standard_error":61.23921920037934},"MedianAbsDev":{"confidence_interval":{"confidence_level":0.95,"lower_bound":25.64731744886763,"upper_bound":337.1420289621259},"point_estimate":157.44708558489847,"standard_error":78.44113641510074},"Slope":{"confidence_interval":{"confidence_level":0.95,"lower_bound":8266.971750566694,"upper_bound":8432.967370657168},"point_estimate":8331.365441535581,"standard_error":42.109915968334846},"StdDev":{"confidence_interval":{"confidence_level":0.95,"lower_bound":93.63579494247311,"upper_bound":294.0741565777678},"point_estimate":211.86341462961718,"standard_error":57.15073775622642}}