{"Mean":{"confidence_interval":{"confidence_level":0.95,"lower_bound":14601.391386155232,"upper_bound":15004.95746790948},"point_estimate":14776.871267505549,"standard_error":104.55198771658684},"Median":{"confidence_interval":{"confidence_level":0.95,"lower_bound":14581.970842416693,"upper_bound":14894.259115799854},"point_estimate":14708.25465414028,"standard_error":76.59692742365351},"MedianAbsDev":{"confidence_interval":{"confidence_level":0.95,"lower_bound":18.738005911496064,"upper_bound":450.4822804560929},"point_estimate":175.18355552528882,"standard_error":107.70424684803746},"Slope":{"confidence_interval":{"confidence_level":0.95,"lower_bound":14685.874159613071,"upper_bound":15162.006318193491},"point_estimate":14878.834883335288,"standard_error":124.88845488015586},"StdDev":{"confidence_interval":{"confidence_level":0.95,"lower_bound":97.54704469982421,"upper_bound":498.43473128191346},"point_estimate":349.3282346911679,"standard_error":114.98134364550003}}