{"Mean":{"confidence_interval":{"confidence_level":0.95,"lower_bound":174018.44599437626,"upper_bound":178541.9492082968},"point_estimate":176365.24940731813,"standard_error":1159.3160588628875},"Median":{"confidence_interval":{"confidence_level":0.95,"lower_bound":171573.0,"upper_bound":179313.3435582822},"point_estimate":177858.75443689746,"standard_error":1982.9392421385035},"MedianAbsDev":{"confidence_interval":{"confidence_level":0.95,"lower_bound":515.3206928067399,"upper_bound":6207.948900983178},"point_estimate":2855.0054200727136,"standard_error":1662.4845521222917},"Slope":{"confidence_interval":{"confidence_level":0.95,"lower_bound":177196.43627145592,"upper_bound":180184.38804774385},"point_estimate":179079.55183650705,"standard_error":772.702225576016},"StdDev":{"confidence_interval":{"confidence_level":0.95,"lower_bound":2138.013567399818,"upper_bound":4557.148908352443},"point_estimate":3865.5604099028883,"standard_error":596.7003862016932}}