{"Mean":{"confidence_interval":{"confidence_level":0.95,"lower_bound":634206.8613267059,"upper_bound":638972.7822367044},"point_estimate":636959.9066130748,"standard_error":1247.6872338535873},"Median":{"confidence_interval":{"confidence_level":0.95,"lower_bound":636458.8807069219,"upper_bound":639934.0240549828},"point_estimate":637444.6100515464,"standard_error":836.6652332190383},"MedianAbsDev":{"confidence_interval":{"confidence_level":0.95,"lower_bound":330.431794339879,"upper_bound":4482.473224114439},"point_estimate":1659.6905904830066,"standard_error":1101.9681408169486},"Slope":{"confidence_interval":{"confidence_level":0.95,"lower_bound":636420.3049628387,"upper_bound":639358.1908372244},"point_estimate":637755.3373945642,"standard_error":763.8934066479436},"StdDev":{"confidence_interval":{"confidence_level":0.95,"lower_bound":1161.2912903711433,"upper_bound":6164.464997984353},"point_estimate":4152.184041673825,"standard_error":1566.9231287321327}}