{"Mean":{"confidence_interval":{"confidence_level":0.95,"lower_bound":5281426.834105976,"upper_bound":5323496.819138655},"point_estimate":5300793.279479457,"standard_error":10793.227850088057},"Median":{"confidence_interval":{"confidence_level":0.95,"lower_bound":5275830.382352941,"upper_bound":5322614.205882353},"point_estimate":5289968.239705883,"standard_error":12541.207950502736},"MedianAbsDev":{"confidence_interval":{"confidence_level":0.95,"lower_bound":6438.090715112534,"upper_bound":56427.01335214185},"point_estimate":24711.11732540704,"standard_error":12972.983290546776},"Slope":{"confidence_interval":{"confidence_level":0.95,"lower_bound":5272714.497987616,"upper_bound":5315700.901408451},"point_estimate":5295752.003361344,"standard_error":11213.956686089117},"StdDev":{"confidence_interval":{"confidence_level":0.95,"lower_bound":15802.372990984655,"upper_bound":48817.07542343924},"point_estimate":36011.929201391584,"standard_error":9205.396367380969}}