{"Mean":{"confidence_interval":{"confidence_level":0.95,"lower_bound":285008.8423145245,"upper_bound":286423.2628689854},"point_estimate":285658.9212473255,"standard_error":364.64345810032376},"Median":{"confidence_interval":{"confidence_level":0.95,"lower_bound":284841.3880877743,"upper_bound":286751.22070458275},"point_estimate":285125.1567398119,"standard_error":441.4636330243321},"MedianAbsDev":{"confidence_interval":{"confidence_level":0.95,"lower_bound":111.36556673759956,"upper_bound":1865.104240814153},"point_estimate":746.0852577052461,"standard_error":465.6899175466033},"Slope":{"confidence_interval":{"confidence_level":0.95,"lower_bound":285011.8700937807,"upper_bound":286568.90162171575},"point_estimate":285610.26548874326,"standard_error":400.2144967249401},"StdDev":{"confidence_interval":{"confidence_level":0.95,"lower_bound":435.5848852399587,"upper_bound":1519.5922427254716},"point_estimate":1216.359479080595,"standard_error":277.0523885795535}}