{"Mean":{"confidence_interval":{"confidence_level":0.95,"lower_bound":18252.271916885707,"upper_bound":18450.04728533733},"point_estimate":18353.34949378018,"standard_error":50.558387649930076},"Median":{"confidence_interval":{"confidence_level":0.95,"lower_bound":18221.823644477045,"upper_bound":18489.120432178006},"point_estimate":18391.9377977464,"standard_error":62.94563616597066},"MedianAbsDev":{"confidence_interval":{"confidence_level":0.95,"lower_bound":11.658689544835042,"upper_bound":282.8066269624891},"point_estimate":198.79231427347287,"standard_error":77.72349047791297},"Slope":{"confidence_interval":{"confidence_level":0.95,"lower_bound":18303.45261647663,"upper_bound":18514.595656443576},"point_estimate":18425.098528471957,"standard_error":54.34676984421402},"StdDev":{"confidence_interval":{"confidence_level":0.95,"lower_bound":89.52070320329915,"upper_bound":215.13218305340996},"point_estimate":167.98322868510476,"standard_error":32.52643381625511}}