{"Mean":{"confidence_interval":{"confidence_level":0.95,"lower_bound":835930.8466369048,"upper_bound":841014.2880085226},"point_estimate":838388.2345810786,"standard_error":1301.3097056206993},"Median":{"confidence_interval":{"confidence_level":0.95,"lower_bound":834860.5646306818,"upper_bound":841508.3983585858},"point_estimate":837565.9715909091,"standard_error":1844.8062179635053},"MedianAbsDev":{"confidence_interval":{"confidence_level":0.95,"lower_bound":829.2583591413373,"upper_bound":7388.076511089134},"point_estimate":5007.563543768461,"standard_error":1622.1712360640136},"Slope":{"confidence_interval":{"confidence_level":0.95,"lower_bound":836503.889744553,"upper_bound":843891.9028968211},"point_estimate":840683.1645218418,"standard_error":1932.0594284739782},"StdDev":{"confidence_interval":{"confidence_level":0.95,"lower_bound":2387.0573806864722,"upper_bound":5586.824887533472},"point_estimate":4338.619325966239,"standard_error":844.6843225470635}}