{"Mean":{"confidence_interval":{"confidence_level":0.95,"lower_bound":158497.59714060847,"upper_bound":159643.41465952384},"point_estimate":159074.28371531452,"standard_error":293.1575916304203},"Median":{"confidence_interval":{"confidence_level":0.95,"lower_bound":158258.34523809524,"upper_bound":159963.58333333334},"point_estimate":158898.06180555554,"standard_error":402.7922636446616},"MedianAbsDev":{"confidence_interval":{"confidence_level":0.95,"lower_bound":98.95413490987973,"upper_bound":1721.7850284908932},"point_estimate":1277.9505904507714,"standard_error":454.828207756409},"Slope":{"confidence_interval":{"confidence_level":0.95,"lower_bound":158853.84146352025,"upper_bound":159756.77153682942},"point_estimate":159347.50235209236,"standard_error":226.07999458907463},"StdDev":{"confidence_interval":{"confidence_level":0.95,"lower_bound":566.9048793712252,"upper_bound":1217.4263010314519},"point_estimate":978.2340618081887,"standard_error":166.7690046991009}}