{"Mean":{"confidence_interval":{"confidence_level":0.95,"lower_bound":3505296.2694482594,"upper_bound":3519175.0577838826},"point_estimate":3511680.852989926,"standard_error":3571.2891412580752},"Median":{"confidence_interval":{"confidence_level":0.95,"lower_bound":3502642.2490384616,"upper_bound":3517303.516025641},"point_estimate":3509611.5503663,"standard_error":3598.5234498631207},"MedianAbsDev":{"confidence_interval":{"confidence_level":0.95,"lower_bound":1930.9629157186705,"upper_bound":18193.23986258265},"point_estimate":9259.253816865385,"standard_error":4189.10107701314},"Slope":{"confidence_interval":{"confidence_level":0.95,"lower_bound":3506379.3305997,"upper_bound":3515719.419841623},"point_estimate":3511321.4834165834,"standard_error":2407.469898820093},"StdDev":{"confidence_interval":{"confidence_level":0.95,"lower_bound":5016.14974362546,"upper_bound":16092.54173304128},"point_estimate":11890.492230393282,"standard_error":3040.6879082217947}}