{"Mean":{"confidence_interval":{"confidence_level":0.95,"lower_bound":527.078669434097,"upper_bound":557.6183555949771},"point_estimate":542.3268492328671,"standard_error":7.77316320812304},"Median":{"confidence_interval":{"confidence_level":0.95,"lower_bound":534.2794771106747,"upper_bound":555.8299247164908},"point_estimate":540.505346501523,"standard_error":5.014179865866527},"MedianAbsDev":{"confidence_interval":{"confidence_level":0.95,"lower_bound":0.43169299550496065,"upper_bound":41.25404636391379},"point_estimate":8.822621765622756,"standard_error":10.301535342179534},"Slope":{"confidence_interval":{"confidence_level":0.95,"lower_bound":534.7776128956593,"upper_bound":542.1347239410185},"point_estimate":537.2594016755637,"standard_error":1.8827010143330825},"StdDev":{"confidence_interval":{"confidence_level":0.95,"lower_bound":5.004149534084567,"upper_bound":36.29561859971761},"point_estimate":25.874084172482156,"standard_error":7.300121026076275}}