{"Mean":{"confidence_interval":{"confidence_level":0.95,"lower_bound":3443.6394622350053,"upper_bound":3541.407261752956},"point_estimate":3495.666817856847,"standard_error":25.168203041911344},"Median":{"confidence_interval":{"confidence_level":0.95,"lower_bound":3425.917822520507,"upper_bound":3567.2821029082775},"point_estimate":3519.427437946096,"standard_error":37.63238672087672},"MedianAbsDev":{"confidence_interval":{"confidence_level":0.95,"lower_bound":5.378917910967549,"upper_bound":142.32755212642462},"point_estimate":71.1715430282745,"standard_error":36.651655805779725},"Slope":{"confidence_interval":{"confidence_level":0.95,"lower_bound":3511.4307387959648,"upper_bound":3565.5172471341953},"point_estimate":3548.976531179484,"standard_error":14.122343217125803},"StdDev":{"confidence_interval":{"confidence_level":0.95,"lower_bound":39.740856793044046,"upper_bound":103.50722154476688},"point_estimate":83.80890325486372,"standard_error":16.199165602215146}}