{"Mean":{"confidence_interval":{"confidence_level":0.95,"lower_bound":549.9968712366178,"upper_bound":570.3419558877482},"point_estimate":561.5920532140124,"standard_error":5.322277473666172},"Median":{"confidence_interval":{"confidence_level":0.95,"lower_bound":551.8326514393359,"upper_bound":571.5717221257432},"point_estimate":569.2390742430487,"standard_error":3.9968793993240106},"MedianAbsDev":{"confidence_interval":{"confidence_level":0.95,"lower_bound":0.5871934205813087,"upper_bound":22.963596668019605},"point_estimate":3.9509734702106365,"standard_error":4.434601335735819},"Slope":{"confidence_interval":{"confidence_level":0.95,"lower_bound":563.1224346145893,"upper_bound":570.519654779875},"point_estimate":568.0779629418677,"standard_error":1.9141958876109944},"StdDev":{"confidence_interval":{"confidence_level":0.95,"lower_bound":2.017986617708725,"upper_bound":23.853004308448128},"point_estimate":17.81066105268736,"standard_error":5.910789490919197}}