{"Mean":{"confidence_interval":{"confidence_level":0.95,"lower_bound":1402.0931559007533,"upper_bound":1466.2612005635856},"point_estimate":1429.4334489788687,"standard_error":16.746419932736927},"Median":{"confidence_interval":{"confidence_level":0.95,"lower_bound":1394.54819606414,"upper_bound":1454.209097627146},"point_estimate":1412.7099606934612,"standard_error":12.394674877296447},"MedianAbsDev":{"confidence_interval":{"confidence_level":0.95,"lower_bound":3.164514369839047,"upper_bound":61.52661932556555},"point_estimate":23.273865270115433,"standard_error":14.76189821803047},"Slope":{"confidence_interval":{"confidence_level":0.95,"lower_bound":1407.6626780564711,"upper_bound":1458.70611491983},"point_estimate":1428.9701611071146,"standard_error":14.57089601748919},"StdDev":{"confidence_interval":{"confidence_level":0.95,"lower_bound":10.347141986289241,"upper_bound":78.27361915118168},"point_estimate":55.83898616889955,"standard_error":19.01552863520116}}