{"Mean":{"confidence_interval":{"confidence_level":0.95,"lower_bound":58235.95053550469,"upper_bound":60320.749502274055},"point_estimate":59239.32240854851,"standard_error":534.077590448932},"Median":{"confidence_interval":{"confidence_level":0.95,"lower_bound":57790.035211267605,"upper_bound":60853.76690140845},"point_estimate":58956.11722417841,"standard_error":755.6072715468587},"MedianAbsDev":{"confidence_interval":{"confidence_level":0.95,"lower_bound":389.7819716011158,"upper_bound":2971.1026282588414},"point_estimate":1954.9414035851103,"standard_error":680.7166203967995},"Slope":{"confidence_interval":{"confidence_level":0.95,"lower_bound":58929.716754909015,"upper_bound":61230.459952650686},"point_estimate":60414.80944759466,"standard_error":573.1131916814691},"StdDev":{"confidence_interval":{"confidence_level":0.95,"lower_bound":924.2130650611828,"upper_bound":2183.3368619530033},"point_estimate":1781.3326279457222,"standard_error":307.4415822191834}}