{"Mean":{"confidence_interval":{"confidence_level":0.95,"lower_bound":34141.49548126984,"upper_bound":34545.94429022222},"point_estimate":34340.27212751323,"standard_error":103.54226347793002},"Median":{"confidence_interval":{"confidence_level":0.95,"lower_bound":34066.99936,"upper_bound":34638.926933333336},"point_estimate":34240.61217777777,"standard_error":163.17384139194712},"MedianAbsDev":{"confidence_interval":{"confidence_level":0.95,"lower_bound":32.1462762492912,"upper_bound":565.7852157792984},"point_estimate":442.79639414323697,"standard_error":139.44332850237447},"Slope":{"confidence_interval":{"confidence_level":0.95,"lower_bound":34035.01145315556,"upper_bound":34470.23085490196},"point_estimate":34188.97304380952,"standard_error":111.07610435661358},"StdDev":{"confidence_interval":{"confidence_level":0.95,"lower_bound":207.7488534628706,"upper_bound":426.0818361761842},"point_estimate":345.04661427886214,"standard_error":56.3804098132631}}