{"Mean":{"confidence_interval":{"confidence_level":0.95,"lower_bound":3962.890774544627,"upper_bound":4301.816920559233},"point_estimate":4144.678939905663,"standard_error":87.13920128156212},"Median":{"confidence_interval":{"confidence_level":0.95,"lower_bound":3942.213278226822,"upper_bound":4365.8421702195865},"point_estimate":4245.582391676016,"standard_error":103.47469405610661},"MedianAbsDev":{"confidence_interval":{"confidence_level":0.95,"lower_bound":41.34889303173802,"upper_bound":472.8886430995799},"point_estimate":204.4208934801161,"standard_error":108.32159742648106},"Slope":{"confidence_interval":{"confidence_level":0.95,"lower_bound":4216.324654708294,"upper_bound":4370.121121404695},"point_estimate":4307.987634132177,"standard_error":39.1098866424765},"StdDev":{"confidence_interval":{"confidence_level":0.95,"lower_bound":98.6289014213029,"upper_bound":362.4537874353862},"point_estimate":291.33545005915704,"standard_error":63.91783215793957}}