{"Mean":{"confidence_interval":{"confidence_level":0.95,"lower_bound":23541.591538596353,"upper_bound":24632.578386041438},"point_estimate":23947.590024926005,"standard_error":311.50874545497123},"Median":{"confidence_interval":{"confidence_level":0.95,"lower_bound":23562.468245313394,"upper_bound":23854.770901490367},"point_estimate":23623.996910214468,"standard_error":96.50305177694453},"MedianAbsDev":{"confidence_interval":{"confidence_level":0.95,"lower_bound":9.760045628253163,"upper_bound":488.24129743885754},"point_estimate":48.15903464118733,"standard_error":145.6359203177547},"Slope":{"confidence_interval":{"confidence_level":0.95,"lower_bound":23587.801240613506,"upper_bound":25726.710656523275},"point_estimate":24466.45756773216,"standard_error":661.9759806353826},"StdDev":{"confidence_interval":{"confidence_level":0.95,"lower_bound":48.236544288153894,"upper_bound":1593.531708561452},"point_estimate":1038.8308090632745,"standard_error":513.3325025035305}}