{"Mean":{"confidence_interval":{"confidence_level":0.95,"lower_bound":3979.6103806988535,"upper_bound":4153.215601998823},"point_estimate":4069.138013264256,"standard_error":44.321664019197044},"Median":{"confidence_interval":{"confidence_level":0.95,"lower_bound":3962.522762345679,"upper_bound":4175.399641203703},"point_estimate":4109.410041887126,"standard_error":58.19878623359855},"MedianAbsDev":{"confidence_interval":{"confidence_level":0.95,"lower_bound":16.2043094576853,"upper_bound":246.12101441134297},"point_estimate":176.04398951348318,"standard_error":64.74809328697228},"Slope":{"confidence_interval":{"confidence_level":0.95,"lower_bound":4051.040244401378,"upper_bound":4177.661220825853},"point_estimate":4129.291463443963,"standard_error":32.72524473311822},"StdDev":{"confidence_interval":{"confidence_level":0.95,"lower_bound":78.99382453071371,"upper_bound":191.73026753233088},"point_estimate":147.73334533794193,"standard_error":29.059965503376503}}