{"Mean":{"confidence_interval":{"confidence_level":0.95,"lower_bound":34495558.066746034,"upper_bound":34872231.59035714},"point_estimate":34686107.175317466,"standard_error":96066.42068275792},"Median":{"confidence_interval":{"confidence_level":0.95,"lower_bound":34353035.1875,"upper_bound":34925865.6875},"point_estimate":34811485.53214286,"standard_error":185506.7174947205},"MedianAbsDev":{"confidence_interval":{"confidence_level":0.95,"lower_bound":20169.538612748674,"upper_bound":523271.7522550612},"point_estimate":394592.082089582,"standard_error":148235.53674205733},"Slope":{"confidence_interval":{"confidence_level":0.95,"lower_bound":34633473.3776824,"upper_bound":34901503.54557748},"point_estimate":34793217.97012987,"standard_error":67397.7386516367},"StdDev":{"confidence_interval":{"confidence_level":0.95,"lower_bound":209886.21657643776,"upper_bound":376261.799257561},"point_estimate":320058.7662444366,"standard_error":43214.571633748914}}