{"Mean":{"confidence_interval":{"confidence_level":0.95,"lower_bound":15715.263502028654,"upper_bound":16026.743092365994},"point_estimate":15887.17263355657,"standard_error":80.63892196022441},"Median":{"confidence_interval":{"confidence_level":0.95,"lower_bound":15712.946782203937,"upper_bound":16062.366747708995},"point_estimate":15975.894707312513,"standard_error":68.07692616270127},"MedianAbsDev":{"confidence_interval":{"confidence_level":0.95,"lower_bound":12.578115318118822,"upper_bound":354.41140614481975},"point_estimate":125.79829236407043,"standard_error":83.76827044858183},"Slope":{"confidence_interval":{"confidence_level":0.95,"lower_bound":15885.713465287128,"upper_bound":16067.89413116678},"point_estimate":15988.56350277738,"standard_error":46.68296881587561},"StdDev":{"confidence_interval":{"confidence_level":0.95,"lower_bound":71.31100452718077,"upper_bound":357.1268065826268},"point_estimate":269.0179080348203,"standard_error":75.72148328709984}}