{"Mean":{"confidence_interval":{"confidence_level":0.95,"lower_bound":89011.77796296297,"upper_bound":92618.69753240742},"point_estimate":90834.327345679,"standard_error":921.034690409397},"Median":{"confidence_interval":{"confidence_level":0.95,"lower_bound":88567.45370370371,"upper_bound":92411.44444444444},"point_estimate":91410.20370370371,"standard_error":887.4331986881023},"MedianAbsDev":{"confidence_interval":{"confidence_level":0.95,"lower_bound":258.69310374061024,"upper_bound":5728.4203583002245},"point_estimate":1731.768287773477,"standard_error":1462.3751557917851},"Slope":{"confidence_interval":{"confidence_level":0.95,"lower_bound":90511.1633986928,"upper_bound":94417.44982078853},"point_estimate":92661.47243867244,"standard_error":1049.5579323587724},"StdDev":{"confidence_interval":{"confidence_level":0.95,"lower_bound":1295.4274430330597,"upper_bound":4097.022477351249},"point_estimate":3075.2664939359547,"standard_error":674.4601073555515}}