{"Mean":{"confidence_interval":{"confidence_level":0.95,"lower_bound":705.1813613554474,"upper_bound":722.1543307575506},"point_estimate":713.2106261411001,"standard_error":4.342350885776702},"Median":{"confidence_interval":{"confidence_level":0.95,"lower_bound":704.2424214991031,"upper_bound":722.5150016485328},"point_estimate":709.6317838821391,"standard_error":4.775328076928682},"MedianAbsDev":{"confidence_interval":{"confidence_level":0.95,"lower_bound":1.4506350368623484,"upper_bound":23.20795644810813},"point_estimate":12.090850220892394,"standard_error":5.555437430313581},"Slope":{"confidence_interval":{"confidence_level":0.95,"lower_bound":709.2490988013325,"upper_bound":718.986640334328},"point_estimate":715.0528022699023,"standard_error":2.4487629616154836},"StdDev":{"confidence_interval":{"confidence_level":0.95,"lower_bound":6.476996075083887,"upper_bound":19.739504581018817},"point_estimate":14.424039864180974,"standard_error":3.56880989729198}}