{"Mean":{"confidence_interval":{"confidence_level":0.95,"lower_bound":4408305.516666667,"upper_bound":4498868.18407242},"point_estimate":4453198.313747166,"standard_error":23153.023537568533},"Median":{"confidence_interval":{"confidence_level":0.95,"lower_bound":4398354.666666667,"upper_bound":4504325.25},"point_estimate":4461217.476190476,"standard_error":27073.29889000406},"MedianAbsDev":{"confidence_interval":{"confidence_level":0.95,"lower_bound":20711.895157290553,"upper_bound":134247.15770056588},"point_estimate":66888.36707499476,"standard_error":29210.222296585627},"Slope":{"confidence_interval":{"confidence_level":0.95,"lower_bound":4447224.184104628,"upper_bound":4542964.230390902},"point_estimate":4490886.490723562,"standard_error":25756.629320547803},"StdDev":{"confidence_interval":{"confidence_level":0.95,"lower_bound":39103.73108673096,"upper_bound":102459.87576755107},"point_estimate":77355.28900391275,"standard_error":16290.858272147665}}