{"Mean":{"confidence_interval":{"confidence_level":0.95,"lower_bound":111707.82567153382,"upper_bound":113423.73454826581},"point_estimate":112533.50774291852,"standard_error":441.2168565257253},"Median":{"confidence_interval":{"confidence_level":0.95,"lower_bound":111292.60451197054,"upper_bound":113586.3744014733},"point_estimate":112305.17548342541,"standard_error":547.0479656544313},"MedianAbsDev":{"confidence_interval":{"confidence_level":0.95,"lower_bound":229.01920429044733,"upper_bound":2628.496419366157},"point_estimate":1240.5645040805534,"standard_error":576.6173880566032},"Slope":{"confidence_interval":{"confidence_level":0.95,"lower_bound":111736.93636435733,"upper_bound":114342.67827261708},"point_estimate":113288.92285283777,"standard_error":668.5502611385514},"StdDev":{"confidence_interval":{"confidence_level":0.95,"lower_bound":734.9498355388089,"upper_bound":1854.8406053009298},"point_estimate":1466.7833307097183,"standard_error":283.400185044993}}