{"Mean":{"confidence_interval":{"confidence_level":0.95,"lower_bound":1004126.0957547169,"upper_bound":1054538.9938395103},"point_estimate":1030923.9615184187,"standard_error":12998.36917922805},"Median":{"confidence_interval":{"confidence_level":0.95,"lower_bound":993593.1179245283,"upper_bound":1065244.6477987422},"point_estimate":1050047.7254716982,"standard_error":19246.989843125517},"MedianAbsDev":{"confidence_interval":{"confidence_level":0.95,"lower_bound":3880.6312345013607,"upper_bound":71917.99099348357},"point_estimate":26353.34840571942,"standard_error":17925.93643070174},"Slope":{"confidence_interval":{"confidence_level":0.95,"lower_bound":1042679.502303642,"upper_bound":1061971.0702063486},"point_estimate":1055075.4968390102,"standard_error":4980.791531687228},"StdDev":{"confidence_interval":{"confidence_level":0.95,"lower_bound":15098.000044526534,"upper_bound":51898.94544650035},"point_estimate":43381.54413221376,"standard_error":8445.622449470062}}