{"Mean":{"confidence_interval":{"confidence_level":0.95,"lower_bound":7580958.758430465,"upper_bound":7624345.901189847},"point_estimate":7602108.546107505,"standard_error":11024.13735462091},"Median":{"confidence_interval":{"confidence_level":0.95,"lower_bound":7583358.045454545,"upper_bound":7619474.505681818},"point_estimate":7602240.308441559,"standard_error":9862.698614870615},"MedianAbsDev":{"confidence_interval":{"confidence_level":0.95,"lower_bound":3160.9688500174216,"upper_bound":59408.00053737074},"point_estimate":22977.572667066837,"standard_error":12594.960241006569},"Slope":{"confidence_interval":{"confidence_level":0.95,"lower_bound":7597843.290970934,"upper_bound":7647030.618862421},"point_estimate":7620376.059976387,"standard_error":13460.355961170675},"StdDev":{"confidence_interval":{"confidence_level":0.95,"lower_bound":13389.126510015085,"upper_bound":50921.84700834719},"point_estimate":36642.80237226439,"standard_error":9745.413455943864}}