{"Mean":{"confidence_interval":{"confidence_level":0.95,"lower_bound":1222.546701318423,"upper_bound":1263.8474115567183},"point_estimate":1244.8182811710296,"standard_error":10.561796016173304},"Median":{"confidence_interval":{"confidence_level":0.95,"lower_bound":1228.9861369648281,"upper_bound":1274.779935882782},"point_estimate":1242.1083519071879,"standard_error":13.026088625332111},"MedianAbsDev":{"confidence_interval":{"confidence_level":0.95,"lower_bound":3.2740292476204025,"upper_bound":58.120969185685325},"point_estimate":31.68744786106607,"standard_error":13.387318859059192},"Slope":{"confidence_interval":{"confidence_level":0.95,"lower_bound":1234.9205018972762,"upper_bound":1270.1399508735324},"point_estimate":1252.6493980448865,"standard_error":8.998278157115488},"StdDev":{"confidence_interval":{"confidence_level":0.95,"lower_bound":17.226331083640645,"upper_bound":48.23046423999301},"point_estimate":35.12824412678586,"standard_error":9.01514526954672}}