{"Mean":{"confidence_interval":{"confidence_level":0.95,"lower_bound":580327.5447169814,"upper_bound":599591.252649137},"point_estimate":590018.8520713537,"standard_error":4947.31011863547},"Median":{"confidence_interval":{"confidence_level":0.95,"lower_bound":574139.5754716981,"upper_bound":604312.6922169811},"point_estimate":592072.8682389937,"standard_error":8405.677633698107},"MedianAbsDev":{"confidence_interval":{"confidence_level":0.95,"lower_bound":5282.209983580456,"upper_bound":27384.908609543996},"point_estimate":21221.58928677138,"standard_error":5930.649117119661},"Slope":{"confidence_interval":{"confidence_level":0.95,"lower_bound":592285.3022079486,"upper_bound":607680.3145376359},"point_estimate":602558.3992403822,"standard_error":3944.413002861516},"StdDev":{"confidence_interval":{"confidence_level":0.95,"lower_bound":10456.439943635885,"upper_bound":19493.5547954636},"point_estimate":16509.430543138915,"standard_error":2292.309213612384}}