{"Mean":{"confidence_interval":{"confidence_level":0.95,"lower_bound":388151.736025581,"upper_bound":397461.019716323},"point_estimate":392698.2534058485,"standard_error":2379.95158479059},"Median":{"confidence_interval":{"confidence_level":0.95,"lower_bound":387887.57589285716,"upper_bound":399020.0663265306},"point_estimate":391022.40535714285,"standard_error":2582.256889835744},"MedianAbsDev":{"confidence_interval":{"confidence_level":0.95,"lower_bound":860.6117784710785,"upper_bound":14115.512236899562},"point_estimate":5525.368584405093,"standard_error":3568.8332900484593},"Slope":{"confidence_interval":{"confidence_level":0.95,"lower_bound":391711.7107187281,"upper_bound":402170.9388691646},"point_estimate":398270.7612244898,"standard_error":2609.091622492862},"StdDev":{"confidence_interval":{"confidence_level":0.95,"lower_bound":3779.4638072173916,"upper_bound":10192.876763073218},"point_estimate":7929.867860107842,"standard_error":1582.2455873730237}}