{"Mean":{"confidence_interval":{"confidence_level":0.95,"lower_bound":2171782.982298483,"upper_bound":2190829.2689055298},"point_estimate":2180824.779824629,"standard_error":4857.664070660219},"Median":{"confidence_interval":{"confidence_level":0.95,"lower_bound":2165912.2983870967,"upper_bound":2194983.004608295},"point_estimate":2175871.864516129,"standard_error":7944.190286178365},"MedianAbsDev":{"confidence_interval":{"confidence_level":0.95,"lower_bound":2212.2822752403863,"upper_bound":26716.573747191265},"point_estimate":16978.334755993477,"standard_error":6469.974830233367},"Slope":{"confidence_interval":{"confidence_level":0.95,"lower_bound":2178694.725156413,"upper_bound":2200785.8377640015},"point_estimate":2191455.6878927522,"standard_error":5537.564278318336},"StdDev":{"confidence_interval":{"confidence_level":0.95,"lower_bound":9144.100600908714,"upper_bound":20391.8992388503},"point_estimate":16263.761347843649,"standard_error":3007.732478271291}}