{"Mean":{"confidence_interval":{"confidence_level":0.95,"lower_bound":261094.87387468838,"upper_bound":266412.08956156514},"point_estimate":263532.8090687322,"standard_error":1367.4481005487535},"Median":{"confidence_interval":{"confidence_level":0.95,"lower_bound":259914.96923076923,"upper_bound":266040.4234775641},"point_estimate":262489.60042735044,"standard_error":1371.5665156996686},"MedianAbsDev":{"confidence_interval":{"confidence_level":0.95,"lower_bound":708.1160414028026,"upper_bound":7163.165537091143},"point_estimate":3892.6001279438015,"standard_error":1694.4303389984325},"Slope":{"confidence_interval":{"confidence_level":0.95,"lower_bound":260354.78934911243,"upper_bound":266469.79030599905},"point_estimate":262645.90657675656,"standard_error":1588.0399943107052},"StdDev":{"confidence_interval":{"confidence_level":0.95,"lower_bound":1770.4383412666386,"upper_bound":6066.185839681243},"point_estimate":4563.565619118292,"standard_error":1142.7208660188262}}