{"Mean":{"confidence_interval":{"confidence_level":0.95,"lower_bound":67075.58714503881,"upper_bound":69734.13214625492},"point_estimate":68083.05807636972,"standard_error":747.425979949252},"Median":{"confidence_interval":{"confidence_level":0.95,"lower_bound":66848.61367013372,"upper_bound":67968.4792108894},"point_estimate":67469.27758172363,"standard_error":335.69044448043405},"MedianAbsDev":{"confidence_interval":{"confidence_level":0.95,"lower_bound":114.91465459680757,"upper_bound":1255.4401701149013},"point_estimate":834.0676923926874,"standard_error":380.78150520186585},"Slope":{"confidence_interval":{"confidence_level":0.95,"lower_bound":67235.4354538478,"upper_bound":70206.67151392235},"point_estimate":68171.53033519229,"standard_error":801.3853781162599},"StdDev":{"confidence_interval":{"confidence_level":0.95,"lower_bound":356.8158919346076,"upper_bound":3812.8794291616855},"point_estimate":2488.3517840159884,"standard_error":1183.6826734783535}}