{"Mean":{"confidence_interval":{"confidence_level":0.95,"lower_bound":390995.8943083045,"upper_bound":394793.8508373739},"point_estimate":392884.5403798776,"standard_error":963.3534962277546},"Median":{"confidence_interval":{"confidence_level":0.95,"lower_bound":389655.2048611111,"upper_bound":394473.4743634259},"point_estimate":393522.13372395834,"standard_error":1146.3179511630053},"MedianAbsDev":{"confidence_interval":{"confidence_level":0.95,"lower_bound":439.29585222700524,"upper_bound":6490.372306413488},"point_estimate":1536.442826776512,"standard_error":1604.9799039639431},"Slope":{"confidence_interval":{"confidence_level":0.95,"lower_bound":393260.548953202,"upper_bound":394726.54211065575},"point_estimate":394043.8589556277,"standard_error":367.99240112633265},"StdDev":{"confidence_interval":{"confidence_level":0.95,"lower_bound":1619.040226236746,"upper_bound":4197.349463493272},"point_estimate":3201.5754123987076,"standard_error":657.835081479113}}