{"Mean":{"confidence_interval":{"confidence_level":0.95,"lower_bound":237450.3637619048,"upper_bound":240551.78327835098},"point_estimate":238761.9637001764,"standard_error":818.8084116165645},"Median":{"confidence_interval":{"confidence_level":0.95,"lower_bound":237075.97972222223,"upper_bound":239626.34166666667},"point_estimate":237741.9962962963,"standard_error":722.6303573466573},"MedianAbsDev":{"confidence_interval":{"confidence_level":0.95,"lower_bound":307.54724387328827,"upper_bound":3073.2245151615875},"point_estimate":1295.468558334178,"standard_error":727.8905337877904},"Slope":{"confidence_interval":{"confidence_level":0.95,"lower_bound":238033.16039755353,"upper_bound":243230.88602091445},"point_estimate":240707.4739105339,"standard_error":1433.1174865109215},"StdDev":{"confidence_interval":{"confidence_level":0.95,"lower_bound":780.1777870713215,"upper_bound":3997.2122214027195},"point_estimate":2735.2582619510285,"standard_error":982.3874247777703}}