{"Mean":{"confidence_interval":{"confidence_level":0.95,"lower_bound":1372722.1983914832,"upper_bound":1378086.663094551},"point_estimate":1375421.0020390719,"standard_error":1372.1118538936498},"Median":{"confidence_interval":{"confidence_level":0.95,"lower_bound":1372213.8803418805,"upper_bound":1379483.4471153845},"point_estimate":1375380.9029304031,"standard_error":1941.5380218329328},"MedianAbsDev":{"confidence_interval":{"confidence_level":0.95,"lower_bound":1258.940195918489,"upper_bound":7588.5197471997635},"point_estimate":4289.850277493817,"standard_error":1729.6322941958415},"Slope":{"confidence_interval":{"confidence_level":0.95,"lower_bound":1373179.1257503834,"upper_bound":1377497.2373607357},"point_estimate":1374913.9331668331,"standard_error":1110.8815355412587},"StdDev":{"confidence_interval":{"confidence_level":0.95,"lower_bound":2606.545430063929,"upper_bound":5797.653393818695},"point_estimate":4573.221640169766,"standard_error":817.2689783819234}}