{"Mean":{"confidence_interval":{"confidence_level":0.95,"lower_bound":686.1267010900327,"upper_bound":779.8836986686456},"point_estimate":732.175756489591,"standard_error":23.91054769571772},"Median":{"confidence_interval":{"confidence_level":0.95,"lower_bound":670.266250847923,"upper_bound":790.188163196912},"point_estimate":714.0638344692809,"standard_error":29.562612874337358},"MedianAbsDev":{"confidence_interval":{"confidence_level":0.95,"lower_bound":1.5247437806699689,"upper_bound":132.90240228026457},"point_estimate":95.08956229475952,"standard_error":38.09513778689327},"Slope":{"confidence_interval":{"confidence_level":0.95,"lower_bound":660.8032571159192,"upper_bound":825.4166397581262},"point_estimate":741.7861566949105,"standard_error":43.91212457594752},"StdDev":{"confidence_interval":{"confidence_level":0.95,"lower_bound":41.98542844885653,"upper_bound":102.73252145396336},"point_estimate":79.63069311873274,"standard_error":15.615185689804894}}