{"Mean":{"confidence_interval":{"confidence_level":0.95,"lower_bound":609537.7377824677,"upper_bound":665807.2445454545},"point_estimate":639774.420952381,"standard_error":14527.100811887964},"Median":{"confidence_interval":{"confidence_level":0.95,"lower_bound":607713.5454545454,"upper_bound":679212.4848484849},"point_estimate":653644.9204545454,"standard_error":16399.29419243565},"MedianAbsDev":{"confidence_interval":{"confidence_level":0.95,"lower_bound":3346.4977042241608,"upper_bound":75786.3324181601},"point_estimate":39282.29387032721,"standard_error":18783.824200857965},"Slope":{"confidence_interval":{"confidence_level":0.95,"lower_bound":653223.0938951559,"upper_bound":678792.8365676246},"point_estimate":670628.8755608029,"standard_error":6500.338861103857},"StdDev":{"confidence_interval":{"confidence_level":0.95,"lower_bound":16336.085482433888,"upper_bound":60300.30585733556},"point_estimate":48327.14702121843,"standard_error":10771.73821162641}}