{"Mean":{"confidence_interval":{"confidence_level":0.95,"lower_bound":3929689.605098039,"upper_bound":3994822.7148569096},"point_estimate":3963307.150289449,"standard_error":16668.14729567003},"Median":{"confidence_interval":{"confidence_level":0.95,"lower_bound":3915504.31372549,"upper_bound":4005720.267973856},"point_estimate":3975384.6697478993,"standard_error":25007.18221500526},"MedianAbsDev":{"confidence_interval":{"confidence_level":0.95,"lower_bound":9045.761540386242,"upper_bound":91359.73215157},"point_estimate":46640.71312823632,"standard_error":22121.887518638872},"Slope":{"confidence_interval":{"confidence_level":0.95,"lower_bound":3968544.0660474715,"upper_bound":4008327.155018365},"point_estimate":3994078.0592818945,"standard_error":10187.877793116932},"StdDev":{"confidence_interval":{"confidence_level":0.95,"lower_bound":29679.65408879412,"upper_bound":67606.13797574252},"point_estimate":55458.670932215784,"standard_error":9368.487723093325}}