{"Mean":{"confidence_interval":{"confidence_level":0.95,"lower_bound":57652.8640545977,"upper_bound":59752.82807662835},"point_estimate":58743.47195306512,"standard_error":537.8652919138965},"Median":{"confidence_interval":{"confidence_level":0.95,"lower_bound":56974.44367816092,"upper_bound":60232.58517241379},"point_estimate":59210.34245689656,"standard_error":866.8041579090221},"MedianAbsDev":{"confidence_interval":{"confidence_level":0.95,"lower_bound":388.85785482052137,"upper_bound":2862.055978429728},"point_estimate":1745.2881873080469,"standard_error":667.0462474793679},"Slope":{"confidence_interval":{"confidence_level":0.95,"lower_bound":59099.740299059304,"upper_bound":60367.195627819005},"point_estimate":59854.36853560233,"standard_error":321.2183414308865},"StdDev":{"confidence_interval":{"confidence_level":0.95,"lower_bound":1029.7583594538864,"upper_bound":2150.2659404651777},"point_estimate":1787.7883048945773,"standard_error":283.43179187623167}}