{"Mean":{"confidence_interval":{"confidence_level":0.95,"lower_bound":2972593.475853175,"upper_bound":3004175.5774978036},"point_estimate":2988809.163731576,"standard_error":8094.678631068255},"Median":{"confidence_interval":{"confidence_level":0.95,"lower_bound":2966440.478571429,"upper_bound":3015804.9508928573},"point_estimate":2992566.7151360544,"standard_error":10459.648044528718},"MedianAbsDev":{"confidence_interval":{"confidence_level":0.95,"lower_bound":2447.2257007198723,"upper_bound":48379.85566566915},"point_estimate":30135.471574363448,"standard_error":11781.079334078137},"Slope":{"confidence_interval":{"confidence_level":0.95,"lower_bound":2987990.1287988992,"upper_bound":3016183.645229983},"point_estimate":3006798.214007421,"standard_error":7125.266234307848},"StdDev":{"confidence_interval":{"confidence_level":0.95,"lower_bound":14776.022699316982,"upper_bound":33605.467705754156},"point_estimate":26963.862013533617,"standard_error":4865.772858003142}}