{"Mean":{"confidence_interval":{"confidence_level":0.95,"lower_bound":292732.46207049483,"upper_bound":297360.2875945637},"point_estimate":294842.0343889407,"standard_error":1189.091612431802},"Median":{"confidence_interval":{"confidence_level":0.95,"lower_bound":291514.03921568627,"upper_bound":296873.4746732026},"point_estimate":293973.74120759417,"standard_error":1306.6410852950119},"MedianAbsDev":{"confidence_interval":{"confidence_level":0.95,"lower_bound":632.9565308379675,"upper_bound":6065.089103412463},"point_estimate":3930.361917150289,"standard_error":1408.1801747352777},"Slope":{"confidence_interval":{"confidence_level":0.95,"lower_bound":294024.5760711692,"upper_bound":300701.1405745434},"point_estimate":297854.99029793736,"standard_error":1728.9964853217587},"StdDev":{"confidence_interval":{"confidence_level":0.95,"lower_bound":1616.4763189904454,"upper_bound":5345.850270039416},"point_estimate":3959.3757024488605,"standard_error":1018.0620423214309}}