{"Mean":{"confidence_interval":{"confidence_level":0.95,"lower_bound":38446.89476829269,"upper_bound":40735.8053681016},"point_estimate":39610.24644402608,"standard_error":584.5596368791636},"Median":{"confidence_interval":{"confidence_level":0.95,"lower_bound":38352.1756097561,"upper_bound":41249.249704956725},"point_estimate":39334.17840283242,"standard_error":772.4669712260788},"MedianAbsDev":{"confidence_interval":{"confidence_level":0.95,"lower_bound":364.00133157859483,"upper_bound":3432.08561005178},"point_estimate":2000.4648123052634,"standard_error":770.8440164346625},"Slope":{"confidence_interval":{"confidence_level":0.95,"lower_bound":39349.654497967975,"upper_bound":41770.91703235024},"point_estimate":40918.492617531956,"standard_error":618.5519861452347},"StdDev":{"confidence_interval":{"confidence_level":0.95,"lower_bound":1057.6475097538944,"upper_bound":2522.0402872460118},"point_estimate":1939.8114459119852,"standard_error":379.78567950243666}}