{"Mean":{"confidence_interval":{"confidence_level":0.95,"lower_bound":279979.4429736974,"upper_bound":283317.87008726003},"point_estimate":281459.0532645641,"standard_error":861.6925697919568},"Median":{"confidence_interval":{"confidence_level":0.95,"lower_bound":279620.34205933684,"upper_bound":283351.7789827973},"point_estimate":280213.98462041887,"standard_error":807.6992606455643},"MedianAbsDev":{"confidence_interval":{"confidence_level":0.95,"lower_bound":74.97815971596485,"upper_bound":3567.597178111046},"point_estimate":1405.6777635259157,"standard_error":869.2049199188243},"Slope":{"confidence_interval":{"confidence_level":0.95,"lower_bound":280000.91662169044,"upper_bound":285148.32780757383},"point_estimate":282443.7929149385,"standard_error":1476.466204212564},"StdDev":{"confidence_interval":{"confidence_level":0.95,"lower_bound":677.367409084954,"upper_bound":3789.0619967847283},"point_estimate":2866.865203299639,"standard_error":831.8994895582284}}