{"Mean":{"confidence_interval":{"confidence_level":0.95,"lower_bound":481561.4029325397,"upper_bound":489693.0713214286},"point_estimate":485810.454843254,"standard_error":2081.2951709811728},"Median":{"confidence_interval":{"confidence_level":0.95,"lower_bound":479728.7880952381,"upper_bound":491081.65776785713},"point_estimate":487644.71101190476,"standard_error":2855.0018831914567},"MedianAbsDev":{"confidence_interval":{"confidence_level":0.95,"lower_bound":1461.2725965572135,"upper_bound":11208.689516422655},"point_estimate":5823.775628857314,"standard_error":2646.644236581664},"Slope":{"confidence_interval":{"confidence_level":0.95,"lower_bound":487379.14359154255,"upper_bound":492399.3153872633},"point_estimate":490649.8072356215,"standard_error":1273.5398532587735},"StdDev":{"confidence_interval":{"confidence_level":0.95,"lower_bound":3418.6157264565354,"upper_bound":8613.04462923292},"point_estimate":6962.80654214333,"standard_error":1270.8072737312152}}