{"Mean":{"confidence_interval":{"confidence_level":0.95,"lower_bound":334452.732148175,"upper_bound":337325.9440293691},"point_estimate":335790.9597524373,"standard_error":737.763975738428},"Median":{"confidence_interval":{"confidence_level":0.95,"lower_bound":333857.0812182741,"upper_bound":337366.5736040609},"point_estimate":335006.8729514141,"standard_error":978.6819127785536},"MedianAbsDev":{"confidence_interval":{"confidence_level":0.95,"lower_bound":247.05475069005004,"upper_bound":4159.596377687944},"point_estimate":2362.547987561472,"standard_error":906.5585306825773},"Slope":{"confidence_interval":{"confidence_level":0.95,"lower_bound":334664.75901844056,"upper_bound":339143.9037440522},"point_estimate":337238.1329026304,"standard_error":1162.6152321616353},"StdDev":{"confidence_interval":{"confidence_level":0.95,"lower_bound":1192.4906746097631,"upper_bound":3271.682607694305},"point_estimate":2467.6781961375505,"standard_error":576.4780289470287}}