{"Mean":{"confidence_interval":{"confidence_level":0.95,"lower_bound":4223.297816804829,"upper_bound":4301.70349807823},"point_estimate":4267.34116149853,"standard_error":20.35944455468784},"Median":{"confidence_interval":{"confidence_level":0.95,"lower_bound":4242.9220279595265,"upper_bound":4318.128070363617},"point_estimate":4280.3393738220375,"standard_error":22.06818590569775},"MedianAbsDev":{"confidence_interval":{"confidence_level":0.95,"lower_bound":6.583986406762399,"upper_bound":95.12966464705335},"point_estimate":53.86172954896532,"standard_error":20.431118339690983},"Slope":{"confidence_interval":{"confidence_level":0.95,"lower_bound":4264.553784322943,"upper_bound":4318.041400176496},"point_estimate":4299.402567035025,"standard_error":13.600081707869663},"StdDev":{"confidence_interval":{"confidence_level":0.95,"lower_bound":27.17041971027789,"upper_bound":96.91330039225927},"point_estimate":67.67627944514813,"standard_error":21.33443098273625}}