{"Mean":{"confidence_interval":{"confidence_level":0.95,"lower_bound":301453.6527226399,"upper_bound":302760.111011769},"point_estimate":302075.1396436925,"standard_error":336.3478329274282},"Median":{"confidence_interval":{"confidence_level":0.95,"lower_bound":301173.7212719298,"upper_bound":303265.21520467836},"point_estimate":301695.6389473684,"standard_error":530.2132428758399},"MedianAbsDev":{"confidence_interval":{"confidence_level":0.95,"lower_bound":152.4249328201528,"upper_bound":1799.9495443251783},"point_estimate":859.1760485360107,"standard_error":445.1219814691537},"Slope":{"confidence_interval":{"confidence_level":0.95,"lower_bound":301420.8644085461,"upper_bound":303037.9842371887},"point_estimate":302018.86208247894,"standard_error":415.53536891138333},"StdDev":{"confidence_interval":{"confidence_level":0.95,"lower_bound":519.4638185329283,"upper_bound":1375.4955643620613},"point_estimate":1119.956829857309,"standard_error":205.50670107037564}}