{"Mean":{"confidence_interval":{"confidence_level":0.95,"lower_bound":559728.1868713452,"upper_bound":583157.6646031747},"point_estimate":571697.3186591478,"standard_error":6021.17611808459},"Median":{"confidence_interval":{"confidence_level":0.95,"lower_bound":548745.7719298246,"upper_bound":589776.2092105263},"point_estimate":575834.1527777778,"standard_error":11156.629807685315},"MedianAbsDev":{"confidence_interval":{"confidence_level":0.95,"lower_bound":4394.09642181368,"upper_bound":32262.767207133697},"point_estimate":23792.525080756182,"standard_error":7778.014074745584},"Slope":{"confidence_interval":{"confidence_level":0.95,"lower_bound":575974.4958473311,"upper_bound":590990.2150950292},"point_estimate":586343.3221462747,"standard_error":3894.133161626331},"StdDev":{"confidence_interval":{"confidence_level":0.95,"lower_bound":12789.132379102562,"upper_bound":23249.62791290051},"point_estimate":20047.223959780844,"standard_error":2700.0308248622227}}