{"Mean":{"confidence_interval":{"confidence_level":0.95,"lower_bound":9026.598303006838,"upper_bound":9277.005942799069},"point_estimate":9155.528519809008,"standard_error":64.16088357938274},"Median":{"confidence_interval":{"confidence_level":0.95,"lower_bound":9008.301587301587,"upper_bound":9333.01664730933},"point_estimate":9155.4477868112,"standard_error":86.11890739812357},"MedianAbsDev":{"confidence_interval":{"confidence_level":0.95,"lower_bound":52.044731054341106,"upper_bound":360.72598692916836},"point_estimate":238.66846161644705,"standard_error":78.29709249564273},"Slope":{"confidence_interval":{"confidence_level":0.95,"lower_bound":9169.552106424362,"upper_bound":9378.902183042128},"point_estimate":9308.95917361771,"standard_error":53.55331634053096},"StdDev":{"confidence_interval":{"confidence_level":0.95,"lower_bound":119.92453892926268,"upper_bound":267.82383768966787},"point_estimate":213.16131141887496,"standard_error":38.072049252054875}}