{"Mean":{"confidence_interval":{"confidence_level":0.95,"lower_bound":522.7604265018496,"upper_bound":548.0077216903132},"point_estimate":537.1697039928986,"standard_error":6.52535478527136},"Median":{"confidence_interval":{"confidence_level":0.95,"lower_bound":534.1926204633767,"upper_bound":550.1047207384762},"point_estimate":538.2425038166799,"standard_error":4.823387457733827},"MedianAbsDev":{"confidence_interval":{"confidence_level":0.95,"lower_bound":0.9310980521363345,"upper_bound":24.006247700084636},"point_estimate":8.349549093842247,"standard_error":6.179105358363083},"Slope":{"confidence_interval":{"confidence_level":0.95,"lower_bound":533.7966019120181,"upper_bound":548.933658527299},"point_estimate":539.0395222228864,"standard_error":4.0362887351866705},"StdDev":{"confidence_interval":{"confidence_level":0.95,"lower_bound":6.089083242501962,"upper_bound":32.09507545493996},"point_estimate":21.864932831694997,"standard_error":7.846227809872421}}