{"Mean":{"confidence_interval":{"confidence_level":0.95,"lower_bound":13557.084332561728,"upper_bound":13647.115170263192},"point_estimate":13597.102220047269,"standard_error":23.260837671172794},"Median":{"confidence_interval":{"confidence_level":0.95,"lower_bound":13554.474761051373,"upper_bound":13625.226841184503},"point_estimate":13584.33166048553,"standard_error":15.784553106574084},"MedianAbsDev":{"confidence_interval":{"confidence_level":0.95,"lower_bound":8.20464118996187,"upper_bound":99.71464587756094},"point_estimate":35.345395931634236,"standard_error":24.4515993539981},"Slope":{"confidence_interval":{"confidence_level":0.95,"lower_bound":13550.59407117126,"upper_bound":13594.169621926492},"point_estimate":13572.458795714441,"standard_error":11.047044308898817},"StdDev":{"confidence_interval":{"confidence_level":0.95,"lower_bound":24.59397064560358,"upper_bound":110.68613179256012},"point_estimate":77.48551434864368,"standard_error":24.877720657334795}}