{"Mean":{"confidence_interval":{"confidence_level":0.95,"lower_bound":1058284.3196777087,"upper_bound":1305422.0774336183},"point_estimate":1183820.794163216,"standard_error":63495.49823878272},"Median":{"confidence_interval":{"confidence_level":0.95,"lower_bound":1002397.0434782609,"upper_bound":1393554.2946859903},"point_estimate":1186183.5428571429,"standard_error":124209.59822511004},"MedianAbsDev":{"confidence_interval":{"confidence_level":0.95,"lower_bound":28431.847270161354,"upper_bound":330832.5651323451},"point_estimate":289964.8651723844,"standard_error":88068.49425538364},"Slope":{"confidence_interval":{"confidence_level":0.95,"lower_bound":1199295.9515564924,"upper_bound":1378945.320708453},"point_estimate":1323869.785770751,"standard_error":46790.45163446001},"StdDev":{"confidence_interval":{"confidence_level":0.95,"lower_bound":140432.90403807114,"upper_bound":244793.63403592506},"point_estimate":211917.12033017943,"standard_error":26841.00135071163}}