{"Mean":{"confidence_interval":{"confidence_level":0.95,"lower_bound":258.9977714168144,"upper_bound":289.5980652108699},"point_estimate":275.8246775047612,"standard_error":7.9124917876059895},"Median":{"confidence_interval":{"confidence_level":0.95,"lower_bound":256.8441267777042,"upper_bound":293.2547815598025},"point_estimate":283.9639250914094,"standard_error":7.972963929671628},"MedianAbsDev":{"confidence_interval":{"confidence_level":0.95,"lower_bound":2.3620421449645552,"upper_bound":37.20901584469457},"point_estimate":13.582980063143543,"standard_error":8.51165200776459},"Slope":{"confidence_interval":{"confidence_level":0.95,"lower_bound":278.8090511219474,"upper_bound":290.7077834192345},"point_estimate":285.25594967624255,"standard_error":3.084891103656596},"StdDev":{"confidence_interval":{"confidence_level":0.95,"lower_bound":7.617644740987658,"upper_bound":34.26620404980364},"point_estimate":26.36350775017346,"standard_error":7.019442791807029}}