{"Mean":{"confidence_interval":{"confidence_level":0.95,"lower_bound":16220.090222347128,"upper_bound":16877.552013434863},"point_estimate":16555.706197119423,"standard_error":168.2430438595062},"Median":{"confidence_interval":{"confidence_level":0.95,"lower_bound":15980.08207985144,"upper_bound":17004.092612415443},"point_estimate":16697.410566388116,"standard_error":296.8652153168073},"MedianAbsDev":{"confidence_interval":{"confidence_level":0.95,"lower_bound":8.769171271890402,"upper_bound":915.5817715682931},"point_estimate":526.1738737240074,"standard_error":245.53526034989613},"Slope":{"confidence_interval":{"confidence_level":0.95,"lower_bound":16674.469898211544,"upper_bound":17107.99373685879},"point_estimate":16957.418757732517,"standard_error":110.13803764110284},"StdDev":{"confidence_interval":{"confidence_level":0.95,"lower_bound":341.44132766838453,"upper_bound":662.9529852855846},"point_estimate":560.4406823905605,"standard_error":80.98160119480666}}