{"Mean":{"confidence_interval":{"confidence_level":0.95,"lower_bound":55482.658844444435,"upper_bound":57379.50694041666},"point_estimate":56311.47039444444,"standard_error":489.6355927221422},"Median":{"confidence_interval":{"confidence_level":0.95,"lower_bound":55401.67611111111,"upper_bound":56903.804444444446},"point_estimate":55994.183333333334,"standard_error":352.8986329671756},"MedianAbsDev":{"confidence_interval":{"confidence_level":0.95,"lower_bound":81.60848005115972,"upper_bound":1976.4406815111643},"point_estimate":1113.5277137309317,"standard_error":492.03433801100334},"Slope":{"confidence_interval":{"confidence_level":0.95,"lower_bound":55788.86386363636,"upper_bound":56751.831002109706},"point_estimate":56401.77656277056,"standard_error":244.47442259611338},"StdDev":{"confidence_interval":{"confidence_level":0.95,"lower_bound":537.3719381995433,"upper_bound":2362.145729771892},"point_estimate":1632.1274368551028,"standard_error":541.5036979804675}}