{"Mean":{"confidence_interval":{"confidence_level":0.95,"lower_bound":57764.354986880615,"upper_bound":58114.1591729182},"point_estimate":57940.253647045254,"standard_error":89.55400704509174},"Median":{"confidence_interval":{"confidence_level":0.95,"lower_bound":57671.097688969625,"upper_bound":58201.50735694823},"point_estimate":57972.77131828208,"standard_error":144.6203311978363},"MedianAbsDev":{"confidence_interval":{"confidence_level":0.95,"lower_bound":83.93310187501035,"upper_bound":495.3045723449424},"point_estimate":341.01156568970146,"standard_error":113.56792516953513},"Slope":{"confidence_interval":{"confidence_level":0.95,"lower_bound":57702.65791645147,"upper_bound":58186.79351416129},"point_estimate":57950.49262889699,"standard_error":124.07960315640639},"StdDev":{"confidence_interval":{"confidence_level":0.95,"lower_bound":181.66396093092976,"upper_bound":364.68735420618816},"point_estimate":298.5070364426836,"standard_error":46.199065999499794}}