{"Mean":{"confidence_interval":{"confidence_level":0.95,"lower_bound":10053279.874670634,"upper_bound":10120226.152460318},"point_estimate":10079184.011904761,"standard_error":18601.934235542314},"Median":{"confidence_interval":{"confidence_level":0.95,"lower_bound":10049972.47685185,"upper_bound":10080593.74074074},"point_estimate":10056965.372222222,"standard_error":9628.401689017217},"MedianAbsDev":{"confidence_interval":{"confidence_level":0.95,"lower_bound":1345.713047774178,"upper_bound":39066.013341438804},"point_estimate":13424.791756107003,"standard_error":10586.032395771788},"Slope":{"confidence_interval":{"confidence_level":0.95,"lower_bound":10047201.010690374,"upper_bound":10111741.214899447},"point_estimate":10069209.227994228,"standard_error":16817.505902069992},"StdDev":{"confidence_interval":{"confidence_level":0.95,"lower_bound":9547.396058394774,"upper_bound":94471.62211873263},"point_estimate":62033.339180282106,"standard_error":28300.316313171115}}