{"Mean":{"confidence_interval":{"confidence_level":0.95,"lower_bound":401811.06168620224,"upper_bound":409071.0030956081},"point_estimate":405147.7731083226,"standard_error":1862.7895557853042},"Median":{"confidence_interval":{"confidence_level":0.95,"lower_bound":400484.3976061776,"upper_bound":408935.1972972973},"point_estimate":403439.7236111111,"standard_error":1818.8236390817785},"MedianAbsDev":{"confidence_interval":{"confidence_level":0.95,"lower_bound":422.93618553195563,"upper_bound":10079.848164470352},"point_estimate":3672.2849884300085,"standard_error":2349.853291261118},"Slope":{"confidence_interval":{"confidence_level":0.95,"lower_bound":401588.53959740436,"upper_bound":412739.04882414883},"point_estimate":406727.68325728324,"standard_error":3231.987774182035},"StdDev":{"confidence_interval":{"confidence_level":0.95,"lower_bound":2322.459174271536,"upper_bound":8204.058372808457},"point_estimate":6222.876284788388,"standard_error":1549.7572229316327}}