{"Mean":{"confidence_interval":{"confidence_level":0.95,"lower_bound":27605.08684282966,"upper_bound":27710.71138023395},"point_estimate":27659.42579685722,"standard_error":27.111706128254298},"Median":{"confidence_interval":{"confidence_level":0.95,"lower_bound":27586.199053983684,"upper_bound":27715.37735419198},"point_estimate":27673.15973487917,"standard_error":28.854600552332908},"MedianAbsDev":{"confidence_interval":{"confidence_level":0.95,"lower_bound":6.984772023118443,"upper_bound":169.94223384501035},"point_estimate":74.57781113041553,"standard_error":41.39263489285557},"Slope":{"confidence_interval":{"confidence_level":0.95,"lower_bound":27560.211901907984,"upper_bound":27692.0602241648},"point_estimate":27623.1764411166,"standard_error":34.86931934900772},"StdDev":{"confidence_interval":{"confidence_level":0.95,"lower_bound":45.8658239283286,"upper_bound":115.51853397138522},"point_estimate":90.37842216581049,"standard_error":17.689527251677756}}