{"Mean":{"confidence_interval":{"confidence_level":0.95,"lower_bound":3258.9158338292514,"upper_bound":3284.727801642933},"point_estimate":3272.1248891659784,"standard_error":6.586865431334192},"Median":{"confidence_interval":{"confidence_level":0.95,"lower_bound":3257.145347284712,"upper_bound":3285.8801275157475},"point_estimate":3274.792333211707,"standard_error":7.355939471555234},"MedianAbsDev":{"confidence_interval":{"confidence_level":0.95,"lower_bound":4.306792279795822,"upper_bound":37.53946720840659},"point_estimate":18.42314183617838,"standard_error":9.06631465767163},"Slope":{"confidence_interval":{"confidence_level":0.95,"lower_bound":3273.1417457454286,"upper_bound":3287.63771574654},"point_estimate":3281.259088415042,"standard_error":3.685702582492613},"StdDev":{"confidence_interval":{"confidence_level":0.95,"lower_bound":10.815265661992022,"upper_bound":28.50170023654936},"point_estimate":21.939430486367133,"standard_error":4.45079408171558}}