{"Mean":{"confidence_interval":{"confidence_level":0.95,"lower_bound":408.18845202353066,"upper_bound":449.06889804831644},"point_estimate":430.30888443160313,"standard_error":10.498868154757798},"Median":{"confidence_interval":{"confidence_level":0.95,"lower_bound":408.94360649285517,"upper_bound":456.1916261974138},"point_estimate":440.8402116099825,"standard_error":11.2401527661898},"MedianAbsDev":{"confidence_interval":{"confidence_level":0.95,"lower_bound":4.8627293667154685,"upper_bound":55.67270924176284},"point_estimate":23.21891996428869,"standard_error":13.083360752644953},"Slope":{"confidence_interval":{"confidence_level":0.95,"lower_bound":430.7259963247029,"upper_bound":454.1842284903284},"point_estimate":446.24134217683894,"standard_error":6.058405341979785},"StdDev":{"confidence_interval":{"confidence_level":0.95,"lower_bound":11.959959541614493,"upper_bound":45.02163033854244},"point_estimate":35.11344137757897,"standard_error":8.292182125836085}}