{"Mean":{"confidence_interval":{"confidence_level":0.95,"lower_bound":2147887.0892106956,"upper_bound":2183765.5351553285},"point_estimate":2166450.026866969,"standard_error":9200.911824005796},"Median":{"confidence_interval":{"confidence_level":0.95,"lower_bound":2144860.198412698,"upper_bound":2195936.6560846562},"point_estimate":2167084.1119047618,"standard_error":13659.847976957506},"MedianAbsDev":{"confidence_interval":{"confidence_level":0.95,"lower_bound":6813.937502917045,"upper_bound":52817.0357289767},"point_estimate":37862.97740002026,"standard_error":12194.415419462215},"Slope":{"confidence_interval":{"confidence_level":0.95,"lower_bound":2165508.8696253756,"upper_bound":2196467.3515214412},"point_estimate":2186731.7239332097,"standard_error":8005.682633016095},"StdDev":{"confidence_interval":{"confidence_level":0.95,"lower_bound":17546.41882815267,"upper_bound":38717.67386372431},"point_estimate":30730.0138852887,"standard_error":5534.570027716655}}