{"Mean":{"confidence_interval":{"confidence_level":0.95,"lower_bound":46781.341887613075,"upper_bound":48858.806699721645},"point_estimate":47777.17758400438,"standard_error":533.5515827258992},"Median":{"confidence_interval":{"confidence_level":0.95,"lower_bound":46183.43997912317,"upper_bound":49161.50858559499},"point_estimate":47618.25203797594,"standard_error":811.1141775610262},"MedianAbsDev":{"confidence_interval":{"confidence_level":0.95,"lower_bound":314.6217975667374,"upper_bound":3071.466680413153},"point_estimate":1907.9525705947062,"standard_error":720.7580504649716},"Slope":{"confidence_interval":{"confidence_level":0.95,"lower_bound":47190.874644145,"upper_bound":49076.74409119087},"point_estimate":48367.3651438332,"standard_error":482.20277748230404},"StdDev":{"confidence_interval":{"confidence_level":0.95,"lower_bound":982.9541746363005,"upper_bound":2239.8300740611494},"point_estimate":1777.8701937167914,"standard_error":329.3892498126419}}