{"Mean":{"confidence_interval":{"confidence_level":0.95,"lower_bound":286.67229500504493,"upper_bound":300.60282240297175},"point_estimate":293.38058884027157,"standard_error":3.557696990576214},"Median":{"confidence_interval":{"confidence_level":0.95,"lower_bound":285.24607117970095,"upper_bound":300.53316776469035},"point_estimate":293.08163370007867,"standard_error":4.187721372657594},"MedianAbsDev":{"confidence_interval":{"confidence_level":0.95,"lower_bound":2.029062970158972,"upper_bound":20.618167234212617},"point_estimate":9.35854524847084,"standard_error":4.306193170591911},"Slope":{"confidence_interval":{"confidence_level":0.95,"lower_bound":291.92837974975805,"upper_bound":306.421060226195},"point_estimate":298.88421136531554,"standard_error":3.7106757433482724},"StdDev":{"confidence_interval":{"confidence_level":0.95,"lower_bound":5.809146711550697,"upper_bound":15.905038524071117},"point_estimate":11.86618913742171,"standard_error":2.6446867583176763}}