{"Mean":{"confidence_interval":{"confidence_level":0.95,"lower_bound":24492.55933557739,"upper_bound":25844.757919843218},"point_estimate":25044.834970584667,"standard_error":359.42948567891966},"Median":{"confidence_interval":{"confidence_level":0.95,"lower_bound":24387.001819505094,"upper_bound":25305.407447840855},"point_estimate":24651.760712336247,"standard_error":229.24161857777926},"MedianAbsDev":{"confidence_interval":{"confidence_level":0.95,"lower_bound":80.03928987268688,"upper_bound":1070.7880036425474},"point_estimate":473.36434964741056,"standard_error":270.34567393104794},"Slope":{"confidence_interval":{"confidence_level":0.95,"lower_bound":24656.876450453266,"upper_bound":27039.402937330287},"point_estimate":25759.658214711053,"standard_error":691.0820555614681},"StdDev":{"confidence_interval":{"confidence_level":0.95,"lower_bound":281.8384777035359,"upper_bound":1795.0368938928186},"point_estimate":1199.8477735857891,"standard_error":481.50678950723534}}