{"Mean":{"confidence_interval":{"confidence_level":0.95,"lower_bound":221.63434642594316,"upper_bound":233.61219907240078},"point_estimate":226.8516481784348,"standard_error":3.0321354114686483},"Median":{"confidence_interval":{"confidence_level":0.95,"lower_bound":220.61676839461106,"upper_bound":234.39992048504126},"point_estimate":223.35136826971635,"standard_error":2.8628362746052822},"MedianAbsDev":{"confidence_interval":{"confidence_level":0.95,"lower_bound":0.2757882237574904,"upper_bound":14.717697370066448},"point_estimate":3.9860074254617777,"standard_error":2.684448798972971},"Slope":{"confidence_interval":{"confidence_level":0.95,"lower_bound":220.78105961757072,"upper_bound":225.78369303747297},"point_estimate":223.24171817556353,"standard_error":1.2889946016200238},"StdDev":{"confidence_interval":{"confidence_level":0.95,"lower_bound":1.846589115325308,"upper_bound":12.632537817434791},"point_estimate":10.076578272865994,"standard_error":2.9109368990101854}}