{"Mean":{"confidence_interval":{"confidence_level":0.95,"lower_bound":15053.71863375296,"upper_bound":15224.689130595225},"point_estimate":15140.643573260479,"standard_error":43.68601794352389},"Median":{"confidence_interval":{"confidence_level":0.95,"lower_bound":15043.584188992212,"upper_bound":15247.75754179121},"point_estimate":15141.970242444371,"standard_error":49.97772334600018},"MedianAbsDev":{"confidence_interval":{"confidence_level":0.95,"lower_bound":10.760969749174683,"upper_bound":252.44375957834063},"point_estimate":96.06240355028055,"standard_error":59.525320740003934},"Slope":{"confidence_interval":{"confidence_level":0.95,"lower_bound":15031.742321381878,"upper_bound":15142.747996582299},"point_estimate":15086.10045547279,"standard_error":27.948278924361635},"StdDev":{"confidence_interval":{"confidence_level":0.95,"lower_bound":74.30248960971286,"upper_bound":190.9640633165825},"point_estimate":145.6380556797456,"standard_error":29.88974447232336}}