{"Mean":{"confidence_interval":{"confidence_level":0.95,"lower_bound":498551.4353705269,"upper_bound":508115.3682347139},"point_estimate":503720.4027883442,"standard_error":2455.400443187704},"Median":{"confidence_interval":{"confidence_level":0.95,"lower_bound":500988.6368131868,"upper_bound":508670.06262327416},"point_estimate":504349.59919460886,"standard_error":1824.988661101569},"MedianAbsDev":{"confidence_interval":{"confidence_level":0.95,"lower_bound":1030.6861754590834,"upper_bound":12086.939418254167},"point_estimate":4018.7891122765,"standard_error":2672.9204288709925},"Slope":{"confidence_interval":{"confidence_level":0.95,"lower_bound":501679.9218164145,"upper_bound":505447.271014005},"point_estimate":503402.40611696,"standard_error":943.3722907053257},"StdDev":{"confidence_interval":{"confidence_level":0.95,"lower_bound":2809.998625458044,"upper_bound":11512.320786039589},"point_estimate":8133.609507900386,"standard_error":2365.736795362273}}