{"Mean":{"confidence_interval":{"confidence_level":0.95,"lower_bound":4086.1139501647667,"upper_bound":4175.337415911054},"point_estimate":4131.631163776529,"standard_error":22.830146884010265},"Median":{"confidence_interval":{"confidence_level":0.95,"lower_bound":4056.083810888252,"upper_bound":4190.008867326561},"point_estimate":4155.441609091322,"standard_error":33.65911890351375},"MedianAbsDev":{"confidence_interval":{"confidence_level":0.95,"lower_bound":2.933916675359813,"upper_bound":132.18771639505817},"point_estimate":74.35428746869452,"standard_error":31.262101078194082},"Slope":{"confidence_interval":{"confidence_level":0.95,"lower_bound":4129.239660410677,"upper_bound":4208.437982371441},"point_estimate":4180.407877457265,"standard_error":19.996667842835198},"StdDev":{"confidence_interval":{"confidence_level":0.95,"lower_bound":44.137830659949614,"upper_bound":93.383312507056},"point_estimate":76.07217676083782,"standard_error":12.451032469641532}}