{"Mean":{"confidence_interval":{"confidence_level":0.95,"lower_bound":202243.62171621967,"upper_bound":205164.6825767148},"point_estimate":203611.16367142287,"standard_error":751.7220738056405},"Median":{"confidence_interval":{"confidence_level":0.95,"lower_bound":201753.12484957883,"upper_bound":205933.77906137184},"point_estimate":202335.62102458312,"standard_error":1088.0087565513297},"MedianAbsDev":{"confidence_interval":{"confidence_level":0.95,"lower_bound":258.7097703528378,"upper_bound":4009.0265105583967},"point_estimate":1435.7496743298518,"standard_error":1023.1350912989687},"Slope":{"confidence_interval":{"confidence_level":0.95,"lower_bound":202281.28422999033,"upper_bound":205635.1085439504},"point_estimate":204376.63435697876,"standard_error":842.769288621881},"StdDev":{"confidence_interval":{"confidence_level":0.95,"lower_bound":886.133403550696,"upper_bound":3087.4033147872965},"point_estimate":2517.637034141396,"standard_error":507.18927914563375}}