{"Mean":{"confidence_interval":{"confidence_level":0.95,"lower_bound":18077.44882983071,"upper_bound":18426.294538650513},"point_estimate":18242.76332409029,"standard_error":89.93974679915654},"Median":{"confidence_interval":{"confidence_level":0.95,"lower_bound":18013.284938704026,"upper_bound":18546.084391418564},"point_estimate":18075.086325160537,"standard_error":148.39242044721757},"MedianAbsDev":{"confidence_interval":{"confidence_level":0.95,"lower_bound":18.50480369949797,"upper_bound":484.0579464485774},"point_estimate":167.44607869098405,"standard_error":139.16152259335843},"Slope":{"confidence_interval":{"confidence_level":0.95,"lower_bound":18165.440958717285,"upper_bound":18615.77518644604},"point_estimate":18460.57737280233,"standard_error":113.6169648593238},"StdDev":{"confidence_interval":{"confidence_level":0.95,"lower_bound":141.2821624820476,"upper_bound":356.58896909251513},"point_estimate":298.87189562832776,"standard_error":53.23314663940363}}