{"Mean":{"confidence_interval":{"confidence_level":0.95,"lower_bound":158.95481852176175,"upper_bound":164.67777071320506},"point_estimate":161.84070810726342,"standard_error":1.4598411751732112},"Median":{"confidence_interval":{"confidence_level":0.95,"lower_bound":158.55813315568793,"upper_bound":165.09356005587733},"point_estimate":161.75560517502794,"standard_error":1.8000448755810206},"MedianAbsDev":{"confidence_interval":{"confidence_level":0.95,"lower_bound":1.1041520769247561,"upper_bound":8.13183893907915},"point_estimate":4.147507089255222,"standard_error":1.7618977118542751},"Slope":{"confidence_interval":{"confidence_level":0.95,"lower_bound":158.57100626255348,"upper_bound":164.03949139104748},"point_estimate":160.9386914429667,"standard_error":1.4064992667822545},"StdDev":{"confidence_interval":{"confidence_level":0.95,"lower_bound":2.4819217548551724,"upper_bound":6.389502696767952},"point_estimate":4.851930565814831,"standard_error":1.004929264436458}}