{"Mean":{"confidence_interval":{"confidence_level":0.95,"lower_bound":51316.12417647058,"upper_bound":57383.99946777543},"point_estimate":54405.833685340804,"standard_error":1553.4494409090346},"Median":{"confidence_interval":{"confidence_level":0.95,"lower_bound":49674.208235294114,"upper_bound":59486.92382352941},"point_estimate":54740.001470588235,"standard_error":2321.348324426717},"MedianAbsDev":{"confidence_interval":{"confidence_level":0.95,"lower_bound":1367.620639219883,"upper_bound":9035.585841439224},"point_estimate":7051.123257219497,"standard_error":2091.3786802406553},"Slope":{"confidence_interval":{"confidence_level":0.95,"lower_bound":55319.47448043535,"upper_bound":59866.20922658549},"point_estimate":58299.817494270435,"standard_error":1175.4746542959851},"StdDev":{"confidence_interval":{"confidence_level":0.95,"lower_bound":3002.348844477784,"upper_bound":6234.092170312798},"point_estimate":5163.556196234334,"standard_error":806.6263704541418}}