{"Mean":{"confidence_interval":{"confidence_level":0.95,"lower_bound":3158.370910711214,"upper_bound":3234.017069134378},"point_estimate":3199.3202358081326,"standard_error":19.40025026604429},"Median":{"confidence_interval":{"confidence_level":0.95,"lower_bound":3154.423179719234,"upper_bound":3240.6916041493005},"point_estimate":3224.6170773060544,"standard_error":21.59840487370651},"MedianAbsDev":{"confidence_interval":{"confidence_level":0.95,"lower_bound":5.25249642562392,"upper_bound":102.89371815382114},"point_estimate":28.665879215605397,"standard_error":23.746939027656012},"Slope":{"confidence_interval":{"confidence_level":0.95,"lower_bound":3217.1512551353426,"upper_bound":3247.0968272388145},"point_estimate":3236.475393752439,"standard_error":7.6638394974874124},"StdDev":{"confidence_interval":{"confidence_level":0.95,"lower_bound":17.913664483136852,"upper_bound":80.34471873917978},"point_estimate":64.58334926683679,"standard_error":15.391778937960122}}