{"Mean":{"confidence_interval":{"confidence_level":0.95,"lower_bound":967856.9642778824,"upper_bound":982521.6777704678},"point_estimate":974807.2913977653,"standard_error":3762.369755109695},"Median":{"confidence_interval":{"confidence_level":0.95,"lower_bound":966269.5811403509,"upper_bound":983383.5635964912},"point_estimate":972180.8233082707,"standard_error":4643.668896140327},"MedianAbsDev":{"confidence_interval":{"confidence_level":0.95,"lower_bound":1695.0738631629931,"upper_bound":20664.254092346564},"point_estimate":9518.932340215635,"standard_error":4975.849410655899},"Slope":{"confidence_interval":{"confidence_level":0.95,"lower_bound":969312.3205888148,"upper_bound":990669.2933503059},"point_estimate":981414.0001367053,"standard_error":5506.695200595786},"StdDev":{"confidence_interval":{"confidence_level":0.95,"lower_bound":5764.378397022059,"upper_bound":16678.87466805732},"point_estimate":12592.5180992925,"standard_error":2870.094216252139}}