{"Mean":{"confidence_interval":{"confidence_level":0.95,"lower_bound":5870.86881428425,"upper_bound":6065.75979241719},"point_estimate":5966.313379224246,"standard_error":49.84470352363044},"Median":{"confidence_interval":{"confidence_level":0.95,"lower_bound":5803.913356034809,"upper_bound":6145.868369277337},"point_estimate":5935.05078272796,"standard_error":89.6298192590868},"MedianAbsDev":{"confidence_interval":{"confidence_level":0.95,"lower_bound":18.9813325517767,"upper_bound":276.9361124752535},"point_estimate":199.8931506864297,"standard_error":70.25253454891956},"Slope":{"confidence_interval":{"confidence_level":0.95,"lower_bound":5927.736931557466,"upper_bound":6137.692524848064},"point_estimate":6063.2279242891045,"standard_error":53.63201149031071},"StdDev":{"confidence_interval":{"confidence_level":0.95,"lower_bound":98.46286771737867,"upper_bound":192.83923818299263},"point_estimate":165.95119788515214,"standard_error":23.3838948426928}}