{"Mean":{"confidence_interval":{"confidence_level":0.95,"lower_bound":176040.3782875,"upper_bound":179022.40537878787},"point_estimate":177557.81612121215,"standard_error":763.4119249356321},"Median":{"confidence_interval":{"confidence_level":0.95,"lower_bound":175741.47575757577,"upper_bound":179584.2059090909},"point_estimate":177874.65113636362,"standard_error":931.2109736487562},"MedianAbsDev":{"confidence_interval":{"confidence_level":0.95,"lower_bound":516.522667875341,"upper_bound":4381.999438567592},"point_estimate":2542.4883997027414,"standard_error":998.255605679095},"Slope":{"confidence_interval":{"confidence_level":0.95,"lower_bound":176952.11963636364,"upper_bound":178972.28556096682},"point_estimate":178001.8416883117,"standard_error":511.2036409110188},"StdDev":{"confidence_interval":{"confidence_level":0.95,"lower_bound":1350.9933115957235,"upper_bound":3275.160807937663},"point_estimate":2552.3389878403627,"standard_error":490.2272279036816}}