{"Mean":{"confidence_interval":{"confidence_level":0.95,"lower_bound":38915.21374521073,"upper_bound":40023.51522982519},"point_estimate":39425.64698754789,"standard_error":285.20529308411324},"Median":{"confidence_interval":{"confidence_level":0.95,"lower_bound":38806.74997006705,"upper_bound":40113.92995689655},"point_estimate":38959.71381106322,"standard_error":343.90850209351163},"MedianAbsDev":{"confidence_interval":{"confidence_level":0.95,"lower_bound":15.949133122020188,"upper_bound":1521.842941139213},"point_estimate":415.06133598606993,"standard_error":372.87723646447955},"Slope":{"confidence_interval":{"confidence_level":0.95,"lower_bound":38844.88517989224,"upper_bound":39378.585111499},"point_estimate":39028.58733206449,"standard_error":136.32388759878953},"StdDev":{"confidence_interval":{"confidence_level":0.95,"lower_bound":296.0867967765734,"upper_bound":1176.788915540328},"point_estimate":952.0081691483757,"standard_error":217.31206092906416}}