{"Mean":{"confidence_interval":{"confidence_level":0.95,"lower_bound":11723.687514048377,"upper_bound":11982.36168867801},"point_estimate":11828.877746441904,"standard_error":69.11677910647315},"Median":{"confidence_interval":{"confidence_level":0.95,"lower_bound":11723.353789362664,"upper_bound":11836.379664507058},"point_estimate":11782.229631233991,"standard_error":32.85102939981449},"MedianAbsDev":{"confidence_interval":{"confidence_level":0.95,"lower_bound":14.221820329101384,"upper_bound":192.57570806219178},"point_estimate":80.03800432712035,"standard_error":44.11615920753426},"Slope":{"confidence_interval":{"confidence_level":0.95,"lower_bound":11668.376503190753,"upper_bound":11794.526101150119},"point_estimate":11729.18461556524,"standard_error":32.76131501268244},"StdDev":{"confidence_interval":{"confidence_level":0.95,"lower_bound":44.08724479286406,"upper_bound":348.7627583146458},"point_estimate":231.23952762063539,"standard_error":96.70549715505562}}