{"Mean":{"confidence_interval":{"confidence_level":0.95,"lower_bound":501105.0329493371,"upper_bound":504623.4336732955},"point_estimate":502832.16427759745,"standard_error":892.0425318093298},"Median":{"confidence_interval":{"confidence_level":0.95,"lower_bound":500831.86363636365,"upper_bound":504485.3446969697},"point_estimate":502762.35653409094,"standard_error":988.3595322220478},"MedianAbsDev":{"confidence_interval":{"confidence_level":0.95,"lower_bound":691.1151009120714,"upper_bound":5008.301333812163},"point_estimate":2708.3254621448973,"standard_error":1043.1651931632452},"Slope":{"confidence_interval":{"confidence_level":0.95,"lower_bound":502547.44374519924,"upper_bound":504329.9458151472},"point_estimate":503359.95513577334,"standard_error":445.63919031566206},"StdDev":{"confidence_interval":{"confidence_level":0.95,"lower_bound":1372.6182614503132,"upper_bound":4004.611277758967},"point_estimate":2965.518643971695,"standard_error":685.895273724758}}