{"Mean":{"confidence_interval":{"confidence_level":0.95,"lower_bound":339581.4081384446,"upper_bound":343128.24733949255},"point_estimate":341151.8428713918,"standard_error":914.9097814143008},"Median":{"confidence_interval":{"confidence_level":0.95,"lower_bound":338591.4285714286,"upper_bound":342374.5972490348},"point_estimate":340549.85328185325,"standard_error":846.4056073890838},"MedianAbsDev":{"confidence_interval":{"confidence_level":0.95,"lower_bound":266.44365928517436,"upper_bound":3895.7739173033633},"point_estimate":2387.241548699084,"standard_error":1018.984611972484},"Slope":{"confidence_interval":{"confidence_level":0.95,"lower_bound":339350.1420013091,"upper_bound":345299.4455494456},"point_estimate":342456.9387955674,"standard_error":1523.8066937408728},"StdDev":{"confidence_interval":{"confidence_level":0.95,"lower_bound":1110.154069939787,"upper_bound":4318.923133396826},"point_estimate":3055.0300612363476,"standard_error":933.7880225897921}}