{"Mean":{"confidence_interval":{"confidence_level":0.95,"lower_bound":1120523.8813454271,"upper_bound":1183017.0835788457},"point_estimate":1153200.2036852795,"standard_error":16013.494713316077},"Median":{"confidence_interval":{"confidence_level":0.95,"lower_bound":1137511.0312736207,"upper_bound":1165649.7182539683},"point_estimate":1164926.3333333335,"standard_error":8417.678761163163},"MedianAbsDev":{"confidence_interval":{"confidence_level":0.95,"lower_bound":291.8236239857343,"upper_bound":78536.73244874991},"point_estimate":2129.926571471858,"standard_error":21728.222619814223},"Slope":{"confidence_interval":{"confidence_level":0.95,"lower_bound":1076130.230952381,"upper_bound":1164330.3449612404},"point_estimate":1117024.5537105752,"standard_error":23639.298594281496},"StdDev":{"confidence_interval":{"confidence_level":0.95,"lower_bound":8526.827275659505,"upper_bound":76795.54357981762},"point_estimate":53407.098589815905,"standard_error":16534.110362273143}}