{"Mean":{"confidence_interval":{"confidence_level":0.95,"lower_bound":51235.003756347614,"upper_bound":51480.753615358815},"point_estimate":51359.94884301843,"standard_error":62.82265048079638},"Median":{"confidence_interval":{"confidence_level":0.95,"lower_bound":51206.1870221328,"upper_bound":51550.54147104851},"point_estimate":51374.92418798505,"standard_error":86.33359610933242},"MedianAbsDev":{"confidence_interval":{"confidence_level":0.95,"lower_bound":57.304364073187614,"upper_bound":358.4190615876263},"point_estimate":244.86463972555543,"standard_error":79.06083660553548},"Slope":{"confidence_interval":{"confidence_level":0.95,"lower_bound":51333.134992897874,"upper_bound":51575.86344349464},"point_estimate":51494.96088217617,"standard_error":61.28404136366816},"StdDev":{"confidence_interval":{"confidence_level":0.95,"lower_bound":122.48383048578295,"upper_bound":264.13964101392264},"point_estimate":209.97412752111745,"standard_error":36.939972556312135}}