{"Mean":{"confidence_interval":{"confidence_level":0.95,"lower_bound":11583.3303191618,"upper_bound":12946.606729128887},"point_estimate":12268.835613473033,"standard_error":348.6885604757696},"Median":{"confidence_interval":{"confidence_level":0.95,"lower_bound":11100.482557592853,"upper_bound":13282.68365504735},"point_estimate":12286.062642219087,"standard_error":550.6663958923913},"MedianAbsDev":{"confidence_interval":{"confidence_level":0.95,"lower_bound":340.0018010780074,"upper_bound":1969.7139107428584},"point_estimate":1616.4885098347377,"standard_error":425.919399184113},"Slope":{"confidence_interval":{"confidence_level":0.95,"lower_bound":12439.123590790758,"upper_bound":13488.040586526096},"point_estimate":13132.078623999414,"standard_error":270.16809071188715},"StdDev":{"confidence_interval":{"confidence_level":0.95,"lower_bound":710.9732807839482,"upper_bound":1390.3685509544916},"point_estimate":1159.708959809302,"standard_error":172.2430508462371}}