{"Mean":{"confidence_interval":{"confidence_level":0.95,"lower_bound":1493.2030553864497,"upper_bound":1558.0448209944827},"point_estimate":1525.8769865156069,"standard_error":16.60420368120051},"Median":{"confidence_interval":{"confidence_level":0.95,"lower_bound":1486.1479323618191,"upper_bound":1575.3143672475458},"point_estimate":1524.871017553205,"standard_error":25.93795582817254},"MedianAbsDev":{"confidence_interval":{"confidence_level":0.95,"lower_bound":10.459665154841048,"upper_bound":90.46998318570968},"point_estimate":64.31917738865944,"standard_error":20.8489674764195},"Slope":{"confidence_interval":{"confidence_level":0.95,"lower_bound":1516.0140946662718,"upper_bound":1576.8753252402275},"point_estimate":1554.261518080124,"standard_error":15.592359506158301},"StdDev":{"confidence_interval":{"confidence_level":0.95,"lower_bound":33.40901853131201,"upper_bound":68.91460559096149},"point_estimate":55.34855908887027,"standard_error":9.187668405151781}}