{"Mean":{"confidence_interval":{"confidence_level":0.95,"lower_bound":3478.809474130382,"upper_bound":3537.828393752446},"point_estimate":3508.6011114194152,"standard_error":15.074927552394488},"Median":{"confidence_interval":{"confidence_level":0.95,"lower_bound":3481.125915264658,"upper_bound":3540.056721256498},"point_estimate":3507.4377944417383,"standard_error":12.840247784609302},"MedianAbsDev":{"confidence_interval":{"confidence_level":0.95,"lower_bound":5.606912424910845,"upper_bound":86.33023812554016},"point_estimate":34.317905780819935,"standard_error":19.638141162727525},"Slope":{"confidence_interval":{"confidence_level":0.95,"lower_bound":3499.8963686332977,"upper_bound":3541.270310842573},"point_estimate":3522.828697444191,"standard_error":11.048031902434237},"StdDev":{"confidence_interval":{"confidence_level":0.95,"lower_bound":20.383560378072456,"upper_bound":69.20341663739316},"point_estimate":50.356224191894114,"standard_error":12.226856382915043}}