{"Mean":{"confidence_interval":{"confidence_level":0.95,"lower_bound":956855.0953438166,"upper_bound":967136.7660076405},"point_estimate":961641.8479673064,"standard_error":2647.184672994444},"Median":{"confidence_interval":{"confidence_level":0.95,"lower_bound":955939.1727078891,"upper_bound":967709.1343283582},"point_estimate":957927.2251243781,"standard_error":3216.9932597155575},"MedianAbsDev":{"confidence_interval":{"confidence_level":0.95,"lower_bound":835.397140392611,"upper_bound":13969.202630355434},"point_estimate":3650.3392157905846,"standard_error":3420.782400044966},"Slope":{"confidence_interval":{"confidence_level":0.95,"lower_bound":956495.0981032338,"upper_bound":973232.2204959107},"point_estimate":966438.2430703625,"standard_error":4313.810389138527},"StdDev":{"confidence_interval":{"confidence_level":0.95,"lower_bound":2368.5480632501303,"upper_bound":10833.063392760869},"point_estimate":8820.537097189625,"standard_error":1956.2006303231462}}