{"Mean":{"confidence_interval":{"confidence_level":0.95,"lower_bound":9533.30422429078,"upper_bound":9871.723570848106},"point_estimate":9703.951992411769,"standard_error":86.78685530115285},"Median":{"confidence_interval":{"confidence_level":0.95,"lower_bound":9496.3609612462,"upper_bound":9979.247767857143},"point_estimate":9651.558471061297,"standard_error":139.97783062587493},"MedianAbsDev":{"confidence_interval":{"confidence_level":0.95,"lower_bound":71.29206884734432,"upper_bound":515.6551149144407},"point_estimate":367.5666135807712,"standard_error":120.5840596587464},"Slope":{"confidence_interval":{"confidence_level":0.95,"lower_bound":9535.360642710179,"upper_bound":9854.391643883371},"point_estimate":9688.954910590928,"standard_error":83.45786606474051},"StdDev":{"confidence_interval":{"confidence_level":0.95,"lower_bound":179.76411613279112,"upper_bound":354.9157417048175},"point_estimate":289.7122989123897,"standard_error":45.88823929656291}}