{"Mean":{"confidence_interval":{"confidence_level":0.95,"lower_bound":3392.65979331705,"upper_bound":3513.340035717688},"point_estimate":3451.2868203925696,"standard_error":30.768739244693396},"Median":{"confidence_interval":{"confidence_level":0.95,"lower_bound":3390.9218782741214,"upper_bound":3513.258121143813},"point_estimate":3428.2349118283373,"standard_error":34.80947821166513},"MedianAbsDev":{"confidence_interval":{"confidence_level":0.95,"lower_bound":16.72011334493401,"upper_bound":174.13507174418294},"point_estimate":80.87584347003069,"standard_error":40.52309233790633},"Slope":{"confidence_interval":{"confidence_level":0.95,"lower_bound":3418.270176795467,"upper_bound":3500.4219365681606},"point_estimate":3473.0940764921334,"standard_error":19.63319939695301},"StdDev":{"confidence_interval":{"confidence_level":0.95,"lower_bound":46.71559139150585,"upper_bound":139.169183887785},"point_estimate":102.64496919684498,"standard_error":24.4250810008375}}