{"Mean":{"confidence_interval":{"confidence_level":0.95,"lower_bound":476.61935993459,"upper_bound":499.737733716598},"point_estimate":488.8770271399364,"standard_error":5.916584514303616},"Median":{"confidence_interval":{"confidence_level":0.95,"lower_bound":478.2429537731615,"upper_bound":497.8802713128593},"point_estimate":492.13589374381115,"standard_error":3.9830169336930403},"MedianAbsDev":{"confidence_interval":{"confidence_level":0.95,"lower_bound":1.3968450637864243,"upper_bound":34.21256507323859},"point_estimate":6.948351207026149,"standard_error":8.282264171606013},"Slope":{"confidence_interval":{"confidence_level":0.95,"lower_bound":491.4467380324881,"upper_bound":498.86394881966146},"point_estimate":494.4756410448563,"standard_error":1.869342686829707},"StdDev":{"confidence_interval":{"confidence_level":0.95,"lower_bound":5.440696300832033,"upper_bound":26.802714866952538},"point_estimate":19.694624738226402,"standard_error":5.234940651320361}}