{"Mean":{"confidence_interval":{"confidence_level":0.95,"lower_bound":1925912.0254067462,"upper_bound":2044810.0582101522},"point_estimate":1986732.9025132277,"standard_error":30579.232718430063},"Median":{"confidence_interval":{"confidence_level":0.95,"lower_bound":1888253.046875,"upper_bound":2075758.2797619049},"point_estimate":2007923.1902777778,"standard_error":50848.460355177594},"MedianAbsDev":{"confidence_interval":{"confidence_level":0.95,"lower_bound":26405.532563152854,"upper_bound":164325.06716285564},"point_estimate":139188.15345391614,"standard_error":37081.480059087204},"Slope":{"confidence_interval":{"confidence_level":0.95,"lower_bound":2005100.5316324367,"upper_bound":2090618.2778105347},"point_estimate":2059013.187878788,"standard_error":22030.719672908774},"StdDev":{"confidence_interval":{"confidence_level":0.95,"lower_bound":63227.89705119266,"upper_bound":121638.80472887338},"point_estimate":101926.34063365057,"standard_error":14872.382189742608}}