{"Mean":{"confidence_interval":{"confidence_level":0.95,"lower_bound":11636.949786860556,"upper_bound":11872.180745622374},"point_estimate":11748.944417804621,"standard_error":60.55069403464223},"Median":{"confidence_interval":{"confidence_level":0.95,"lower_bound":11604.62768907563,"upper_bound":11879.541562499999},"point_estimate":11707.182389705882,"standard_error":75.08299086787997},"MedianAbsDev":{"confidence_interval":{"confidence_level":0.95,"lower_bound":52.34401123835508,"upper_bound":341.4384912176662},"point_estimate":183.5794532702247,"standard_error":70.53980072051093},"Slope":{"confidence_interval":{"confidence_level":0.95,"lower_bound":11562.456756262454,"upper_bound":11739.64862214662},"point_estimate":11644.370757066463,"standard_error":45.58924646755689},"StdDev":{"confidence_interval":{"confidence_level":0.95,"lower_bound":100.74043557321646,"upper_bound":266.4583645466473},"point_estimate":201.66919698799467,"standard_error":44.06114000255146}}