{"Mean":{"confidence_interval":{"confidence_level":0.95,"lower_bound":8110468.34333565,"upper_bound":8156309.462453703},"point_estimate":8131405.713009259,"standard_error":11802.034911988188},"Median":{"confidence_interval":{"confidence_level":0.95,"lower_bound":8097044.166666667,"upper_bound":8162826.03125},"point_estimate":8126516.495833334,"standard_error":11830.967720816767},"MedianAbsDev":{"confidence_interval":{"confidence_level":0.95,"lower_bound":820.9794395919818,"upper_bound":52770.541217302896},"point_estimate":28183.323584645896,"standard_error":16312.895211914234},"Slope":{"confidence_interval":{"confidence_level":0.95,"lower_bound":8098301.315612692,"upper_bound":8146348.445441446},"point_estimate":8114748.501082251,"standard_error":12455.987501272602},"StdDev":{"confidence_interval":{"confidence_level":0.95,"lower_bound":13814.60186470255,"upper_bound":49667.23654202174},"point_estimate":39308.55517943347,"standard_error":9563.70078024412}}