{"Mean":{"confidence_interval":{"confidence_level":0.95,"lower_bound":306085.11570357555,"upper_bound":308947.038644752},"point_estimate":307491.0465109573,"standard_error":733.9937175210001},"Median":{"confidence_interval":{"confidence_level":0.95,"lower_bound":305257.28719723184,"upper_bound":310007.0975778547},"point_estimate":306596.53503460204,"standard_error":1472.099377895681},"MedianAbsDev":{"confidence_interval":{"confidence_level":0.95,"lower_bound":315.7860992379837,"upper_bound":3878.4011595183088},"point_estimate":2534.55830733821,"standard_error":931.1904043577179},"Slope":{"confidence_interval":{"confidence_level":0.95,"lower_bound":306709.06233537087,"upper_bound":310067.39229709405},"point_estimate":308741.01856828295,"standard_error":850.6493059782823},"StdDev":{"confidence_interval":{"confidence_level":0.95,"lower_bound":1538.8678309967124,"upper_bound":2775.5369727962125},"point_estimate":2449.313191812079,"standard_error":309.99750305854405}}