{"Mean":{"confidence_interval":{"confidence_level":0.95,"lower_bound":6680319.132976191,"upper_bound":7198362.07140944},"point_estimate":6952697.427806122,"standard_error":132730.74661866287},"Median":{"confidence_interval":{"confidence_level":0.95,"lower_bound":6616606.85,"upper_bound":7305272.910714285},"point_estimate":7027064.852380952,"standard_error":158348.06839217764},"MedianAbsDev":{"confidence_interval":{"confidence_level":0.95,"lower_bound":111050.32539096281,"upper_bound":727663.9929456678},"point_estimate":393669.7275234648,"standard_error":167286.8942796902},"Slope":{"confidence_interval":{"confidence_level":0.95,"lower_bound":6921662.998977789,"upper_bound":7351902.969046703},"point_estimate":7175180.942486085,"standard_error":110028.62572463327},"StdDev":{"confidence_interval":{"confidence_level":0.95,"lower_bound":204266.99233072632,"upper_bound":565130.4039688288},"point_estimate":442089.5894834065,"standard_error":91444.87045470647}}