{"Mean":{"confidence_interval":{"confidence_level":0.95,"lower_bound":8031.076273285461,"upper_bound":8131.824801581106},"point_estimate":8081.1292874239925,"standard_error":25.802445389022456},"Median":{"confidence_interval":{"confidence_level":0.95,"lower_bound":8005.649859506712,"upper_bound":8152.965797689666},"point_estimate":8082.816479342284,"standard_error":46.42020760404754},"MedianAbsDev":{"confidence_interval":{"confidence_level":0.95,"lower_bound":19.922408216396658,"upper_bound":137.38412597180852},"point_estimate":105.1283189734368,"standard_error":31.45721439651976},"Slope":{"confidence_interval":{"confidence_level":0.95,"lower_bound":8090.820482215096,"upper_bound":8166.427992863159},"point_estimate":8139.643426819824,"standard_error":19.35990385094678},"StdDev":{"confidence_interval":{"confidence_level":0.95,"lower_bound":55.953757609951445,"upper_bound":102.39181702566964},"point_estimate":86.19108673167767,"standard_error":11.940718246057756}}