{"Mean":{"confidence_interval":{"confidence_level":0.95,"lower_bound":3070757.901,"upper_bound":3088440.122412699},"point_estimate":3079860.486931217,"standard_error":4566.201002535694},"Median":{"confidence_interval":{"confidence_level":0.95,"lower_bound":3064662.86,"upper_bound":3094697.2952380953},"point_estimate":3084397.6616666666,"standard_error":8103.310059286652},"MedianAbsDev":{"confidence_interval":{"confidence_level":0.95,"lower_bound":1583.3002818908406,"upper_bound":26645.481465281606},"point_estimate":17042.293135772295,"standard_error":6171.264647710602},"Slope":{"confidence_interval":{"confidence_level":0.95,"lower_bound":3072823.120432513,"upper_bound":3094146.731002535},"point_estimate":3084900.2894372293,"standard_error":5998.476764088155},"StdDev":{"confidence_interval":{"confidence_level":0.95,"lower_bound":9310.698737339586,"upper_bound":17760.383277499914},"point_estimate":15256.14767230906,"standard_error":2149.2704662606257}}