{"Mean":{"confidence_interval":{"confidence_level":0.95,"lower_bound":8525.098330127232,"upper_bound":8666.84133041972},"point_estimate":8599.820870091007,"standard_error":36.494390668444055},"Median":{"confidence_interval":{"confidence_level":0.95,"lower_bound":8461.192062367116,"upper_bound":8699.65386250886},"point_estimate":8653.38358897776,"standard_error":61.85134500647432},"MedianAbsDev":{"confidence_interval":{"confidence_level":0.95,"lower_bound":15.14525082962959,"upper_bound":188.77458970315132},"point_estimate":86.8722477135558,"standard_error":49.76723904584833},"Slope":{"confidence_interval":{"confidence_level":0.95,"lower_bound":8602.53065853602,"upper_bound":8689.528281188619},"point_estimate":8663.217003690852,"standard_error":22.706841264763796},"StdDev":{"confidence_interval":{"confidence_level":0.95,"lower_bound":55.02187098064383,"upper_bound":142.07303581664718},"point_estimate":121.53214163033947,"standard_error":20.213202990386257}}