{"Mean":{"confidence_interval":{"confidence_level":0.95,"lower_bound":4175.7357885619485,"upper_bound":4236.677152798259},"point_estimate":4206.866268971882,"standard_error":15.601342571903473},"Median":{"confidence_interval":{"confidence_level":0.95,"lower_bound":4167.498025068464,"upper_bound":4251.317137640815},"point_estimate":4208.444170879853,"standard_error":18.84014965100039},"MedianAbsDev":{"confidence_interval":{"confidence_level":0.95,"lower_bound":8.572475084799496,"upper_bound":88.08846840241127},"point_estimate":51.08231918632484,"standard_error":20.819898807268597},"Slope":{"confidence_interval":{"confidence_level":0.95,"lower_bound":4195.37952516283,"upper_bound":4239.101469380598},"point_estimate":4221.939609979235,"standard_error":11.028662777343673},"StdDev":{"confidence_interval":{"confidence_level":0.95,"lower_bound":28.10160303161195,"upper_bound":66.36815678302213},"point_estimate":51.937253638725075,"standard_error":9.848466617678737}}