{"Mean":{"confidence_interval":{"confidence_level":0.95,"lower_bound":662.1434752889969,"upper_bound":696.9624896959617},"point_estimate":680.9430082591205,"standard_error":8.940122959211276},"Median":{"confidence_interval":{"confidence_level":0.95,"lower_bound":664.2805816775367,"upper_bound":699.2175918903888},"point_estimate":687.4259423775577,"standard_error":7.387718855099124},"MedianAbsDev":{"confidence_interval":{"confidence_level":0.95,"lower_bound":2.0813594143605747,"upper_bound":48.34417575763767},"point_estimate":17.94945771163073,"standard_error":11.52791923778958},"Slope":{"confidence_interval":{"confidence_level":0.95,"lower_bound":686.4492735683757,"upper_bound":706.8056987606851},"point_estimate":698.198302213485,"standard_error":5.009545308786464},"StdDev":{"confidence_interval":{"confidence_level":0.95,"lower_bound":10.188900759198118,"upper_bound":39.74009616737456},"point_estimate":29.75247473651033,"standard_error":7.639922878642027}}