{"Mean":{"confidence_interval":{"confidence_level":0.95,"lower_bound":13317.122681340343,"upper_bound":14590.810362868408},"point_estimate":13949.262032945373,"standard_error":326.6388436655351},"Median":{"confidence_interval":{"confidence_level":0.95,"lower_bound":12844.135523434077,"upper_bound":14937.05425192416},"point_estimate":14118.027113447219,"standard_error":533.0279655099783},"MedianAbsDev":{"confidence_interval":{"confidence_level":0.95,"lower_bound":184.5783391015279,"upper_bound":1852.5771797251625},"point_estimate":1309.5513090077156,"standard_error":439.79102344705666},"Slope":{"confidence_interval":{"confidence_level":0.95,"lower_bound":13021.35289967112,"upper_bound":14651.203165988665},"point_estimate":13585.521486765534,"standard_error":411.1741290211857},"StdDev":{"confidence_interval":{"confidence_level":0.95,"lower_bound":681.2885580906398,"upper_bound":1316.5218862443164},"point_estimate":1088.4883966044856,"standard_error":163.20518659675065}}