{"Mean":{"confidence_interval":{"confidence_level":0.95,"lower_bound":333.6158140808296,"upper_bound":357.0219557865546},"point_estimate":346.5649117911895,"standard_error":6.041241661791327},"Median":{"confidence_interval":{"confidence_level":0.95,"lower_bound":336.94404324991297,"upper_bound":361.50689369091936},"point_estimate":350.03066567532505,"standard_error":5.5696608484991765},"MedianAbsDev":{"confidence_interval":{"confidence_level":0.95,"lower_bound":2.2871193142852824,"upper_bound":28.15425546846023},"point_estimate":13.031052974693417,"standard_error":6.742445173268857},"Slope":{"confidence_interval":{"confidence_level":0.95,"lower_bound":347.47461242339705,"upper_bound":363.4835601098774},"point_estimate":357.68575434752864,"standard_error":4.126795926282809},"StdDev":{"confidence_interval":{"confidence_level":0.95,"lower_bound":7.115922011762765,"upper_bound":27.768180650621744},"point_estimate":20.090534874934512,"standard_error":5.803028510892789}}