{"Mean":{"confidence_interval":{"confidence_level":0.95,"lower_bound":6122.021152322575,"upper_bound":6554.778845437464},"point_estimate":6338.729615636206,"standard_error":111.3958798919701},"Median":{"confidence_interval":{"confidence_level":0.95,"lower_bound":5924.5555768388795,"upper_bound":6698.311157847553},"point_estimate":6400.642275977816,"standard_error":229.58582867882248},"MedianAbsDev":{"confidence_interval":{"confidence_level":0.95,"lower_bound":20.363956640985776,"upper_bound":591.9800337705722},"point_estimate":546.8450374708513,"standard_error":164.9050153806157},"Slope":{"confidence_interval":{"confidence_level":0.95,"lower_bound":6318.164050600132,"upper_bound":6702.116642793003},"point_estimate":6584.380297723293,"standard_error":100.00620973478256},"StdDev":{"confidence_interval":{"confidence_level":0.95,"lower_bound":251.77032673199662,"upper_bound":418.69877264477276},"point_estimate":372.54080596427053,"standard_error":43.53604446851151}}