{"Mean":{"confidence_interval":{"confidence_level":0.95,"lower_bound":2036.7990353317568,"upper_bound":2209.0257774772194},"point_estimate":2127.2575288193825,"standard_error":44.104513563610894},"Median":{"confidence_interval":{"confidence_level":0.95,"lower_bound":2009.0070014373812,"upper_bound":2249.1347544860205},"point_estimate":2157.9276059985823,"standard_error":66.03592732483865},"MedianAbsDev":{"confidence_interval":{"confidence_level":0.95,"lower_bound":27.801008889750776,"upper_bound":252.29232648488846},"point_estimate":154.69165127950103,"standard_error":55.185170784720185},"Slope":{"confidence_interval":{"confidence_level":0.95,"lower_bound":2145.089668502667,"upper_bound":2264.407761015356},"point_estimate":2224.76081621814,"standard_error":30.687761679510455},"StdDev":{"confidence_interval":{"confidence_level":0.95,"lower_bound":79.17407578711614,"upper_bound":187.93503038780122},"point_estimate":147.01565234598118,"standard_error":29.048169717105385}}