{"Mean":{"confidence_interval":{"confidence_level":0.95,"lower_bound":95194.1312865497,"upper_bound":95815.25071167503},"point_estimate":95503.29686925649,"standard_error":159.92035268810167},"Median":{"confidence_interval":{"confidence_level":0.95,"lower_bound":95054.36400525122,"upper_bound":96012.80484693879},"point_estimate":95372.66219119227,"standard_error":254.4698640428199},"MedianAbsDev":{"confidence_interval":{"confidence_level":0.95,"lower_bound":88.62255055696279,"upper_bound":870.1322115257611},"point_estimate":810.0929441142088,"standard_error":232.97070323683593},"Slope":{"confidence_interval":{"confidence_level":0.95,"lower_bound":95342.56694692397,"upper_bound":95930.95421883005},"point_estimate":95594.80327255988,"standard_error":150.9484202500275},"StdDev":{"confidence_interval":{"confidence_level":0.95,"lower_bound":329.159897261304,"upper_bound":641.6446882890763},"point_estimate":531.0255629466905,"standard_error":80.41808910829991}}