{"Mean":{"confidence_interval":{"confidence_level":0.95,"lower_bound":26503445.931365743,"upper_bound":26957371.97592593},"point_estimate":26727437.299259257,"standard_error":116648.1190609142},"Median":{"confidence_interval":{"confidence_level":0.95,"lower_bound":26412135.907407407,"upper_bound":27086364.666666668},"point_estimate":26679926.2,"standard_error":209604.16601421972},"MedianAbsDev":{"confidence_interval":{"confidence_level":0.95,"lower_bound":70489.27676856592,"upper_bound":617757.896232605},"point_estimate":459462.72326290683,"standard_error":144203.68527310799},"Slope":{"confidence_interval":{"confidence_level":0.95,"lower_bound":26533893.725952882,"upper_bound":27072355.56264237},"point_estimate":26765818.76363636,"standard_error":138800.59585070386},"StdDev":{"confidence_interval":{"confidence_level":0.95,"lower_bound":249763.34781036904,"upper_bound":463119.0610134041},"point_estimate":389349.53001429973,"standard_error":54350.84740801751}}