{"Mean":{"confidence_interval":{"confidence_level":0.95,"lower_bound":983254.9745977635,"upper_bound":1173008.6086006495},"point_estimate":1073417.2739917028,"standard_error":48932.62586919022},"Median":{"confidence_interval":{"confidence_level":0.95,"lower_bound":938546.6980519481,"upper_bound":1199373.2642045454},"point_estimate":1051118.7,"standard_error":66132.31164257809},"MedianAbsDev":{"confidence_interval":{"confidence_level":0.95,"lower_bound":31812.364128513054,"upper_bound":282274.8484658924},"point_estimate":171824.08941920966,"standard_error":63509.844242227744},"Slope":{"confidence_interval":{"confidence_level":0.95,"lower_bound":1006321.429775037,"upper_bound":1162887.6402436416},"point_estimate":1081787.3969303423,"standard_error":39772.58029986411},"StdDev":{"confidence_interval":{"confidence_level":0.95,"lower_bound":76297.09968064628,"upper_bound":200312.29978478435},"point_estimate":163100.29234711707,"standard_error":30681.47092855109}}