{"Mean":{"confidence_interval":{"confidence_level":0.95,"lower_bound":6303.66646802981,"upper_bound":6406.43611861083},"point_estimate":6351.256934459764,"standard_error":26.346806932401766},"Median":{"confidence_interval":{"confidence_level":0.95,"lower_bound":6282.484828921885,"upper_bound":6409.811684958037},"point_estimate":6337.002970106161,"standard_error":31.494885104608514},"MedianAbsDev":{"confidence_interval":{"confidence_level":0.95,"lower_bound":20.552769454354355,"upper_bound":140.36867595614962},"point_estimate":91.10497941199024,"standard_error":30.299246937496058},"Slope":{"confidence_interval":{"confidence_level":0.95,"lower_bound":6317.0366315806405,"upper_bound":6392.501061056069},"point_estimate":6362.293984388755,"standard_error":19.228470199346198},"StdDev":{"confidence_interval":{"confidence_level":0.95,"lower_bound":40.415156084262236,"upper_bound":118.17989382662878},"point_estimate":87.94877969902328,"standard_error":21.395154778282055}}