{"Mean":{"confidence_interval":{"confidence_level":0.95,"lower_bound":18.464760063097607,"upper_bound":21.289114596271652},"point_estimate":19.91157077535083,"standard_error":0.7239615965228282},"Median":{"confidence_interval":{"confidence_level":0.95,"lower_bound":17.32569661808256,"upper_bound":22.152857007357625},"point_estimate":20.481774241993108,"standard_error":1.4153855886447961},"MedianAbsDev":{"confidence_interval":{"confidence_level":0.95,"lower_bound":0.009039109813758271,"upper_bound":3.9069417784081626},"point_estimate":2.7536317576831837,"standard_error":1.1062714120268498},"Slope":{"confidence_interval":{"confidence_level":0.95,"lower_bound":20.40468052637935,"upper_bound":22.130291655482363},"point_estimate":21.62488939338508,"standard_error":0.45050401002118673},"StdDev":{"confidence_interval":{"confidence_level":0.95,"lower_bound":1.4705533540070328,"upper_bound":2.796904393465915},"point_estimate":2.422569383921775,"standard_error":0.3274454902537267}}