{"Mean":{"confidence_interval":{"confidence_level":0.95,"lower_bound":1198.437851235007,"upper_bound":1262.0747184353343},"point_estimate":1232.2642803887718,"standard_error":16.33917007925508},"Median":{"confidence_interval":{"confidence_level":0.95,"lower_bound":1186.40857811887,"upper_bound":1265.1359438341833},"point_estimate":1251.1391826678582,"standard_error":17.711028537935984},"MedianAbsDev":{"confidence_interval":{"confidence_level":0.95,"lower_bound":5.283223237793784,"upper_bound":87.07441673620805},"point_estimate":29.771949565024734,"standard_error":21.460007154991363},"Slope":{"confidence_interval":{"confidence_level":0.95,"lower_bound":1170.9397567677136,"upper_bound":1255.6150355811685},"point_estimate":1214.8369149942512,"standard_error":23.149561783249805},"StdDev":{"confidence_interval":{"confidence_level":0.95,"lower_bound":19.99278010050108,"upper_bound":68.92298423445507},"point_estimate":54.3695168169754,"standard_error":12.137014379710362}}