{"Mean":{"confidence_interval":{"confidence_level":0.95,"lower_bound":7899.253832352513,"upper_bound":8473.90788333091},"point_estimate":8195.927724360303,"standard_error":147.53938636836554},"Median":{"confidence_interval":{"confidence_level":0.95,"lower_bound":7751.004359197907,"upper_bound":8616.05616099971},"point_estimate":8299.810117490762,"standard_error":257.74228720287414},"MedianAbsDev":{"confidence_interval":{"confidence_level":0.95,"lower_bound":89.77066567594285,"upper_bound":802.8968777030109},"point_estimate":544.3371620012969,"standard_error":202.35424395699758},"Slope":{"confidence_interval":{"confidence_level":0.95,"lower_bound":8271.017748565979,"upper_bound":8663.715660108475},"point_estimate":8543.136990530538,"standard_error":102.26040590771376},"StdDev":{"confidence_interval":{"confidence_level":0.95,"lower_bound":294.8542934376307,"upper_bound":581.1278621839602},"point_estimate":489.708719480123,"standard_error":72.74388921121016}}