{"Mean":{"confidence_interval":{"confidence_level":0.95,"lower_bound":206983.2114668547,"upper_bound":207780.2827333946},"point_estimate":207367.33710230008,"standard_error":202.88770850506575},"Median":{"confidence_interval":{"confidence_level":0.95,"lower_bound":206952.60313087585,"upper_bound":207584.9002754821},"point_estimate":207430.94445592287,"standard_error":163.38657845845825},"MedianAbsDev":{"confidence_interval":{"confidence_level":0.95,"lower_bound":40.08621656335833,"upper_bound":1177.4241370855339},"point_estimate":242.67423388037088,"standard_error":306.15798686474204},"Slope":{"confidence_interval":{"confidence_level":0.95,"lower_bound":207005.53653216048,"upper_bound":207477.5425811395},"point_estimate":207308.4100103753,"standard_error":125.92145264038732},"StdDev":{"confidence_interval":{"confidence_level":0.95,"lower_bound":228.4257465011971,"upper_bound":937.2837977517555},"point_estimate":676.5526099627706,"standard_error":177.679434084207}}