{"Mean":{"confidence_interval":{"confidence_level":0.95,"lower_bound":44157.35567508948,"upper_bound":44464.71132265893},"point_estimate":44296.356334130876,"standard_error":79.24436138533324},"Median":{"confidence_interval":{"confidence_level":0.95,"lower_bound":44130.34121391612,"upper_bound":44468.79049953315},"point_estimate":44196.70084422658,"standard_error":88.57150439281114},"MedianAbsDev":{"confidence_interval":{"confidence_level":0.95,"lower_bound":37.155441170423735,"upper_bound":413.1938374580453},"point_estimate":147.58069949388846,"standard_error":99.2517389299811},"Slope":{"confidence_interval":{"confidence_level":0.95,"lower_bound":44127.754862761605,"upper_bound":44659.37572320791},"point_estimate":44381.47154104066,"standard_error":147.83956528060423},"StdDev":{"confidence_interval":{"confidence_level":0.95,"lower_bound":103.65627042647603,"upper_bound":357.1220993045096},"point_estimate":263.66925556296104,"standard_error":69.0803546686589}}