{"Mean":{"confidence_interval":{"confidence_level":0.95,"lower_bound":7508726.700170068,"upper_bound":7742200.834029761},"point_estimate":7626031.8993764175,"standard_error":59591.258850376194},"Median":{"confidence_interval":{"confidence_level":0.95,"lower_bound":7504627.887755102,"upper_bound":7744659.642857143},"point_estimate":7612035.266666667,"standard_error":57641.510415852186},"MedianAbsDev":{"confidence_interval":{"confidence_level":0.95,"lower_bound":25559.593894797894,"upper_bound":334308.2910648416},"point_estimate":158457.4276518181,"standard_error":79873.37621314978},"Slope":{"confidence_interval":{"confidence_level":0.95,"lower_bound":7592450.136966979,"upper_bound":7848190.368632083},"point_estimate":7738048.297217068,"standard_error":64677.29832214215},"StdDev":{"confidence_interval":{"confidence_level":0.95,"lower_bound":88273.27145050142,"upper_bound":267152.9115832954},"point_estimate":198454.0514983038,"standard_error":44757.77975735901}}