{"Mean":{"confidence_interval":{"confidence_level":0.95,"lower_bound":7452242.541530523,"upper_bound":7515192.237435897},"point_estimate":7477496.063650792,"standard_error":17100.671952306504},"Median":{"confidence_interval":{"confidence_level":0.95,"lower_bound":7450219.030769231,"upper_bound":7493192.692307692},"point_estimate":7455969.006410256,"standard_error":10880.681320147545},"MedianAbsDev":{"confidence_interval":{"confidence_level":0.95,"lower_bound":1530.1508830912856,"upper_bound":54232.57566025514},"point_estimate":9384.947169537236,"standard_error":12751.452406462306},"Slope":{"confidence_interval":{"confidence_level":0.95,"lower_bound":7448776.151773376,"upper_bound":7475007.447125527},"point_estimate":7457039.404795205,"standard_error":6897.253840728992},"StdDev":{"confidence_interval":{"confidence_level":0.95,"lower_bound":8189.638188164293,"upper_bound":85865.36198928644},"point_estimate":57083.68600204669,"standard_error":24098.844510646326}}