{"Mean":{"confidence_interval":{"confidence_level":0.95,"lower_bound":2667403.8316732957,"upper_bound":2948567.4979924243},"point_estimate":2803772.749651876,"standard_error":72029.17987132692},"Median":{"confidence_interval":{"confidence_level":0.95,"lower_bound":2575599.409090909,"upper_bound":2997652.3282828284},"point_estimate":2784805.4987012986,"standard_error":119826.30547645816},"MedianAbsDev":{"confidence_interval":{"confidence_level":0.95,"lower_bound":53331.72571180899,"upper_bound":408934.1218969749},"point_estimate":312867.82344245556,"standard_error":90497.22396739083},"Slope":{"confidence_interval":{"confidence_level":0.95,"lower_bound":2824371.651433131,"upper_bound":3025284.3690810357},"point_estimate":2946794.0459268005,"standard_error":51020.29597822597},"StdDev":{"confidence_interval":{"confidence_level":0.95,"lower_bound":145427.61975452036,"upper_bound":297849.3656082836},"point_estimate":240285.47740027722,"standard_error":40043.00437134085}}