{"Mean":{"confidence_interval":{"confidence_level":0.95,"lower_bound":884.6823480940377,"upper_bound":962.9333703862858},"point_estimate":924.9077307700397,"standard_error":19.996296479156083},"Median":{"confidence_interval":{"confidence_level":0.95,"lower_bound":868.7863845971513,"upper_bound":973.3826637145257},"point_estimate":934.3832223779357,"standard_error":22.46497230133913},"MedianAbsDev":{"confidence_interval":{"confidence_level":0.95,"lower_bound":6.933970540051739,"upper_bound":128.4728838363578},"point_estimate":56.0905488845997,"standard_error":30.81534230957624},"Slope":{"confidence_interval":{"confidence_level":0.95,"lower_bound":928.4735928838993,"upper_bound":995.7606941994588},"point_estimate":970.4324259746976,"standard_error":17.290984434728482},"StdDev":{"confidence_interval":{"confidence_level":0.95,"lower_bound":34.93834419538927,"upper_bound":83.99179837248384},"point_estimate":66.58385972765036,"standard_error":12.56051694777331}}