{"Mean":{"confidence_interval":{"confidence_level":0.95,"lower_bound":5698.344453573863,"upper_bound":5838.668790888131},"point_estimate":5772.041993337552,"standard_error":35.75930658225896},"Median":{"confidence_interval":{"confidence_level":0.95,"lower_bound":5714.849778459441,"upper_bound":5898.2170813451485},"point_estimate":5761.870955667543,"standard_error":39.35943703132404},"MedianAbsDev":{"confidence_interval":{"confidence_level":0.95,"lower_bound":7.670779196638347,"upper_bound":219.6299829152904},"point_estimate":71.21843001118211,"standard_error":58.052563923836075},"Slope":{"confidence_interval":{"confidence_level":0.95,"lower_bound":5757.579710103764,"upper_bound":5890.985465935566},"point_estimate":5841.361206278384,"standard_error":32.8460326891276},"StdDev":{"confidence_interval":{"confidence_level":0.95,"lower_bound":57.648129891667764,"upper_bound":161.28009479552762},"point_estimate":119.2608738564253,"standard_error":28.534260505595157}}