{"Mean":{"confidence_interval":{"confidence_level":0.95,"lower_bound":37305.76283573233,"upper_bound":38976.43141919192},"point_estimate":38096.353240259734,"standard_error":428.10554254317174},"Median":{"confidence_interval":{"confidence_level":0.95,"lower_bound":36688.820075757576,"upper_bound":38925.388320707076},"point_estimate":38060.72929292929,"standard_error":601.7490313648917},"MedianAbsDev":{"confidence_interval":{"confidence_level":0.95,"lower_bound":221.34206743402993,"upper_bound":2672.7545753900345},"point_estimate":1377.9663416422743,"standard_error":560.4615547841321},"Slope":{"confidence_interval":{"confidence_level":0.95,"lower_bound":37157.786703142534,"upper_bound":38614.68690709925},"point_estimate":37967.74193034239,"standard_error":370.4182823676385},"StdDev":{"confidence_interval":{"confidence_level":0.95,"lower_bound":762.5631849941478,"upper_bound":1890.6294800304847},"point_estimate":1430.3696860050275,"standard_error":314.94767566337197}}