{"Mean":{"confidence_interval":{"confidence_level":0.95,"lower_bound":48880.95789959017,"upper_bound":49585.97258921601},"point_estimate":49235.39697418312,"standard_error":181.3555925196464},"Median":{"confidence_interval":{"confidence_level":0.95,"lower_bound":48723.144906323185,"upper_bound":49851.18283706925},"point_estimate":49223.07230679157,"standard_error":350.9289357148038},"MedianAbsDev":{"confidence_interval":{"confidence_level":0.95,"lower_bound":75.23682727084193,"upper_bound":942.84664977752},"point_estimate":742.8976879584707,"standard_error":236.52173614857463},"Slope":{"confidence_interval":{"confidence_level":0.95,"lower_bound":48579.914635526344,"upper_bound":49495.39633969955},"point_estimate":48937.87006295812,"standard_error":234.3637647676456},"StdDev":{"confidence_interval":{"confidence_level":0.95,"lower_bound":398.5776454955794,"upper_bound":712.5841298412658},"point_estimate":603.5507964502316,"standard_error":80.51200849338633}}