{"Mean":{"confidence_interval":{"confidence_level":0.95,"lower_bound":307.8554991535359,"upper_bound":318.72516430560626},"point_estimate":313.0146108054272,"standard_error":2.7770042415367353},"Median":{"confidence_interval":{"confidence_level":0.95,"lower_bound":306.77786467662304,"upper_bound":317.32277631602426},"point_estimate":312.5341375330659,"standard_error":2.5653895562115543},"MedianAbsDev":{"confidence_interval":{"confidence_level":0.95,"lower_bound":2.0293894187577353,"upper_bound":14.87150810021398},"point_estimate":5.760632768900498,"standard_error":3.260779578792256},"Slope":{"confidence_interval":{"confidence_level":0.95,"lower_bound":307.7912872322682,"upper_bound":316.2542030342236},"point_estimate":312.9875213788472,"standard_error":2.170362188631668},"StdDev":{"confidence_interval":{"confidence_level":0.95,"lower_bound":3.7421355694654177,"upper_bound":12.82729342092855},"point_estimate":9.258907701650493,"standard_error":2.388396142792952}}