{"Mean":{"confidence_interval":{"confidence_level":0.95,"lower_bound":411044.8435824515,"upper_bound":413774.16180537187},"point_estimate":412326.13738407556,"standard_error":702.8783108298786},"Median":{"confidence_interval":{"confidence_level":0.95,"lower_bound":410664.66959876544,"upper_bound":414727.4146090535},"point_estimate":411060.04050925927,"standard_error":1081.212934362334},"MedianAbsDev":{"confidence_interval":{"confidence_level":0.95,"lower_bound":202.7398264932417,"upper_bound":3842.120614257847},"point_estimate":1280.7086382351288,"standard_error":1014.5905966192308},"Slope":{"confidence_interval":{"confidence_level":0.95,"lower_bound":411703.3869779889,"upper_bound":414966.72448947234},"point_estimate":413453.50602453103,"standard_error":826.2083963117734},"StdDev":{"confidence_interval":{"confidence_level":0.95,"lower_bound":977.1189496189971,"upper_bound":2863.138192766744},"point_estimate":2351.5957283190746,"standard_error":448.01615811872074}}