{"Mean":{"confidence_interval":{"confidence_level":0.95,"lower_bound":206.37206615244276,"upper_bound":228.93126634662164},"point_estimate":218.8992133119594,"standard_error":5.787494024945873},"Median":{"confidence_interval":{"confidence_level":0.95,"lower_bound":216.00067797564148,"upper_bound":231.65498192704555},"point_estimate":218.71114319769413,"standard_error":3.900703896553857},"MedianAbsDev":{"confidence_interval":{"confidence_level":0.95,"lower_bound":1.4522460739067649,"upper_bound":24.73036081633214},"point_estimate":7.198903753812334,"standard_error":6.1931684429822855},"Slope":{"confidence_interval":{"confidence_level":0.95,"lower_bound":215.9973731789775,"upper_bound":221.28873722118354},"point_estimate":218.4249285945123,"standard_error":1.3344886040874242},"StdDev":{"confidence_interval":{"confidence_level":0.95,"lower_bound":4.48199668778686,"upper_bound":28.127751721769688},"point_estimate":19.375828984863688,"standard_error":6.556802091666272}}