{"Mean":{"confidence_interval":{"confidence_level":0.95,"lower_bound":56945.43704631242,"upper_bound":59523.21460220674},"point_estimate":58380.50558289779,"standard_error":665.453746781739},"Median":{"confidence_interval":{"confidence_level":0.95,"lower_bound":57493.89354674797,"upper_bound":59972.915396341465},"point_estimate":58875.98333333334,"standard_error":712.5825514290644},"MedianAbsDev":{"confidence_interval":{"confidence_level":0.95,"lower_bound":412.2020531697505,"upper_bound":3000.9646583075864},"point_estimate":1837.0924416991147,"standard_error":699.494177477171},"Slope":{"confidence_interval":{"confidence_level":0.95,"lower_bound":58253.45791022113,"upper_bound":60039.97343813871},"point_estimate":59332.997172949,"standard_error":462.64245667723793},"StdDev":{"confidence_interval":{"confidence_level":0.95,"lower_bound":844.5075805837589,"upper_bound":3122.075607315095},"point_estimate":2221.584978327844,"standard_error":660.9622600757002}}