{"Mean":{"confidence_interval":{"confidence_level":0.95,"lower_bound":24446249.545668155,"upper_bound":25071358.777916666},"point_estimate":24709131.68077381,"standard_error":163592.78939997175},"Median":{"confidence_interval":{"confidence_level":0.95,"lower_bound":24363598.70625,"upper_bound":24902379.8},"point_estimate":24540411.416666664,"standard_error":125701.14815082848},"MedianAbsDev":{"confidence_interval":{"confidence_level":0.95,"lower_bound":45967.73419640958,"upper_bound":612902.5759100509},"point_estimate":285126.38690799,"standard_error":152541.79698008506},"Slope":{"confidence_interval":{"confidence_level":0.95,"lower_bound":24346864.565860216,"upper_bound":24729552.60185185},"point_estimate":24492142.774025973,"standard_error":97211.52934702541},"StdDev":{"confidence_interval":{"confidence_level":0.95,"lower_bound":138725.86227474528,"upper_bound":796216.211252958},"point_estimate":543925.5830640625,"standard_error":195348.1436842383}}