{"Mean":{"confidence_interval":{"confidence_level":0.95,"lower_bound":27212.027236460664,"upper_bound":27796.659948814555},"point_estimate":27498.48441426876,"standard_error":149.92327367434834},"Median":{"confidence_interval":{"confidence_level":0.95,"lower_bound":27221.429753563087,"upper_bound":27899.3851976977},"point_estimate":27415.225892559225,"standard_error":144.0014137004479},"MedianAbsDev":{"confidence_interval":{"confidence_level":0.95,"lower_bound":31.709415041541554,"upper_bound":893.3503142783336},"point_estimate":271.1394159153778,"standard_error":225.55038043615227},"Slope":{"confidence_interval":{"confidence_level":0.95,"lower_bound":27322.213530221434,"upper_bound":28100.056977199834},"point_estimate":27747.933824733824,"standard_error":206.22873459581265},"StdDev":{"confidence_interval":{"confidence_level":0.95,"lower_bound":195.6104973481626,"upper_bound":661.5797915105097},"point_estimate":499.79540909046347,"standard_error":110.15305906268831}}