{"Mean":{"confidence_interval":{"confidence_level":0.95,"lower_bound":12418703.197530508,"upper_bound":12476258.862194942},"point_estimate":12445440.817688491,"standard_error":14793.721212094842},"Median":{"confidence_interval":{"confidence_level":0.95,"lower_bound":12414532.3125,"upper_bound":12480404.508680556},"point_estimate":12421671.404166667,"standard_error":18765.459201680093},"MedianAbsDev":{"confidence_interval":{"confidence_level":0.95,"lower_bound":2873.294192740672,"upper_bound":76142.8814256951},"point_estimate":25217.751442920417,"standard_error":21735.67390924503},"Slope":{"confidence_interval":{"confidence_level":0.95,"lower_bound":12430845.4790701,"upper_bound":12512895.33268983},"point_estimate":12480278.273376623,"standard_error":21169.87513140064},"StdDev":{"confidence_interval":{"confidence_level":0.95,"lower_bound":19454.82948948696,"upper_bound":62370.68356728164},"point_estimate":49338.041914431305,"standard_error":10743.987480934813}}