{"Mean":{"confidence_interval":{"confidence_level":0.95,"lower_bound":2812.477342386513,"upper_bound":2835.692618737206},"point_estimate":2823.08498564564,"standard_error":5.970276115765267},"Median":{"confidence_interval":{"confidence_level":0.95,"lower_bound":2809.1064745834265,"upper_bound":2839.364143101925},"point_estimate":2815.3976147905337,"standard_error":6.9197288925546925},"MedianAbsDev":{"confidence_interval":{"confidence_level":0.95,"lower_bound":2.7375878630051385,"upper_bound":29.496815273373333},"point_estimate":11.989616516635827,"standard_error":6.5955842154455},"Slope":{"confidence_interval":{"confidence_level":0.95,"lower_bound":2812.9614358490194,"upper_bound":2848.668311773197},"point_estimate":2832.6440251322842,"standard_error":9.23515172872706},"StdDev":{"confidence_interval":{"confidence_level":0.95,"lower_bound":6.3239133960315925,"upper_bound":24.823505342733952},"point_estimate":19.93651853378124,"standard_error":4.71587481626244}}