{"Mean":{"confidence_interval":{"confidence_level":0.95,"lower_bound":19535.94975321804,"upper_bound":20123.597217856463},"point_estimate":19830.93351631646,"standard_error":150.2443842264744},"Median":{"confidence_interval":{"confidence_level":0.95,"lower_bound":19466.31098354382,"upper_bound":20403.05166475316},"point_estimate":19727.250175405024,"standard_error":257.2019455689653},"MedianAbsDev":{"confidence_interval":{"confidence_level":0.95,"lower_bound":40.59422924486874,"upper_bound":863.9981815661836},"point_estimate":595.2077458164172,"standard_error":225.36685233721352},"Slope":{"confidence_interval":{"confidence_level":0.95,"lower_bound":19333.321596686143,"upper_bound":20157.52197832573},"point_estimate":19664.14695354397,"standard_error":206.1852058114526},"StdDev":{"confidence_interval":{"confidence_level":0.95,"lower_bound":314.1971154553973,"upper_bound":610.1411306230749},"point_estimate":500.79847931127284,"standard_error":76.08335027199509}}