{"Mean":{"confidence_interval":{"confidence_level":0.95,"lower_bound":438428.21110514423,"upper_bound":440513.2150174119},"point_estimate":439382.95027313207,"standard_error":535.6251318761878},"Median":{"confidence_interval":{"confidence_level":0.95,"lower_bound":438088.83455284557,"upper_bound":440157.36780487804},"point_estimate":439058.2549390244,"standard_error":424.12493576893587},"MedianAbsDev":{"confidence_interval":{"confidence_level":0.95,"lower_bound":129.37136231704343,"upper_bound":2594.867993299767},"point_estimate":1023.8174834699503,"standard_error":780.6580893699243},"Slope":{"confidence_interval":{"confidence_level":0.95,"lower_bound":438881.87569095555,"upper_bound":439468.27089164336},"point_estimate":439123.07513462147,"standard_error":147.77611646339952},"StdDev":{"confidence_interval":{"confidence_level":0.95,"lower_bound":711.67371601395,"upper_bound":2466.738003782332},"point_estimate":1781.0104354772586,"standard_error":491.48576701235993}}