{"Mean":{"confidence_interval":{"confidence_level":0.95,"lower_bound":561.6537077855659,"upper_bound":597.1987642563384},"point_estimate":580.5686713756244,"standard_error":9.190242583960348},"Median":{"confidence_interval":{"confidence_level":0.95,"lower_bound":552.4966293563979,"upper_bound":603.4592735854199},"point_estimate":597.5957994149071,"standard_error":14.444128315082805},"MedianAbsDev":{"confidence_interval":{"confidence_level":0.95,"lower_bound":2.042898029506503,"upper_bound":49.73448981183413},"point_estimate":14.622766381091894,"standard_error":13.45666002136257},"Slope":{"confidence_interval":{"confidence_level":0.95,"lower_bound":590.4391908963065,"upper_bound":604.5266550676606},"point_estimate":600.4111440200603,"standard_error":3.687164882311135},"StdDev":{"confidence_interval":{"confidence_level":0.95,"lower_bound":13.208148826251376,"upper_bound":36.94049117040278},"point_estimate":30.66131026154371,"standard_error":5.749459034928403}}