{"Mean":{"confidence_interval":{"confidence_level":0.95,"lower_bound":554139.6210952381,"upper_bound":561426.8216441071},"point_estimate":557990.6202119048,"standard_error":1876.4126041669658},"Median":{"confidence_interval":{"confidence_level":0.95,"lower_bound":553199.3533333334,"upper_bound":562435.20625},"point_estimate":560015.815,"standard_error":2322.84042812337},"MedianAbsDev":{"confidence_interval":{"confidence_level":0.95,"lower_bound":634.3303987383497,"upper_bound":9967.621922439363},"point_estimate":3811.947474574494,"standard_error":2557.3869755719334},"Slope":{"confidence_interval":{"confidence_level":0.95,"lower_bound":559351.7576237624,"upper_bound":563870.1903490258},"point_estimate":562014.3542337662,"standard_error":1178.1268273097546},"StdDev":{"confidence_interval":{"confidence_level":0.95,"lower_bound":2648.574539962091,"upper_bound":7822.927293662046},"point_estimate":6259.655004500638,"standard_error":1255.8581467051936}}