{"Mean":{"confidence_interval":{"confidence_level":0.95,"lower_bound":7123210.2496703295,"upper_bound":7195702.400639193},"point_estimate":7157209.915952382,"standard_error":18674.266868473536},"Median":{"confidence_interval":{"confidence_level":0.95,"lower_bound":7108265.994505495,"upper_bound":7203803.969230769},"point_estimate":7143172.796153846,"standard_error":25644.525875128526},"MedianAbsDev":{"confidence_interval":{"confidence_level":0.95,"lower_bound":5912.877518102218,"upper_bound":101163.19384553224},"point_estimate":51820.387403849854,"standard_error":24395.22067281892},"Slope":{"confidence_interval":{"confidence_level":0.95,"lower_bound":7140364.384264138,"upper_bound":7213922.462648434},"point_estimate":7173735.244155844,"standard_error":18588.250852842164},"StdDev":{"confidence_interval":{"confidence_level":0.95,"lower_bound":28405.236598776166,"upper_bound":79052.81554155605},"point_estimate":62191.32727228716,"standard_error":12829.766061772674}}