{"Mean":{"confidence_interval":{"confidence_level":0.95,"lower_bound":891.2869123320772,"upper_bound":1005.097283838169},"point_estimate":949.9141266456897,"standard_error":29.094620997816328},"Median":{"confidence_interval":{"confidence_level":0.95,"lower_bound":844.6893072096299,"upper_bound":1034.1400606138216},"point_estimate":996.9972924403467,"standard_error":57.67157474606962},"MedianAbsDev":{"confidence_interval":{"confidence_level":0.95,"lower_bound":10.142211092766155,"upper_bound":150.99611672842644},"point_estimate":65.21007820910998,"standard_error":41.785431524370416},"Slope":{"confidence_interval":{"confidence_level":0.95,"lower_bound":975.7931663241787,"upper_bound":1032.7968366665168},"point_estimate":1016.7327674860675,"standard_error":14.997958819339749},"StdDev":{"confidence_interval":{"confidence_level":0.95,"lower_bound":59.72432743967776,"upper_bound":109.65513662188812},"point_estimate":96.82476345151788,"standard_error":13.128888533799248}}