{"Mean":{"confidence_interval":{"confidence_level":0.95,"lower_bound":8904172.0430092,"upper_bound":8928067.246212121},"point_estimate":8915444.175321069,"standard_error":6128.8111362510235},"Median":{"confidence_interval":{"confidence_level":0.95,"lower_bound":8897263.787878787,"upper_bound":8934144.116883118},"point_estimate":8910871.602272727,"standard_error":9658.533874790612},"MedianAbsDev":{"confidence_interval":{"confidence_level":0.95,"lower_bound":1883.9689892815597,"upper_bound":36687.80387290221},"point_estimate":19528.462410876567,"standard_error":10207.9264091369},"Slope":{"confidence_interval":{"confidence_level":0.95,"lower_bound":8900930.746542733,"upper_bound":8932286.57476949},"point_estimate":8915871.280047225,"standard_error":8070.21307618586},"StdDev":{"confidence_interval":{"confidence_level":0.95,"lower_bound":10288.33771233192,"upper_bound":25000.738108472477},"point_estimate":20505.800480512273,"standard_error":3825.9892642452123}}