{"Mean":{"confidence_interval":{"confidence_level":0.95,"lower_bound":332367.09393472224,"upper_bound":360948.51122824074},"point_estimate":347320.12468518515,"standard_error":7353.1448444797925},"Median":{"confidence_interval":{"confidence_level":0.95,"lower_bound":320345.44444444444,"upper_bound":366496.92500000005},"point_estimate":352133.8847222222,"standard_error":10401.954091940826},"MedianAbsDev":{"confidence_interval":{"confidence_level":0.95,"lower_bound":1888.7318791350424,"upper_bound":39105.377586629715},"point_estimate":23956.21155252559,"standard_error":9711.977866318915},"Slope":{"confidence_interval":{"confidence_level":0.95,"lower_bound":353440.8224637681,"upper_bound":369702.8658687548},"point_estimate":363736.0582683983,"standard_error":4197.493223598187},"StdDev":{"confidence_interval":{"confidence_level":0.95,"lower_bound":11116.022216710182,"upper_bound":29603.13233350187},"point_estimate":24446.970844544114,"standard_error":4267.80282654816}}