{"Mean":{"confidence_interval":{"confidence_level":0.95,"lower_bound":55106.00065258717,"upper_bound":64913.7800226355},"point_estimate":59909.907701012,"standard_error":2515.6831626801795},"Median":{"confidence_interval":{"confidence_level":0.95,"lower_bound":54204.38719068413,"upper_bound":66772.20815138283},"point_estimate":58642.64055676856,"standard_error":3421.3298660326786},"MedianAbsDev":{"confidence_interval":{"confidence_level":0.95,"lower_bound":2207.702501853482,"upper_bound":14514.718484670315},"point_estimate":8247.442274291872,"standard_error":3104.5867157525167},"Slope":{"confidence_interval":{"confidence_level":0.95,"lower_bound":56768.78044964046,"upper_bound":63299.189819868996},"point_estimate":59973.93911983213,"standard_error":1657.6797491497762},"StdDev":{"confidence_interval":{"confidence_level":0.95,"lower_bound":4549.259768776645,"upper_bound":10831.979090530795},"point_estimate":8373.410257143145,"standard_error":1628.162683987056}}