{"Mean":{"confidence_interval":{"confidence_level":0.95,"lower_bound":68116.26807298123,"upper_bound":69652.34138340797},"point_estimate":68790.90139335358,"standard_error":400.0177568496179},"Median":{"confidence_interval":{"confidence_level":0.95,"lower_bound":67929.580604534,"upper_bound":69509.632784075},"point_estimate":68195.48576359736,"standard_error":372.1773418041875},"MedianAbsDev":{"confidence_interval":{"confidence_level":0.95,"lower_bound":99.9236282008237,"upper_bound":1641.8163506189294},"point_estimate":515.0018827068889,"standard_error":422.02593670982026},"Slope":{"confidence_interval":{"confidence_level":0.95,"lower_bound":68097.75637686932,"upper_bound":69560.91263813511},"point_estimate":68680.8626189931,"standard_error":380.83109720990547},"StdDev":{"confidence_interval":{"confidence_level":0.95,"lower_bound":316.78917617713955,"upper_bound":1848.3095068000334},"point_estimate":1335.2226291136005,"standard_error":422.2918499054302}}