{"Mean":{"confidence_interval":{"confidence_level":0.95,"lower_bound":39308.336132476026,"upper_bound":39845.4389652926},"point_estimate":39616.101209724926,"standard_error":139.9795776268169},"Median":{"confidence_interval":{"confidence_level":0.95,"lower_bound":39498.91899530717,"upper_bound":39973.496871444826},"point_estimate":39677.92520924752,"standard_error":125.14816124953963},"MedianAbsDev":{"confidence_interval":{"confidence_level":0.95,"lower_bound":44.35571422959928,"upper_bound":573.1025170704947},"point_estimate":281.971873687471,"standard_error":124.27210190409907},"Slope":{"confidence_interval":{"confidence_level":0.95,"lower_bound":39564.89196363031,"upper_bound":39784.97966115938},"point_estimate":39650.58771995922,"standard_error":56.10712383253343},"StdDev":{"confidence_interval":{"confidence_level":0.95,"lower_bound":160.7568145047727,"upper_bound":684.8393737160231},"point_estimate":466.75184805585883,"standard_error":165.51560087317785}}