{"Mean":{"confidence_interval":{"confidence_level":0.95,"lower_bound":601.8186766230579,"upper_bound":640.6697446026069},"point_estimate":620.2991414452559,"standard_error":9.945389037691225},"Median":{"confidence_interval":{"confidence_level":0.95,"lower_bound":592.1930352008975,"upper_bound":650.0131438499716},"point_estimate":608.1495512236169,"standard_error":15.908109617204302},"MedianAbsDev":{"confidence_interval":{"confidence_level":0.95,"lower_bound":5.358139094797521,"upper_bound":54.726812003476866},"point_estimate":32.63787669073926,"standard_error":13.08478862740789},"Slope":{"confidence_interval":{"confidence_level":0.95,"lower_bound":593.3251859379844,"upper_bound":658.680232331465},"point_estimate":631.7958979033729,"standard_error":17.00635659836951},"StdDev":{"confidence_interval":{"confidence_level":0.95,"lower_bound":17.807921361348548,"upper_bound":39.45014627771971},"point_estimate":33.13234774836438,"standard_error":5.4441132263061585}}