{"Mean":{"confidence_interval":{"confidence_level":0.95,"lower_bound":45550.534067145694,"upper_bound":46035.10630131938},"point_estimate":45787.99056698051,"standard_error":124.44118435749884},"Median":{"confidence_interval":{"confidence_level":0.95,"lower_bound":45469.233399405355,"upper_bound":46109.39271555997},"point_estimate":45712.76706516353,"standard_error":148.47655808330057},"MedianAbsDev":{"confidence_interval":{"confidence_level":0.95,"lower_bound":56.2567129445033,"upper_bound":707.79803963923},"point_estimate":401.3046121457338,"standard_error":170.86550052044353},"Slope":{"confidence_interval":{"confidence_level":0.95,"lower_bound":45573.621907819645,"upper_bound":45863.14063195024},"point_estimate":45693.33387177738,"standard_error":74.92587384170555},"StdDev":{"confidence_interval":{"confidence_level":0.95,"lower_bound":216.90522715187277,"upper_bound":524.6824453675548},"point_estimate":415.3527182240568,"standard_error":77.267269597282}}