{"Mean":{"confidence_interval":{"confidence_level":0.95,"lower_bound":2117.778167104112,"upper_bound":2212.464680110709},"point_estimate":2168.583821313454,"standard_error":24.423592501190303},"Median":{"confidence_interval":{"confidence_level":0.95,"lower_bound":2103.167177786987,"upper_bound":2226.8880698300873},"point_estimate":2205.176001346871,"standard_error":34.64271426908528},"MedianAbsDev":{"confidence_interval":{"confidence_level":0.95,"lower_bound":3.4262697993039337,"upper_bound":126.77012205850427},"point_estimate":41.60417232879096,"standard_error":35.01348659402304},"Slope":{"confidence_interval":{"confidence_level":0.95,"lower_bound":2182.8721174792518,"upper_bound":2222.653529185067},"point_estimate":2200.9314197447807,"standard_error":10.05401103294933},"StdDev":{"confidence_interval":{"confidence_level":0.95,"lower_bound":28.25538200264227,"upper_bound":102.6199989529664},"point_estimate":81.62810035605186,"standard_error":17.488385882855237}}