{"Mean":{"confidence_interval":{"confidence_level":0.95,"lower_bound":6402387.5334375,"upper_bound":6587711.747062996},"point_estimate":6491749.899667659,"standard_error":47371.316258089595},"Median":{"confidence_interval":{"confidence_level":0.95,"lower_bound":6372548.645833334,"upper_bound":6572576.296428571},"point_estimate":6484851.070833333,"standard_error":41363.14583951588},"MedianAbsDev":{"confidence_interval":{"confidence_level":0.95,"lower_bound":11742.82189652296,"upper_bound":274688.64499203215},"point_estimate":85786.4197504241,"standard_error":68423.0945239344},"Slope":{"confidence_interval":{"confidence_level":0.95,"lower_bound":6484026.485264228,"upper_bound":6690252.030120482},"point_estimate":6595249.651298702,"standard_error":53316.63816096693},"StdDev":{"confidence_interval":{"confidence_level":0.95,"lower_bound":68437.19483918342,"upper_bound":212504.33605573428},"point_estimate":157368.6988287911,"standard_error":37388.73502148491}}