{"Mean":{"confidence_interval":{"confidence_level":0.95,"lower_bound":2401719.339600877,"upper_bound":2431857.456044643},"point_estimate":2416519.4419110278,"standard_error":7750.604634034348},"Median":{"confidence_interval":{"confidence_level":0.95,"lower_bound":2389756.7719298247,"upper_bound":2437832.852631579},"point_estimate":2420092.2802631576,"standard_error":12349.66217072203},"MedianAbsDev":{"confidence_interval":{"confidence_level":0.95,"lower_bound":5199.718054792083,"upper_bound":45322.77784759664},"point_estimate":27405.81383384423,"standard_error":10345.858747583223},"Slope":{"confidence_interval":{"confidence_level":0.95,"lower_bound":2394444.304074703,"upper_bound":2433203.5853485065},"point_estimate":2415225.5640464798,"standard_error":10133.838574120038},"StdDev":{"confidence_interval":{"confidence_level":0.95,"lower_bound":15736.50871271133,"upper_bound":32157.024759344673},"point_estimate":25877.081023336614,"standard_error":4276.464721959351}}