{"Mean":{"confidence_interval":{"confidence_level":0.95,"lower_bound":5294.287803993997,"upper_bound":5449.444440183204},"point_estimate":5366.850094303456,"standard_error":39.679466785096494},"Median":{"confidence_interval":{"confidence_level":0.95,"lower_bound":5272.867824351298,"upper_bound":5444.784727687482},"point_estimate":5342.529724440008,"standard_error":39.71322350515034},"MedianAbsDev":{"confidence_interval":{"confidence_level":0.95,"lower_bound":16.44660103010302,"upper_bound":215.26363746273768},"point_estimate":121.93672172108424,"standard_error":50.62829887770625},"Slope":{"confidence_interval":{"confidence_level":0.95,"lower_bound":5328.440124324386,"upper_bound":5441.588327207794},"point_estimate":5388.415719418306,"standard_error":30.57939195853567},"StdDev":{"confidence_interval":{"confidence_level":0.95,"lower_bound":58.741876365899024,"upper_bound":178.31180504962575},"point_estimate":132.55540610991218,"standard_error":32.1838893893053}}