{"Mean":{"confidence_interval":{"confidence_level":0.95,"lower_bound":19797.97444046286,"upper_bound":20773.950721676978},"point_estimate":20284.341162816097,"standard_error":252.103747176005},"Median":{"confidence_interval":{"confidence_level":0.95,"lower_bound":19628.506221997013,"upper_bound":21319.90249626627},"point_estimate":20105.77985207311,"standard_error":356.47778730773854},"MedianAbsDev":{"confidence_interval":{"confidence_level":0.95,"lower_bound":71.38498502453292,"upper_bound":1592.2044269386138},"point_estimate":845.6468367656237,"standard_error":450.9248513279265},"Slope":{"confidence_interval":{"confidence_level":0.95,"lower_bound":19519.693621613933,"upper_bound":20292.79920329713},"point_estimate":19869.186944269728,"standard_error":195.89169428770828},"StdDev":{"confidence_interval":{"confidence_level":0.95,"lower_bound":493.32966181036346,"upper_bound":1029.4975455992083},"point_estimate":841.5730909088857,"standard_error":137.8183818783661}}