{"Mean":{"confidence_interval":{"confidence_level":0.95,"lower_bound":135225.41122589426,"upper_bound":137072.9954238379},"point_estimate":136094.81508726458,"standard_error":474.52937056789636},"Median":{"confidence_interval":{"confidence_level":0.95,"lower_bound":135112.85471747018,"upper_bound":137438.5567651633},"point_estimate":135723.89710558148,"standard_error":505.2656548453124},"MedianAbsDev":{"confidence_interval":{"confidence_level":0.95,"lower_bound":264.99560753488834,"upper_bound":2682.014705806167},"point_estimate":958.9507100151409,"standard_error":623.6014661473816},"Slope":{"confidence_interval":{"confidence_level":0.95,"lower_bound":134785.5863974339,"upper_bound":136662.9003666196},"point_estimate":135628.85183494576,"standard_error":468.8483320306876},"StdDev":{"confidence_interval":{"confidence_level":0.95,"lower_bound":614.5215907863382,"upper_bound":2029.3029098320142},"point_estimate":1581.2643313435424,"standard_error":344.9639016677421}}