{"Mean":{"confidence_interval":{"confidence_level":0.95,"lower_bound":7263.3886982709755,"upper_bound":7659.117277721089},"point_estimate":7471.940172821511,"standard_error":101.7509591057733},"Median":{"confidence_interval":{"confidence_level":0.95,"lower_bound":7193.1400874635565,"upper_bound":7739.528542274053},"point_estimate":7614.259548104956,"standard_error":160.16103379814064},"MedianAbsDev":{"confidence_interval":{"confidence_level":0.95,"lower_bound":57.35773528271743,"upper_bound":573.0035207200102},"point_estimate":298.67701080286616,"standard_error":135.91583496831907},"Slope":{"confidence_interval":{"confidence_level":0.95,"lower_bound":7442.822265829409,"upper_bound":7708.859125687622},"point_estimate":7610.032218772481,"standard_error":67.62888177971305},"StdDev":{"confidence_interval":{"confidence_level":0.95,"lower_bound":182.57773382135227,"upper_bound":426.1400106256564},"point_estimate":339.30887822898535,"standard_error":64.56521662179507}}