{"Mean":{"confidence_interval":{"confidence_level":0.95,"lower_bound":7584602.459652779,"upper_bound":7682628.179042825},"point_estimate":7634611.856643518,"standard_error":25132.7120694224},"Median":{"confidence_interval":{"confidence_level":0.95,"lower_bound":7555104.602314815,"upper_bound":7692052.333333333},"point_estimate":7667117.527777778,"standard_error":41187.2161512353},"MedianAbsDev":{"confidence_interval":{"confidence_level":0.95,"lower_bound":3896.1924233294017,"upper_bound":136834.32831570512},"point_estimate":81284.79106871202,"standard_error":38470.724836682966},"Slope":{"confidence_interval":{"confidence_level":0.95,"lower_bound":7545101.449094924,"upper_bound":7638712.014782756},"point_estimate":7578425.251082251,"standard_error":23345.310502162713},"StdDev":{"confidence_interval":{"confidence_level":0.95,"lower_bound":49468.112151295856,"upper_bound":103059.75575650994},"point_estimate":84222.77174840048,"standard_error":13581.360592461295}}