{"Mean":{"confidence_interval":{"confidence_level":0.95,"lower_bound":937215.1892205216,"upper_bound":1062006.8280527212},"point_estimate":1006234.6943225622,"standard_error":31991.478723957498},"Median":{"confidence_interval":{"confidence_level":0.95,"lower_bound":952305.1785714286,"upper_bound":1069842.0785714285},"point_estimate":1061609.4154761904,"standard_error":31746.681835088224},"MedianAbsDev":{"confidence_interval":{"confidence_level":0.95,"lower_bound":2008.8411860024755,"upper_bound":150452.31410375898},"point_estimate":19309.820785753654,"standard_error":36758.932110734175},"Slope":{"confidence_interval":{"confidence_level":0.95,"lower_bound":1044393.2089283003,"upper_bound":1069924.9330210772},"point_estimate":1062421.050760668,"standard_error":6761.52007383387},"StdDev":{"confidence_interval":{"confidence_level":0.95,"lower_bound":11313.804709819688,"upper_bound":140626.71083518997},"point_estimate":106829.5743812742,"standard_error":30977.3921415578}}