{"Mean":{"confidence_interval":{"confidence_level":0.95,"lower_bound":2665.123171625399,"upper_bound":2735.6697349946503},"point_estimate":2699.123689973077,"standard_error":18.116174724707143},"Median":{"confidence_interval":{"confidence_level":0.95,"lower_bound":2642.1396691233313,"upper_bound":2758.4900427768903},"point_estimate":2689.6829571028534,"standard_error":28.24774349178483},"MedianAbsDev":{"confidence_interval":{"confidence_level":0.95,"lower_bound":9.23974672767966,"upper_bound":106.45100158277565},"point_estimate":65.17708523673231,"standard_error":25.437955509884834},"Slope":{"confidence_interval":{"confidence_level":0.95,"lower_bound":2660.7583055550463,"upper_bound":2754.5482756754345},"point_estimate":2701.650384630573,"standard_error":24.282191871117668},"StdDev":{"confidence_interval":{"confidence_level":0.95,"lower_bound":32.82959642861049,"upper_bound":73.09318938634821},"point_estimate":60.28483057296401,"standard_error":10.171295183087551}}