{"Mean":{"confidence_interval":{"confidence_level":0.95,"lower_bound":937.5044909786245,"upper_bound":968.123307458601},"point_estimate":953.3225950013648,"standard_error":7.812734251266193},"Median":{"confidence_interval":{"confidence_level":0.95,"lower_bound":921.0572956278172,"upper_bound":973.6796400283016},"point_estimate":969.0662215492775,"standard_error":15.966813048571899},"MedianAbsDev":{"confidence_interval":{"confidence_level":0.95,"lower_bound":1.3969241040556881,"upper_bound":39.1097438988667},"point_estimate":13.033254295362175,"standard_error":11.521183627361854},"Slope":{"confidence_interval":{"confidence_level":0.95,"lower_bound":958.2282643221099,"upper_bound":972.8956985062389},"point_estimate":968.3707416996367,"standard_error":3.86492915808885},"StdDev":{"confidence_interval":{"confidence_level":0.95,"lower_bound":16.460013709542107,"upper_bound":28.86477123248925},"point_estimate":26.030154835932173,"standard_error":3.4164158528394437}}