{"Mean":{"confidence_interval":{"confidence_level":0.95,"lower_bound":921368.6252311645,"upper_bound":937117.9574189497},"point_estimate":929042.231392694,"standard_error":4019.4747203957672},"Median":{"confidence_interval":{"confidence_level":0.95,"lower_bound":917203.4537671233,"upper_bound":938824.0228310502},"point_estimate":929104.2191780822,"standard_error":6473.796856914789},"MedianAbsDev":{"confidence_interval":{"confidence_level":0.95,"lower_bound":3190.3892817154024,"upper_bound":23643.471299148667},"point_estimate":16048.879844185034,"standard_error":5101.664810915157},"Slope":{"confidence_interval":{"confidence_level":0.95,"lower_bound":923891.9490466494,"upper_bound":941127.5361865547},"point_estimate":934237.984024195,"standard_error":4482.808876358817},"StdDev":{"confidence_interval":{"confidence_level":0.95,"lower_bound":8004.460454149691,"upper_bound":16529.23333167694},"point_estimate":13423.853775688085,"standard_error":2204.720281437593}}