{"Mean":{"confidence_interval":{"confidence_level":0.95,"lower_bound":547390.4902167338,"upper_bound":624910.9723328692},"point_estimate":590548.1435883896,"standard_error":19697.69548889913},"Median":{"confidence_interval":{"confidence_level":0.95,"lower_bound":549322.2570564516,"upper_bound":628841.4025857655},"point_estimate":623568.1384408602,"standard_error":19666.837488447483},"MedianAbsDev":{"confidence_interval":{"confidence_level":0.95,"lower_bound":2803.460759099544,"upper_bound":90255.68561175422},"point_estimate":9193.30859038157,"standard_error":20391.62365836042},"Slope":{"confidence_interval":{"confidence_level":0.95,"lower_bound":614278.8221282761,"upper_bound":629807.7982689436},"point_estimate":625631.1586510264,"standard_error":4130.267347228976},"StdDev":{"confidence_interval":{"confidence_level":0.95,"lower_bound":5494.596910166736,"upper_bound":82778.45190983705},"point_estimate":65658.4205902748,"standard_error":19027.72239183167}}