{"Mean":{"confidence_interval":{"confidence_level":0.95,"lower_bound":3293628.1682199547,"upper_bound":3326924.1285241875},"point_estimate":3310953.686579743,"standard_error":8526.6302996758},"Median":{"confidence_interval":{"confidence_level":0.95,"lower_bound":3286735.7236394556,"upper_bound":3337230.476190476},"point_estimate":3318570.8666666667,"standard_error":12690.437603380988},"MedianAbsDev":{"confidence_interval":{"confidence_level":0.95,"lower_bound":4876.96946897231,"upper_bound":49409.610837089516},"point_estimate":30961.9761747593,"standard_error":11128.581046903706},"Slope":{"confidence_interval":{"confidence_level":0.95,"lower_bound":3306925.859370649,"upper_bound":3332542.0923164748},"point_estimate":3322720.061842919,"standard_error":6538.3908700443935},"StdDev":{"confidence_interval":{"confidence_level":0.95,"lower_bound":15180.757599548517,"upper_bound":34154.82044456113},"point_estimate":28393.188619431574,"standard_error":4699.614958704791}}