{"Mean":{"confidence_interval":{"confidence_level":0.95,"lower_bound":1416625.3003968257,"upper_bound":1424525.0820552253},"point_estimate":1419704.070505795,"standard_error":2164.9437899122786},"Median":{"confidence_interval":{"confidence_level":0.95,"lower_bound":1415567.9567901236,"upper_bound":1419970.5873015872},"point_estimate":1418065.9338624338,"standard_error":1463.9177434890814},"MedianAbsDev":{"confidence_interval":{"confidence_level":0.95,"lower_bound":300.1271317087887,"upper_bound":5554.510793054262},"point_estimate":3170.1510900147277,"standard_error":1397.2189102794039},"Slope":{"confidence_interval":{"confidence_level":0.95,"lower_bound":1415831.8975749405,"upper_bound":1421341.40854849},"point_estimate":1418033.3064522778,"standard_error":1432.0070913678805},"StdDev":{"confidence_interval":{"confidence_level":0.95,"lower_bound":1562.5170139353095,"upper_bound":10975.627396315454},"point_estimate":7203.934124190887,"standard_error":3211.0608268969722}}