{"Mean":{"confidence_interval":{"confidence_level":0.95,"lower_bound":82789.87974159664,"upper_bound":84668.22252042482},"point_estimate":83712.2563731326,"standard_error":481.91997800899054},"Median":{"confidence_interval":{"confidence_level":0.95,"lower_bound":82317.20220588235,"upper_bound":84987.9149159664},"point_estimate":83635.28266806723,"standard_error":693.0821890765832},"MedianAbsDev":{"confidence_interval":{"confidence_level":0.95,"lower_bound":319.6237534799541,"upper_bound":2787.4731197771534},"point_estimate":1642.8743647669767,"standard_error":594.9759928295401},"Slope":{"confidence_interval":{"confidence_level":0.95,"lower_bound":83601.50190563226,"upper_bound":85587.55540325887},"point_estimate":84848.77836952962,"standard_error":499.7855488563796},"StdDev":{"confidence_interval":{"confidence_level":0.95,"lower_bound":927.5387553680002,"upper_bound":2008.8376607047624},"point_estimate":1603.0659375109462,"standard_error":279.0311972915445}}