{"Mean":{"confidence_interval":{"confidence_level":0.95,"lower_bound":591.1521895190238,"upper_bound":627.6295806473577},"point_estimate":609.5050559618696,"standard_error":9.316812466842608},"Median":{"confidence_interval":{"confidence_level":0.95,"lower_bound":582.456776331321,"upper_bound":631.4146642046924},"point_estimate":614.760718983219,"standard_error":12.497411841941068},"MedianAbsDev":{"confidence_interval":{"confidence_level":0.95,"lower_bound":3.380904584423968,"upper_bound":53.862621785813396},"point_estimate":36.72643248353577,"standard_error":12.460108343889209},"Slope":{"confidence_interval":{"confidence_level":0.95,"lower_bound":611.8179883812163,"upper_bound":645.544039936659},"point_estimate":632.2778478814363,"standard_error":8.672289606103943},"StdDev":{"confidence_interval":{"confidence_level":0.95,"lower_bound":17.956317141251308,"upper_bound":38.624477505918286},"point_estimate":30.927032135591826,"standard_error":5.306090218969978}}