{"Mean":{"confidence_interval":{"confidence_level":0.95,"lower_bound":30973.366310652993,"upper_bound":31281.41191559204},"point_estimate":31124.44829828229,"standard_error":78.9995898678274},"Median":{"confidence_interval":{"confidence_level":0.95,"lower_bound":30879.58268688293,"upper_bound":31331.812923131172},"point_estimate":31159.27983326617,"standard_error":131.86443492366539},"MedianAbsDev":{"confidence_interval":{"confidence_level":0.95,"lower_bound":31.510825745224636,"upper_bound":489.94756111833493},"point_estimate":398.92356899314984,"standard_error":122.5467185816666},"Slope":{"confidence_interval":{"confidence_level":0.95,"lower_bound":31136.936545153763,"upper_bound":31414.67487348142},"point_estimate":31277.913227886358,"standard_error":72.44981150700467},"StdDev":{"confidence_interval":{"confidence_level":0.95,"lower_bound":161.10636713806016,"upper_bound":322.92767332583537},"point_estimate":263.2173501836066,"standard_error":42.398941526050244}}