{"Mean":{"confidence_interval":{"confidence_level":0.95,"lower_bound":861198.4232898307,"upper_bound":877110.3891518997},"point_estimate":869796.1965676884,"standard_error":4090.1757003224625},"Median":{"confidence_interval":{"confidence_level":0.95,"lower_bound":860662.9348659004,"upper_bound":879635.3879310344},"point_estimate":873880.1975574712,"standard_error":4899.121816526759},"MedianAbsDev":{"confidence_interval":{"confidence_level":0.95,"lower_bound":2273.0781850758385,"upper_bound":21750.55249948266},"point_estimate":10567.55083825047,"standard_error":4915.330429666453},"Slope":{"confidence_interval":{"confidence_level":0.95,"lower_bound":871960.6699214324,"upper_bound":881760.8721985979},"point_estimate":876854.9955515749,"standard_error":2568.6984564533777},"StdDev":{"confidence_interval":{"confidence_level":0.95,"lower_bound":6181.616494059452,"upper_bound":18562.833367228177},"point_estimate":13646.613094737333,"standard_error":3477.210489882379}}