{"Mean":{"confidence_interval":{"confidence_level":0.95,"lower_bound":2124893.719387125,"upper_bound":2223112.039938272},"point_estimate":2172541.5761463842,"standard_error":25129.828057067687},"Median":{"confidence_interval":{"confidence_level":0.95,"lower_bound":2110613.2625,"upper_bound":2246521.972993827},"point_estimate":2162810.0416666665,"standard_error":38818.977499813285},"MedianAbsDev":{"confidence_interval":{"confidence_level":0.95,"lower_bound":8783.875638221487,"upper_bound":137984.83132346772},"point_estimate":72410.23625279458,"standard_error":39458.52987891924},"Slope":{"confidence_interval":{"confidence_level":0.95,"lower_bound":2166116.068013468,"upper_bound":2277012.89190083},"point_estimate":2236366.164646465,"standard_error":28412.70536060569},"StdDev":{"confidence_interval":{"confidence_level":0.95,"lower_bound":44984.27631900209,"upper_bound":104467.54773986539},"point_estimate":83936.44378150212,"standard_error":14849.721748954791}}