{"Mean":{"confidence_interval":{"confidence_level":0.95,"lower_bound":249395.34497491491,"upper_bound":252834.18741118666},"point_estimate":250993.55951577853,"standard_error":882.3676148963763},"Median":{"confidence_interval":{"confidence_level":0.95,"lower_bound":248471.67857142858,"upper_bound":252811.46258503402},"point_estimate":250365.30674603174,"standard_error":1375.419421223905},"MedianAbsDev":{"confidence_interval":{"confidence_level":0.95,"lower_bound":320.9299443023607,"upper_bound":5515.868079851535},"point_estimate":2999.6486284122393,"standard_error":1273.059587526498},"Slope":{"confidence_interval":{"confidence_level":0.95,"lower_bound":250777.1990005879,"upper_bound":254508.84855473554},"point_estimate":252763.53042671614,"standard_error":939.1000432079924},"StdDev":{"confidence_interval":{"confidence_level":0.95,"lower_bound":1549.6087021605886,"upper_bound":3905.491888209247},"point_estimate":2941.361620603764,"standard_error":669.917865982074}}