{"Mean":{"confidence_interval":{"confidence_level":0.95,"lower_bound":117.2376522728449,"upper_bound":130.48511132736132},"point_estimate":124.63329165094902,"standard_error":3.3732721241379218},"Median":{"confidence_interval":{"confidence_level":0.95,"lower_bound":123.6883639536426,"upper_bound":129.5127568636736},"point_estimate":124.97937480357794,"standard_error":1.6169530751248369},"MedianAbsDev":{"confidence_interval":{"confidence_level":0.95,"lower_bound":0.39016042812609364,"upper_bound":13.490367456530821},"point_estimate":2.4059586225194423,"standard_error":3.229181804992539},"Slope":{"confidence_interval":{"confidence_level":0.95,"lower_bound":123.99427483723443,"upper_bound":126.42999252027296},"point_estimate":124.76660115955153,"standard_error":0.6365970050254645},"StdDev":{"confidence_interval":{"confidence_level":0.95,"lower_bound":1.7609292252524527,"upper_bound":16.528801992095637},"point_estimate":11.238214677053456,"standard_error":4.005167522381699}}