{"Mean":{"confidence_interval":{"confidence_level":0.95,"lower_bound":66039.46445989814,"upper_bound":67787.95408370152},"point_estimate":66918.1677475045,"standard_error":448.65727299966414},"Median":{"confidence_interval":{"confidence_level":0.95,"lower_bound":65317.85189003436,"upper_bound":68372.89896089019},"point_estimate":67034.5595017182,"standard_error":811.8750929316108},"MedianAbsDev":{"confidence_interval":{"confidence_level":0.95,"lower_bound":323.3856233309193,"upper_bound":2580.405814326094},"point_estimate":2125.7376403791695,"standard_error":585.0543918614061},"Slope":{"confidence_interval":{"confidence_level":0.95,"lower_bound":67139.95636185112,"upper_bound":68499.47367809749},"point_estimate":68067.922351051,"standard_error":346.03204164162753},"StdDev":{"confidence_interval":{"confidence_level":0.95,"lower_bound":980.5330752274461,"upper_bound":1748.0239303055062},"point_estimate":1502.3218123413665,"standard_error":196.792282476437}}