{"Mean":{"confidence_interval":{"confidence_level":0.95,"lower_bound":237757.85210809982,"upper_bound":243727.3972753024},"point_estimate":240832.44269330884,"standard_error":1531.1506287935865},"Median":{"confidence_interval":{"confidence_level":0.95,"lower_bound":235991.51446945337,"upper_bound":244876.6655948553},"point_estimate":241986.89942581533,"standard_error":2133.8511034004637},"MedianAbsDev":{"confidence_interval":{"confidence_level":0.95,"lower_bound":824.880028040353,"upper_bound":8894.962086857768},"point_estimate":4504.201227140569,"standard_error":2128.887235782252},"Slope":{"confidence_interval":{"confidence_level":0.95,"lower_bound":241699.55843046212,"upper_bound":244927.57753748968},"point_estimate":243295.24419760305,"standard_error":823.4518100798291},"StdDev":{"confidence_interval":{"confidence_level":0.95,"lower_bound":2762.722241445718,"upper_bound":6284.650090572762},"point_estimate":5095.290921947327,"standard_error":867.1332078853382}}