{"Mean":{"confidence_interval":{"confidence_level":0.95,"lower_bound":10396.096431365746,"upper_bound":10573.563453129302},"point_estimate":10479.168037961159,"standard_error":45.49529286259785},"Median":{"confidence_interval":{"confidence_level":0.95,"lower_bound":10366.465178900775,"upper_bound":10593.052254703061},"point_estimate":10448.613106216297,"standard_error":50.01102301417341},"MedianAbsDev":{"confidence_interval":{"confidence_level":0.95,"lower_bound":17.274238940830866,"upper_bound":253.93116127781747},"point_estimate":95.058453802355,"standard_error":58.28839997566076},"Slope":{"confidence_interval":{"confidence_level":0.95,"lower_bound":10423.898251689958,"upper_bound":10614.280347678492},"point_estimate":10526.247382716878,"standard_error":51.50589968001969},"StdDev":{"confidence_interval":{"confidence_level":0.95,"lower_bound":62.89275101120884,"upper_bound":192.55089487482186},"point_estimate":151.15694287522612,"standard_error":32.96466735652533}}