{"Mean":{"confidence_interval":{"confidence_level":0.95,"lower_bound":33738.50237689394,"upper_bound":34059.25249990136},"point_estimate":33887.61111415494,"standard_error":82.49795184908116},"Median":{"confidence_interval":{"confidence_level":0.95,"lower_bound":33676.40909090909,"upper_bound":34177.775748557},"point_estimate":33764.13522727272,"standard_error":122.9868330456553},"MedianAbsDev":{"confidence_interval":{"confidence_level":0.95,"lower_bound":25.006359101501637,"upper_bound":429.45230449690763},"point_estimate":162.2996695617855,"standard_error":106.32062764058685},"Slope":{"confidence_interval":{"confidence_level":0.95,"lower_bound":33801.22229008615,"upper_bound":34260.09601379686},"point_estimate":34095.92823304942,"standard_error":111.21983351483911},"StdDev":{"confidence_interval":{"confidence_level":0.95,"lower_bound":89.33142330832531,"upper_bound":341.94843910711893},"point_estimate":275.3456177662413,"standard_error":56.62128897600669}}