{"Mean":{"confidence_interval":{"confidence_level":0.95,"lower_bound":718054.1746104001,"upper_bound":722145.4368691414},"point_estimate":720044.373083052,"standard_error":1050.9080199239831},"Median":{"confidence_interval":{"confidence_level":0.95,"lower_bound":717651.1010498687,"upper_bound":723301.3043307087},"point_estimate":718723.3877249719,"standard_error":1695.6619931394732},"MedianAbsDev":{"confidence_interval":{"confidence_level":0.95,"lower_bound":343.8586141709242,"upper_bound":5523.622575558225},"point_estimate":3470.3353780742373,"standard_error":1538.7301992650243},"Slope":{"confidence_interval":{"confidence_level":0.95,"lower_bound":716318.7227231081,"upper_bound":719921.0897172337},"point_estimate":717758.564863483,"standard_error":930.6988921077646},"StdDev":{"confidence_interval":{"confidence_level":0.95,"lower_bound":2024.0864246188087,"upper_bound":4320.42006277548},"point_estimate":3509.956616773493,"standard_error":577.12758965786}}