{"Mean":{"confidence_interval":{"confidence_level":0.95,"lower_bound":4758491.630704082,"upper_bound":4840913.04255102},"point_estimate":4809513.880255102,"standard_error":23054.55252920411},"Median":{"confidence_interval":{"confidence_level":0.95,"lower_bound":4812235.0,"upper_bound":4847091.028571429},"point_estimate":4832176.8244897965,"standard_error":10219.633479619748},"MedianAbsDev":{"confidence_interval":{"confidence_level":0.95,"lower_bound":5438.01974452687,"upper_bound":41543.45378245519},"point_estimate":25273.598342731548,"standard_error":10939.233894045808},"Slope":{"confidence_interval":{"confidence_level":0.95,"lower_bound":4828542.219989137,"upper_bound":4846039.066654823},"point_estimate":4839382.40148423,"standard_error":4490.372937932546},"StdDev":{"confidence_interval":{"confidence_level":0.95,"lower_bound":11175.736813046307,"upper_bound":117670.8037899517},"point_estimate":76828.71700470454,"standard_error":36242.65440696787}}