{"Mean":{"confidence_interval":{"confidence_level":0.95,"lower_bound":58529.37988784878,"upper_bound":59715.951873346574},"point_estimate":58984.744947203006,"standard_error":330.53901730767274},"Median":{"confidence_interval":{"confidence_level":0.95,"lower_bound":58514.473456790125,"upper_bound":59006.9196937322},"point_estimate":58573.63888888889,"standard_error":136.19877011410932},"MedianAbsDev":{"confidence_interval":{"confidence_level":0.95,"lower_bound":30.25454330903035,"upper_bound":640.8051460783254},"point_estimate":138.73890366224472,"standard_error":176.56608676469784},"Slope":{"confidence_interval":{"confidence_level":0.95,"lower_bound":58530.3438776806,"upper_bound":60859.98397988642},"point_estimate":59622.77847337847,"standard_error":671.456089155325},"StdDev":{"confidence_interval":{"confidence_level":0.95,"lower_bound":104.70878971129272,"upper_bound":1680.4964947004648},"point_estimate":1103.6225356715352,"standard_error":513.1541651366166}}