{"Mean":{"confidence_interval":{"confidence_level":0.95,"lower_bound":597641.455882353,"upper_bound":618009.6802671714},"point_estimate":607536.9198955414,"standard_error":5223.045350398813},"Median":{"confidence_interval":{"confidence_level":0.95,"lower_bound":592242.3382352941,"upper_bound":621104.0302287582},"point_estimate":607181.6773897058,"standard_error":7102.7731326002395},"MedianAbsDev":{"confidence_interval":{"confidence_level":0.95,"lower_bound":5110.5439122109665,"upper_bound":31141.332467902772},"point_estimate":18693.788482824817,"standard_error":6880.321277139636},"Slope":{"confidence_interval":{"confidence_level":0.95,"lower_bound":605994.3295156305,"upper_bound":629299.030955549},"point_estimate":620225.4833078686,"standard_error":6006.754390925712},"StdDev":{"confidence_interval":{"confidence_level":0.95,"lower_bound":9864.070713103682,"upper_bound":21577.38607723318},"point_estimate":17363.321588076014,"standard_error":3032.409839332845}}