{"Mean":{"confidence_interval":{"confidence_level":0.95,"lower_bound":8129.650272941598,"upper_bound":8182.203760659391},"point_estimate":8154.812524081896,"standard_error":13.479843540078079},"Median":{"confidence_interval":{"confidence_level":0.95,"lower_bound":8117.024146427314,"upper_bound":8193.587176610348},"point_estimate":8143.984291915992,"standard_error":19.950122184704234},"MedianAbsDev":{"confidence_interval":{"confidence_level":0.95,"lower_bound":8.433233218812914,"upper_bound":76.55076976027567},"point_estimate":47.873424951379114,"standard_error":17.461165832088476},"Slope":{"confidence_interval":{"confidence_level":0.95,"lower_bound":8126.942856409972,"upper_bound":8157.187996005885},"point_estimate":8142.028353378406,"standard_error":7.650201036748687},"StdDev":{"confidence_interval":{"confidence_level":0.95,"lower_bound":23.464744719990176,"upper_bound":55.06355990055717},"point_estimate":45.00436056374551,"standard_error":7.9460834807661005}}