{"Mean":{"confidence_interval":{"confidence_level":0.95,"lower_bound":1399.7868914962778,"upper_bound":1438.913634275253},"point_estimate":1420.2938036880464,"standard_error":9.96936842389805},"Median":{"confidence_interval":{"confidence_level":0.95,"lower_bound":1405.7885550728201,"upper_bound":1444.6599077207734},"point_estimate":1419.7969061671722,"standard_error":9.186899415686273},"MedianAbsDev":{"confidence_interval":{"confidence_level":0.95,"lower_bound":4.413803669077699,"upper_bound":56.75533089008804},"point_estimate":21.942443150078283,"standard_error":13.455970767156126},"Slope":{"confidence_interval":{"confidence_level":0.95,"lower_bound":1420.9221301992309,"upper_bound":1455.6727182227032},"point_estimate":1443.3933837455274,"standard_error":8.779893906663395},"StdDev":{"confidence_interval":{"confidence_level":0.95,"lower_bound":14.689052243434071,"upper_bound":45.57174383153813},"point_estimate":33.35576317683103,"standard_error":8.381955007592001}}