{"Mean":{"confidence_interval":{"confidence_level":0.95,"lower_bound":4466616.435333482,"upper_bound":4485088.976088193},"point_estimate":4476177.311581349,"standard_error":4741.135025794281},"Median":{"confidence_interval":{"confidence_level":0.95,"lower_bound":4463678.66,"upper_bound":4488783.555555556},"point_estimate":4481105.2,"standard_error":6451.178053024453},"MedianAbsDev":{"confidence_interval":{"confidence_level":0.95,"lower_bound":2319.5739900693297,"upper_bound":26584.3164503681},"point_estimate":16418.676169177426,"standard_error":6346.111853457921},"Slope":{"confidence_interval":{"confidence_level":0.95,"lower_bound":4459858.96399177,"upper_bound":4486978.77893522},"point_estimate":4472001.441558441,"standard_error":7029.523363591432},"StdDev":{"confidence_interval":{"confidence_level":0.95,"lower_bound":8315.232386063342,"upper_bound":19517.86796042666},"point_estimate":15746.940747746341,"standard_error":2814.181389074133}}