{"Mean":{"confidence_interval":{"confidence_level":0.95,"lower_bound":85.69538098019312,"upper_bound":95.90022281202022},"point_estimate":90.76600398553047,"standard_error":2.6129532113088816},"Median":{"confidence_interval":{"confidence_level":0.95,"lower_bound":85.05194741190928,"upper_bound":96.45967603253096},"point_estimate":91.02772222956224,"standard_error":3.5628393203318254},"MedianAbsDev":{"confidence_interval":{"confidence_level":0.95,"lower_bound":0.6560173802139017,"upper_bound":15.172688174609817},"point_estimate":8.274088239376175,"standard_error":3.5162559153380477},"Slope":{"confidence_interval":{"confidence_level":0.95,"lower_bound":86.23226150853654,"upper_bound":94.47669352103898},"point_estimate":89.40490760482078,"standard_error":2.115667422030744},"StdDev":{"confidence_interval":{"confidence_level":0.95,"lower_bound":4.59691952595015,"upper_bound":11.480777723372373},"point_estimate":8.727488708072727,"standard_error":1.784435740294688}}