{"Mean":{"confidence_interval":{"confidence_level":0.95,"lower_bound":233539.51935087968,"upper_bound":239651.84320034107},"point_estimate":236546.00046535349,"standard_error":1573.3672302265668},"Median":{"confidence_interval":{"confidence_level":0.95,"lower_bound":231376.1767068273,"upper_bound":241206.92547969657},"point_estimate":236206.29892904952,"standard_error":2924.280041238739},"MedianAbsDev":{"confidence_interval":{"confidence_level":0.95,"lower_bound":1137.0539504959966,"upper_bound":8520.314845320512},"point_estimate":7287.533935948396,"standard_error":2018.296735547017},"Slope":{"confidence_interval":{"confidence_level":0.95,"lower_bound":237217.3213828856,"upper_bound":241991.96259446387},"point_estimate":240354.663850206,"standard_error":1230.460256637567},"StdDev":{"confidence_interval":{"confidence_level":0.95,"lower_bound":3409.612389743381,"upper_bound":6150.7989511754795},"point_estimate":5237.708684544555,"standard_error":704.3970165536612}}