{"Mean":{"confidence_interval":{"confidence_level":0.95,"lower_bound":3394947.6750211464,"upper_bound":3416024.9379636594},"point_estimate":3405389.4057581453,"standard_error":5390.916939582197},"Median":{"confidence_interval":{"confidence_level":0.95,"lower_bound":3391096.6842105263,"upper_bound":3424643.585526316},"point_estimate":3402217.552631579,"standard_error":9573.666124499208},"MedianAbsDev":{"confidence_interval":{"confidence_level":0.95,"lower_bound":3679.4749978340524,"upper_bound":29094.093434134742},"point_estimate":20781.77104157619,"standard_error":6789.091370689406},"Slope":{"confidence_interval":{"confidence_level":0.95,"lower_bound":3400899.196812908,"upper_bound":3425011.9447577274},"point_estimate":3417075.122488038,"standard_error":6214.0819639792235},"StdDev":{"confidence_interval":{"confidence_level":0.95,"lower_bound":11510.362477778552,"upper_bound":21459.202508271523},"point_estimate":17999.082677009814,"standard_error":2543.0933079602482}}