{"Mean":{"confidence_interval":{"confidence_level":0.95,"lower_bound":280.20756675798754,"upper_bound":285.29055576259043},"point_estimate":282.86850227379654,"standard_error":1.3085340866905848},"Median":{"confidence_interval":{"confidence_level":0.95,"lower_bound":279.28383805772586,"upper_bound":285.73042164395946},"point_estimate":284.1237007536275,"standard_error":1.5535368750135508},"MedianAbsDev":{"confidence_interval":{"confidence_level":0.95,"lower_bound":0.345446518694421,"upper_bound":7.015776294377095},"point_estimate":2.8897504211574594,"standard_error":1.9344998126796182},"Slope":{"confidence_interval":{"confidence_level":0.95,"lower_bound":283.4958465995236,"upper_bound":286.95976733425823},"point_estimate":285.54856243904607,"standard_error":0.8842831651369698},"StdDev":{"confidence_interval":{"confidence_level":0.95,"lower_bound":1.9345730308690747,"upper_bound":5.45464171717408},"point_estimate":4.347727489112496,"standard_error":0.8587526282663575}}