{"Mean":{"confidence_interval":{"confidence_level":0.95,"lower_bound":2393.5263629482447,"upper_bound":2504.3954062588705},"point_estimate":2456.940890457943,"standard_error":28.93391444774128},"Median":{"confidence_interval":{"confidence_level":0.95,"lower_bound":2424.767390481597,"upper_bound":2518.95602114675},"point_estimate":2482.4631705932443,"standard_error":24.726900625244063},"MedianAbsDev":{"confidence_interval":{"confidence_level":0.95,"lower_bound":12.890660738360666,"upper_bound":109.08083066348455},"point_estimate":52.174207551937265,"standard_error":26.935801767660138},"Slope":{"confidence_interval":{"confidence_level":0.95,"lower_bound":2475.5083743972637,"upper_bound":2524.3469456590865},"point_estimate":2509.3601925749526,"standard_error":12.720835393007297},"StdDev":{"confidence_interval":{"confidence_level":0.95,"lower_bound":27.898460971353312,"upper_bound":140.61326557106014},"point_estimate":96.97640403656105,"standard_error":33.74249119776533}}