{"Mean":{"confidence_interval":{"confidence_level":0.95,"lower_bound":1468633.2697924296,"upper_bound":1494380.589008954},"point_estimate":1480540.6193508343,"standard_error":6591.595788430244},"Median":{"confidence_interval":{"confidence_level":0.95,"lower_bound":1463883.0613553114,"upper_bound":1490915.7134615383},"point_estimate":1476522.9914529915,"standard_error":6516.582339353926},"MedianAbsDev":{"confidence_interval":{"confidence_level":0.95,"lower_bound":3416.32534063027,"upper_bound":33373.580110577444},"point_estimate":15722.01811233143,"standard_error":8050.108299417594},"Slope":{"confidence_interval":{"confidence_level":0.95,"lower_bound":1472531.839406208,"upper_bound":1492141.0202675029},"point_estimate":1484156.5665001664,"standard_error":5066.876134791623},"StdDev":{"confidence_interval":{"confidence_level":0.95,"lower_bound":9504.571752902833,"upper_bound":29852.678639163212},"point_estimate":21955.144687080425,"standard_error":5648.394952313595}}