{"Mean":{"confidence_interval":{"confidence_level":0.95,"lower_bound":398.8188637047782,"upper_bound":409.88209387673584},"point_estimate":404.45087671742243,"standard_error":2.826664269952268},"Median":{"confidence_interval":{"confidence_level":0.95,"lower_bound":396.5788048739821,"upper_bound":411.64605284270806},"point_estimate":406.17222959842877,"standard_error":3.6955570640575752},"MedianAbsDev":{"confidence_interval":{"confidence_level":0.95,"lower_bound":2.1846003365665423,"upper_bound":16.2915703646829},"point_estimate":9.345335031289233,"standard_error":3.808530779690103},"Slope":{"confidence_interval":{"confidence_level":0.95,"lower_bound":394.98552326546746,"upper_bound":406.97035655810816},"point_estimate":401.09313023712406,"standard_error":3.1844054529599353},"StdDev":{"confidence_interval":{"confidence_level":0.95,"lower_bound":5.267490018409157,"upper_bound":11.770048905199166},"point_estimate":9.443476141382115,"standard_error":1.6553642730305083}}