{"Mean":{"confidence_interval":{"confidence_level":0.95,"lower_bound":4570.136065834557,"upper_bound":4963.044355505927},"point_estimate":4768.879128007107,"standard_error":100.89130599777926},"Median":{"confidence_interval":{"confidence_level":0.95,"lower_bound":4435.839043889705,"upper_bound":5101.39884157285},"point_estimate":4797.778154402567,"standard_error":200.64950494863987},"MedianAbsDev":{"confidence_interval":{"confidence_level":0.95,"lower_bound":52.945622316948246,"upper_bound":537.3009055341513},"point_estimate":485.04527303173245,"standard_error":136.67365671434564},"Slope":{"confidence_interval":{"confidence_level":0.95,"lower_bound":4834.416330166575,"upper_bound":5102.191633996069},"point_estimate":5019.943692007128,"standard_error":69.70194926835376},"StdDev":{"confidence_interval":{"confidence_level":0.95,"lower_bound":225.98445494433096,"upper_bound":384.000785776366},"point_estimate":337.9443898236294,"standard_error":40.725038058589206}}