{"Mean":{"confidence_interval":{"confidence_level":0.95,"lower_bound":201726.9254266857,"upper_bound":205034.7109055927},"point_estimate":203408.59157002933,"standard_error":844.8031820697122},"Median":{"confidence_interval":{"confidence_level":0.95,"lower_bound":201643.43491735536,"upper_bound":205437.86075036076},"point_estimate":203619.59545454546,"standard_error":701.4210042935441},"MedianAbsDev":{"confidence_interval":{"confidence_level":0.95,"lower_bound":195.91776800935216,"upper_bound":5274.997448223352},"point_estimate":1256.974760237033,"standard_error":1534.6826619662088},"Slope":{"confidence_interval":{"confidence_level":0.95,"lower_bound":203535.90068702257,"upper_bound":206096.1585925252},"point_estimate":204654.29940252585,"standard_error":659.0916928312797},"StdDev":{"confidence_interval":{"confidence_level":0.95,"lower_bound":1298.2127566444788,"upper_bound":3709.3632419563987},"point_estimate":2820.31326549742,"standard_error":608.4237207640658}}