{"Mean":{"confidence_interval":{"confidence_level":0.95,"lower_bound":6870.36268969944,"upper_bound":7036.872487287922},"point_estimate":6953.922119266979,"standard_error":42.764972199439896},"Median":{"confidence_interval":{"confidence_level":0.95,"lower_bound":6842.229043951064,"upper_bound":7088.048280722952},"point_estimate":6934.333975230327,"standard_error":67.06666742963088},"MedianAbsDev":{"confidence_interval":{"confidence_level":0.95,"lower_bound":40.343950226206644,"upper_bound":242.55043721931727},"point_estimate":160.46877485840497,"standard_error":53.654712997940514},"Slope":{"confidence_interval":{"confidence_level":0.95,"lower_bound":6922.138938711305,"upper_bound":7100.536571236656},"point_estimate":7042.661858666934,"standard_error":43.44572960736211},"StdDev":{"confidence_interval":{"confidence_level":0.95,"lower_bound":87.06067775214332,"upper_bound":175.63181744566074},"point_estimate":142.37657833844548,"standard_error":22.983161012033587}}