{"Mean":{"confidence_interval":{"confidence_level":0.95,"lower_bound":2886245.9596312726,"upper_bound":2929116.640821236},"point_estimate":2905043.85390681,"standard_error":11075.402049000357},"Median":{"confidence_interval":{"confidence_level":0.95,"lower_bound":2877636.510752688,"upper_bound":2916290.4516129033},"point_estimate":2899083.754032258,"standard_error":9333.670065706769},"MedianAbsDev":{"confidence_interval":{"confidence_level":0.95,"lower_bound":2029.1160822557376,"upper_bound":45745.27212952555},"point_estimate":28654.165850964324,"standard_error":12301.747138020775},"Slope":{"confidence_interval":{"confidence_level":0.95,"lower_bound":2878547.9047073876,"upper_bound":2905054.905407511},"point_estimate":2890508.0327607878,"standard_error":6896.955283145137},"StdDev":{"confidence_interval":{"confidence_level":0.95,"lower_bound":13181.115340575423,"upper_bound":52387.129113684794},"point_estimate":36856.836651968355,"standard_error":11539.250736160784}}