{"Mean":{"confidence_interval":{"confidence_level":0.95,"lower_bound":475284.1589315981,"upper_bound":485071.62812954},"point_estimate":480472.91397296207,"standard_error":2517.408396221302},"Median":{"confidence_interval":{"confidence_level":0.95,"lower_bound":474748.7563559322,"upper_bound":485734.9801755448},"point_estimate":482438.156779661,"standard_error":2886.5532763737856},"MedianAbsDev":{"confidence_interval":{"confidence_level":0.95,"lower_bound":575.5122235114366,"upper_bound":13814.018038480976},"point_estimate":5235.769797724473,"standard_error":3403.5911933011903},"Slope":{"confidence_interval":{"confidence_level":0.95,"lower_bound":482707.0394210627,"upper_bound":486815.5017407238},"point_estimate":484870.9823904909,"standard_error":1015.3790147173},"StdDev":{"confidence_interval":{"confidence_level":0.95,"lower_bound":3575.7206334056614,"upper_bound":10929.021438173733},"point_estimate":8389.581741013963,"standard_error":1842.7788782662979}}