{"Mean":{"confidence_interval":{"confidence_level":0.95,"lower_bound":22557.26667942651,"upper_bound":23273.0208730515},"point_estimate":22912.191516506624,"standard_error":182.34038738750493},"Median":{"confidence_interval":{"confidence_level":0.95,"lower_bound":22651.841603979614,"upper_bound":23240.68175200194},"point_estimate":22803.161481263218,"standard_error":173.49067235457835},"MedianAbsDev":{"confidence_interval":{"confidence_level":0.95,"lower_bound":53.40831657182977,"upper_bound":1023.903287036839},"point_estimate":442.7013181050518,"standard_error":225.78106335927774},"Slope":{"confidence_interval":{"confidence_level":0.95,"lower_bound":22715.143866375474,"upper_bound":22999.76254928666},"point_estimate":22806.407294283003,"standard_error":74.0833167453004},"StdDev":{"confidence_interval":{"confidence_level":0.95,"lower_bound":229.7503930697411,"upper_bound":830.9396271250163},"point_estimate":607.9221477241593,"standard_error":159.6171494184766}}