{"Mean":{"confidence_interval":{"confidence_level":0.95,"lower_bound":4028.360053429357,"upper_bound":4433.262231033699},"point_estimate":4244.178492095928,"standard_error":103.93060587779641},"Median":{"confidence_interval":{"confidence_level":0.95,"lower_bound":4028.7226036728243,"upper_bound":4578.264181788459},"point_estimate":4282.917804206855,"standard_error":138.93844188928705},"MedianAbsDev":{"confidence_interval":{"confidence_level":0.95,"lower_bound":41.28851442392214,"upper_bound":598.2007855162634},"point_estimate":407.37516462476486,"standard_error":130.66985552943362},"Slope":{"confidence_interval":{"confidence_level":0.95,"lower_bound":4299.8180553177535,"upper_bound":4546.6474570271885},"point_estimate":4446.009906604757,"standard_error":63.67299472211926},"StdDev":{"confidence_interval":{"confidence_level":0.95,"lower_bound":177.34067190535507,"upper_bound":457.84295879024233},"point_estimate":346.7935866218015,"standard_error":78.10172448884477}}