{"Mean":{"confidence_interval":{"confidence_level":0.95,"lower_bound":571251.9194372294,"upper_bound":776036.3649352195},"point_estimate":670950.8316975881,"standard_error":53121.94613723341},"Median":{"confidence_interval":{"confidence_level":0.95,"lower_bound":508623.6766233766,"upper_bound":847367.6082251082},"point_estimate":630785.6266233766,"standard_error":119219.57838048451},"MedianAbsDev":{"confidence_interval":{"confidence_level":0.95,"lower_bound":154.89575543188502,"upper_bound":242818.88274754467},"point_estimate":181394.36985915163,"standard_error":90465.62444493157},"Slope":{"confidence_interval":{"confidence_level":0.95,"lower_bound":674276.1209724532,"upper_bound":851425.5723246288},"point_estimate":783729.1311182324,"standard_error":45332.36121330572},"StdDev":{"confidence_interval":{"confidence_level":0.95,"lower_bound":120180.15258041586,"upper_bound":197675.19758857583},"point_estimate":177177.00867275114,"standard_error":20470.00734747675}}