{"Mean":{"confidence_interval":{"confidence_level":0.95,"lower_bound":1412010.055853269,"upper_bound":1421589.561664147},"point_estimate":1416433.9733043588,"standard_error":2468.2557495469305},"Median":{"confidence_interval":{"confidence_level":0.95,"lower_bound":1410359.966931217,"upper_bound":1424406.9523809524},"point_estimate":1412670.1294091712,"standard_error":3379.571820171691},"MedianAbsDev":{"confidence_interval":{"confidence_level":0.95,"lower_bound":850.7770515624012,"upper_bound":12747.719333682715},"point_estimate":4623.136979033947,"standard_error":3063.154181073222},"Slope":{"confidence_interval":{"confidence_level":0.95,"lower_bound":1411001.569410353,"upper_bound":1420521.9203489001},"point_estimate":1414531.3706452278,"standard_error":2423.7115713840744},"StdDev":{"confidence_interval":{"confidence_level":0.95,"lower_bound":2515.4941650308165,"upper_bound":10486.505715678206},"point_estimate":8256.931215399765,"standard_error":1819.5382489238825}}