{"Mean":{"confidence_interval":{"confidence_level":0.95,"lower_bound":287726.9556996428,"upper_bound":290700.84163362434},"point_estimate":289265.18913584657,"standard_error":763.6870046376362},"Median":{"confidence_interval":{"confidence_level":0.95,"lower_bound":286570.07259259257,"upper_bound":291370.1066666667},"point_estimate":289847.16472222225,"standard_error":1062.1117883425375},"MedianAbsDev":{"confidence_interval":{"confidence_level":0.95,"lower_bound":467.88919552661105,"upper_bound":4416.652324324818},"point_estimate":2386.8171059588267,"standard_error":1061.7605266490937},"Slope":{"confidence_interval":{"confidence_level":0.95,"lower_bound":286160.1744076266,"upper_bound":289643.37496947154},"point_estimate":287327.83883116883,"standard_error":836.3308089420074},"StdDev":{"confidence_interval":{"confidence_level":0.95,"lower_bound":1324.9138364027115,"upper_bound":3109.9312549945676},"point_estimate":2539.9473171972613,"standard_error":435.7571407257756}}