{"Mean":{"confidence_interval":{"confidence_level":0.95,"lower_bound":135370.48301815963,"upper_bound":136129.440323198},"point_estimate":135708.69009810046,"standard_error":196.19598035264625},"Median":{"confidence_interval":{"confidence_level":0.95,"lower_bound":135246.42913348947,"upper_bound":136133.6225409836},"point_estimate":135506.3456284153,"standard_error":206.7413729901108},"MedianAbsDev":{"confidence_interval":{"confidence_level":0.95,"lower_bound":94.85804257823054,"upper_bound":969.688499246343},"point_estimate":412.59655444542557,"standard_error":227.1774129945989},"Slope":{"confidence_interval":{"confidence_level":0.95,"lower_bound":135341.85499974553,"upper_bound":136636.2835270896},"point_estimate":136013.16136682988,"standard_error":352.961813822084},"StdDev":{"confidence_interval":{"confidence_level":0.95,"lower_bound":233.58402334629685,"upper_bound":906.5315341995702},"point_estimate":654.3451599344834,"standard_error":186.87307306584228}}