{"Mean":{"confidence_interval":{"confidence_level":0.95,"lower_bound":1127.779394646229,"upper_bound":1150.8922616726966},"point_estimate":1139.5130065031233,"standard_error":5.916288643721949},"Median":{"confidence_interval":{"confidence_level":0.95,"lower_bound":1125.1976174608465,"upper_bound":1156.4149246547447},"point_estimate":1141.9031822725758,"standard_error":12.124505514547185},"MedianAbsDev":{"confidence_interval":{"confidence_level":0.95,"lower_bound":0.883812706735039,"upper_bound":35.01288428176253},"point_estimate":21.957015227201598,"standard_error":10.197104700119896},"Slope":{"confidence_interval":{"confidence_level":0.95,"lower_bound":1131.8514858242338,"upper_bound":1157.1462954888968},"point_estimate":1147.0560827776023,"standard_error":6.479643111843831},"StdDev":{"confidence_interval":{"confidence_level":0.95,"lower_bound":12.771291913185436,"upper_bound":23.872381917031703},"point_estimate":19.73460015429025,"standard_error":2.979275141837861}}