{"Mean":{"confidence_interval":{"confidence_level":0.95,"lower_bound":5472521.478104576,"upper_bound":5498060.219250175},"point_estimate":5485742.8400583565,"standard_error":6535.527812893946},"Median":{"confidence_interval":{"confidence_level":0.95,"lower_bound":5468043.56993464,"upper_bound":5507264.176470588},"point_estimate":5486596.178151261,"standard_error":9241.896582835268},"MedianAbsDev":{"confidence_interval":{"confidence_level":0.95,"lower_bound":2498.62573564025,"upper_bound":38280.24184436062},"point_estimate":22388.957740162492,"standard_error":9420.570154871699},"Slope":{"confidence_interval":{"confidence_level":0.95,"lower_bound":5464234.648426812,"upper_bound":5497739.8637967},"point_estimate":5479112.296867838,"standard_error":8618.662001836165},"StdDev":{"confidence_interval":{"confidence_level":0.95,"lower_bound":11867.016582392178,"upper_bound":27111.950684897736},"point_estimate":21750.24668562303,"standard_error":3959.5916761223903}}