{"Mean":{"confidence_interval":{"confidence_level":0.95,"lower_bound":539.7290871117401,"upper_bound":577.0817513171345},"point_estimate":558.7221610296679,"standard_error":9.556217305512597},"Median":{"confidence_interval":{"confidence_level":0.95,"lower_bound":528.3813116301014,"upper_bound":585.548432413305},"point_estimate":563.7658142643705,"standard_error":14.503495979168783},"MedianAbsDev":{"confidence_interval":{"confidence_level":0.95,"lower_bound":6.419259168413254,"upper_bound":54.47985051856431},"point_estimate":33.80527952498375,"standard_error":12.179849435706334},"Slope":{"confidence_interval":{"confidence_level":0.95,"lower_bound":542.0105594892091,"upper_bound":577.7083956170214},"point_estimate":565.2670743099787,"standard_error":9.128201251239675},"StdDev":{"confidence_interval":{"confidence_level":0.95,"lower_bound":18.487900902299806,"upper_bound":39.27974608796256},"point_estimate":31.925284621090817,"standard_error":5.2550130908109915}}