{"Mean":{"confidence_interval":{"confidence_level":0.95,"lower_bound":505.9475276472843,"upper_bound":517.8348580635699},"point_estimate":512.4305325169245,"standard_error":3.0276538163314908},"Median":{"confidence_interval":{"confidence_level":0.95,"lower_bound":510.18625895824334,"upper_bound":520.3902488474388},"point_estimate":511.4273956230588,"standard_error":2.730378653446662},"MedianAbsDev":{"confidence_interval":{"confidence_level":0.95,"lower_bound":0.3038056080422578,"upper_bound":16.31510943822988},"point_estimate":2.4902778130239462,"standard_error":4.281056419925753},"Slope":{"confidence_interval":{"confidence_level":0.95,"lower_bound":510.132954247878,"upper_bound":520.4133645435095},"point_estimate":515.0261618656019,"standard_error":2.9204112343757873},"StdDev":{"confidence_interval":{"confidence_level":0.95,"lower_bound":3.952450819138205,"upper_bound":14.26296953394325},"point_estimate":10.07514469317791,"standard_error":2.959863136736357}}