{"Mean":{"confidence_interval":{"confidence_level":0.95,"lower_bound":1024454.3670412234,"upper_bound":1159833.9918794325},"point_estimate":1094632.6679002026,"standard_error":34672.162266372936},"Median":{"confidence_interval":{"confidence_level":0.95,"lower_bound":984932.2127659575,"upper_bound":1198406.7526595744},"point_estimate":1147250.5184397162,"standard_error":68281.34569593664},"MedianAbsDev":{"confidence_interval":{"confidence_level":0.95,"lower_bound":6816.317970475504,"upper_bound":175954.1485449129},"point_estimate":79515.18558194039,"standard_error":51561.07362565842},"Slope":{"confidence_interval":{"confidence_level":0.95,"lower_bound":1124368.0268699275,"upper_bound":1192485.0235289386},"point_estimate":1173826.32788063,"standard_error":17917.144429473967},"StdDev":{"confidence_interval":{"confidence_level":0.95,"lower_bound":67804.43481206374,"upper_bound":135075.30227177808},"point_estimate":115826.05737605119,"standard_error":16742.76293279447}}