{"Mean":{"confidence_interval":{"confidence_level":0.95,"lower_bound":409617.73244444444,"upper_bound":418752.5451911111},"point_estimate":414687.7311663492,"standard_error":2352.6930286113557},"Median":{"confidence_interval":{"confidence_level":0.95,"lower_bound":411750.348,"upper_bound":419636.25080000004},"point_estimate":415430.7935555555,"standard_error":1796.8523271854253},"MedianAbsDev":{"confidence_interval":{"confidence_level":0.95,"lower_bound":1069.5133094123137,"upper_bound":10588.976921554735},"point_estimate":4083.344889239542,"standard_error":2703.0475838423376},"Slope":{"confidence_interval":{"confidence_level":0.95,"lower_bound":409504.23576923076,"upper_bound":419871.1970636788},"point_estimate":415333.4813090909,"standard_error":2586.9521996250296},"StdDev":{"confidence_interval":{"confidence_level":0.95,"lower_bound":2892.9938959224746,"upper_bound":11106.844195559926},"point_estimate":7827.602117070979,"standard_error":2405.0840660137874}}