{"Mean":{"confidence_interval":{"confidence_level":0.95,"lower_bound":513217.67615740746,"upper_bound":745405.8806754298},"point_estimate":630114.7039431216,"standard_error":59802.34583825562},"Median":{"confidence_interval":{"confidence_level":0.95,"lower_bound":411338.575,"upper_bound":804603.905787037},"point_estimate":689429.9297619048,"standard_error":127036.1187969307},"MedianAbsDev":{"confidence_interval":{"confidence_level":0.95,"lower_bound":2756.178061068052,"upper_bound":324450.4787409636},"point_estimate":272588.0768977053,"standard_error":92290.45632181854},"Slope":{"confidence_interval":{"confidence_level":0.95,"lower_bound":650224.5334610472,"upper_bound":836119.6374636417},"point_estimate":773082.0778354978,"standard_error":47618.24550514718},"StdDev":{"confidence_interval":{"confidence_level":0.95,"lower_bound":134733.0857106267,"upper_bound":226563.74902651392},"point_estimate":199398.1858352433,"standard_error":23805.25651675111}}