{"Mean":{"confidence_interval":{"confidence_level":0.95,"lower_bound":286276.06979423866,"upper_bound":290988.620345875},"point_estimate":288651.0001081063,"standard_error":1206.0156062533129},"Median":{"confidence_interval":{"confidence_level":0.95,"lower_bound":285842.0925925926,"upper_bound":291430.7387860082},"point_estimate":288699.15642759163,"standard_error":1144.9997544188363},"MedianAbsDev":{"confidence_interval":{"confidence_level":0.95,"lower_bound":704.8659568277373,"upper_bound":6978.684256041883},"point_estimate":2378.7896270410156,"standard_error":1820.8591871009262},"Slope":{"confidence_interval":{"confidence_level":0.95,"lower_bound":288746.1988383059,"upper_bound":293311.15645186894},"point_estimate":291433.11748169526,"standard_error":1172.0412368867842},"StdDev":{"confidence_interval":{"confidence_level":0.95,"lower_bound":1969.4200250529466,"upper_bound":5239.177085690005},"point_estimate":4005.1300370299664,"standard_error":838.2127086495813}}