{"Mean":{"confidence_interval":{"confidence_level":0.95,"lower_bound":1251.6333245958933,"upper_bound":1309.0414062709879},"point_estimate":1281.3185321915978,"standard_error":14.683464290777131},"Median":{"confidence_interval":{"confidence_level":0.95,"lower_bound":1240.8890136473597,"upper_bound":1323.6638881281665},"point_estimate":1293.8034825870645,"standard_error":21.669187886081588},"MedianAbsDev":{"confidence_interval":{"confidence_level":0.95,"lower_bound":14.056555456320806,"upper_bound":83.91418598386636},"point_estimate":50.41718023972386,"standard_error":17.960928086448195},"Slope":{"confidence_interval":{"confidence_level":0.95,"lower_bound":1289.0054907901783,"upper_bound":1328.211335073402},"point_estimate":1315.7154937216692,"standard_error":10.062841755643175},"StdDev":{"confidence_interval":{"confidence_level":0.95,"lower_bound":26.86044944410471,"upper_bound":59.83908346359638},"point_estimate":49.04807190860163,"standard_error":8.277925649569474}}