{"Mean":{"confidence_interval":{"confidence_level":0.95,"lower_bound":718215.2761897548,"upper_bound":727371.1149114959},"point_estimate":722746.6446416547,"standard_error":2334.9534846532256},"Median":{"confidence_interval":{"confidence_level":0.95,"lower_bound":716533.7575757576,"upper_bound":727126.7659932659},"point_estimate":724119.4545454546,"standard_error":2705.216716991066},"MedianAbsDev":{"confidence_interval":{"confidence_level":0.95,"lower_bound":853.9134030217983,"upper_bound":15108.20864824037},"point_estimate":5514.493162704185,"standard_error":3574.7209536980345},"Slope":{"confidence_interval":{"confidence_level":0.95,"lower_bound":716332.2191438192,"upper_bound":728172.6415780222},"point_estimate":722377.2319821593,"standard_error":3191.0821468796207},"StdDev":{"confidence_interval":{"confidence_level":0.95,"lower_bound":4125.408671949369,"upper_bound":10173.242741031449},"point_estimate":7762.4782992174905,"standard_error":1589.1258979249642}}