{"Mean":{"confidence_interval":{"confidence_level":0.95,"lower_bound":6318919.982833333,"upper_bound":6339437.139063492},"point_estimate":6328729.260235449,"standard_error":5269.08250536306},"Median":{"confidence_interval":{"confidence_level":0.95,"lower_bound":6316376.883333334,"upper_bound":6343105.8},"point_estimate":6324022.684166666,"standard_error":7032.117810741941},"MedianAbsDev":{"confidence_interval":{"confidence_level":0.95,"lower_bound":1842.126348962632,"upper_bound":29324.69081938276},"point_estimate":11427.671797617184,"standard_error":7316.132066297622},"Slope":{"confidence_interval":{"confidence_level":0.95,"lower_bound":6321481.331255987,"upper_bound":6346688.882646692},"point_estimate":6335538.592900433,"standard_error":6419.094665036943},"StdDev":{"confidence_interval":{"confidence_level":0.95,"lower_bound":8500.728469889584,"upper_bound":22088.32388353878},"point_estimate":17560.926166999365,"standard_error":3320.908962160526}}