{"Mean":{"confidence_interval":{"confidence_level":0.95,"lower_bound":3820141.8241741075,"upper_bound":3907856.4705074406},"point_estimate":3861579.967562004,"standard_error":22656.139164374967},"Median":{"confidence_interval":{"confidence_level":0.95,"lower_bound":3805529.265625,"upper_bound":3930214.5111607146},"point_estimate":3832825.2578125,"standard_error":28691.17601651551},"MedianAbsDev":{"confidence_interval":{"confidence_level":0.95,"lower_bound":6347.821284178644,"upper_bound":126121.15434058942},"point_estimate":65055.1366200405,"standard_error":31221.877660877995},"Slope":{"confidence_interval":{"confidence_level":0.95,"lower_bound":3843971.189918301,"upper_bound":3959181.781762295},"point_estimate":3918054.053896104,"standard_error":29083.94704831663},"StdDev":{"confidence_interval":{"confidence_level":0.95,"lower_bound":32654.25165236842,"upper_bound":93175.67082114551},"point_estimate":75322.71361476627,"standard_error":15120.341435010698}}