{"Mean":{"confidence_interval":{"confidence_level":0.95,"lower_bound":48898.77055466238,"upper_bound":53997.467532409544},"point_estimate":51506.88948234064,"standard_error":1307.7007399967756},"Median":{"confidence_interval":{"confidence_level":0.95,"lower_bound":47383.27666130761,"upper_bound":55529.40786632981},"point_estimate":52058.91633172562,"standard_error":2600.646705487857},"MedianAbsDev":{"confidence_interval":{"confidence_level":0.95,"lower_bound":496.21431020972597,"upper_bound":6742.432255297903},"point_estimate":4908.327174756883,"standard_error":2036.2915382745882},"Slope":{"confidence_interval":{"confidence_level":0.95,"lower_bound":52415.31232043989,"upper_bound":55500.76300647031},"point_estimate":54624.05942289222,"standard_error":801.5200353590791},"StdDev":{"confidence_interval":{"confidence_level":0.95,"lower_bound":2813.594587546362,"upper_bound":5095.408719071832},"point_estimate":4360.7545925862405,"standard_error":593.1335609293136}}