{"Mean":{"confidence_interval":{"confidence_level":0.95,"lower_bound":1169427.2666134043,"upper_bound":1172441.1893634559},"point_estimate":1170950.0463394145,"standard_error":769.6094618088011},"Median":{"confidence_interval":{"confidence_level":0.95,"lower_bound":1168875.1797309835,"upper_bound":1173697.7012987013},"point_estimate":1170501.9268398269,"standard_error":1393.1795880791979},"MedianAbsDev":{"confidence_interval":{"confidence_level":0.95,"lower_bound":204.76139030400117,"upper_bound":4460.735552321093},"point_estimate":3914.602576410984,"standard_error":1224.8977386714207},"Slope":{"confidence_interval":{"confidence_level":0.95,"lower_bound":1170565.5796213134,"upper_bound":1173381.1802321319},"point_estimate":1172061.281295328,"standard_error":721.0837134467153},"StdDev":{"confidence_interval":{"confidence_level":0.95,"lower_bound":1660.0954135164948,"upper_bound":3039.316315377888},"point_estimate":2560.3232186882497,"standard_error":358.46223557187204}}