{"Mean":{"confidence_interval":{"confidence_level":0.95,"lower_bound":1268.9941181830084,"upper_bound":1331.5073816644829},"point_estimate":1300.9845765604528,"standard_error":15.98824993706978},"Median":{"confidence_interval":{"confidence_level":0.95,"lower_bound":1254.0279227037086,"upper_bound":1336.3941388076564},"point_estimate":1316.287462891577,"standard_error":22.695989276621763},"MedianAbsDev":{"confidence_interval":{"confidence_level":0.95,"lower_bound":9.983673171152663,"upper_bound":93.02621949759728},"point_estimate":44.98551207104708,"standard_error":23.42473661047602},"Slope":{"confidence_interval":{"confidence_level":0.95,"lower_bound":1311.3496327860419,"upper_bound":1358.05703875854},"point_estimate":1336.7222129193417,"standard_error":12.156028000117015},"StdDev":{"confidence_interval":{"confidence_level":0.95,"lower_bound":29.282005521320425,"upper_bound":66.45788849956588},"point_estimate":52.91720787821144,"standard_error":9.293117702478181}}