{"Mean":{"confidence_interval":{"confidence_level":0.95,"lower_bound":2364038.4999099104,"upper_bound":2406008.0479729725},"point_estimate":2383095.289744745,"standard_error":10794.126661610862},"Median":{"confidence_interval":{"confidence_level":0.95,"lower_bound":2360187.5675675673,"upper_bound":2412866.4797297297},"point_estimate":2366660.1336336336,"standard_error":13501.776166900574},"MedianAbsDev":{"confidence_interval":{"confidence_level":0.95,"lower_bound":1007.3064713057752,"upper_bound":63268.300978114494},"point_estimate":12037.337376024476,"standard_error":14601.332837191945},"Slope":{"confidence_interval":{"confidence_level":0.95,"lower_bound":2366846.800742327,"upper_bound":2435418.25898796},"point_estimate":2402659.341733942,"standard_error":18212.58017435074},"StdDev":{"confidence_interval":{"confidence_level":0.95,"lower_bound":9993.721975444778,"upper_bound":47887.9389227917},"point_estimate":36045.79915387261,"standard_error":9171.732459307068}}