{"Mean":{"confidence_interval":{"confidence_level":0.95,"lower_bound":805.5856760046399,"upper_bound":855.7743463453238},"point_estimate":831.2687409314491,"standard_error":12.781554271195603},"Median":{"confidence_interval":{"confidence_level":0.95,"lower_bound":797.2246105665799,"upper_bound":858.4691042755394},"point_estimate":834.0759071561025,"standard_error":13.394939539207442},"MedianAbsDev":{"confidence_interval":{"confidence_level":0.95,"lower_bound":2.5648079787407383,"upper_bound":77.34530674383885},"point_estimate":23.0875356321848,"standard_error":18.80776977224045},"Slope":{"confidence_interval":{"confidence_level":0.95,"lower_bound":829.3590645497972,"upper_bound":880.5145149777649},"point_estimate":857.0284718694993,"standard_error":13.673457953931422},"StdDev":{"confidence_interval":{"confidence_level":0.95,"lower_bound":19.018711395796586,"upper_bound":56.01938315518516},"point_estimate":42.79033292368536,"standard_error":9.087017816898978}}