{"Mean":{"confidence_interval":{"confidence_level":0.95,"lower_bound":573980.3799164132,"upper_bound":575518.8832646854},"point_estimate":574846.9863141582,"standard_error":398.92210475437724},"Median":{"confidence_interval":{"confidence_level":0.95,"lower_bound":574334.3807785888,"upper_bound":575872.0198123045},"point_estimate":575048.6597729116,"standard_error":359.79844846883867},"MedianAbsDev":{"confidence_interval":{"confidence_level":0.95,"lower_bound":155.3089005031024,"upper_bound":1671.36732583825},"point_estimate":981.9970435394123,"standard_error":435.77078288986377},"Slope":{"confidence_interval":{"confidence_level":0.95,"lower_bound":574790.6213026781,"upper_bound":575666.7641587369},"point_estimate":575307.2400417101,"standard_error":222.79521480092706},"StdDev":{"confidence_interval":{"confidence_level":0.95,"lower_bound":444.4307293712385,"upper_bound":1886.4024384329518},"point_estimate":1327.159230267245,"standard_error":423.429245295173}}