{"Mean":{"confidence_interval":{"confidence_level":0.95,"lower_bound":694.6368742460606,"upper_bound":745.9509650298295},"point_estimate":720.2131209053834,"standard_error":13.146132376680223},"Median":{"confidence_interval":{"confidence_level":0.95,"lower_bound":699.535341146543,"upper_bound":751.0486755902809},"point_estimate":716.9402425729081,"standard_error":10.082031134394603},"MedianAbsDev":{"confidence_interval":{"confidence_level":0.95,"lower_bound":5.4113073158800375,"upper_bound":79.34023746101222},"point_estimate":16.112459271690227,"standard_error":19.91089886016028},"Slope":{"confidence_interval":{"confidence_level":0.95,"lower_bound":715.3770834097293,"upper_bound":745.5132574897242},"point_estimate":727.3052970227133,"standard_error":7.618582956577135},"StdDev":{"confidence_interval":{"confidence_level":0.95,"lower_bound":15.540883444539883,"upper_bound":59.957346412733536},"point_estimate":43.95306950784816,"standard_error":10.645561553432815}}