{"Mean":{"confidence_interval":{"confidence_level":0.95,"lower_bound":118141.53824881176,"upper_bound":120477.55546980092},"point_estimate":119140.57090821452,"standard_error":609.8523496125918},"Median":{"confidence_interval":{"confidence_level":0.95,"lower_bound":118059.5070621469,"upper_bound":119725.50538068335},"point_estimate":118456.96947583176,"standard_error":447.34381462696444},"MedianAbsDev":{"confidence_interval":{"confidence_level":0.95,"lower_bound":62.001158221290254,"upper_bound":2231.791055999247},"point_estimate":1035.859236129594,"standard_error":565.9795528939649},"Slope":{"confidence_interval":{"confidence_level":0.95,"lower_bound":118459.73833121758,"upper_bound":122424.9181934628},"point_estimate":120266.06069410815,"standard_error":1149.5348300154023},"StdDev":{"confidence_interval":{"confidence_level":0.95,"lower_bound":582.8665627654317,"upper_bound":2982.036390246234},"point_estimate":2037.6654706152808,"standard_error":732.0574768119459}}