{"Mean":{"confidence_interval":{"confidence_level":0.95,"lower_bound":363.0211397172086,"upper_bound":382.70104431571997},"point_estimate":373.13619637751754,"standard_error":5.046953800691853},"Median":{"confidence_interval":{"confidence_level":0.95,"lower_bound":358.94288420104544,"upper_bound":385.22844945998554},"point_estimate":372.9237279576681,"standard_error":6.278811680107464},"MedianAbsDev":{"confidence_interval":{"confidence_level":0.95,"lower_bound":1.5536743878589736,"upper_bound":29.03820369977514},"point_estimate":17.34289078177186,"standard_error":7.6053506937906805},"Slope":{"confidence_interval":{"confidence_level":0.95,"lower_bound":372.46097313906546,"upper_bound":384.4324982313285},"point_estimate":377.81967220315005,"standard_error":3.063618223202626},"StdDev":{"confidence_interval":{"confidence_level":0.95,"lower_bound":8.091184225839758,"upper_bound":21.337522396464305},"point_estimate":16.785759005157466,"standard_error":3.2700617771860645}}