{"Mean":{"confidence_interval":{"confidence_level":0.95,"lower_bound":2734127.6574431816,"upper_bound":2810179.419674663},"point_estimate":2771088.2545622895,"standard_error":19458.28434230072},"Median":{"confidence_interval":{"confidence_level":0.95,"lower_bound":2714750.0606060605,"upper_bound":2829788.7378787883},"point_estimate":2760299.9015151514,"standard_error":29764.642775205597},"MedianAbsDev":{"confidence_interval":{"confidence_level":0.95,"lower_bound":16290.014795643305,"upper_bound":113241.233089566},"point_estimate":68208.00580497486,"standard_error":24424.642932072165},"Slope":{"confidence_interval":{"confidence_level":0.95,"lower_bound":2752795.4349847683,"upper_bound":2848866.468349438},"point_estimate":2810201.9105076743,"standard_error":24716.35111144174},"StdDev":{"confidence_interval":{"confidence_level":0.95,"lower_bound":36843.49035854326,"upper_bound":79534.31128428942},"point_estimate":64964.84352204905,"standard_error":10884.84034911253}}