{"Mean":{"confidence_interval":{"confidence_level":0.95,"lower_bound":972.5583353582314,"upper_bound":1082.979147117621},"point_estimate":1030.1918350744832,"standard_error":28.380876950767455},"Median":{"confidence_interval":{"confidence_level":0.95,"lower_bound":925.9999291205145,"upper_bound":1104.6846764995844},"point_estimate":1060.8587549051826,"standard_error":46.47093754073189},"MedianAbsDev":{"confidence_interval":{"confidence_level":0.95,"lower_bound":5.847167749123298,"upper_bound":150.90203397876016},"point_estimate":69.57292970324573,"standard_error":38.359807102870725},"Slope":{"confidence_interval":{"confidence_level":0.95,"lower_bound":1048.3844302059879,"upper_bound":1115.655833747078},"point_estimate":1085.1249465579558,"standard_error":17.464321241087525},"StdDev":{"confidence_interval":{"confidence_level":0.95,"lower_bound":47.86233793264956,"upper_bound":112.39972074629956},"point_estimate":94.30182719892946,"standard_error":15.45653289453109}}