{"Mean":{"confidence_interval":{"confidence_level":0.95,"lower_bound":326.0306307154106,"upper_bound":336.1636007082126},"point_estimate":330.538154685396,"standard_error":2.6153281515772258},"Median":{"confidence_interval":{"confidence_level":0.95,"lower_bound":324.4822975288913,"upper_bound":333.70049459806853},"point_estimate":328.3614320515429,"standard_error":2.2436820706085663},"MedianAbsDev":{"confidence_interval":{"confidence_level":0.95,"lower_bound":1.0330584180521722,"upper_bound":11.641349211792086},"point_estimate":5.543837677926829,"standard_error":2.936193211272544},"Slope":{"confidence_interval":{"confidence_level":0.95,"lower_bound":327.1580566715621,"upper_bound":341.8942240015763},"point_estimate":334.1800213577849,"standard_error":3.9908922471685866},"StdDev":{"confidence_interval":{"confidence_level":0.95,"lower_bound":3.18468136917842,"upper_bound":12.222784062788431},"point_estimate":8.70680797749545,"standard_error":2.6042068894277093}}