{"Mean":{"confidence_interval":{"confidence_level":0.95,"lower_bound":624.0076493287131,"upper_bound":685.0081897536108},"point_estimate":652.7844916033091,"standard_error":15.65115839033924},"Median":{"confidence_interval":{"confidence_level":0.95,"lower_bound":606.0655922910782,"upper_bound":695.9165011853997},"point_estimate":654.3373755330342,"standard_error":19.603797728750514},"MedianAbsDev":{"confidence_interval":{"confidence_level":0.95,"lower_bound":1.4370963449799388,"upper_bound":86.92614544221513},"point_estimate":61.42528528728672,"standard_error":24.891469583226637},"Slope":{"confidence_interval":{"confidence_level":0.95,"lower_bound":646.0954074463126,"upper_bound":722.1956020848407},"point_estimate":692.665105952363,"standard_error":19.91101038929343},"StdDev":{"confidence_interval":{"confidence_level":0.95,"lower_bound":24.27318657296426,"upper_bound":65.42797006252819},"point_estimate":52.26164623808878,"standard_error":10.750175924092636}}