{"Mean":{"confidence_interval":{"confidence_level":0.95,"lower_bound":818852.2713030303,"upper_bound":874222.9375454545},"point_estimate":841138.1057813853,"standard_error":14921.891922946335},"Median":{"confidence_interval":{"confidence_level":0.95,"lower_bound":812628.7709090909,"upper_bound":851865.0863636363},"point_estimate":821871.8056818182,"standard_error":11030.620095761702},"MedianAbsDev":{"confidence_interval":{"confidence_level":0.95,"lower_bound":2114.017737377835,"upper_bound":44468.03714939802},"point_estimate":16165.476585050803,"standard_error":11212.129210415646},"Slope":{"confidence_interval":{"confidence_level":0.95,"lower_bound":814375.7554526153,"upper_bound":828778.7337243402},"point_estimate":819563.3022904368,"standard_error":3711.8051311544145},"StdDev":{"confidence_interval":{"confidence_level":0.95,"lower_bound":10011.07156209032,"upper_bound":74982.96999584346},"point_estimate":49802.70000513497,"standard_error":20797.85987889568}}