{"Mean":{"confidence_interval":{"confidence_level":0.95,"lower_bound":179340.52962308598,"upper_bound":193170.61780526108},"point_estimate":186250.7718380167,"standard_error":3545.097685819412},"Median":{"confidence_interval":{"confidence_level":0.95,"lower_bound":173599.95877502946,"upper_bound":195271.70911155985},"point_estimate":188666.6866902238,"standard_error":5459.041416145952},"MedianAbsDev":{"confidence_interval":{"confidence_level":0.95,"lower_bound":1631.784257249154,"upper_bound":21448.938469381945},"point_estimate":15176.71452331565,"standard_error":5275.242099105977},"Slope":{"confidence_interval":{"confidence_level":0.95,"lower_bound":187415.0438780061,"upper_bound":200163.86389882764},"point_estimate":195097.62196319582,"standard_error":3293.6309042937523},"StdDev":{"confidence_interval":{"confidence_level":0.95,"lower_bound":7306.941365351579,"upper_bound":14480.331460370675},"point_estimate":11869.653186769601,"standard_error":1860.5952780457644}}