{"Mean":{"confidence_interval":{"confidence_level":0.95,"lower_bound":685763.3078346171,"upper_bound":688314.8824406513},"point_estimate":686904.2310480858,"standard_error":659.8942397186843},"Median":{"confidence_interval":{"confidence_level":0.95,"lower_bound":685638.8020541549,"upper_bound":687763.1963235294},"point_estimate":686404.9754901961,"standard_error":590.7205082654315},"MedianAbsDev":{"confidence_interval":{"confidence_level":0.95,"lower_bound":375.9953477365197,"upper_bound":3024.753122770477},"point_estimate":1341.240364815679,"standard_error":669.7700716942081},"Slope":{"confidence_interval":{"confidence_level":0.95,"lower_bound":686179.3325506521,"upper_bound":687908.2074114049},"point_estimate":686880.665215177,"standard_error":443.5864344662087},"StdDev":{"confidence_interval":{"confidence_level":0.95,"lower_bound":811.8055185255291,"upper_bound":3102.376079985182},"point_estimate":2194.2342940638914,"standard_error":660.4344665642687}}