{"Mean":{"confidence_interval":{"confidence_level":0.95,"lower_bound":13683.890124250214,"upper_bound":13898.483593611936},"point_estimate":13793.291520493218,"standard_error":55.0790256052319},"Median":{"confidence_interval":{"confidence_level":0.95,"lower_bound":13606.591181740281,"upper_bound":13981.337204954429},"point_estimate":13849.288677261044,"standard_error":103.98722591524877},"MedianAbsDev":{"confidence_interval":{"confidence_level":0.95,"lower_bound":28.827968052117768,"upper_bound":284.2042630076488},"point_estimate":224.60311173462685,"standard_error":70.9812666292259},"Slope":{"confidence_interval":{"confidence_level":0.95,"lower_bound":13791.379598888461,"upper_bound":13969.259283877338},"point_estimate":13914.683253460726,"standard_error":46.036845741172634},"StdDev":{"confidence_interval":{"confidence_level":0.95,"lower_bound":119.1518175661196,"upper_bound":211.05413886186236},"point_estimate":183.54887627325888,"standard_error":23.47000216147467}}