{"Mean":{"confidence_interval":{"confidence_level":0.95,"lower_bound":13991.389069479914,"upper_bound":14256.134833162501},"point_estimate":14103.368028381485,"standard_error":69.21967124330186},"Median":{"confidence_interval":{"confidence_level":0.95,"lower_bound":13984.926912319104,"upper_bound":14150.286639101707},"point_estimate":14053.547108719446,"standard_error":44.231745295655465},"MedianAbsDev":{"confidence_interval":{"confidence_level":0.95,"lower_bound":31.391660971324665,"upper_bound":239.74410163935187},"point_estimate":102.64438774355008,"standard_error":53.213260010936935},"Slope":{"confidence_interval":{"confidence_level":0.95,"lower_bound":14039.310072090457,"upper_bound":14149.606309400875},"point_estimate":14102.449618823352,"standard_error":28.897812275600625},"StdDev":{"confidence_interval":{"confidence_level":0.95,"lower_bound":60.528773537693255,"upper_bound":339.96810341957627},"point_estimate":230.71282714245615,"standard_error":85.99326822107722}}