{"Mean":{"confidence_interval":{"confidence_level":0.95,"lower_bound":5437.358046457292,"upper_bound":5561.872708009377},"point_estimate":5492.206462593849,"standard_error":31.982287029725978},"Median":{"confidence_interval":{"confidence_level":0.95,"lower_bound":5419.5732023371975,"upper_bound":5558.515369270883},"point_estimate":5446.129691475827,"standard_error":37.85080164179908},"MedianAbsDev":{"confidence_interval":{"confidence_level":0.95,"lower_bound":3.8506939944005434,"upper_bound":161.26903434593103},"point_estimate":54.32488513251519,"standard_error":40.61891548981989},"Slope":{"confidence_interval":{"confidence_level":0.95,"lower_bound":5430.3054061303055,"upper_bound":5547.482989355117},"point_estimate":5500.701497710658,"standard_error":30.31146118334236},"StdDev":{"confidence_interval":{"confidence_level":0.95,"lower_bound":34.05966863923993,"upper_bound":147.17381677745936},"point_estimate":106.60393308144587,"standard_error":30.334289886389286}}