{"Mean":{"confidence_interval":{"confidence_level":0.95,"lower_bound":266878.77751296456,"upper_bound":273884.46884748095},"point_estimate":270558.2042600808,"standard_error":1792.5942001604624},"Median":{"confidence_interval":{"confidence_level":0.95,"lower_bound":267195.0652173913,"upper_bound":275877.1801242236},"point_estimate":270856.80831608,"standard_error":1833.117620684954},"MedianAbsDev":{"confidence_interval":{"confidence_level":0.95,"lower_bound":559.0005070322633,"upper_bound":9770.956692472837},"point_estimate":5952.0024711423675,"standard_error":2440.66467629944},"Slope":{"confidence_interval":{"confidence_level":0.95,"lower_bound":269355.4072373751,"upper_bound":275281.7161745951},"point_estimate":272403.0203274986,"standard_error":1536.845932223379},"StdDev":{"confidence_interval":{"confidence_level":0.95,"lower_bound":2807.0281146856305,"upper_bound":8147.748645072797},"point_estimate":6000.805510012813,"standard_error":1474.4758455581978}}