{"Mean":{"confidence_interval":{"confidence_level":0.95,"lower_bound":8072.279539304125,"upper_bound":8364.314796166747},"point_estimate":8224.943101323432,"standard_error":74.75399310356131},"Median":{"confidence_interval":{"confidence_level":0.95,"lower_bound":8023.3866838487975,"upper_bound":8404.5139604811},"point_estimate":8284.714702994599,"standard_error":93.84562241405384},"MedianAbsDev":{"confidence_interval":{"confidence_level":0.95,"lower_bound":41.72887908089958,"upper_bound":404.8462233752576},"point_estimate":219.3432550770993,"standard_error":93.97907453681431},"Slope":{"confidence_interval":{"confidence_level":0.95,"lower_bound":8189.386259080592,"upper_bound":8454.878803825372},"point_estimate":8341.46106350694,"standard_error":67.23384141502672},"StdDev":{"confidence_interval":{"confidence_level":0.95,"lower_bound":126.94436557262777,"upper_bound":322.9335485355054},"point_estimate":249.62684351893932,"standard_error":51.09019719190024}}