{"Mean":{"confidence_interval":{"confidence_level":0.95,"lower_bound":77043.41703232644,"upper_bound":83553.51574418326},"point_estimate":80488.70291455321,"standard_error":1668.0937760344327},"Median":{"confidence_interval":{"confidence_level":0.95,"lower_bound":76822.2893481717,"upper_bound":84978.41973591238},"point_estimate":81227.9810583693,"standard_error":2260.889076617666},"MedianAbsDev":{"confidence_interval":{"confidence_level":0.95,"lower_bound":458.2541253301808,"upper_bound":9918.326387597604},"point_estimate":5080.708060912275,"standard_error":2094.6364879195253},"Slope":{"confidence_interval":{"confidence_level":0.95,"lower_bound":81378.7008438398,"upper_bound":86014.7264303678},"point_estimate":84376.72958520017,"standard_error":1190.8986457521448},"StdDev":{"confidence_interval":{"confidence_level":0.95,"lower_bound":2867.647284730249,"upper_bound":7367.010283941674},"point_estimate":5550.905525456601,"standard_error":1234.6611451847834}}