{"Mean":{"confidence_interval":{"confidence_level":0.95,"lower_bound":129.4484285491807,"upper_bound":141.31506076884313},"point_estimate":136.90275405048118,"standard_error":3.384561410014934},"Median":{"confidence_interval":{"confidence_level":0.95,"lower_bound":137.97401800458104,"upper_bound":142.17484696550008},"point_estimate":140.04986254955827,"standard_error":1.4629970604679117},"MedianAbsDev":{"confidence_interval":{"confidence_level":0.95,"lower_bound":0.351523008514454,"upper_bound":5.411864926070835},"point_estimate":2.880691520707139,"standard_error":1.41042982844593},"Slope":{"confidence_interval":{"confidence_level":0.95,"lower_bound":138.24892931775983,"upper_bound":141.2264724826147},"point_estimate":139.47456826984873,"standard_error":0.764633842167072},"StdDev":{"confidence_interval":{"confidence_level":0.95,"lower_bound":1.5097645955221157,"upper_bound":17.329067218004},"point_estimate":11.277588722412052,"standard_error":5.584027866357225}}