{"Mean":{"confidence_interval":{"confidence_level":0.95,"lower_bound":820.7579258763477,"upper_bound":869.8242063667783},"point_estimate":846.0822772788775,"standard_error":12.555211401443989},"Median":{"confidence_interval":{"confidence_level":0.95,"lower_bound":808.0553651745556,"upper_bound":883.4698037035903},"point_estimate":849.0373042050403,"standard_error":19.550905766307995},"MedianAbsDev":{"confidence_interval":{"confidence_level":0.95,"lower_bound":12.153176627245099,"upper_bound":69.68796817820841},"point_estimate":52.848451361227696,"standard_error":15.561239081590356},"Slope":{"confidence_interval":{"confidence_level":0.95,"lower_bound":853.7187633737558,"upper_bound":887.6153279666797},"point_estimate":876.7003111987606,"standard_error":8.710599657082701},"StdDev":{"confidence_interval":{"confidence_level":0.95,"lower_bound":24.027435994682598,"upper_bound":51.281048774853005},"point_estimate":41.8599036899451,"standard_error":6.878888047192705}}