{"Mean":{"confidence_interval":{"confidence_level":0.95,"lower_bound":135.58752024028942,"upper_bound":161.46817170357798},"point_estimate":148.6308404620501,"standard_error":6.59959334366578},"Median":{"confidence_interval":{"confidence_level":0.95,"lower_bound":131.0844426240699,"upper_bound":160.33741449928323},"point_estimate":150.95407945934875,"standard_error":6.59041724688828},"MedianAbsDev":{"confidence_interval":{"confidence_level":0.95,"lower_bound":2.454438487553418,"upper_bound":38.04967814928353},"point_estimate":17.12711224692624,"standard_error":9.342316963598968},"Slope":{"confidence_interval":{"confidence_level":0.95,"lower_bound":146.16381466410627,"upper_bound":158.81828508531987},"point_estimate":154.01330534507474,"standard_error":3.2394152888576815},"StdDev":{"confidence_interval":{"confidence_level":0.95,"lower_bound":10.165642173666035,"upper_bound":29.46676060074554},"point_estimate":21.97432816007051,"standard_error":4.988981035775078}}