{"Mean":{"confidence_interval":{"confidence_level":0.95,"lower_bound":37.830961054823376,"upper_bound":44.95090931418948},"point_estimate":41.590625040626335,"standard_error":1.8252429251995668},"Median":{"confidence_interval":{"confidence_level":0.95,"lower_bound":35.886581708398516,"upper_bound":46.01597617315811},"point_estimate":44.38683948694809,"standard_error":2.762547802572754},"MedianAbsDev":{"confidence_interval":{"confidence_level":0.95,"lower_bound":0.7450286400616588,"upper_bound":9.994288976935541},"point_estimate":4.468930573889403,"standard_error":2.4734863787981096},"Slope":{"confidence_interval":{"confidence_level":0.95,"lower_bound":43.524178173401495,"upper_bound":46.23365107735842},"point_estimate":45.31476255478328,"standard_error":0.6985942114275702},"StdDev":{"confidence_interval":{"confidence_level":0.95,"lower_bound":2.7150618288722934,"upper_bound":7.300159241954842},"point_estimate":6.079705809240586,"standard_error":1.0927716730287302}}