{"Mean":{"confidence_interval":{"confidence_level":0.95,"lower_bound":1648.6799122917103,"upper_bound":1686.5354019278989},"point_estimate":1668.5366985766705,"standard_error":9.719341345704251},"Median":{"confidence_interval":{"confidence_level":0.95,"lower_bound":1642.4424499755978,"upper_bound":1697.8409377654862},"point_estimate":1670.5976043288633,"standard_error":14.73718365845012},"MedianAbsDev":{"confidence_interval":{"confidence_level":0.95,"lower_bound":4.356522929949851,"upper_bound":56.70724450910661},"point_estimate":37.47681788069239,"standard_error":14.943530066349709},"Slope":{"confidence_interval":{"confidence_level":0.95,"lower_bound":1666.8904184912203,"upper_bound":1696.3714245067117},"point_estimate":1686.9022351521912,"standard_error":7.603629135171929},"StdDev":{"confidence_interval":{"confidence_level":0.95,"lower_bound":17.09539640822801,"upper_bound":40.13823812294255},"point_estimate":32.44152175324449,"standard_error":5.9469088074093435}}