{"Mean":{"confidence_interval":{"confidence_level":0.95,"lower_bound":9574.340398964378,"upper_bound":10120.098481513418},"point_estimate":9866.262857755588,"standard_error":140.54001981488034},"Median":{"confidence_interval":{"confidence_level":0.95,"lower_bound":9544.320297585626,"upper_bound":10143.242716326658},"point_estimate":9988.804092805005,"standard_error":134.1322281898623},"MedianAbsDev":{"confidence_interval":{"confidence_level":0.95,"lower_bound":67.72567622955107,"upper_bound":772.4114255757447},"point_estimate":288.8554646160824,"standard_error":178.72230460302393},"Slope":{"confidence_interval":{"confidence_level":0.95,"lower_bound":9920.05501224263,"upper_bound":10315.338575793583},"point_estimate":10161.66286633075,"standard_error":102.79752546445798},"StdDev":{"confidence_interval":{"confidence_level":0.95,"lower_bound":164.49193198420372,"upper_bound":604.4089149505271},"point_estimate":468.75110880764885,"standard_error":110.62523220679117}}