{"Mean":{"confidence_interval":{"confidence_level":0.95,"lower_bound":246803.35364903003,"upper_bound":253292.3851910273},"point_estimate":249263.51669223985,"standard_error":1821.1829778532285},"Median":{"confidence_interval":{"confidence_level":0.95,"lower_bound":247242.5976851852,"upper_bound":248183.46781305113},"point_estimate":247844.34074074074,"standard_error":497.37184041058964},"MedianAbsDev":{"confidence_interval":{"confidence_level":0.95,"lower_bound":33.45184829498772,"upper_bound":2797.8020553290958},"point_estimate":684.1119875212488,"standard_error":750.2999089348039},"Slope":{"confidence_interval":{"confidence_level":0.95,"lower_bound":247681.28474215843,"upper_bound":259721.70761384335},"point_estimate":252739.98455988456,"standard_error":3720.6022771510584},"StdDev":{"confidence_interval":{"confidence_level":0.95,"lower_bound":385.3459875054967,"upper_bound":9323.336398849442},"point_estimate":6076.170597401278,"standard_error":3008.331346309999}}