{"Mean":{"confidence_interval":{"confidence_level":0.95,"lower_bound":9897.335416245383,"upper_bound":10267.91043394268},"point_estimate":10075.858306775594,"standard_error":95.04866529372075},"Median":{"confidence_interval":{"confidence_level":0.95,"lower_bound":9806.919224702742,"upper_bound":10336.55137709294},"point_estimate":10017.976563131926,"standard_error":153.89011091508422},"MedianAbsDev":{"confidence_interval":{"confidence_level":0.95,"lower_bound":45.68426811638643,"upper_bound":536.7551375393634},"point_estimate":335.1060591441027,"standard_error":127.44717509074327},"Slope":{"confidence_interval":{"confidence_level":0.95,"lower_bound":10050.836110388034,"upper_bound":10429.08786481657},"point_estimate":10271.83328532666,"standard_error":97.90599425683837},"StdDev":{"confidence_interval":{"confidence_level":0.95,"lower_bound":179.8878804035167,"upper_bound":378.35850126900675},"point_estimate":315.5539296844232,"standard_error":49.673817075743806}}