{"Mean":{"confidence_interval":{"confidence_level":0.95,"lower_bound":45833.809761666256,"upper_bound":51100.69675482094},"point_estimate":48543.940444736625,"standard_error":1344.018022509031},"Median":{"confidence_interval":{"confidence_level":0.95,"lower_bound":44021.25961056849,"upper_bound":52290.687546957175},"point_estimate":50909.41694214876,"standard_error":2722.567177926807},"MedianAbsDev":{"confidence_interval":{"confidence_level":0.95,"lower_bound":512.174227772228,"upper_bound":6847.222997570976},"point_estimate":2826.6327180566577,"standard_error":1857.2570469451778},"Slope":{"confidence_interval":{"confidence_level":0.95,"lower_bound":49633.84902104721,"upper_bound":52388.28952634315},"point_estimate":51609.34881302019,"standard_error":722.3619174322862},"StdDev":{"confidence_interval":{"confidence_level":0.95,"lower_bound":2580.03724079797,"upper_bound":5104.331405000602},"point_estimate":4469.765676051259,"standard_error":610.5251477654374}}