{"Mean":{"confidence_interval":{"confidence_level":0.95,"lower_bound":1135552.074256651,"upper_bound":1142813.4354147105},"point_estimate":1139442.5891862286,"standard_error":1866.7836236856622},"Median":{"confidence_interval":{"confidence_level":0.95,"lower_bound":1135051.9190140846,"upper_bound":1144156.5492957747},"point_estimate":1142188.0818466353,"standard_error":2844.576210012873},"MedianAbsDev":{"confidence_interval":{"confidence_level":0.95,"lower_bound":436.15376605956203,"upper_bound":11001.465239097926},"point_estimate":4175.329136389683,"standard_error":2808.03471603395},"Slope":{"confidence_interval":{"confidence_level":0.95,"lower_bound":1141119.876100705,"upper_bound":1144169.3284350063},"point_estimate":1143203.388622645,"standard_error":789.3530439967383},"StdDev":{"confidence_interval":{"confidence_level":0.95,"lower_bound":2916.070294156274,"upper_bound":8127.596957262213},"point_estimate":6204.65504517547,"standard_error":1394.7434787015336}}