{"Mean":{"confidence_interval":{"confidence_level":0.95,"lower_bound":21643.53273376376,"upper_bound":21882.163688556404},"point_estimate":21755.15009324329,"standard_error":61.21793325292317},"Median":{"confidence_interval":{"confidence_level":0.95,"lower_bound":21616.039782183063,"upper_bound":21929.929275779083},"point_estimate":21701.813546449743,"standard_error":59.76458646916738},"MedianAbsDev":{"confidence_interval":{"confidence_level":0.95,"lower_bound":7.1127022150525425,"upper_bound":340.9655112080306},"point_estimate":108.92203457954436,"standard_error":87.0116363970642},"Slope":{"confidence_interval":{"confidence_level":0.95,"lower_bound":21610.54629542617,"upper_bound":21905.717356496345},"point_estimate":21731.76105803154,"standard_error":77.09113953088553},"StdDev":{"confidence_interval":{"confidence_level":0.95,"lower_bound":80.75885325879462,"upper_bound":261.8277114430009},"point_estimate":204.58963817366882,"standard_error":46.18355932271485}}