{"Mean":{"confidence_interval":{"confidence_level":0.95,"lower_bound":101452.89758286648,"upper_bound":103135.4641128118},"point_estimate":102259.04991579964,"standard_error":430.66125481656115},"Median":{"confidence_interval":{"confidence_level":0.95,"lower_bound":101135.97969187675,"upper_bound":103384.9900085034},"point_estimate":102138.86449579832,"standard_error":492.7444178057417},"MedianAbsDev":{"confidence_interval":{"confidence_level":0.95,"lower_bound":188.7934194073479,"upper_bound":2633.0892473709673},"point_estimate":1352.6648289265681,"standard_error":613.097897701843},"Slope":{"confidence_interval":{"confidence_level":0.95,"lower_bound":101938.63624477739,"upper_bound":104005.12921776703},"point_estimate":103119.60210993489,"standard_error":541.3840569619354},"StdDev":{"confidence_interval":{"confidence_level":0.95,"lower_bound":702.3178691843437,"upper_bound":1801.345127039322},"point_estimate":1429.9548118454206,"standard_error":276.09823890969324}}