{"Mean":{"confidence_interval":{"confidence_level":0.95,"lower_bound":439418.51233990147,"upper_bound":440943.31339197746},"point_estimate":440047.15296856675,"standard_error":404.7580692656812},"Median":{"confidence_interval":{"confidence_level":0.95,"lower_bound":439233.01642036124,"upper_bound":440347.4034482759},"point_estimate":439636.1817968567,"standard_error":357.4576339842515},"MedianAbsDev":{"confidence_interval":{"confidence_level":0.95,"lower_bound":27.314287446113763,"upper_bound":1387.2778029571602},"point_estimate":695.2230193814764,"standard_error":341.5213674177243},"Slope":{"confidence_interval":{"confidence_level":0.95,"lower_bound":439724.91258670954,"upper_bound":441819.3013337323},"point_estimate":440572.60632077284,"standard_error":566.9681320923634},"StdDev":{"confidence_interval":{"confidence_level":0.95,"lower_bound":384.68064705541616,"upper_bound":2008.5109944591136},"point_estimate":1348.7782071699828,"standard_error":523.570688160448}}