{"Mean":{"confidence_interval":{"confidence_level":0.95,"lower_bound":20490.24875397186,"upper_bound":20678.50020699317},"point_estimate":20589.37744608723,"standard_error":48.298351302131344},"Median":{"confidence_interval":{"confidence_level":0.95,"lower_bound":20484.791723407474,"upper_bound":20737.621324456548},"point_estimate":20587.031850506886,"standard_error":69.48852939141456},"MedianAbsDev":{"confidence_interval":{"confidence_level":0.95,"lower_bound":26.60942982188192,"upper_bound":276.30570967697975},"point_estimate":202.7193291139758,"standard_error":69.25184581938021},"Slope":{"confidence_interval":{"confidence_level":0.95,"lower_bound":20587.108011698452,"upper_bound":20731.35736615845},"point_estimate":20677.65461619633,"standard_error":36.8282442152875},"StdDev":{"confidence_interval":{"confidence_level":0.95,"lower_bound":87.82290620859436,"upper_bound":205.0398858271053},"point_estimate":160.89072724501253,"standard_error":31.121997937604892}}