{"Mean":{"confidence_interval":{"confidence_level":0.95,"lower_bound":877.0383493383297,"upper_bound":901.989885012105},"point_estimate":890.4898795347851,"standard_error":6.418429922966684},"Median":{"confidence_interval":{"confidence_level":0.95,"lower_bound":878.7473599905079,"upper_bound":900.021086609957},"point_estimate":896.406965107152,"standard_error":4.654773155719653},"MedianAbsDev":{"confidence_interval":{"confidence_level":0.95,"lower_bound":0.8836143455535914,"upper_bound":35.64562960131903},"point_estimate":9.502603989869096,"standard_error":8.234310205444253},"Slope":{"confidence_interval":{"confidence_level":0.95,"lower_bound":888.8475538836788,"upper_bound":897.5003016388036},"point_estimate":894.0859308702688,"standard_error":2.23553487926298},"StdDev":{"confidence_interval":{"confidence_level":0.95,"lower_bound":5.275755745997696,"upper_bound":29.5012154361984},"point_estimate":21.459375524650262,"standard_error":6.070283181084038}}