{"Mean":{"confidence_interval":{"confidence_level":0.95,"lower_bound":4418391.08826389,"upper_bound":4473566.096074653},"point_estimate":4445561.871805556,"standard_error":14176.740835348732},"Median":{"confidence_interval":{"confidence_level":0.95,"lower_bound":4410894.372395834,"upper_bound":4489964.859375},"point_estimate":4438337.395833334,"standard_error":22216.64187371322},"MedianAbsDev":{"confidence_interval":{"confidence_level":0.95,"lower_bound":9252.251620740757,"upper_bound":75813.16895185957},"point_estimate":46701.1208058902,"standard_error":17585.433092329557},"Slope":{"confidence_interval":{"confidence_level":0.95,"lower_bound":4438497.011150234,"upper_bound":4500691.842664504},"point_estimate":4478715.563311689,"standard_error":15905.691658296892},"StdDev":{"confidence_interval":{"confidence_level":0.95,"lower_bound":28019.188713646097,"upper_bound":58298.035929277},"point_estimate":47210.87810371925,"standard_error":7722.648259206954}}