{"Mean":{"confidence_interval":{"confidence_level":0.95,"lower_bound":200550.5442410714,"upper_bound":214812.40278255052},"point_estimate":207998.41277060824,"standard_error":3646.4783422549976},"Median":{"confidence_interval":{"confidence_level":0.95,"lower_bound":198602.66344537813,"upper_bound":217297.2743097239},"point_estimate":211755.38454131654,"standard_error":4805.0254944937415},"MedianAbsDev":{"confidence_interval":{"confidence_level":0.95,"lower_bound":1441.5314093341874,"upper_bound":19643.97870772023},"point_estimate":10755.897973162306,"standard_error":4697.471858343032},"Slope":{"confidence_interval":{"confidence_level":0.95,"lower_bound":209559.21605642256,"upper_bound":220418.04613138273},"point_estimate":216122.64797555385,"standard_error":2806.9138263565496},"StdDev":{"confidence_interval":{"confidence_level":0.95,"lower_bound":6256.390448932198,"upper_bound":15438.561065885024},"point_estimate":12155.837160784235,"standard_error":2368.177891307421}}