{"Mean":{"confidence_interval":{"confidence_level":0.95,"lower_bound":6947.470301944466,"upper_bound":6960.3043518661225},"point_estimate":6954.054546505356,"standard_error":3.2940696415862827},"Median":{"confidence_interval":{"confidence_level":0.95,"lower_bound":6945.477832575582,"upper_bound":6964.579795021962},"point_estimate":6954.31736341219,"standard_error":4.4193594211609994},"MedianAbsDev":{"confidence_interval":{"confidence_level":0.95,"lower_bound":1.5663401571344207,"upper_bound":19.737190695291346},"point_estimate":12.831487479677914,"standard_error":4.614433966091998},"Slope":{"confidence_interval":{"confidence_level":0.95,"lower_bound":6950.343819791299,"upper_bound":6962.706114906983},"point_estimate":6957.039766660095,"standard_error":3.156860114994809},"StdDev":{"confidence_interval":{"confidence_level":0.95,"lower_bound":5.922217252010436,"upper_bound":13.591665290831287},"point_estimate":11.011590081249595,"standard_error":1.9413072260864979}}