{"Mean":{"confidence_interval":{"confidence_level":0.95,"lower_bound":5607.857503058856,"upper_bound":5687.904347117162},"point_estimate":5644.672443106855,"standard_error":20.594748959832966},"Median":{"confidence_interval":{"confidence_level":0.95,"lower_bound":5599.42697229383,"upper_bound":5702.997939703994},"point_estimate":5608.015614331498,"standard_error":27.566311101640515},"MedianAbsDev":{"confidence_interval":{"confidence_level":0.95,"lower_bound":1.9258447367628302,"upper_bound":105.98622065767458},"point_estimate":28.676184466800386,"standard_error":27.622557711157967},"Slope":{"confidence_interval":{"confidence_level":0.95,"lower_bound":5607.613899365754,"upper_bound":5688.666356896281},"point_estimate":5637.026930249434,"standard_error":20.671703350946817},"StdDev":{"confidence_interval":{"confidence_level":0.95,"lower_bound":17.526003782935604,"upper_bound":85.67608310759252},"point_estimate":68.36037994559092,"standard_error":15.30646337581382}}