{"Mean":{"confidence_interval":{"confidence_level":0.95,"lower_bound":9897.040515658213,"upper_bound":9973.906619848884},"point_estimate":9936.29396019164,"standard_error":19.657062930004077},"Median":{"confidence_interval":{"confidence_level":0.95,"lower_bound":9882.476819569434,"upper_bound":9996.800764844946},"point_estimate":9945.53075893478,"standard_error":31.278707096962748},"MedianAbsDev":{"confidence_interval":{"confidence_level":0.95,"lower_bound":18.042830607223927,"upper_bound":108.87910011123138},"point_estimate":79.21068584341684,"standard_error":23.84828084944433},"Slope":{"confidence_interval":{"confidence_level":0.95,"lower_bound":9917.981237048689,"upper_bound":9999.364338445701},"point_estimate":9968.67752222746,"standard_error":20.82079637505888},"StdDev":{"confidence_interval":{"confidence_level":0.95,"lower_bound":39.12918334728665,"upper_bound":81.41106656682815},"point_estimate":65.62248547636443,"standard_error":10.975034970206112}}