{"Mean":{"confidence_interval":{"confidence_level":0.95,"lower_bound":414.9057799519458,"upper_bound":426.80981504678266},"point_estimate":420.8278107821634,"standard_error":3.0332372591116163},"Median":{"confidence_interval":{"confidence_level":0.95,"lower_bound":413.79995412708274,"upper_bound":427.28752453954445},"point_estimate":420.522754227488,"standard_error":4.5866243874325585},"MedianAbsDev":{"confidence_interval":{"confidence_level":0.95,"lower_bound":1.0757332112267008,"upper_bound":17.615061682298045},"point_estimate":9.110644995701419,"standard_error":4.633132438816617},"Slope":{"confidence_interval":{"confidence_level":0.95,"lower_bound":415.9103326729951,"upper_bound":424.39929154631307},"point_estimate":418.86565304239105,"standard_error":2.178556145772183},"StdDev":{"confidence_interval":{"confidence_level":0.95,"lower_bound":5.576764968232129,"upper_bound":13.135588714541942},"point_estimate":10.136542941051987,"standard_error":2.0105723377014115}}