{"Mean":{"confidence_interval":{"confidence_level":0.95,"lower_bound":53638.73527263582,"upper_bound":54004.38113080566},"point_estimate":53832.87059289068,"standard_error":93.79649221635985},"Median":{"confidence_interval":{"confidence_level":0.95,"lower_bound":53598.017869718315,"upper_bound":54062.65092219987},"point_estimate":53886.10920774648,"standard_error":94.59959975112636},"MedianAbsDev":{"confidence_interval":{"confidence_level":0.95,"lower_bound":59.20447159327966,"upper_bound":533.0848385323268},"point_estimate":195.06026669896306,"standard_error":129.15419034250252},"Slope":{"confidence_interval":{"confidence_level":0.95,"lower_bound":53855.74961733873,"upper_bound":54082.97898664253},"point_estimate":53959.65041338943,"standard_error":61.03266673483016},"StdDev":{"confidence_interval":{"confidence_level":0.95,"lower_bound":131.1590070934814,"upper_bound":397.42250713412176},"point_estimate":311.3327403381721,"standard_error":68.13854609356636}}