{"Mean":{"confidence_interval":{"confidence_level":0.95,"lower_bound":58916.34300078248,"upper_bound":59693.41206885758},"point_estimate":59265.848511848875,"standard_error":199.619679593095},"Median":{"confidence_interval":{"confidence_level":0.95,"lower_bound":58889.055164319245,"upper_bound":59496.44887323944},"point_estimate":59176.402570981445,"standard_error":158.1974630017456},"MedianAbsDev":{"confidence_interval":{"confidence_level":0.95,"lower_bound":117.80569354233715,"upper_bound":904.9285432770305},"point_estimate":403.10248851251214,"standard_error":197.2243409599766},"Slope":{"confidence_interval":{"confidence_level":0.95,"lower_bound":59149.329638418305,"upper_bound":60281.30560582035},"point_estimate":59664.780523138834,"standard_error":329.61962426748886},"StdDev":{"confidence_interval":{"confidence_level":0.95,"lower_bound":231.2906348435841,"upper_bound":940.3846380094953},"point_estimate":664.2751043144802,"standard_error":202.45056873965135}}