{"Mean":{"confidence_interval":{"confidence_level":0.95,"lower_bound":10771.03634354805,"upper_bound":10804.250164924508},"point_estimate":10788.327655528752,"standard_error":8.508995514687978},"Median":{"confidence_interval":{"confidence_level":0.95,"lower_bound":10765.886303939962,"upper_bound":10815.015709223026},"point_estimate":10794.969293308317,"standard_error":11.745122774915378},"MedianAbsDev":{"confidence_interval":{"confidence_level":0.95,"lower_bound":6.227645095816398,"upper_bound":46.522518217210894},"point_estimate":31.18749867082735,"standard_error":10.65439109801914},"Slope":{"confidence_interval":{"confidence_level":0.95,"lower_bound":10778.66455849422,"upper_bound":10805.320669616218},"point_estimate":10793.385764061723,"standard_error":6.698406263189361},"StdDev":{"confidence_interval":{"confidence_level":0.95,"lower_bound":14.93883379792408,"upper_bound":35.940475369932116},"point_estimate":28.41456588533473,"standard_error":5.443300721018654}}