{"Mean":{"confidence_interval":{"confidence_level":0.95,"lower_bound":50744.469537387384,"upper_bound":51344.783995511585},"point_estimate":51004.81726018876,"standard_error":155.8605304009634},"Median":{"confidence_interval":{"confidence_level":0.95,"lower_bound":50691.37575289575,"upper_bound":51172.71621621621},"point_estimate":50818.80518018018,"standard_error":126.82900902144108},"MedianAbsDev":{"confidence_interval":{"confidence_level":0.95,"lower_bound":26.194173724148722,"upper_bound":657.4741850302003},"point_estimate":251.73772861184312,"standard_error":171.55200492774003},"Slope":{"confidence_interval":{"confidence_level":0.95,"lower_bound":50725.99158799146,"upper_bound":51217.77030701387},"point_estimate":51008.23608985609,"standard_error":126.97046749511608},"StdDev":{"confidence_interval":{"confidence_level":0.95,"lower_bound":134.057825211275,"upper_bound":733.6936593952746},"point_estimate":517.87578175082,"standard_error":166.7353635059011}}