{"Mean":{"confidence_interval":{"confidence_level":0.95,"lower_bound":2527810.8372685187,"upper_bound":2577690.3840376986},"point_estimate":2554122.0889880955,"standard_error":12813.48885369117},"Median":{"confidence_interval":{"confidence_level":0.95,"lower_bound":2522373.3055555555,"upper_bound":2581660.7569444445},"point_estimate":2565174.503472222,"standard_error":13884.798669157022},"MedianAbsDev":{"confidence_interval":{"confidence_level":0.95,"lower_bound":6120.406063563307,"upper_bound":69772.31451337774},"point_estimate":28676.28910547797,"standard_error":18283.60831366133},"Slope":{"confidence_interval":{"confidence_level":0.95,"lower_bound":2558608.0213488596,"upper_bound":2586607.1171547556},"point_estimate":2572077.7336219335,"standard_error":7095.338672783214},"StdDev":{"confidence_interval":{"confidence_level":0.95,"lower_bound":17482.62594557126,"upper_bound":53980.823708368065},"point_estimate":42676.76969064834,"standard_error":8965.301217894297}}