{"Mean":{"confidence_interval":{"confidence_level":0.95,"lower_bound":102015.60352672872,"upper_bound":107353.60068418174},"point_estimate":104362.17053092501,"standard_error":1383.5170199412416},"Median":{"confidence_interval":{"confidence_level":0.95,"lower_bound":101935.119348659,"upper_bound":106199.10399562123},"point_estimate":102942.63984674329,"standard_error":1000.0179687813024},"MedianAbsDev":{"confidence_interval":{"confidence_level":0.95,"lower_bound":197.9469780949319,"upper_bound":5878.40116977547},"point_estimate":2669.802790149427,"standard_error":1441.9325533234485},"Slope":{"confidence_interval":{"confidence_level":0.95,"lower_bound":102461.34604789721,"upper_bound":105309.97210924453},"point_estimate":103770.99598945116,"standard_error":721.7976460067238},"StdDev":{"confidence_interval":{"confidence_level":0.95,"lower_bound":1390.9412669462126,"upper_bound":6576.731955617686},"point_estimate":4604.6448972349435,"standard_error":1501.4683414043266}}