{"Mean":{"confidence_interval":{"confidence_level":0.95,"lower_bound":257715.13355194157,"upper_bound":259810.7419472789},"point_estimate":258724.3726270786,"standard_error":534.0814828973931},"Median":{"confidence_interval":{"confidence_level":0.95,"lower_bound":258013.02777777778,"upper_bound":259504.02414021164},"point_estimate":258428.16156462586,"standard_error":401.5784869873787},"MedianAbsDev":{"confidence_interval":{"confidence_level":0.95,"lower_bound":146.6759098959903,"upper_bound":2732.452710864269},"point_estimate":866.7767762783134,"standard_error":615.6921290278829},"Slope":{"confidence_interval":{"confidence_level":0.95,"lower_bound":258523.6818022206,"upper_bound":261264.3946315273},"point_estimate":259951.9226035869,"standard_error":751.5468464886477},"StdDev":{"confidence_interval":{"confidence_level":0.95,"lower_bound":534.86464352621,"upper_bound":2505.622849789445},"point_estimate":1783.3510044704774,"standard_error":518.8108304661688}}