{"Mean":{"confidence_interval":{"confidence_level":0.95,"lower_bound":583892.8716285352,"upper_bound":602294.7975873017},"point_estimate":593404.9409054833,"standard_error":4714.718455486408},"Median":{"confidence_interval":{"confidence_level":0.95,"lower_bound":579449.05,"upper_bound":609257.125},"point_estimate":595397.7183333333,"standard_error":7780.186986963667},"MedianAbsDev":{"confidence_interval":{"confidence_level":0.95,"lower_bound":1697.2756950643036,"upper_bound":27465.42194566394},"point_estimate":19879.82419047163,"standard_error":6812.23082242242},"Slope":{"confidence_interval":{"confidence_level":0.95,"lower_bound":595900.0071817728,"upper_bound":608081.3512737263},"point_estimate":604464.4236363636,"standard_error":3172.000264767071},"StdDev":{"confidence_interval":{"confidence_level":0.95,"lower_bound":9079.083937129708,"upper_bound":19026.6694116576},"point_estimate":15809.065970907975,"standard_error":2507.576028576099}}