{"Mean":{"confidence_interval":{"confidence_level":0.95,"lower_bound":20307.051229578294,"upper_bound":20476.238938212227},"point_estimate":20388.474779236534,"standard_error":43.31479476043314},"Median":{"confidence_interval":{"confidence_level":0.95,"lower_bound":20243.15840157719,"upper_bound":20475.747114259717},"point_estimate":20383.722929936306,"standard_error":52.28866380255536},"MedianAbsDev":{"confidence_interval":{"confidence_level":0.95,"lower_bound":25.987572866652027,"upper_bound":251.06400004909273},"point_estimate":160.8243399564422,"standard_error":62.405200634014705},"Slope":{"confidence_interval":{"confidence_level":0.95,"lower_bound":20278.77686394375,"upper_bound":20429.122330642454},"point_estimate":20350.3198072628,"standard_error":37.95775805350301},"StdDev":{"confidence_interval":{"confidence_level":0.95,"lower_bound":77.89118607662766,"upper_bound":189.10085747692878},"point_estimate":144.73406586974485,"standard_error":30.128130155668877}}