{"Mean":{"confidence_interval":{"confidence_level":0.95,"lower_bound":703.8429824672048,"upper_bound":718.7587795787085},"point_estimate":710.5589240665994,"standard_error":3.8106670537345226},"Median":{"confidence_interval":{"confidence_level":0.95,"lower_bound":704.9046985368315,"upper_bound":712.990766902119},"point_estimate":709.3147073662967,"standard_error":2.047750472917262},"MedianAbsDev":{"confidence_interval":{"confidence_level":0.95,"lower_bound":0.8797046589533157,"upper_bound":16.45404523638897},"point_estimate":5.195233772549216,"standard_error":3.7392865927736216},"Slope":{"confidence_interval":{"confidence_level":0.95,"lower_bound":708.0047590737015,"upper_bound":712.8964629113411},"point_estimate":711.0547429462566,"standard_error":1.2616287134187618},"StdDev":{"confidence_interval":{"confidence_level":0.95,"lower_bound":3.0733357631022002,"upper_bound":18.440741956855824},"point_estimate":12.665934286499393,"standard_error":4.2080682571918775}}