{"Mean":{"confidence_interval":{"confidence_level":0.95,"lower_bound":27106.8295787355,"upper_bound":27614.486353103057},"point_estimate":27372.969126793345,"standard_error":130.41936786998366},"Median":{"confidence_interval":{"confidence_level":0.95,"lower_bound":26885.844951923078,"upper_bound":27727.738698584402},"point_estimate":27492.844491185897,"standard_error":210.1599866651482},"MedianAbsDev":{"confidence_interval":{"confidence_level":0.95,"lower_bound":47.42342069252148,"upper_bound":716.6336010212044},"point_estimate":351.6399863012148,"standard_error":171.67744242665708},"Slope":{"confidence_interval":{"confidence_level":0.95,"lower_bound":27480.04414599591,"upper_bound":27782.702575898085},"point_estimate":27681.593428446555,"standard_error":78.41104798545251},"StdDev":{"confidence_interval":{"confidence_level":0.95,"lower_bound":221.74237646630522,"upper_bound":522.251991720501},"point_estimate":433.7622557628879,"standard_error":72.11378272678562}}