{"Mean":{"confidence_interval":{"confidence_level":0.95,"lower_bound":1419693.9572492233,"upper_bound":1438621.335269151},"point_estimate":1428691.7818271222,"standard_error":4827.828260361358},"Median":{"confidence_interval":{"confidence_level":0.95,"lower_bound":1420112.712215321,"upper_bound":1432296.0592391305},"point_estimate":1429263.3623188406,"standard_error":2449.5096284852743},"MedianAbsDev":{"confidence_interval":{"confidence_level":0.95,"lower_bound":147.2313093424684,"upper_bound":24323.24831730643},"point_estimate":2530.451294205869,"standard_error":6557.394625095656},"Slope":{"confidence_interval":{"confidence_level":0.95,"lower_bound":1426625.2547729826,"upper_bound":1432401.1115766456},"point_estimate":1430046.4400903445,"standard_error":1509.8422474822903},"StdDev":{"confidence_interval":{"confidence_level":0.95,"lower_bound":3031.2710517031687,"upper_bound":23073.70772316821},"point_estimate":16053.985576743182,"standard_error":4813.508962361169}}