{"Mean":{"confidence_interval":{"confidence_level":0.95,"lower_bound":20965182.19722222,"upper_bound":21136655.014074072},"point_estimate":21047693.350978836,"standard_error":43894.61591629872},"Median":{"confidence_interval":{"confidence_level":0.95,"lower_bound":20907065.111111112,"upper_bound":21163626.61904762},"point_estimate":21034921.37037037,"standard_error":62224.58403439741},"MedianAbsDev":{"confidence_interval":{"confidence_level":0.95,"lower_bound":26138.188115954585,"upper_bound":242863.70505163932},"point_estimate":190189.0424568025,"standard_error":56291.26619067858},"Slope":{"confidence_interval":{"confidence_level":0.95,"lower_bound":20974164.988630578,"upper_bound":21140385.684798},"point_estimate":21075152.745454546,"standard_error":42500.48293709237},"StdDev":{"confidence_interval":{"confidence_level":0.95,"lower_bound":76912.29225992522,"upper_bound":186477.3130663347},"point_estimate":146492.49036348585,"standard_error":28592.027715185606}}