{"Mean":{"confidence_interval":{"confidence_level":0.95,"lower_bound":3414.846843703035,"upper_bound":3449.12165318274},"point_estimate":3432.7618604130744,"standard_error":8.8014309337842},"Median":{"confidence_interval":{"confidence_level":0.95,"lower_bound":3402.976810317206,"upper_bound":3457.361751931361},"point_estimate":3439.9026944965744,"standard_error":13.036050048388292},"MedianAbsDev":{"confidence_interval":{"confidence_level":0.95,"lower_bound":6.389290225534306,"upper_bound":47.801604994030505},"point_estimate":29.079443206034885,"standard_error":11.161524575983043},"Slope":{"confidence_interval":{"confidence_level":0.95,"lower_bound":3437.001998146982,"upper_bound":3455.661177158336},"point_estimate":3448.2255633184504,"standard_error":4.76161216385756},"StdDev":{"confidence_interval":{"confidence_level":0.95,"lower_bound":14.98464863873958,"upper_bound":36.24257192326419},"point_estimate":29.241118022659528,"standard_error":5.263119776176988}}