{"Mean":{"confidence_interval":{"confidence_level":0.95,"lower_bound":41232.85935121168,"upper_bound":42337.79258796006},"point_estimate":41803.616453662966,"standard_error":282.1902205807379},"Median":{"confidence_interval":{"confidence_level":0.95,"lower_bound":40844.48501990363,"upper_bound":42610.00917661848},"point_estimate":42263.54187443257,"standard_error":539.9672506504854},"MedianAbsDev":{"confidence_interval":{"confidence_level":0.95,"lower_bound":17.250975830333754,"upper_bound":1491.4640997217182},"point_estimate":676.3317317251609,"standard_error":423.8634293672999},"Slope":{"confidence_interval":{"confidence_level":0.95,"lower_bound":42054.51944233095,"upper_bound":42603.80269671181},"point_estimate":42440.99596431224,"standard_error":144.4776477417476},"StdDev":{"confidence_interval":{"confidence_level":0.95,"lower_bound":542.84725902324,"upper_bound":1079.306710008043},"point_estimate":940.2495099224429,"standard_error":134.03430496874296}}