{"Mean":{"confidence_interval":{"confidence_level":0.95,"lower_bound":273.7446134182891,"upper_bound":286.30036853952834},"point_estimate":279.8496909301407,"standard_error":3.219713472773471},"Median":{"confidence_interval":{"confidence_level":0.95,"lower_bound":270.8325382601723,"upper_bound":293.14006408123294},"point_estimate":277.406368191369,"standard_error":5.450586343643293},"MedianAbsDev":{"confidence_interval":{"confidence_level":0.95,"lower_bound":1.822442118264629,"upper_bound":18.034299126152032},"point_estimate":10.422867652429401,"standard_error":4.390888901002955},"Slope":{"confidence_interval":{"confidence_level":0.95,"lower_bound":274.8901608787217,"upper_bound":286.5928385119563},"point_estimate":280.46080580255085,"standard_error":2.919461853766662},"StdDev":{"confidence_interval":{"confidence_level":0.95,"lower_bound":5.762054418802482,"upper_bound":12.580060856941914},"point_estimate":10.715176966778595,"standard_error":1.622271143694352}}