{"Mean":{"confidence_interval":{"confidence_level":0.95,"lower_bound":13651.552709647158,"upper_bound":13870.780168125988},"point_estimate":13764.321970561668,"standard_error":56.265213589778064},"Median":{"confidence_interval":{"confidence_level":0.95,"lower_bound":13606.198923750457,"upper_bound":13908.715354797518},"point_estimate":13817.339834262782,"standard_error":80.18313146551014},"MedianAbsDev":{"confidence_interval":{"confidence_level":0.95,"lower_bound":35.19632703566523,"upper_bound":319.86887088084165},"point_estimate":202.43336742396602,"standard_error":73.11637489073117},"Slope":{"confidence_interval":{"confidence_level":0.95,"lower_bound":13796.969755998467,"upper_bound":13954.68206203987},"point_estimate":13897.572338278285,"standard_error":40.29230157856821},"StdDev":{"confidence_interval":{"confidence_level":0.95,"lower_bound":105.16385576037456,"upper_bound":230.3571899508431},"point_estimate":188.07133240094478,"standard_error":31.402008026618788}}