{"Mean":{"confidence_interval":{"confidence_level":0.95,"lower_bound":403979.44497934077,"upper_bound":411950.87768101465},"point_estimate":408069.3337793398,"standard_error":2041.836125542404},"Median":{"confidence_interval":{"confidence_level":0.95,"lower_bound":402601.97074468085,"upper_bound":414979.2393617021},"point_estimate":408601.17992760043,"standard_error":3622.921182131423},"MedianAbsDev":{"confidence_interval":{"confidence_level":0.95,"lower_bound":481.8200185736584,"upper_bound":11912.74127407836},"point_estimate":9175.269062904279,"standard_error":3008.3429532943264},"Slope":{"confidence_interval":{"confidence_level":0.95,"lower_bound":402455.93551199033,"upper_bound":411131.3022134523},"point_estimate":406804.4271483835,"standard_error":2174.878553074309},"StdDev":{"confidence_interval":{"confidence_level":0.95,"lower_bound":4159.319260666982,"upper_bound":8358.322454763464},"point_estimate":6796.2804926693525,"standard_error":1100.141424067423}}