{"Mean":{"confidence_interval":{"confidence_level":0.95,"lower_bound":901962.9739706609,"upper_bound":977787.8552485037},"point_estimate":939261.8853467343,"standard_error":19470.872978216437},"Median":{"confidence_interval":{"confidence_level":0.95,"lower_bound":870595.6885245901,"upper_bound":993552.8533957845},"point_estimate":940829.2849726777,"standard_error":29131.358614671168},"MedianAbsDev":{"confidence_interval":{"confidence_level":0.95,"lower_bound":11378.36337832139,"upper_bound":116340.80358404612},"point_estimate":81840.33428085517,"standard_error":27439.41795169577},"Slope":{"confidence_interval":{"confidence_level":0.95,"lower_bound":940961.657891727,"upper_bound":1015556.0033355706},"point_estimate":989554.6526293379,"standard_error":18812.476136401427},"StdDev":{"confidence_interval":{"confidence_level":0.95,"lower_bound":38475.132882903126,"upper_bound":79166.102099562},"point_estimate":65055.43645441726,"standard_error":10427.525407332509}}