{"Mean":{"confidence_interval":{"confidence_level":0.95,"lower_bound":252253.9264718615,"upper_bound":253102.913564766},"point_estimate":252663.21388663416,"standard_error":216.92396243781926},"Median":{"confidence_interval":{"confidence_level":0.95,"lower_bound":252114.46609848485,"upper_bound":253144.93536931818},"point_estimate":252617.64204545453,"standard_error":296.3655824985507},"MedianAbsDev":{"confidence_interval":{"confidence_level":0.95,"lower_bound":176.39489914108077,"upper_bound":1222.0666234744253},"point_estimate":659.3950830661249,"standard_error":263.35775370826843},"Slope":{"confidence_interval":{"confidence_level":0.95,"lower_bound":252187.39737136464,"upper_bound":253423.32979352685},"point_estimate":252896.71160960253,"standard_error":309.23898795693106},"StdDev":{"confidence_interval":{"confidence_level":0.95,"lower_bound":388.4406299850229,"upper_bound":936.0979911086523},"point_estimate":722.4725312751099,"standard_error":142.67530954044102}}