{"Mean":{"confidence_interval":{"confidence_level":0.95,"lower_bound":1173.5072257827953,"upper_bound":1226.5666202280847},"point_estimate":1201.6183175899996,"standard_error":13.497991684296029},"Median":{"confidence_interval":{"confidence_level":0.95,"lower_bound":1148.0212193464624,"upper_bound":1232.7976022441849},"point_estimate":1225.6125895099767,"standard_error":20.85643135240267},"MedianAbsDev":{"confidence_interval":{"confidence_level":0.95,"lower_bound":2.783420755979079,"upper_bound":68.32800844789588},"point_estimate":12.024054576581667,"standard_error":17.735636420553387},"Slope":{"confidence_interval":{"confidence_level":0.95,"lower_bound":1160.2521881324737,"upper_bound":1228.7231611142465},"point_estimate":1198.2279930973252,"standard_error":17.43874759457439},"StdDev":{"confidence_interval":{"confidence_level":0.95,"lower_bound":7.131291729735886,"upper_bound":52.53332318531098},"point_estimate":44.8246240967975,"standard_error":9.084594544229695}}