{"Mean":{"confidence_interval":{"confidence_level":0.95,"lower_bound":1173513.5126907406,"upper_bound":1208370.8538333334},"point_estimate":1192262.6727962964,"standard_error":8952.10915477442},"Median":{"confidence_interval":{"confidence_level":0.95,"lower_bound":1171578.5814814814,"upper_bound":1211150.7391666668},"point_estimate":1198252.9794444444,"standard_error":8751.860467085518},"MedianAbsDev":{"confidence_interval":{"confidence_level":0.95,"lower_bound":2828.9171613321787,"upper_bound":49684.077358931296},"point_estimate":18534.24172595133,"standard_error":11290.022582754433},"Slope":{"confidence_interval":{"confidence_level":0.95,"lower_bound":1191700.1858505323,"upper_bound":1210504.3668336961},"point_estimate":1201521.3312554113,"standard_error":4895.840663561103},"StdDev":{"confidence_interval":{"confidence_level":0.95,"lower_bound":10765.150395336026,"upper_bound":38467.77471358244},"point_estimate":29797.498880234594,"standard_error":6932.831199333787}}