{"Mean":{"confidence_interval":{"confidence_level":0.95,"lower_bound":440.3039510255495,"upper_bound":469.80636357271453},"point_estimate":455.40229037750197,"standard_error":7.575349159126834},"Median":{"confidence_interval":{"confidence_level":0.95,"lower_bound":432.7454871683341,"upper_bound":479.34290180513267},"point_estimate":458.1674811059156,"standard_error":13.185845263487264},"MedianAbsDev":{"confidence_interval":{"confidence_level":0.95,"lower_bound":2.568927481125054,"upper_bound":42.951352137567056},"point_estimate":32.38196958271441,"standard_error":11.550439644211377},"Slope":{"confidence_interval":{"confidence_level":0.95,"lower_bound":445.8418603057946,"upper_bound":478.7692055259609},"point_estimate":468.3162057331533,"standard_error":8.538072510191071},"StdDev":{"confidence_interval":{"confidence_level":0.95,"lower_bound":14.996595978836638,"upper_bound":29.802752709431704},"point_estimate":25.27452940551674,"standard_error":3.7369602777821855}}