{"Mean":{"confidence_interval":{"confidence_level":0.95,"lower_bound":5285308.009027778,"upper_bound":5331024.3851142535},"point_estimate":5303752.607374338,"standard_error":12239.830239950912},"Median":{"confidence_interval":{"confidence_level":0.95,"lower_bound":5279339.907407408,"upper_bound":5305401.548611111},"point_estimate":5297662.184027778,"standard_error":6777.381934746957},"MedianAbsDev":{"confidence_interval":{"confidence_level":0.95,"lower_bound":2622.5869784393794,"upper_bound":35323.134845805354},"point_estimate":12625.725036264768,"standard_error":8775.073569340799},"Slope":{"confidence_interval":{"confidence_level":0.95,"lower_bound":5285437.281526281,"upper_bound":5335366.803618164},"point_estimate":5302283.885858586,"standard_error":13210.695370920439},"StdDev":{"confidence_interval":{"confidence_level":0.95,"lower_bound":9617.316716891319,"upper_bound":61493.90847883262},"point_estimate":40666.65099154143,"standard_error":17027.14724761266}}