{"Mean":{"confidence_interval":{"confidence_level":0.95,"lower_bound":634.856702098877,"upper_bound":643.897755070607},"point_estimate":638.9541504258665,"standard_error":2.3111955587868525},"Median":{"confidence_interval":{"confidence_level":0.95,"lower_bound":632.7577896914579,"upper_bound":642.0733247918898},"point_estimate":638.6704736572703,"standard_error":2.810731961399228},"MedianAbsDev":{"confidence_interval":{"confidence_level":0.95,"lower_bound":1.119598449384379,"upper_bound":12.440812677096213},"point_estimate":6.214961403913273,"standard_error":2.6958779856609763},"Slope":{"confidence_interval":{"confidence_level":0.95,"lower_bound":637.3339750766003,"upper_bound":645.5930867802126},"point_estimate":640.9505767929326,"standard_error":2.0716898654084557},"StdDev":{"confidence_interval":{"confidence_level":0.95,"lower_bound":3.5296855611717164,"upper_bound":10.684002525563557},"point_estimate":7.679284706341373,"standard_error":2.1314037386828915}}