{"Mean":{"confidence_interval":{"confidence_level":0.95,"lower_bound":9433.117821668278,"upper_bound":9948.484977124326},"point_estimate":9694.69038194307,"standard_error":132.2790289465492},"Median":{"confidence_interval":{"confidence_level":0.95,"lower_bound":9335.936340990866,"upper_bound":10064.759549949697},"point_estimate":9678.309945566934,"standard_error":214.75609965529512},"MedianAbsDev":{"confidence_interval":{"confidence_level":0.95,"lower_bound":94.56677439131388,"upper_bound":768.4141093208327},"point_estimate":528.1820197399729,"standard_error":164.86528050914225},"Slope":{"confidence_interval":{"confidence_level":0.95,"lower_bound":9726.936657326196,"upper_bound":10184.363768961},"point_estimate":10019.577583114367,"standard_error":117.32840198811834},"StdDev":{"confidence_interval":{"confidence_level":0.95,"lower_bound":266.00760262263486,"upper_bound":550.7812906571728},"point_estimate":440.5285920482717,"standard_error":73.56615532938251}}