{"Mean":{"confidence_interval":{"confidence_level":0.95,"lower_bound":59202.551986347244,"upper_bound":60490.400210782056},"point_estimate":59845.538166476545,"standard_error":328.9667501724958},"Median":{"confidence_interval":{"confidence_level":0.95,"lower_bound":59035.41666666667,"upper_bound":60796.24540614804},"point_estimate":59748.59823544565,"standard_error":448.35100118433456},"MedianAbsDev":{"confidence_interval":{"confidence_level":0.95,"lower_bound":276.32037211905845,"upper_bound":1843.1442647274175},"point_estimate":1139.617798775979,"standard_error":402.81585550700487},"Slope":{"confidence_interval":{"confidence_level":0.95,"lower_bound":59705.24730764138,"upper_bound":60816.20875862702},"point_estimate":60256.97470443004,"standard_error":284.75155404568216},"StdDev":{"confidence_interval":{"confidence_level":0.95,"lower_bound":634.8433657669973,"upper_bound":1374.4441061524058},"point_estimate":1096.4554460018455,"standard_error":190.2482420336922}}