{"Mean":{"confidence_interval":{"confidence_level":0.95,"lower_bound":607063.3380161179,"upper_bound":622385.1434945131},"point_estimate":614193.2615466393,"standard_error":3951.6916820543815},"Median":{"confidence_interval":{"confidence_level":0.95,"lower_bound":604749.6296296297,"upper_bound":623575.1898148148},"point_estimate":611935.2740740741,"standard_error":4427.606517474065},"MedianAbsDev":{"confidence_interval":{"confidence_level":0.95,"lower_bound":849.9963259794472,"upper_bound":21101.9671449948},"point_estimate":12378.813508874153,"standard_error":5082.659142574289},"Slope":{"confidence_interval":{"confidence_level":0.95,"lower_bound":611721.2363022296,"upper_bound":625478.3568061225},"point_estimate":617242.5548500882,"standard_error":3518.61914860172},"StdDev":{"confidence_interval":{"confidence_level":0.95,"lower_bound":5757.266534991262,"upper_bound":17526.59989239901},"point_estimate":13196.069932003105,"standard_error":3120.638341105798}}