{"Mean":{"confidence_interval":{"confidence_level":0.95,"lower_bound":238639.1685987903,"upper_bound":241502.4417204301},"point_estimate":240183.95631528413,"standard_error":735.5982474789557},"Median":{"confidence_interval":{"confidence_level":0.95,"lower_bound":237927.5453629032,"upper_bound":241927.96505376344},"point_estimate":241363.91094470047,"standard_error":971.6428919465244},"MedianAbsDev":{"confidence_interval":{"confidence_level":0.95,"lower_bound":219.5224404575317,"upper_bound":3748.321807728176},"point_estimate":1249.5473281386612,"standard_error":974.6742106977943},"Slope":{"confidence_interval":{"confidence_level":0.95,"lower_bound":241026.00570602555,"upper_bound":242022.80790032836},"point_estimate":241711.86837033933,"standard_error":260.25130504136035},"StdDev":{"confidence_interval":{"confidence_level":0.95,"lower_bound":873.0931618492801,"upper_bound":3041.1564247565043},"point_estimate":2463.823579375003,"standard_error":564.0965678557184}}