{"Mean":{"confidence_interval":{"confidence_level":0.95,"lower_bound":73612.99425510205,"upper_bound":77243.18001082767},"point_estimate":75514.7766043084,"standard_error":933.2894907390324},"Median":{"confidence_interval":{"confidence_level":0.95,"lower_bound":72802.99142857143,"upper_bound":78139.68480725624},"point_estimate":76371.50857142857,"standard_error":1550.72714471107},"MedianAbsDev":{"confidence_interval":{"confidence_level":0.95,"lower_bound":219.58858810152736,"upper_bound":5185.841717932904},"point_estimate":2719.952966377851,"standard_error":1431.8217381918646},"Slope":{"confidence_interval":{"confidence_level":0.95,"lower_bound":76396.24341192788,"upper_bound":78156.42357959003},"point_estimate":77561.22538033396,"standard_error":454.3331833454395},"StdDev":{"confidence_interval":{"confidence_level":0.95,"lower_bound":1649.8931711332866,"upper_bound":3716.1904456021102},"point_estimate":3110.2851887781053,"standard_error":516.7826101376871}}