{"Mean":{"confidence_interval":{"confidence_level":0.95,"lower_bound":2074.726848233249,"upper_bound":2238.655768489676},"point_estimate":2161.5830569096784,"standard_error":42.088287705574515},"Median":{"confidence_interval":{"confidence_level":0.95,"lower_bound":2087.52189380531,"upper_bound":2282.161627826942},"point_estimate":2150.9346761061947,"standard_error":56.51202189625774},"MedianAbsDev":{"confidence_interval":{"confidence_level":0.95,"lower_bound":10.37205599143462,"upper_bound":240.952260807198},"point_estimate":166.85578306515143,"standard_error":58.092867980006965},"Slope":{"confidence_interval":{"confidence_level":0.95,"lower_bound":2172.234131002403,"upper_bound":2293.7146371934195},"point_estimate":2254.8258210320655,"standard_error":30.84360123597037},"StdDev":{"confidence_interval":{"confidence_level":0.95,"lower_bound":73.03192473394269,"upper_bound":186.1898157062803},"point_estimate":140.2347972916481,"standard_error":31.563949943863964}}