{"Mean":{"confidence_interval":{"confidence_level":0.95,"lower_bound":1428.2740647820597,"upper_bound":1464.573576303836},"point_estimate":1447.956146281719,"standard_error":9.303225919285314},"Median":{"confidence_interval":{"confidence_level":0.95,"lower_bound":1432.011330531047,"upper_bound":1474.8497724876534},"point_estimate":1451.0293704963256,"standard_error":11.897973789712106},"MedianAbsDev":{"confidence_interval":{"confidence_level":0.95,"lower_bound":3.6546334106459546,"upper_bound":49.574297788100566},"point_estimate":31.661493954710046,"standard_error":11.859437003816087},"Slope":{"confidence_interval":{"confidence_level":0.95,"lower_bound":1455.363236014294,"upper_bound":1473.8253450633258},"point_estimate":1467.7620088252017,"standard_error":4.762247019152901},"StdDev":{"confidence_interval":{"confidence_level":0.95,"lower_bound":14.249744672676874,"upper_bound":42.18663450029066},"point_estimate":31.027691322299425,"standard_error":7.925583858891857}}