{"Mean":{"confidence_interval":{"confidence_level":0.95,"lower_bound":3483.402536905692,"upper_bound":3565.8553454507546},"point_estimate":3527.8833415811373,"standard_error":21.206664106952772},"Median":{"confidence_interval":{"confidence_level":0.95,"lower_bound":3481.473759881852,"upper_bound":3589.2539581704455},"point_estimate":3541.980195185971,"standard_error":27.78064916838808},"MedianAbsDev":{"confidence_interval":{"confidence_level":0.95,"lower_bound":3.440917616676291,"upper_bound":109.91608650051478},"point_estimate":66.20357966743211,"standard_error":29.750021913846396},"Slope":{"confidence_interval":{"confidence_level":0.95,"lower_bound":3525.6207461352574,"upper_bound":3582.743246503013},"point_estimate":3564.546518350037,"standard_error":14.827551359027979},"StdDev":{"confidence_interval":{"confidence_level":0.95,"lower_bound":30.66456024664024,"upper_bound":93.08258657317029},"point_estimate":70.73718593136012,"standard_error":16.67529791071814}}