{"Mean":{"confidence_interval":{"confidence_level":0.95,"lower_bound":823587.0357320736,"upper_bound":829780.4909939092},"point_estimate":826437.7595247322,"standard_error":1593.3340796082769},"Median":{"confidence_interval":{"confidence_level":0.95,"lower_bound":822778.3062015504,"upper_bound":830475.8008720931},"point_estimate":824071.8625322997,"standard_error":1963.299414459553},"MedianAbsDev":{"confidence_interval":{"confidence_level":0.95,"lower_bound":604.7858590303432,"upper_bound":8486.66084235498},"point_estimate":2830.186377370443,"standard_error":1987.4618887401164},"Slope":{"confidence_interval":{"confidence_level":0.95,"lower_bound":823905.7318041114,"upper_bound":830177.1733260496},"point_estimate":826159.3742071881,"standard_error":1655.5001721504177},"StdDev":{"confidence_interval":{"confidence_level":0.95,"lower_bound":1728.7448382677578,"upper_bound":6546.70612898999},"point_estimate":5296.232811797259,"standard_error":1190.9690838451986}}