{"Mean":{"confidence_interval":{"confidence_level":0.95,"lower_bound":553447.3594359837,"upper_bound":625184.2509521389},"point_estimate":592558.4896802814,"standard_error":18224.300549354815},"Median":{"confidence_interval":{"confidence_level":0.95,"lower_bound":565607.3925022584,"upper_bound":626645.642179636},"point_estimate":624362.7484756098,"standard_error":17346.852060512978},"MedianAbsDev":{"confidence_interval":{"confidence_level":0.95,"lower_bound":914.1750612091131,"upper_bound":77868.54206341073},"point_estimate":4010.8967435280447,"standard_error":21029.075542994455},"Slope":{"confidence_interval":{"confidence_level":0.95,"lower_bound":613514.5462113821,"upper_bound":625335.6579209445},"point_estimate":622018.3197550417,"standard_error":3199.021142817615},"StdDev":{"confidence_interval":{"confidence_level":0.95,"lower_bound":2653.5411953367293,"upper_bound":80767.1891375126},"point_estimate":60799.59644611791,"standard_error":18415.42582916854}}