{"Mean":{"confidence_interval":{"confidence_level":0.95,"lower_bound":3837.2943371457686,"upper_bound":3924.6115651498185},"point_estimate":3880.5963629108446,"standard_error":22.27070878265372},"Median":{"confidence_interval":{"confidence_level":0.95,"lower_bound":3838.9673592359236,"upper_bound":3923.815083740517},"point_estimate":3882.564302992799,"standard_error":17.460057232507914},"MedianAbsDev":{"confidence_interval":{"confidence_level":0.95,"lower_bound":3.158257476182932,"upper_bound":127.64634816558642},"point_estimate":37.817960332900505,"standard_error":38.69487888573642},"Slope":{"confidence_interval":{"confidence_level":0.95,"lower_bound":3871.363092559256,"upper_bound":3926.586324002491},"point_estimate":3892.9279070277157,"standard_error":14.353823477615226},"StdDev":{"confidence_interval":{"confidence_level":0.95,"lower_bound":32.19519082538814,"upper_bound":98.90802395213082},"point_estimate":74.12798138714108,"standard_error":16.74626512280041}}