{"Mean":{"confidence_interval":{"confidence_level":0.95,"lower_bound":5181.972276508702,"upper_bound":5258.980000578047},"point_estimate":5222.731166340858,"standard_error":19.689227600054853},"Median":{"confidence_interval":{"confidence_level":0.95,"lower_bound":5179.790610417454,"upper_bound":5267.630307520914},"point_estimate":5241.976057825703,"standard_error":23.674348664102062},"MedianAbsDev":{"confidence_interval":{"confidence_level":0.95,"lower_bound":10.270062014037078,"upper_bound":106.06743471170559},"point_estimate":44.487995089231276,"standard_error":24.580163498346824},"Slope":{"confidence_interval":{"confidence_level":0.95,"lower_bound":5236.28767892921,"upper_bound":5278.740377582792},"point_estimate":5260.546483728152,"standard_error":10.74084769709052},"StdDev":{"confidence_interval":{"confidence_level":0.95,"lower_bound":28.75292999741878,"upper_bound":85.52576706423145},"point_estimate":65.84199562642529,"standard_error":14.6859878968168}}