{"Mean":{"confidence_interval":{"confidence_level":0.95,"lower_bound":5895.720284749729,"upper_bound":5970.702360907019},"point_estimate":5934.862958700699,"standard_error":19.202402538535974},"Median":{"confidence_interval":{"confidence_level":0.95,"lower_bound":5872.623711559758,"upper_bound":5980.349233191711},"point_estimate":5955.698183760684,"standard_error":30.31434919294497},"MedianAbsDev":{"confidence_interval":{"confidence_level":0.95,"lower_bound":2.6768982008355446,"upper_bound":109.10562537366188},"point_estimate":39.708836683220305,"standard_error":28.62910961367957},"Slope":{"confidence_interval":{"confidence_level":0.95,"lower_bound":5908.325443925861,"upper_bound":5991.231244540363},"point_estimate":5956.747807037923,"standard_error":21.345991779247367},"StdDev":{"confidence_interval":{"confidence_level":0.95,"lower_bound":32.79731646509238,"upper_bound":78.43583546141983},"point_estimate":63.93397354115212,"standard_error":11.264551083017814}}