{"Mean":{"confidence_interval":{"confidence_level":0.95,"lower_bound":45161.93417463885,"upper_bound":46111.801679161836},"point_estimate":45633.61590252458,"standard_error":243.38342424630656},"Median":{"confidence_interval":{"confidence_level":0.95,"lower_bound":44827.00328692962,"upper_bound":46427.37659512761},"point_estimate":45577.260714285716,"standard_error":420.4184299033723},"MedianAbsDev":{"confidence_interval":{"confidence_level":0.95,"lower_bound":239.49762169065173,"upper_bound":1357.7754042821327},"point_estimate":1171.1612204722358,"standard_error":293.19087185454543},"Slope":{"confidence_interval":{"confidence_level":0.95,"lower_bound":45684.57226363103,"upper_bound":46429.87591180992},"point_estimate":46155.24489408503,"standard_error":191.25413706207055},"StdDev":{"confidence_interval":{"confidence_level":0.95,"lower_bound":516.1473213858525,"upper_bound":955.9310945360348},"point_estimate":811.6661298303859,"standard_error":111.46666611546524}}