{"Mean":{"confidence_interval":{"confidence_level":0.95,"lower_bound":644335.8032097223,"upper_bound":662368.4317638889},"point_estimate":653448.5640763888,"standard_error":4620.106218331253},"Median":{"confidence_interval":{"confidence_level":0.95,"lower_bound":637859.135,"upper_bound":665463.0646875},"point_estimate":657742.11875,"standard_error":8001.731357330898},"MedianAbsDev":{"confidence_interval":{"confidence_level":0.95,"lower_bound":2430.2451875838433,"upper_bound":24642.920561000683},"point_estimate":17072.246185407057,"standard_error":6232.202774712627},"Slope":{"confidence_interval":{"confidence_level":0.95,"lower_bound":653616.7057254473,"upper_bound":666436.4533055044},"point_estimate":661776.1011688311,"standard_error":3269.6263075135184},"StdDev":{"confidence_interval":{"confidence_level":0.95,"lower_bound":9711.270052078726,"upper_bound":18488.30565081909},"point_estimate":15419.167805633902,"standard_error":2258.1558604115867}}