{"Mean":{"confidence_interval":{"confidence_level":0.95,"lower_bound":47159.296609821846,"upper_bound":48735.908886651516},"point_estimate":47878.5501543768,"standard_error":405.9970054323817},"Median":{"confidence_interval":{"confidence_level":0.95,"lower_bound":46939.60087025317,"upper_bound":48862.296168625675},"point_estimate":47425.787324191275,"standard_error":449.1162819962629},"MedianAbsDev":{"confidence_interval":{"confidence_level":0.95,"lower_bound":197.93955574747523,"upper_bound":2140.591515161457},"point_estimate":989.5645193779213,"standard_error":484.1279104194957},"Slope":{"confidence_interval":{"confidence_level":0.95,"lower_bound":47659.23933491852,"upper_bound":49811.831376640235},"point_estimate":48801.966787221216,"standard_error":577.6372961833243},"StdDev":{"confidence_interval":{"confidence_level":0.95,"lower_bound":495.70060379435387,"upper_bound":1778.2060690618096},"point_estimate":1353.3030012353263,"standard_error":337.95117563486923}}