{"Mean":{"confidence_interval":{"confidence_level":0.95,"lower_bound":289949.6393532338,"upper_bound":300958.7848364428},"point_estimate":295123.79500000004,"standard_error":2824.2299160314733},"Median":{"confidence_interval":{"confidence_level":0.95,"lower_bound":287627.9358208955,"upper_bound":302101.94029850746},"point_estimate":291719.8003731343,"standard_error":4655.152012394883},"MedianAbsDev":{"confidence_interval":{"confidence_level":0.95,"lower_bound":1045.1592202507193,"upper_bound":17325.86263203137},"point_estimate":8289.602039471925,"standard_error":4221.090105484087},"Slope":{"confidence_interval":{"confidence_level":0.95,"lower_bound":291336.20818526414,"upper_bound":299960.5636078943},"point_estimate":296643.97863927117,"standard_error":2186.6334971891183},"StdDev":{"confidence_interval":{"confidence_level":0.95,"lower_bound":5063.34645851071,"upper_bound":12031.786282334604},"point_estimate":9412.207031796712,"standard_error":1870.4852397276716}}