{"Mean":{"confidence_interval":{"confidence_level":0.95,"lower_bound":4487188.197751041,"upper_bound":4504570.88247619},"point_estimate":4495696.484835317,"standard_error":4456.8342974368325},"Median":{"confidence_interval":{"confidence_level":0.95,"lower_bound":4482964.555208333,"upper_bound":4507637.791666667},"point_estimate":4497094.029999999,"standard_error":6132.256661520278},"MedianAbsDev":{"confidence_interval":{"confidence_level":0.95,"lower_bound":1762.3468207132678,"upper_bound":26172.918020338417},"point_estimate":18077.732411846828,"standard_error":6528.980020618532},"Slope":{"confidence_interval":{"confidence_level":0.95,"lower_bound":4483891.160584958,"upper_bound":4502785.961879432},"point_estimate":4492466.342207792,"standard_error":4800.69585954236},"StdDev":{"confidence_interval":{"confidence_level":0.95,"lower_bound":8430.075940248873,"upper_bound":18488.30354924267},"point_estimate":14863.63719533439,"standard_error":2575.1098813830763}}