{"Mean":{"confidence_interval":{"confidence_level":0.95,"lower_bound":16946364.050607473,"upper_bound":17064787.906595405},"point_estimate":17002230.897705026,"standard_error":30247.925940160152},"Median":{"confidence_interval":{"confidence_level":0.95,"lower_bound":16943134.413888887,"upper_bound":17046082.147321425},"point_estimate":17003695.48148148,"standard_error":23988.410244357092},"MedianAbsDev":{"confidence_interval":{"confidence_level":0.95,"lower_bound":6872.911839090972,"upper_bound":159708.23694544417},"point_estimate":65006.63579368013,"standard_error":37728.025208550505},"Slope":{"confidence_interval":{"confidence_level":0.95,"lower_bound":16937052.260141533,"upper_bound":17034131.749382716},"point_estimate":16984628.34155844,"standard_error":25189.13824705344},"StdDev":{"confidence_interval":{"confidence_level":0.95,"lower_bound":37766.582351678575,"upper_bound":141115.2054853059},"point_estimate":101094.73724612789,"standard_error":27149.82567908158}}