{"Mean":{"confidence_interval":{"confidence_level":0.95,"lower_bound":358671.0341145834,"upper_bound":363253.9281969246},"point_estimate":361092.38559275796,"standard_error":1178.613270339593},"Median":{"confidence_interval":{"confidence_level":0.95,"lower_bound":357669.5390625,"upper_bound":363829.12638888886},"point_estimate":362642.1902901786,"standard_error":1531.3535387993268},"MedianAbsDev":{"confidence_interval":{"confidence_level":0.95,"lower_bound":469.5754470800629,"upper_bound":6468.776070156236},"point_estimate":3392.594138206914,"standard_error":1600.355104129928},"Slope":{"confidence_interval":{"confidence_level":0.95,"lower_bound":362098.3656363636,"upper_bound":364024.1231918239},"point_estimate":363312.86068181816,"standard_error":496.05883126624246},"StdDev":{"confidence_interval":{"confidence_level":0.95,"lower_bound":1783.7206243684495,"upper_bound":4938.756754284009},"point_estimate":3933.6838298008543,"standard_error":794.2735019600648}}