{"Mean":{"confidence_interval":{"confidence_level":0.95,"lower_bound":79405.75493335213,"upper_bound":80965.37489908146},"point_estimate":80068.18990136439,"standard_error":405.57252709037243},"Median":{"confidence_interval":{"confidence_level":0.95,"lower_bound":79125.71032148901,"upper_bound":80499.84377702576},"point_estimate":79677.13131496253,"standard_error":428.1892405879632},"MedianAbsDev":{"confidence_interval":{"confidence_level":0.95,"lower_bound":124.22774584864823,"upper_bound":1696.9494043627033},"point_estimate":966.0636241348974,"standard_error":392.7660774987889},"Slope":{"confidence_interval":{"confidence_level":0.95,"lower_bound":79591.8858016886,"upper_bound":80372.86547944135},"point_estimate":80109.82723537038,"standard_error":198.68520160335987},"StdDev":{"confidence_interval":{"confidence_level":0.95,"lower_bound":469.2672316145838,"upper_bound":1979.989346000512},"point_estimate":1354.471686117292,"standard_error":474.87890475202727}}