{"Mean":{"confidence_interval":{"confidence_level":0.95,"lower_bound":384.76993356440437,"upper_bound":416.4170010188852},"point_estimate":401.427856864182,"standard_error":8.108497124014306},"Median":{"confidence_interval":{"confidence_level":0.95,"lower_bound":388.2845508842033,"upper_bound":415.3936072582408},"point_estimate":406.7512490317217,"standard_error":5.8485192052017},"MedianAbsDev":{"confidence_interval":{"confidence_level":0.95,"lower_bound":0.31830583462551254,"upper_bound":45.61462305584764},"point_estimate":12.481065526163746,"standard_error":12.305507866944588},"Slope":{"confidence_interval":{"confidence_level":0.95,"lower_bound":399.4729703105976,"upper_bound":409.59350586273143},"point_estimate":405.5860075479698,"standard_error":2.554153791152067},"StdDev":{"confidence_interval":{"confidence_level":0.95,"lower_bound":10.21905151425605,"upper_bound":36.74922370824091},"point_estimate":27.053547209021268,"standard_error":6.90562565812545}}