{"Mean":{"confidence_interval":{"confidence_level":0.95,"lower_bound":9487.049216057443,"upper_bound":9576.800940308281},"point_estimate":9531.205144074493,"standard_error":23.0939124950431},"Median":{"confidence_interval":{"confidence_level":0.95,"lower_bound":9469.529932735426,"upper_bound":9592.421208462689},"point_estimate":9536.956833774098,"standard_error":27.393491018975013},"MedianAbsDev":{"confidence_interval":{"confidence_level":0.95,"lower_bound":6.1888221104312695,"upper_bound":152.2595254502387},"point_estimate":72.70949172168159,"standard_error":37.45552041191786},"Slope":{"confidence_interval":{"confidence_level":0.95,"lower_bound":9452.87130762931,"upper_bound":9534.094900736809},"point_estimate":9486.146392919487,"standard_error":20.725971456299806},"StdDev":{"confidence_interval":{"confidence_level":0.95,"lower_bound":42.19574651105767,"upper_bound":96.39946592840644},"point_estimate":76.90343134665011,"standard_error":13.975734690117143}}