{"Mean":{"confidence_interval":{"confidence_level":0.95,"lower_bound":1371017.3151200777,"upper_bound":1545177.3914728328},"point_estimate":1460425.592876984,"standard_error":44516.71278471523},"Median":{"confidence_interval":{"confidence_level":0.95,"lower_bound":1368030.1282051282,"upper_bound":1601522.3626373627},"point_estimate":1449933.6346153845,"standard_error":53461.15561297316},"MedianAbsDev":{"confidence_interval":{"confidence_level":0.95,"lower_bound":21926.34207996054,"upper_bound":271484.72197249054},"point_estimate":125815.63865863335,"standard_error":64297.22599247043},"Slope":{"confidence_interval":{"confidence_level":0.95,"lower_bound":1440928.5095287596,"upper_bound":1612003.584030595},"point_estimate":1539635.8417582416,"standard_error":43467.05134921725},"StdDev":{"confidence_interval":{"confidence_level":0.95,"lower_bound":80432.7963820751,"upper_bound":193918.8806690772},"point_estimate":148327.22117335428,"standard_error":30350.876190613846}}