{"Mean":{"confidence_interval":{"confidence_level":0.95,"lower_bound":757318.4643884408,"upper_bound":764773.7403424219},"point_estimate":760903.4422241424,"standard_error":1910.9826145342288},"Median":{"confidence_interval":{"confidence_level":0.95,"lower_bound":755691.1166666667,"upper_bound":765480.2628008192},"point_estimate":760223.8034274194,"standard_error":2578.141800694491},"MedianAbsDev":{"confidence_interval":{"confidence_level":0.95,"lower_bound":1508.6463059580847,"upper_bound":10470.565129862982},"point_estimate":6343.836049471193,"standard_error":2329.8275535187327},"Slope":{"confidence_interval":{"confidence_level":0.95,"lower_bound":759256.0040048277,"upper_bound":764666.9589648109},"point_estimate":762430.7875994972,"standard_error":1353.7232429511967},"StdDev":{"confidence_interval":{"confidence_level":0.95,"lower_bound":3315.5399057138034,"upper_bound":8018.119213336545},"point_estimate":6350.703588047982,"standard_error":1197.8947258995724}}