{"Mean":{"confidence_interval":{"confidence_level":0.95,"lower_bound":79695.65627050266,"upper_bound":84041.87565823413},"point_estimate":81923.56098544973,"standard_error":1115.909086274243},"Median":{"confidence_interval":{"confidence_level":0.95,"lower_bound":79121.49722222223,"upper_bound":84945.66666666667},"point_estimate":82364.97321428571,"standard_error":1566.4892458584352},"MedianAbsDev":{"confidence_interval":{"confidence_level":0.95,"lower_bound":1060.125904095672,"upper_bound":6521.154209226363},"point_estimate":4311.908651226106,"standard_error":1384.9750654351337},"Slope":{"confidence_interval":{"confidence_level":0.95,"lower_bound":82610.70309737521,"upper_bound":85452.97100485016},"point_estimate":84371.3492063492,"standard_error":733.3903757379154},"StdDev":{"confidence_interval":{"confidence_level":0.95,"lower_bound":2091.1518250468107,"upper_bound":4586.630169552325},"point_estimate":3724.1892895245305,"standard_error":628.990675444029}}