{"Mean":{"confidence_interval":{"confidence_level":0.95,"lower_bound":1256.0296864405223,"upper_bound":1298.9611798439512},"point_estimate":1274.7448208157136,"standard_error":10.887563303047262},"Median":{"confidence_interval":{"confidence_level":0.95,"lower_bound":1256.3644015444015,"upper_bound":1303.2723916773916},"point_estimate":1261.956943739658,"standard_error":9.847392918443438},"MedianAbsDev":{"confidence_interval":{"confidence_level":0.95,"lower_bound":1.2630940829810013,"upper_bound":55.80986953350119},"point_estimate":7.666391850380777,"standard_error":10.771355059680257},"Slope":{"confidence_interval":{"confidence_level":0.95,"lower_bound":1258.7066637215742,"upper_bound":1313.5887016661734},"point_estimate":1282.4419260893546,"standard_error":16.522511533164508},"StdDev":{"confidence_interval":{"confidence_level":0.95,"lower_bound":4.669397044695827,"upper_bound":45.710886444330654},"point_estimate":36.15029638043281,"standard_error":10.385881913989591}}