{"Mean":{"confidence_interval":{"confidence_level":0.95,"lower_bound":542806.0693559338,"upper_bound":544213.3292917596},"point_estimate":543556.8048139882,"standard_error":359.93967875113856},"Median":{"confidence_interval":{"confidence_level":0.95,"lower_bound":542773.1373697917,"upper_bound":544526.30859375},"point_estimate":543753.6419270833,"standard_error":464.8360732069593},"MedianAbsDev":{"confidence_interval":{"confidence_level":0.95,"lower_bound":106.95295849182055,"upper_bound":1886.039529797351},"point_estimate":1137.469811446499,"standard_error":471.66067653160303},"Slope":{"confidence_interval":{"confidence_level":0.95,"lower_bound":543598.4665061668,"upper_bound":544383.4559110753},"point_estimate":544053.5963271104,"standard_error":199.88287717331463},"StdDev":{"confidence_interval":{"confidence_level":0.95,"lower_bound":526.5539536712919,"upper_bound":1548.0245930871395},"point_estimate":1202.8245184952686,"standard_error":266.42271199370305}}