{"Mean":{"confidence_interval":{"confidence_level":0.95,"lower_bound":10157.531537035571,"upper_bound":10241.233380642265},"point_estimate":10195.843605805077,"standard_error":21.562107186691755},"Median":{"confidence_interval":{"confidence_level":0.95,"lower_bound":10137.568172370791,"upper_bound":10232.854025218236},"point_estimate":10188.931730635999,"standard_error":25.937261841614262},"MedianAbsDev":{"confidence_interval":{"confidence_level":0.95,"lower_bound":11.286597879157794,"upper_bound":112.14668053082163},"point_estimate":70.63540146178148,"standard_error":24.72134756982978},"Slope":{"confidence_interval":{"confidence_level":0.95,"lower_bound":10182.314250395817,"upper_bound":10292.344777350654},"point_estimate":10235.175614935155,"standard_error":29.423547856218143},"StdDev":{"confidence_interval":{"confidence_level":0.95,"lower_bound":32.67023213407407,"upper_bound":98.17140537857658},"point_estimate":71.652157100673,"standard_error":18.73173142338323}}