{"Mean":{"confidence_interval":{"confidence_level":0.95,"lower_bound":690055.8910774412,"upper_bound":696831.4511952862},"point_estimate":693613.9306902357,"standard_error":1745.8025248170782},"Median":{"confidence_interval":{"confidence_level":0.95,"lower_bound":688807.1398989898,"upper_bound":698289.9713804715},"point_estimate":694586.7286195286,"standard_error":2246.676369339137},"MedianAbsDev":{"confidence_interval":{"confidence_level":0.95,"lower_bound":1215.6320152363717,"upper_bound":9929.59626320944},"point_estimate":4321.768190646962,"standard_error":2263.2065377596064},"Slope":{"confidence_interval":{"confidence_level":0.95,"lower_bound":692089.9837741546,"upper_bound":697543.1936466111},"point_estimate":694777.1879312607,"standard_error":1424.5666368155537},"StdDev":{"confidence_interval":{"confidence_level":0.95,"lower_bound":2848.4655668970977,"upper_bound":7404.89984562678},"point_estimate":5825.274776034368,"standard_error":1173.1293767275552}}