{"Mean":{"confidence_interval":{"confidence_level":0.95,"lower_bound":39728.83285854342,"upper_bound":40056.10788319912},"point_estimate":39908.115991441024,"standard_error":84.46767890069795},"Median":{"confidence_interval":{"confidence_level":0.95,"lower_bound":39743.39845938375,"upper_bound":40097.06509803922},"point_estimate":39975.10206971677,"standard_error":72.914879897628},"MedianAbsDev":{"confidence_interval":{"confidence_level":0.95,"lower_bound":43.77741823423528,"upper_bound":424.2430754093483},"point_estimate":158.55945222912788,"standard_error":95.9746828549561},"Slope":{"confidence_interval":{"confidence_level":0.95,"lower_bound":39936.3225041846,"upper_bound":40148.702537207886},"point_estimate":40048.76615737204,"standard_error":56.99103282714157},"StdDev":{"confidence_interval":{"confidence_level":0.95,"lower_bound":89.45218518920142,"upper_bound":379.354088007213},"point_estimate":280.36586290751,"standard_error":77.39140449965902}}