{"Mean":{"confidence_interval":{"confidence_level":0.95,"lower_bound":902.6193473971837,"upper_bound":1006.441770533997},"point_estimate":954.445651049104,"standard_error":26.597558417614785},"Median":{"confidence_interval":{"confidence_level":0.95,"lower_bound":872.6084546787838,"upper_bound":1047.0005013450264},"point_estimate":944.7985713537439,"standard_error":56.35678364386681},"MedianAbsDev":{"confidence_interval":{"confidence_level":0.95,"lower_bound":1.8368199158400687,"upper_bound":142.05154229732872},"point_estimate":142.05154229732872,"standard_error":40.38074258286331},"Slope":{"confidence_interval":{"confidence_level":0.95,"lower_bound":967.1403195114374,"upper_bound":1042.127969142712},"point_estimate":1020.1881657404482,"standard_error":19.28215647358893},"StdDev":{"confidence_interval":{"confidence_level":0.95,"lower_bound":60.4120623315763,"upper_bound":99.89651330372325},"point_estimate":88.57788010498658,"standard_error":10.283168347066455}}