{"Mean":{"confidence_interval":{"confidence_level":0.95,"lower_bound":294963.2813729247,"upper_bound":312447.3191424352},"point_estimate":304050.4404793833,"standard_error":4442.377285630526},"Median":{"confidence_interval":{"confidence_level":0.95,"lower_bound":297371.8545019157,"upper_bound":311232.4626436782},"point_estimate":305489.5784984492,"standard_error":3701.698724784354},"MedianAbsDev":{"confidence_interval":{"confidence_level":0.95,"lower_bound":2668.1426758110583,"upper_bound":22899.08629681243},"point_estimate":8485.54378986873,"standard_error":4932.29410028176},"Slope":{"confidence_interval":{"confidence_level":0.95,"lower_bound":299919.5756704981,"upper_bound":306743.21792818763},"point_estimate":303297.12675026123,"standard_error":1718.215038428508},"StdDev":{"confidence_interval":{"confidence_level":0.95,"lower_bound":5029.803088824881,"upper_bound":20598.502933173553},"point_estimate":14795.7326012485,"standard_error":4087.120690792345}}