{"Mean":{"confidence_interval":{"confidence_level":0.95,"lower_bound":357830.42435627256,"upper_bound":361164.6037565789},"point_estimate":359282.2871268449,"standard_error":864.4623188279801},"Median":{"confidence_interval":{"confidence_level":0.95,"lower_bound":357106.5112781955,"upper_bound":360550.01637426903},"point_estimate":358119.5964912281,"standard_error":870.2187130345477},"MedianAbsDev":{"confidence_interval":{"confidence_level":0.95,"lower_bound":20.56028852376578,"upper_bound":3804.399940937947},"point_estimate":1524.4407945732203,"standard_error":961.493910923592},"Slope":{"confidence_interval":{"confidence_level":0.95,"lower_bound":357575.30727278936,"upper_bound":359804.71329578565},"point_estimate":358335.11018455226,"standard_error":573.4879940803353},"StdDev":{"confidence_interval":{"confidence_level":0.95,"lower_bound":919.3813556956866,"upper_bound":4087.7665910144196},"point_estimate":2886.1967074586582,"standard_error":912.3399400458516}}