{"Mean":{"confidence_interval":{"confidence_level":0.95,"lower_bound":2296.152675035982,"upper_bound":2507.0859870457975},"point_estimate":2411.341606286524,"standard_error":54.4088849440964},"Median":{"confidence_interval":{"confidence_level":0.95,"lower_bound":2290.0301028910394,"upper_bound":2539.896815231849},"point_estimate":2506.024077726307,"standard_error":70.05782244113738},"MedianAbsDev":{"confidence_interval":{"confidence_level":0.95,"lower_bound":15.118412542675397,"upper_bound":286.6695609152761},"point_estimate":74.78211766851436,"standard_error":75.73069442656694},"Slope":{"confidence_interval":{"confidence_level":0.95,"lower_bound":2452.9468460102653,"upper_bound":2534.365468713624},"point_estimate":2503.6754796641235,"standard_error":20.910180342675044},"StdDev":{"confidence_interval":{"confidence_level":0.95,"lower_bound":56.71702096829326,"upper_bound":235.65358110441176},"point_estimate":181.10382301697354,"standard_error":44.03606142585023}}