{"Mean":{"confidence_interval":{"confidence_level":0.95,"lower_bound":15396.896750751901,"upper_bound":15746.749435932357},"point_estimate":15575.382553058676,"standard_error":90.03467435368036},"Median":{"confidence_interval":{"confidence_level":0.95,"lower_bound":15326.028146634888,"upper_bound":15829.030416524798},"point_estimate":15604.024111905572,"standard_error":133.39675535380763},"MedianAbsDev":{"confidence_interval":{"confidence_level":0.95,"lower_bound":86.42660983777137,"upper_bound":519.8641484484671},"point_estimate":338.43278553911483,"standard_error":110.92522542816508},"Slope":{"confidence_interval":{"confidence_level":0.95,"lower_bound":15601.72751848656,"upper_bound":15886.345536090877},"point_estimate":15790.531202879518,"standard_error":73.17351248913509},"StdDev":{"confidence_interval":{"confidence_level":0.95,"lower_bound":171.1845929495672,"upper_bound":365.79833632954166},"point_estimate":299.7969123152729,"standard_error":48.8041413667151}}