{"Mean":{"confidence_interval":{"confidence_level":0.95,"lower_bound":8025.214039750328,"upper_bound":8211.296878167825},"point_estimate":8117.56051373506,"standard_error":47.78237521796834},"Median":{"confidence_interval":{"confidence_level":0.95,"lower_bound":7979.217570865403,"upper_bound":8264.960765909518},"point_estimate":8116.817611538702,"standard_error":75.516133518624},"MedianAbsDev":{"confidence_interval":{"confidence_level":0.95,"lower_bound":49.673917909175486,"upper_bound":265.919673071361},"point_estimate":192.28959845214382,"standard_error":55.26037126796074},"Slope":{"confidence_interval":{"confidence_level":0.95,"lower_bound":8104.528241623991,"upper_bound":8238.900307609563},"point_estimate":8171.031731512339,"standard_error":33.75024097300143},"StdDev":{"confidence_interval":{"confidence_level":0.95,"lower_bound":96.34524707736495,"upper_bound":195.74043270618267},"point_estimate":158.99624686799731,"standard_error":25.388780474139786}}