{"Mean":{"confidence_interval":{"confidence_level":0.95,"lower_bound":311907.2199184732,"upper_bound":316988.0484954605},"point_estimate":314509.7604437651,"standard_error":1303.6498450891631},"Median":{"confidence_interval":{"confidence_level":0.95,"lower_bound":310611.088845655,"upper_bound":318458.1815823606},"point_estimate":314893.52355475264,"standard_error":2029.8817393461861},"MedianAbsDev":{"confidence_interval":{"confidence_level":0.95,"lower_bound":1199.2457936118963,"upper_bound":7451.299886973741},"point_estimate":5221.217811468266,"standard_error":1647.9027884295383},"Slope":{"confidence_interval":{"confidence_level":0.95,"lower_bound":314102.2362752608,"upper_bound":318346.0434742516},"point_estimate":316750.7454242256,"standard_error":1073.936255969958},"StdDev":{"confidence_interval":{"confidence_level":0.95,"lower_bound":2567.899244271608,"upper_bound":5239.679889676542},"point_estimate":4351.966564392204,"standard_error":677.127945594565}}