{"Mean":{"confidence_interval":{"confidence_level":0.95,"lower_bound":6331000.881359127,"upper_bound":6401265.23884127},"point_estimate":6369929.03336508,"standard_error":18186.409667357},"Median":{"confidence_interval":{"confidence_level":0.95,"lower_bound":6341830.255555555,"upper_bound":6412059.1},"point_estimate":6391185.67,"standard_error":19887.994537487455},"MedianAbsDev":{"confidence_interval":{"confidence_level":0.95,"lower_bound":11150.767836034078,"upper_bound":85422.81901244153},"point_estimate":41709.9638795,"standard_error":19154.79042760441},"Slope":{"confidence_interval":{"confidence_level":0.95,"lower_bound":6354907.101204819,"upper_bound":6404588.759460266},"point_estimate":6381813.919220779,"standard_error":12828.501570764089},"StdDev":{"confidence_interval":{"confidence_level":0.95,"lower_bound":23235.428278089385,"upper_bound":85195.01078699058},"point_estimate":60821.420108908795,"standard_error":17913.73699008487}}