{"Mean":{"confidence_interval":{"confidence_level":0.95,"lower_bound":13566936.329485118,"upper_bound":13763034.210239284},"point_estimate":13664313.331103172,"standard_error":50371.47008468704},"Median":{"confidence_interval":{"confidence_level":0.95,"lower_bound":13547910.379999999,"upper_bound":13819810.09861111},"point_estimate":13613324.133333333,"standard_error":76254.54352601533},"MedianAbsDev":{"confidence_interval":{"confidence_level":0.95,"lower_bound":7825.142893075465,"upper_bound":301112.41734218627},"point_estimate":197844.4971350575,"standard_error":73187.35656518553},"Slope":{"confidence_interval":{"confidence_level":0.95,"lower_bound":13673735.020613762,"upper_bound":13837367.756619316},"point_estimate":13778512.842597403,"standard_error":42232.545070649416},"StdDev":{"confidence_interval":{"confidence_level":0.95,"lower_bound":101969.82073185647,"upper_bound":205341.154811378},"point_estimate":168232.79627457843,"standard_error":26473.982467330832}}