{"Mean":{"confidence_interval":{"confidence_level":0.95,"lower_bound":1417642.731124031,"upper_bound":1435578.6275484497},"point_estimate":1426556.6701679588,"standard_error":4594.054867687571},"Median":{"confidence_interval":{"confidence_level":0.95,"lower_bound":1412602.1724806202,"upper_bound":1438006.603359173},"point_estimate":1428809.968023256,"standard_error":6494.3352635706915},"MedianAbsDev":{"confidence_interval":{"confidence_level":0.95,"lower_bound":2919.179009801999,"upper_bound":27305.671042746835},"point_estimate":18625.333128055394,"standard_error":6164.758965444477},"Slope":{"confidence_interval":{"confidence_level":0.95,"lower_bound":1418492.0045500665,"upper_bound":1444033.696841373},"point_estimate":1434472.9633343401,"standard_error":6517.856535117225},"StdDev":{"confidence_interval":{"confidence_level":0.95,"lower_bound":9037.616746836778,"upper_bound":19153.34733844834},"point_estimate":15361.956555862102,"standard_error":2623.882059482}}