{"Mean":{"confidence_interval":{"confidence_level":0.95,"lower_bound":190694.85026666668,"upper_bound":198490.77708642854},"point_estimate":194717.3753857143,"standard_error":2000.2285435932909},"Median":{"confidence_interval":{"confidence_level":0.95,"lower_bound":189156.23,"upper_bound":199301.68791666668},"point_estimate":196691.24476190476,"standard_error":2843.7610495119243},"MedianAbsDev":{"confidence_interval":{"confidence_level":0.95,"lower_bound":1364.9554010171917,"upper_bound":10987.014668941518},"point_estimate":5956.333039253931,"standard_error":2677.8099021565818},"Slope":{"confidence_interval":{"confidence_level":0.95,"lower_bound":195233.37915856758,"upper_bound":201747.37296286962},"point_estimate":199175.65184415586,"standard_error":1692.3090441722666},"StdDev":{"confidence_interval":{"confidence_level":0.95,"lower_bound":3625.0247956615904,"upper_bound":8310.517218857338},"point_estimate":6665.828994041868,"standard_error":1181.3811194574153}}