{"Mean":{"confidence_interval":{"confidence_level":0.95,"lower_bound":27134.444223303424,"upper_bound":27671.40789305837},"point_estimate":27407.0303912786,"standard_error":137.68635763399382},"Median":{"confidence_interval":{"confidence_level":0.95,"lower_bound":26953.526602732527,"upper_bound":27793.59866001051},"point_estimate":27505.251845457045,"standard_error":252.87745185418876},"MedianAbsDev":{"confidence_interval":{"confidence_level":0.95,"lower_bound":24.988806178360463,"upper_bound":736.8002045930285},"point_estimate":507.08906070572505,"standard_error":185.72794543505904},"Slope":{"confidence_interval":{"confidence_level":0.95,"lower_bound":27487.54339176684,"upper_bound":27778.48273509003},"point_estimate":27682.122810872785,"standard_error":74.86051538889684},"StdDev":{"confidence_interval":{"confidence_level":0.95,"lower_bound":292.165429392628,"upper_bound":541.4757701231247},"point_estimate":460.39570037250496,"standard_error":63.437845566858954}}