{"Mean":{"confidence_interval":{"confidence_level":0.95,"lower_bound":5632467.735158731,"upper_bound":5710658.886571429},"point_estimate":5665561.801880953,"standard_error":20464.447183781376},"Median":{"confidence_interval":{"confidence_level":0.95,"lower_bound":5633778.220833333,"upper_bound":5672564.003333334},"point_estimate":5650819.284444444,"standard_error":9526.155074175007},"MedianAbsDev":{"confidence_interval":{"confidence_level":0.95,"lower_bound":4675.949111984467,"upper_bound":66517.83498357263},"point_estimate":20345.207588800495,"standard_error":16749.788195749614},"Slope":{"confidence_interval":{"confidence_level":0.95,"lower_bound":5643987.958381533,"upper_bound":5722152.659225951},"point_estimate":5675092.336103896,"standard_error":20211.30252257761},"StdDev":{"confidence_interval":{"confidence_level":0.95,"lower_bound":14604.475190830124,"upper_bound":101249.7977901131},"point_estimate":68290.97864067229,"standard_error":26326.99751591608}}