{"Mean":{"confidence_interval":{"confidence_level":0.95,"lower_bound":39112.70971476215,"upper_bound":41140.32889678778},"point_estimate":40131.56122871687,"standard_error":519.6455404116596},"Median":{"confidence_interval":{"confidence_level":0.95,"lower_bound":38669.544497103736,"upper_bound":41246.48479462875},"point_estimate":40553.03617693523,"standard_error":771.146662533306},"MedianAbsDev":{"confidence_interval":{"confidence_level":0.95,"lower_bound":343.3694512499514,"upper_bound":3036.7402756289553},"point_estimate":1645.6142415191057,"standard_error":734.1338056076816},"Slope":{"confidence_interval":{"confidence_level":0.95,"lower_bound":40416.20022475204,"upper_bound":42074.09338078325},"point_estimate":41346.890675201576,"standard_error":425.8710756584223},"StdDev":{"confidence_interval":{"confidence_level":0.95,"lower_bound":996.7436282928478,"upper_bound":2192.1420468865795},"point_estimate":1728.6647128579682,"standard_error":305.3970466203524}}