{"Mean":{"confidence_interval":{"confidence_level":0.95,"lower_bound":10722.86788109733,"upper_bound":10837.646448875701},"point_estimate":10781.136380310538,"standard_error":29.348906532031222},"Median":{"confidence_interval":{"confidence_level":0.95,"lower_bound":10700.781300263785,"upper_bound":10868.69031075082},"point_estimate":10774.746330341633,"standard_error":40.25587425666966},"MedianAbsDev":{"confidence_interval":{"confidence_level":0.95,"lower_bound":20.444561678630997,"upper_bound":181.82585020516618},"point_estimate":109.37015311185247,"standard_error":43.160325887597565},"Slope":{"confidence_interval":{"confidence_level":0.95,"lower_bound":10745.131244434971,"upper_bound":10849.356634914147},"point_estimate":10801.87647021961,"standard_error":27.094876326266586},"StdDev":{"confidence_interval":{"confidence_level":0.95,"lower_bound":57.10452625778756,"upper_bound":120.66405411074462},"point_estimate":98.13516656841506,"standard_error":16.428155607163013}}