{"Mean":{"confidence_interval":{"confidence_level":0.95,"lower_bound":560224.0683364198,"upper_bound":565636.907090192},"point_estimate":562766.5498635607,"standard_error":1386.3023892126853},"Median":{"confidence_interval":{"confidence_level":0.95,"lower_bound":559355.4611111111,"upper_bound":566053.383499902},"point_estimate":561352.3045267491,"standard_error":2028.149517483217},"MedianAbsDev":{"confidence_interval":{"confidence_level":0.95,"lower_bound":596.9752856979313,"upper_bound":7894.5027458270615},"point_estimate":4323.731521674567,"standard_error":1862.5809098963032},"Slope":{"confidence_interval":{"confidence_level":0.95,"lower_bound":560024.691563471,"upper_bound":565117.7244855968},"point_estimate":562627.2962161296,"standard_error":1306.964040104351},"StdDev":{"confidence_interval":{"confidence_level":0.95,"lower_bound":2361.27295225553,"upper_bound":6016.584035313948},"point_estimate":4627.367912241715,"standard_error":986.8086085698966}}