{"Mean":{"confidence_interval":{"confidence_level":0.95,"lower_bound":17883975.708407737,"upper_bound":19347624.766822916},"point_estimate":18599811.696021825,"standard_error":375787.8122610947},"Median":{"confidence_interval":{"confidence_level":0.95,"lower_bound":17609110.875,"upper_bound":19599486.295833334},"point_estimate":18307690.895833336,"standard_error":496407.4186670785},"MedianAbsDev":{"confidence_interval":{"confidence_level":0.95,"lower_bound":151109.86339226458,"upper_bound":2166745.6079825778},"point_estimate":1440138.889573046,"standard_error":530177.9875936568},"Slope":{"confidence_interval":{"confidence_level":0.95,"lower_bound":18372200.225080386,"upper_bound":20088833.6386219},"point_estimate":19480702.937012985,"standard_error":430223.52852457267},"StdDev":{"confidence_interval":{"confidence_level":0.95,"lower_bound":700052.3136025963,"upper_bound":1547832.8137947822},"point_estimate":1253755.69495584,"standard_error":213878.09068407957}}