{"Mean":{"confidence_interval":{"confidence_level":0.95,"lower_bound":418230.1463981859,"upper_bound":422109.81587297056},"point_estimate":420203.44264263037,"standard_error":985.4027065518018},"Median":{"confidence_interval":{"confidence_level":0.95,"lower_bound":418257.5538095238,"upper_bound":422310.5521428571},"point_estimate":420008.25624489796,"standard_error":1022.5422202024803},"MedianAbsDev":{"confidence_interval":{"confidence_level":0.95,"lower_bound":189.7622738691781,"upper_bound":5618.987536243094},"point_estimate":2291.9545939763666,"standard_error":1309.711304703066},"Slope":{"confidence_interval":{"confidence_level":0.95,"lower_bound":416293.0821321776,"upper_bound":421063.36215196585},"point_estimate":418589.3576697588,"standard_error":1315.4784568898156},"StdDev":{"confidence_interval":{"confidence_level":0.95,"lower_bound":1563.0815170291405,"upper_bound":4368.788182161194},"point_estimate":3280.9271888905096,"standard_error":717.6187673787651}}