{"Mean":{"confidence_interval":{"confidence_level":0.95,"lower_bound":1153.8949162939234,"upper_bound":1224.0259601381313},"point_estimate":1185.4778136985321,"standard_error":18.100770990248005},"Median":{"confidence_interval":{"confidence_level":0.95,"lower_bound":1153.1055319885722,"upper_bound":1212.4386330187863},"point_estimate":1163.38569119969,"standard_error":15.52390255711959},"MedianAbsDev":{"confidence_interval":{"confidence_level":0.95,"lower_bound":1.4763697830410274,"upper_bound":87.92875438129529},"point_estimate":18.74210789512018,"standard_error":24.985885629319547},"Slope":{"confidence_interval":{"confidence_level":0.95,"lower_bound":1163.2085033029539,"upper_bound":1268.6407484643203},"point_estimate":1226.3129240136252,"standard_error":25.665346621888638},"StdDev":{"confidence_interval":{"confidence_level":0.95,"lower_bound":18.281437676259383,"upper_bound":81.39473337267836},"point_estimate":60.18230396405639,"standard_error":16.50778740174369}}