{"Mean":{"confidence_interval":{"confidence_level":0.95,"lower_bound":12845903.566359377,"upper_bound":13220302.281666666},"point_estimate":13029722.353621032,"standard_error":95832.46118202001},"Median":{"confidence_interval":{"confidence_level":0.95,"lower_bound":12733914.875,"upper_bound":13404669.225},"point_estimate":12911183.539285716,"standard_error":177811.42616889701},"MedianAbsDev":{"confidence_interval":{"confidence_level":0.95,"lower_bound":42054.04091589153,"upper_bound":524299.6235936953},"point_estimate":346010.3983833395,"standard_error":128253.729584154},"Slope":{"confidence_interval":{"confidence_level":0.95,"lower_bound":12893883.29494382,"upper_bound":13355938.917004455},"point_estimate":13192542.524025975,"standard_error":114933.94631799278},"StdDev":{"confidence_interval":{"confidence_level":0.95,"lower_bound":203947.28691823938,"upper_bound":367600.11422612134},"point_estimate":319424.17473980907,"standard_error":42884.55148519058}}