{"Mean":{"confidence_interval":{"confidence_level":0.95,"lower_bound":885.5245629374925,"upper_bound":941.1727956565014},"point_estimate":913.6848500804299,"standard_error":14.197681789162369},"Median":{"confidence_interval":{"confidence_level":0.95,"lower_bound":867.1909437280187,"upper_bound":957.3894275004084},"point_estimate":918.6985432677695,"standard_error":24.730561333739647},"MedianAbsDev":{"confidence_interval":{"confidence_level":0.95,"lower_bound":11.580622425313383,"upper_bound":76.93193034817945},"point_estimate":56.97764116377358,"standard_error":16.99484497569246},"Slope":{"confidence_interval":{"confidence_level":0.95,"lower_bound":919.699923955334,"upper_bound":961.9293852562888},"point_estimate":948.6702943012439,"standard_error":10.81000956079697},"StdDev":{"confidence_interval":{"confidence_level":0.95,"lower_bound":29.76916737756401,"upper_bound":55.777570137355475},"point_estimate":47.29523225452044,"standard_error":6.608507176236117}}