{"Mean":{"confidence_interval":{"confidence_level":0.95,"lower_bound":1142.5243959347374,"upper_bound":1195.215634224583},"point_estimate":1168.7776147836244,"standard_error":13.45470848676964},"Median":{"confidence_interval":{"confidence_level":0.95,"lower_bound":1133.2646557368105,"upper_bound":1208.8583972120682},"point_estimate":1171.9628484914615,"standard_error":19.026387878299712},"MedianAbsDev":{"confidence_interval":{"confidence_level":0.95,"lower_bound":13.025448437528405,"upper_bound":77.53310885524876},"point_estimate":55.811740027543465,"standard_error":15.93449474440135},"Slope":{"confidence_interval":{"confidence_level":0.95,"lower_bound":1146.0812413285598,"upper_bound":1185.9757107332891},"point_estimate":1168.645288248769,"standard_error":10.034833511838901},"StdDev":{"confidence_interval":{"confidence_level":0.95,"lower_bound":25.87833319077583,"upper_bound":56.36374028470846},"point_estimate":44.72705497722077,"standard_error":7.831985122853881}}