{"Mean":{"confidence_interval":{"confidence_level":0.95,"lower_bound":521.4064460402435,"upper_bound":534.4098870442641},"point_estimate":529.2676351940247,"standard_error":3.533236257018015},"Median":{"confidence_interval":{"confidence_level":0.95,"lower_bound":528.2389996268424,"upper_bound":535.4679031073139},"point_estimate":533.7565350185024,"standard_error":1.9999279412903037},"MedianAbsDev":{"confidence_interval":{"confidence_level":0.95,"lower_bound":0.31531067463721785,"upper_bound":8.680932217136794},"point_estimate":4.049148466288024,"standard_error":2.382114677754269},"Slope":{"confidence_interval":{"confidence_level":0.95,"lower_bound":530.0546397917819,"upper_bound":535.3697447020753},"point_estimate":533.4169194078669,"standard_error":1.3672819377549232},"StdDev":{"confidence_interval":{"confidence_level":0.95,"lower_bound":2.0676811364962338,"upper_bound":17.824764686799437},"point_estimate":11.781094157686386,"standard_error":5.082198081708941}}