{"Mean":{"confidence_interval":{"confidence_level":0.95,"lower_bound":3836.095859755328,"upper_bound":3918.2761871169128},"point_estimate":3879.353028881321,"standard_error":21.049955033046583},"Median":{"confidence_interval":{"confidence_level":0.95,"lower_bound":3832.463942489595,"upper_bound":3944.959061672342},"point_estimate":3884.731195611048,"standard_error":27.274528747288727},"MedianAbsDev":{"confidence_interval":{"confidence_level":0.95,"lower_bound":15.914412110198471,"upper_bound":116.66831434945789},"point_estimate":83.39263036965536,"standard_error":26.148816068020565},"Slope":{"confidence_interval":{"confidence_level":0.95,"lower_bound":3832.321120353855,"upper_bound":3926.279131291962},"point_estimate":3878.0975888281223,"standard_error":24.563611826648263},"StdDev":{"confidence_interval":{"confidence_level":0.95,"lower_bound":36.12993557483859,"upper_bound":91.60878816356582},"point_estimate":70.4017397674754,"standard_error":14.73100186085873}}