{"Mean":{"confidence_interval":{"confidence_level":0.95,"lower_bound":77464.56013118813,"upper_bound":81433.58862313375},"point_estimate":79554.0801316989,"standard_error":1008.440102150343},"Median":{"confidence_interval":{"confidence_level":0.95,"lower_bound":78026.61155115512,"upper_bound":81164.74108910891},"point_estimate":79976.36123762376,"standard_error":788.6164467647656},"MedianAbsDev":{"confidence_interval":{"confidence_level":0.95,"lower_bound":636.1852005074408,"upper_bound":5021.022662116455},"point_estimate":1732.293662958513,"standard_error":1114.8068223774203},"Slope":{"confidence_interval":{"confidence_level":0.95,"lower_bound":79658.44669205383,"upper_bound":83082.38681501814},"point_estimate":81513.04891346277,"standard_error":884.8327585971858},"StdDev":{"confidence_interval":{"confidence_level":0.95,"lower_bound":1100.3949093864596,"upper_bound":4759.703466792036},"point_estimate":3359.227665249463,"standard_error":954.8623374930265}}