{"Mean":{"confidence_interval":{"confidence_level":0.95,"lower_bound":55087.35740468587,"upper_bound":55503.37852893459},"point_estimate":55254.85823294423,"standard_error":112.25038318606131},"Median":{"confidence_interval":{"confidence_level":0.95,"lower_bound":55070.11724452555,"upper_bound":55341.28163017031},"point_estimate":55120.12277389159,"standard_error":68.5937396002277},"MedianAbsDev":{"confidence_interval":{"confidence_level":0.95,"lower_bound":10.596447680386676,"upper_bound":328.7218537341736},"point_estimate":95.5000587794903,"standard_error":84.39318253605491},"Slope":{"confidence_interval":{"confidence_level":0.95,"lower_bound":55110.56358822556,"upper_bound":55542.998592740754},"point_estimate":55239.97164186179,"standard_error":119.15030921543958},"StdDev":{"confidence_interval":{"confidence_level":0.95,"lower_bound":63.62674011026917,"upper_bound":562.2364216777033},"point_estimate":374.1003367411952,"standard_error":155.87502387258726}}