{"Mean":{"confidence_interval":{"confidence_level":0.95,"lower_bound":262738.5607509379,"upper_bound":263890.2237929221},"point_estimate":263240.0598759019,"standard_error":297.52170228372455},"Median":{"confidence_interval":{"confidence_level":0.95,"lower_bound":262651.89563636365,"upper_bound":263669.7234545455},"point_estimate":262798.73171717173,"standard_error":248.8147839241309},"MedianAbsDev":{"confidence_interval":{"confidence_level":0.95,"lower_bound":26.337907168845252,"upper_bound":1306.8990275979124},"point_estimate":268.6225849400764,"standard_error":319.9089253869297},"Slope":{"confidence_interval":{"confidence_level":0.95,"lower_bound":262638.0896979007,"upper_bound":263868.61030176503},"point_estimate":263187.7663471074,"standard_error":356.0492223430431},"StdDev":{"confidence_interval":{"confidence_level":0.95,"lower_bound":172.22734060941144,"upper_bound":1359.7149901758391},"point_estimate":992.2177057217359,"standard_error":311.27130598259436}}