{"Mean":{"confidence_interval":{"confidence_level":0.95,"lower_bound":4654123.351660318,"upper_bound":4693612.77553082},"point_estimate":4671763.464597884,"standard_error":10109.514351637283},"Median":{"confidence_interval":{"confidence_level":0.95,"lower_bound":4648701.207407407,"upper_bound":4692099.158333333},"point_estimate":4658206.213333333,"standard_error":10228.269179284523},"MedianAbsDev":{"confidence_interval":{"confidence_level":0.95,"lower_bound":2112.8853454893574,"upper_bound":49208.58428859415},"point_estimate":14400.161881234013,"standard_error":10916.868712420006},"Slope":{"confidence_interval":{"confidence_level":0.95,"lower_bound":4651249.382624019,"upper_bound":4667546.472098766},"point_estimate":4657556.821991342,"standard_error":4169.429569637383},"StdDev":{"confidence_interval":{"confidence_level":0.95,"lower_bound":6279.445817976228,"upper_bound":42929.1108358585},"point_estimate":33519.785209914,"standard_error":9147.042612102232}}