{"Mean":{"confidence_interval":{"confidence_level":0.95,"lower_bound":107093.06023062734,"upper_bound":109428.12551396943},"point_estimate":108139.95969117906,"standard_error":601.0166635942554},"Median":{"confidence_interval":{"confidence_level":0.95,"lower_bound":106452.68634686347,"upper_bound":109191.81212440695},"point_estimate":107504.19059040591,"standard_error":705.3681994908284},"MedianAbsDev":{"confidence_interval":{"confidence_level":0.95,"lower_bound":115.24524961449879,"upper_bound":2993.9231790981485},"point_estimate":1591.1834621198564,"standard_error":707.730580097309},"Slope":{"confidence_interval":{"confidence_level":0.95,"lower_bound":107519.11866843134,"upper_bound":110852.9241340345},"point_estimate":109090.84978195236,"standard_error":883.7714427672188},"StdDev":{"confidence_interval":{"confidence_level":0.95,"lower_bound":806.7090229716761,"upper_bound":2733.0916724574668},"point_estimate":1994.993148945433,"standard_error":538.9372379501772}}