{"Mean":{"confidence_interval":{"confidence_level":0.95,"lower_bound":79765.45928799889,"upper_bound":88367.81052679938},"point_estimate":84217.92620155154,"standard_error":2211.7182663385393},"Median":{"confidence_interval":{"confidence_level":0.95,"lower_bound":75486.45598664998,"upper_bound":90417.59379780281},"point_estimate":87702.92585374575,"standard_error":4101.662780717671},"MedianAbsDev":{"confidence_interval":{"confidence_level":0.95,"lower_bound":653.6232102513297,"upper_bound":11728.498661114181},"point_estimate":4847.781095915292,"standard_error":3285.1843370386077},"Slope":{"confidence_interval":{"confidence_level":0.95,"lower_bound":86447.83325197075,"upper_bound":90353.80031834399},"point_estimate":89234.50629195585,"standard_error":1023.3654126684718},"StdDev":{"confidence_interval":{"confidence_level":0.95,"lower_bound":4026.6060467287994,"upper_bound":8491.224069501264},"point_estimate":7389.034237664236,"standard_error":1122.2916423029678}}