{"Mean":{"confidence_interval":{"confidence_level":0.95,"lower_bound":3343.192655774316,"upper_bound":3409.482395770649},"point_estimate":3379.637527527039,"standard_error":17.126833049000307},"Median":{"confidence_interval":{"confidence_level":0.95,"lower_bound":3350.566590014502,"upper_bound":3415.4075344704556},"point_estimate":3394.077001760928,"standard_error":14.152831732693747},"MedianAbsDev":{"confidence_interval":{"confidence_level":0.95,"lower_bound":5.843363737500255,"upper_bound":83.15281794667597},"point_estimate":27.35166590968731,"standard_error":20.041464847078963},"Slope":{"confidence_interval":{"confidence_level":0.95,"lower_bound":3393.153946660471,"upper_bound":3424.8002079228763},"point_estimate":3411.2116353089627,"standard_error":8.118937364318088},"StdDev":{"confidence_interval":{"confidence_level":0.95,"lower_bound":19.646422215262824,"upper_bound":78.56336876387383},"point_estimate":57.15793441741114,"standard_error":16.216038870876908}}