{"Mean":{"confidence_interval":{"confidence_level":0.95,"lower_bound":124386.070250419,"upper_bound":125073.52170850585},"point_estimate":124777.96310756188,"standard_error":179.01906283355436},"Median":{"confidence_interval":{"confidence_level":0.95,"lower_bound":124541.12034161491,"upper_bound":125219.43478260869},"point_estimate":124957.94010647738,"standard_error":160.16668650833063},"MedianAbsDev":{"confidence_interval":{"confidence_level":0.95,"lower_bound":52.6109400079814,"upper_bound":716.6302753207465},"point_estimate":403.88954717734913,"standard_error":173.91193623823457},"Slope":{"confidence_interval":{"confidence_level":0.95,"lower_bound":124778.48598933408,"upper_bound":125195.47284553212},"point_estimate":125058.05423892877,"standard_error":106.87393892795103},"StdDev":{"confidence_interval":{"confidence_level":0.95,"lower_bound":185.70982689503992,"upper_bound":857.3171935113248},"point_estimate":596.6064531518326,"standard_error":197.64126286016608}}