{"Mean":{"confidence_interval":{"confidence_level":0.95,"lower_bound":203285.86104206002,"upper_bound":212120.9382366618},"point_estimate":207796.95285521992,"standard_error":2245.8936289508442},"Median":{"confidence_interval":{"confidence_level":0.95,"lower_bound":204663.22797356828,"upper_bound":214540.60088105727},"point_estimate":206518.18596601638,"standard_error":2369.9211256305134},"MedianAbsDev":{"confidence_interval":{"confidence_level":0.95,"lower_bound":793.0486973743335,"upper_bound":13585.009328480162},"point_estimate":3659.6356083765068,"standard_error":3396.495508646166},"Slope":{"confidence_interval":{"confidence_level":0.95,"lower_bound":206323.46595342984,"upper_bound":215898.71440968625},"point_estimate":211995.5175467704,"standard_error":2422.650334519111},"StdDev":{"confidence_interval":{"confidence_level":0.95,"lower_bound":3513.4342419261725,"upper_bound":10106.485258630264},"point_estimate":7510.864592847916,"standard_error":1717.1428526042532}}