{"Mean":{"confidence_interval":{"confidence_level":0.95,"lower_bound":6893.478586145449,"upper_bound":7630.280385184477},"point_estimate":7272.648415588754,"standard_error":189.1544062528001},"Median":{"confidence_interval":{"confidence_level":0.95,"lower_bound":6680.4936100902105,"upper_bound":7811.792587465992},"point_estimate":7439.0313759884175,"standard_error":347.4731691194669},"MedianAbsDev":{"confidence_interval":{"confidence_level":0.95,"lower_bound":65.21933471750168,"upper_bound":998.7877856842763},"point_estimate":746.7490111511747,"standard_error":254.1555618971471},"Slope":{"confidence_interval":{"confidence_level":0.95,"lower_bound":7407.406244458223,"upper_bound":7856.965954575017},"point_estimate":7707.799947062626,"standard_error":115.64247572702739},"StdDev":{"confidence_interval":{"confidence_level":0.95,"lower_bound":383.6762523924708,"upper_bound":748.0758844774045},"point_estimate":629.7472441640872,"standard_error":92.48245899996647}}