{"Mean":{"confidence_interval":{"confidence_level":0.95,"lower_bound":1687.3944055212582,"upper_bound":1714.7701341387788},"point_estimate":1703.983711548131,"standard_error":7.47557129678371},"Median":{"confidence_interval":{"confidence_level":0.95,"lower_bound":1701.1052874462262,"upper_bound":1716.527150958154},"point_estimate":1713.5385440527402,"standard_error":3.8792961844212464},"MedianAbsDev":{"confidence_interval":{"confidence_level":0.95,"lower_bound":0.8143200442053833,"upper_bound":17.78387945548916},"point_estimate":8.214633034841599,"standard_error":4.642433960444351},"Slope":{"confidence_interval":{"confidence_level":0.95,"lower_bound":1707.9718442416138,"upper_bound":1715.4179135077811},"point_estimate":1713.1082404806768,"standard_error":1.9611473677070694},"StdDev":{"confidence_interval":{"confidence_level":0.95,"lower_bound":3.8362166961051285,"upper_bound":37.923088358107705},"point_estimate":25.050263798808565,"standard_error":10.987244955786217}}