{"Mean":{"confidence_interval":{"confidence_level":0.95,"lower_bound":600.9921194806386,"upper_bound":645.3534345191601},"point_estimate":622.8529600982386,"standard_error":11.364742427384575},"Median":{"confidence_interval":{"confidence_level":0.95,"lower_bound":590.3856540983219,"upper_bound":656.3557817936519},"point_estimate":624.5065155810958,"standard_error":17.643017091157834},"MedianAbsDev":{"confidence_interval":{"confidence_level":0.95,"lower_bound":7.359650385032714,"upper_bound":63.373024293611984},"point_estimate":43.85258256929173,"standard_error":15.619292761784006},"Slope":{"confidence_interval":{"confidence_level":0.95,"lower_bound":617.0567016970816,"upper_bound":667.2709288163976},"point_estimate":649.6429897518515,"standard_error":12.814716152543449},"StdDev":{"confidence_interval":{"confidence_level":0.95,"lower_bound":22.179899280820116,"upper_bound":46.12219563483367},"point_estimate":37.76068369495539,"standard_error":6.062271251689561}}