{"Mean":{"confidence_interval":{"confidence_level":0.95,"lower_bound":98381.16989992301,"upper_bound":99536.1701783423},"point_estimate":99008.56559652113,"standard_error":297.54373200028584},"Median":{"confidence_interval":{"confidence_level":0.95,"lower_bound":98334.85758275597,"upper_bound":99715.39815242494},"point_estimate":99348.75000916456,"standard_error":344.4326689694399},"MedianAbsDev":{"confidence_interval":{"confidence_level":0.95,"lower_bound":121.23614602893677,"upper_bound":1562.8880694818417},"point_estimate":549.4578282917382,"standard_error":376.0623510520341},"Slope":{"confidence_interval":{"confidence_level":0.95,"lower_bound":99233.01893176035,"upper_bound":99838.56542853477},"point_estimate":99577.78259200384,"standard_error":159.91103655562267},"StdDev":{"confidence_interval":{"confidence_level":0.95,"lower_bound":353.8219828999963,"upper_bound":1310.42814290992},"point_estimate":991.342263870222,"standard_error":245.23872600325848}}