{"Mean":{"confidence_interval":{"confidence_level":0.95,"lower_bound":1254.945438516768,"upper_bound":1287.8860597082107},"point_estimate":1273.4055890615691,"standard_error":8.49417721578855},"Median":{"confidence_interval":{"confidence_level":0.95,"lower_bound":1258.3266063800781,"upper_bound":1292.7288998454967},"point_estimate":1284.7141597746067,"standard_error":8.725928612444822},"MedianAbsDev":{"confidence_interval":{"confidence_level":0.95,"lower_bound":1.7376656485106647,"upper_bound":39.7748860578582},"point_estimate":16.513976494906412,"standard_error":9.579631137985796},"Slope":{"confidence_interval":{"confidence_level":0.95,"lower_bound":1276.97292862169,"upper_bound":1293.2562142659472},"point_estimate":1286.2502859786764,"standard_error":4.23840762644793},"StdDev":{"confidence_interval":{"confidence_level":0.95,"lower_bound":9.198482458519273,"upper_bound":39.59340249492123},"point_estimate":28.299726790891995,"standard_error":8.44301018178981}}