{"Mean":{"confidence_interval":{"confidence_level":0.95,"lower_bound":2901.1610444298108,"upper_bound":3150.0195519794997},"point_estimate":3022.876667107823,"standard_error":63.89125941081828},"Median":{"confidence_interval":{"confidence_level":0.95,"lower_bound":2835.9932212581343,"upper_bound":3221.2669468546637},"point_estimate":2981.5812974511928,"standard_error":104.98770900707169},"MedianAbsDev":{"confidence_interval":{"confidence_level":0.95,"lower_bound":54.184747668722444,"upper_bound":350.73675488398806},"point_estimate":268.5492311144381,"standard_error":75.79445199700035},"Slope":{"confidence_interval":{"confidence_level":0.95,"lower_bound":3042.213439088345,"upper_bound":3240.14863937552},"point_estimate":3166.478478815111,"standard_error":50.52868544098664},"StdDev":{"confidence_interval":{"confidence_level":0.95,"lower_bound":130.31121976011318,"upper_bound":255.6435334055232},"point_estimate":212.55777637373566,"standard_error":31.945241530586735}}