{"Mean":{"confidence_interval":{"confidence_level":0.95,"lower_bound":2675.294432672254,"upper_bound":2683.228003220137},"point_estimate":2679.121828624457,"standard_error":2.037936073715384},"Median":{"confidence_interval":{"confidence_level":0.95,"lower_bound":2673.003354090426,"upper_bound":2686.2672746232242},"point_estimate":2677.0340721284383,"standard_error":3.455443160747512},"MedianAbsDev":{"confidence_interval":{"confidence_level":0.95,"lower_bound":1.5122244073989688,"upper_bound":10.860313658369302},"point_estimate":6.8895874712400245,"standard_error":2.6892948872743427},"Slope":{"confidence_interval":{"confidence_level":0.95,"lower_bound":2674.252859485019,"upper_bound":2683.909003023181},"point_estimate":2678.3497757820032,"standard_error":2.6620034839555173},"StdDev":{"confidence_interval":{"confidence_level":0.95,"lower_bound":3.796790631244298,"upper_bound":8.000558721583985},"point_estimate":6.829500922791135,"standard_error":1.036273776306643}}