{"Mean":{"confidence_interval":{"confidence_level":0.95,"lower_bound":5983963.411666667,"upper_bound":6005548.62386389},"point_estimate":5994189.321666667,"standard_error":5539.343916163544},"Median":{"confidence_interval":{"confidence_level":0.95,"lower_bound":5980743.95,"upper_bound":6010009.0},"point_estimate":5990148.025555556,"standard_error":7405.879515023595},"MedianAbsDev":{"confidence_interval":{"confidence_level":0.95,"lower_bound":3465.8871371354653,"upper_bound":29653.778593540468},"point_estimate":15456.604691257104,"standard_error":7027.992674064106},"Slope":{"confidence_interval":{"confidence_level":0.95,"lower_bound":5978587.447463071,"upper_bound":6002742.4623115575},"point_estimate":5988667.049350649,"standard_error":6470.038983051695},"StdDev":{"confidence_interval":{"confidence_level":0.95,"lower_bound":9121.572747878014,"upper_bound":23654.247957699346},"point_estimate":18447.59967610189,"standard_error":3736.804331209768}}