{"Mean":{"confidence_interval":{"confidence_level":0.95,"lower_bound":170866.83502204917,"upper_bound":171366.08962139723},"point_estimate":171119.26420276883,"standard_error":128.04962257691346},"Median":{"confidence_interval":{"confidence_level":0.95,"lower_bound":170720.7537593985,"upper_bound":171537.49718045112},"point_estimate":171179.78768796992,"standard_error":270.62294450538457},"MedianAbsDev":{"confidence_interval":{"confidence_level":0.95,"lower_bound":54.45827779257543,"upper_bound":656.7603589541895},"point_estimate":572.87260881443,"standard_error":179.669251083835},"Slope":{"confidence_interval":{"confidence_level":0.95,"lower_bound":170702.98839957034,"upper_bound":171465.06494101882},"point_estimate":170954.1378869251,"standard_error":180.03865042240727},"StdDev":{"confidence_interval":{"confidence_level":0.95,"lower_bound":290.46152987119274,"upper_bound":485.46035904270593},"point_estimate":426.6341623721363,"standard_error":50.10503928763491}}