{"Mean":{"confidence_interval":{"confidence_level":0.95,"lower_bound":14782345.230685944,"upper_bound":14860138.057798186},"point_estimate":14821134.52048186,"standard_error":19969.400630538024},"Median":{"confidence_interval":{"confidence_level":0.95,"lower_bound":14759692.09387755,"upper_bound":14884510.38392857},"point_estimate":14819567.946031746,"standard_error":39437.73021142573},"MedianAbsDev":{"confidence_interval":{"confidence_level":0.95,"lower_bound":15217.359063171249,"upper_bound":105891.98413754061},"point_estimate":81059.14146091237,"standard_error":24589.727704568653},"Slope":{"confidence_interval":{"confidence_level":0.95,"lower_bound":14768596.773235807,"upper_bound":14848707.464216635},"point_estimate":14807314.007050093,"standard_error":20498.8599715812},"StdDev":{"confidence_interval":{"confidence_level":0.95,"lower_bound":45021.81457637009,"upper_bound":77075.30517304731},"point_estimate":66793.81625221152,"standard_error":8233.55747741007}}