{"Mean":{"confidence_interval":{"confidence_level":0.95,"lower_bound":379.64266301423345,"upper_bound":396.4737952103236},"point_estimate":388.3863191122558,"standard_error":4.318937617774838},"Median":{"confidence_interval":{"confidence_level":0.95,"lower_bound":371.91605073332147,"upper_bound":400.18614459228564},"point_estimate":392.11046412952203,"standard_error":7.03647228286615},"MedianAbsDev":{"confidence_interval":{"confidence_level":0.95,"lower_bound":1.8363061147746331,"upper_bound":23.666666764179737},"point_estimate":14.683050200114007,"standard_error":5.7682752351672155},"Slope":{"confidence_interval":{"confidence_level":0.95,"lower_bound":377.89763947209656,"upper_bound":394.0798399394961},"point_estimate":386.59863875484206,"standard_error":4.099055655908877},"StdDev":{"confidence_interval":{"confidence_level":0.95,"lower_bound":7.653604477735828,"upper_bound":17.15837646463578},"point_estimate":14.428784359369088,"standard_error":2.278302343757409}}