{"Mean":{"confidence_interval":{"confidence_level":0.95,"lower_bound":380.86569911749496,"upper_bound":417.45517977458223},"point_estimate":400.3666418637875,"standard_error":9.402672615239176},"Median":{"confidence_interval":{"confidence_level":0.95,"lower_bound":375.0404020893017,"upper_bound":423.3990268795035},"point_estimate":412.10934057189155,"standard_error":11.689417248877604},"MedianAbsDev":{"confidence_interval":{"confidence_level":0.95,"lower_bound":2.738079228381045,"upper_bound":49.04644114657087},"point_estimate":21.62532540390257,"standard_error":12.799221355933447},"Slope":{"confidence_interval":{"confidence_level":0.95,"lower_bound":390.19960086647734,"upper_bound":425.0132987122951},"point_estimate":412.89694186792457,"standard_error":8.942781456570707},"StdDev":{"confidence_interval":{"confidence_level":0.95,"lower_bound":12.505205590501701,"upper_bound":38.475449167725685},"point_estimate":31.182134677696855,"standard_error":6.363656475997386}}