{"Mean":{"confidence_interval":{"confidence_level":0.95,"lower_bound":6668109.884246032,"upper_bound":6780063.945166557},"point_estimate":6722647.275850969,"standard_error":28714.433237746598},"Median":{"confidence_interval":{"confidence_level":0.95,"lower_bound":6649432.111111111,"upper_bound":6808428.892592592},"point_estimate":6716002.325396825,"standard_error":38297.918125616416},"MedianAbsDev":{"confidence_interval":{"confidence_level":0.95,"lower_bound":22537.654269321814,"upper_bound":173362.31131664928},"point_estimate":78752.17913103662,"standard_error":39074.32835969724},"Slope":{"confidence_interval":{"confidence_level":0.95,"lower_bound":6718271.402707276,"upper_bound":6837739.055086732},"point_estimate":6794708.399711399,"standard_error":30454.99361110579},"StdDev":{"confidence_interval":{"confidence_level":0.95,"lower_bound":51302.58004803631,"upper_bound":120522.03744489282},"point_estimate":95764.59498105933,"standard_error":17369.36659173489}}