{"Mean":{"confidence_interval":{"confidence_level":0.95,"lower_bound":5058798.1295625,"upper_bound":5082895.322440477},"point_estimate":5071278.634414682,"standard_error":6164.467158308739},"Median":{"confidence_interval":{"confidence_level":0.95,"lower_bound":5055220.375,"upper_bound":5088121.628125},"point_estimate":5075036.552083334,"standard_error":8188.282976877658},"MedianAbsDev":{"confidence_interval":{"confidence_level":0.95,"lower_bound":6001.935343444347,"upper_bound":34824.66061298816},"point_estimate":20848.137564036733,"standard_error":8020.628506434551},"Slope":{"confidence_interval":{"confidence_level":0.95,"lower_bound":5071951.727112676,"upper_bound":5090017.867203219},"point_estimate":5083604.90487013,"standard_error":4619.572349498693},"StdDev":{"confidence_interval":{"confidence_level":0.95,"lower_bound":10793.673287727472,"upper_bound":25301.75090100294},"point_estimate":20535.483703929487,"standard_error":3601.896321711708}}