{"Mean":{"confidence_interval":{"confidence_level":0.95,"lower_bound":816011.9089280113,"upper_bound":849332.9124033378},"point_estimate":834099.0346319765,"standard_error":8599.55019548964},"Median":{"confidence_interval":{"confidence_level":0.95,"lower_bound":814642.1461693549,"upper_bound":856609.5741935484},"point_estimate":840215.9605734767,"standard_error":9620.127698973462},"MedianAbsDev":{"confidence_interval":{"confidence_level":0.95,"lower_bound":4461.165440233927,"upper_bound":43938.35195026087},"point_estimate":21216.714811715126,"standard_error":10459.142190553852},"Slope":{"confidence_interval":{"confidence_level":0.95,"lower_bound":834296.0467806442,"upper_bound":854514.90147702},"point_estimate":845139.176372015,"standard_error":5203.961030337469},"StdDev":{"confidence_interval":{"confidence_level":0.95,"lower_bound":11136.96668582114,"upper_bound":37948.33385146059},"point_estimate":28729.776590924706,"standard_error":7157.191852772527}}