{"Mean":{"confidence_interval":{"confidence_level":0.95,"lower_bound":4466.252844947502,"upper_bound":4560.854715514033},"point_estimate":4514.843570791412,"standard_error":24.3148914415366},"Median":{"confidence_interval":{"confidence_level":0.95,"lower_bound":4447.587259903961,"upper_bound":4588.396225156729},"point_estimate":4524.07525260104,"standard_error":42.481797260180045},"MedianAbsDev":{"confidence_interval":{"confidence_level":0.95,"lower_bound":5.709671163389866,"upper_bound":136.46275346865772},"point_estimate":96.79489012415968,"standard_error":35.15042405534557},"Slope":{"confidence_interval":{"confidence_level":0.95,"lower_bound":4526.98119117777,"upper_bound":4590.226019404045},"point_estimate":4571.26619888215,"standard_error":16.44133674127793},"StdDev":{"confidence_interval":{"confidence_level":0.95,"lower_bound":47.804718539892185,"upper_bound":98.26607061686715},"point_estimate":80.84133756496216,"standard_error":12.91601018682593}}