{"Mean":{"confidence_interval":{"confidence_level":0.95,"lower_bound":1367.3790400153057,"upper_bound":1419.2776744913785},"point_estimate":1394.0193718345786,"standard_error":13.30313590701923},"Median":{"confidence_interval":{"confidence_level":0.95,"lower_bound":1359.4308124449524,"upper_bound":1427.0663093027683},"point_estimate":1398.8246485624113,"standard_error":15.058710247673934},"MedianAbsDev":{"confidence_interval":{"confidence_level":0.95,"lower_bound":5.51236112895659,"upper_bound":77.64100388520075},"point_estimate":46.00627074824704,"standard_error":20.655589707388405},"Slope":{"confidence_interval":{"confidence_level":0.95,"lower_bound":1394.7282934509526,"upper_bound":1424.7480924630127},"point_estimate":1408.0649816226764,"standard_error":7.4998002626330385},"StdDev":{"confidence_interval":{"confidence_level":0.95,"lower_bound":23.85126422927057,"upper_bound":56.47103822191974},"point_estimate":44.382133151427,"standard_error":8.415635842666155}}