{"Mean":{"confidence_interval":{"confidence_level":0.95,"lower_bound":7833.258317821928,"upper_bound":8437.468329580573},"point_estimate":8141.729284494902,"standard_error":154.34699800400332},"Median":{"confidence_interval":{"confidence_level":0.95,"lower_bound":7887.673818984547,"upper_bound":8576.24925470409},"point_estimate":8052.711567328919,"standard_error":190.14937893224496},"MedianAbsDev":{"confidence_interval":{"confidence_level":0.95,"lower_bound":49.75235679883819,"upper_bound":950.879814164867},"point_estimate":410.162446916837,"standard_error":227.14959830052499},"Slope":{"confidence_interval":{"confidence_level":0.95,"lower_bound":8115.394778208172,"upper_bound":8721.877556359665},"point_estimate":8505.420428313408,"standard_error":153.5904427486114},"StdDev":{"confidence_interval":{"confidence_level":0.95,"lower_bound":248.85839952657759,"upper_bound":684.4259546848134},"point_estimate":512.439571452935,"standard_error":113.54586671562153}}