{"Mean":{"confidence_interval":{"confidence_level":0.95,"lower_bound":1159109.1138798702,"upper_bound":1166607.7055916307},"point_estimate":1162798.8854617605,"standard_error":1918.6747738341578},"Median":{"confidence_interval":{"confidence_level":0.95,"lower_bound":1157791.987012987,"upper_bound":1169381.0822510822},"point_estimate":1161444.709235209,"standard_error":2798.5699736471415},"MedianAbsDev":{"confidence_interval":{"confidence_level":0.95,"lower_bound":1471.2852541825048,"upper_bound":11205.351005610491},"point_estimate":5782.536754914839,"standard_error":2496.768702272466},"Slope":{"confidence_interval":{"confidence_level":0.95,"lower_bound":1161077.3387951753,"upper_bound":1167267.8554810316},"point_estimate":1163406.9673132063,"standard_error":1575.4399746759814},"StdDev":{"confidence_interval":{"confidence_level":0.95,"lower_bound":3647.1285357949373,"upper_bound":7975.4797140056335},"point_estimate":6385.077227380268,"standard_error":1099.6545475015103}}