{"Mean":{"confidence_interval":{"confidence_level":0.95,"lower_bound":8750.847610826653,"upper_bound":9447.310194235197},"point_estimate":9101.046335832387,"standard_error":178.17938456130992},"Median":{"confidence_interval":{"confidence_level":0.95,"lower_bound":8609.637033214487,"upper_bound":9683.696324692384},"point_estimate":9056.333058109714,"standard_error":288.60194845847275},"MedianAbsDev":{"confidence_interval":{"confidence_level":0.95,"lower_bound":186.56147816344483,"upper_bound":980.4470937463968},"point_estimate":783.1608378694322,"standard_error":216.65052269128745},"Slope":{"confidence_interval":{"confidence_level":0.95,"lower_bound":9162.687270589317,"upper_bound":9748.993702094822},"point_estimate":9549.604944276965,"standard_error":147.49447992306511},"StdDev":{"confidence_interval":{"confidence_level":0.95,"lower_bound":369.13798136670476,"upper_bound":715.2583158649921},"point_estimate":594.0498344468365,"standard_error":88.02911580670579}}