{"Mean":{"confidence_interval":{"confidence_level":0.95,"lower_bound":114372.81168870004,"upper_bound":118286.6448298035},"point_estimate":115911.84315144566,"standard_error":1067.730465074393},"Median":{"confidence_interval":{"confidence_level":0.95,"lower_bound":114016.75226628895,"upper_bound":116235.57986645083},"point_estimate":114732.26469546743,"standard_error":558.8538566921687},"MedianAbsDev":{"confidence_interval":{"confidence_level":0.95,"lower_bound":114.8516229609808,"upper_bound":2496.1023698519966},"point_estimate":1300.4942244116055,"standard_error":622.9644241057646},"Slope":{"confidence_interval":{"confidence_level":0.95,"lower_bound":114002.89884398149,"upper_bound":116284.77080652084},"point_estimate":114772.22957212759,"standard_error":589.0404539369418},"StdDev":{"confidence_interval":{"confidence_level":0.95,"lower_bound":636.3947962998406,"upper_bound":5403.8902488086305},"point_estimate":3556.403815242319,"standard_error":1569.1124244485932}}