{"Mean":{"confidence_interval":{"confidence_level":0.95,"lower_bound":931.6843554246658,"upper_bound":964.5830672355929},"point_estimate":950.0109497497739,"standard_error":8.479065823727554},"Median":{"confidence_interval":{"confidence_level":0.95,"lower_bound":937.7111293567667,"upper_bound":971.1320576872681},"point_estimate":954.3446320788212,"standard_error":9.71443813887328},"MedianAbsDev":{"confidence_interval":{"confidence_level":0.95,"lower_bound":5.114557015757964,"upper_bound":39.884899732386096},"point_estimate":22.173926393791884,"standard_error":8.721842923713108},"Slope":{"confidence_interval":{"confidence_level":0.95,"lower_bound":951.9262225504467,"upper_bound":973.7232554378405},"point_estimate":966.535823798073,"standard_error":5.61188383427008},"StdDev":{"confidence_interval":{"confidence_level":0.95,"lower_bound":11.789800310423683,"upper_bound":40.070275574427036},"point_estimate":28.25336579279128,"standard_error":8.569641619859606}}