{"Mean":{"confidence_interval":{"confidence_level":0.95,"lower_bound":2354.310831480316,"upper_bound":2472.9323000955646},"point_estimate":2414.5554894995685,"standard_error":30.5101693566056},"Median":{"confidence_interval":{"confidence_level":0.95,"lower_bound":2336.4139806656876,"upper_bound":2500.855249632893},"point_estimate":2420.2324596182084,"standard_error":40.49907507259211},"MedianAbsDev":{"confidence_interval":{"confidence_level":0.95,"lower_bound":23.77017673218024,"upper_bound":176.48572308799532},"point_estimate":108.39539317471626,"standard_error":39.32449698332953},"Slope":{"confidence_interval":{"confidence_level":0.95,"lower_bound":2421.7520436129294,"upper_bound":2523.578543318649},"point_estimate":2489.8154490150087,"standard_error":25.907553279945645},"StdDev":{"confidence_interval":{"confidence_level":0.95,"lower_bound":58.08108247500262,"upper_bound":128.2701015970064},"point_estimate":101.69465831796815,"standard_error":18.186539388774733}}