{"Mean":{"confidence_interval":{"confidence_level":0.95,"lower_bound":1672.5504865057567,"upper_bound":1850.7417999354677},"point_estimate":1761.0627483466455,"standard_error":45.71415464650103},"Median":{"confidence_interval":{"confidence_level":0.95,"lower_bound":1616.2312744847557,"upper_bound":1937.305038803015},"point_estimate":1748.97355167348,"standard_error":77.72881940791436},"MedianAbsDev":{"confidence_interval":{"confidence_level":0.95,"lower_bound":30.292590613248638,"upper_bound":251.81349274007096},"point_estimate":202.33796477486283,"standard_error":61.04270828102565},"Slope":{"confidence_interval":{"confidence_level":0.95,"lower_bound":1770.6722298353616,"upper_bound":1928.2287973484215},"point_estimate":1878.2162660346808,"standard_error":39.909413974817895},"StdDev":{"confidence_interval":{"confidence_level":0.95,"lower_bound":94.15714428837398,"upper_bound":180.81619289752808},"point_estimate":152.81538442554935,"standard_error":21.6766969707939}}