{"Mean":{"confidence_interval":{"confidence_level":0.95,"lower_bound":231.0399044061034,"upper_bound":232.0760534009806},"point_estimate":231.55114637054075,"standard_error":0.2659907548220772},"Median":{"confidence_interval":{"confidence_level":0.95,"lower_bound":230.7226041381917,"upper_bound":232.2101600862095},"point_estimate":231.6318387707143,"standard_error":0.4098164195607637},"MedianAbsDev":{"confidence_interval":{"confidence_level":0.95,"lower_bound":0.12882292352324115,"upper_bound":1.5132934001517098},"point_estimate":1.2205397429549751,"standard_error":0.3826803318514172},"Slope":{"confidence_interval":{"confidence_level":0.95,"lower_bound":231.312327362735,"upper_bound":232.3664413981162},"point_estimate":231.90618429064634,"standard_error":0.27099449611172355},"StdDev":{"confidence_interval":{"confidence_level":0.95,"lower_bound":0.5282271479506968,"upper_bound":1.0808546664053609},"point_estimate":0.8864167825665781,"standard_error":0.1406248353746588}}