{"Mean":{"confidence_interval":{"confidence_level":0.95,"lower_bound":14297.657290138717,"upper_bound":14358.937715941569},"point_estimate":14329.295536029324,"standard_error":15.649384705363895},"Median":{"confidence_interval":{"confidence_level":0.95,"lower_bound":14303.771737500441,"upper_bound":14364.545498570975},"point_estimate":14329.455567905155,"standard_error":15.022175675243943},"MedianAbsDev":{"confidence_interval":{"confidence_level":0.95,"lower_bound":6.762273133361028,"upper_bound":90.32160723301648},"point_estimate":39.893984337786826,"standard_error":20.751805147908943},"Slope":{"confidence_interval":{"confidence_level":0.95,"lower_bound":14281.897697321849,"upper_bound":14372.691563674734},"point_estimate":14330.871577453985,"standard_error":23.139906709744277},"StdDev":{"confidence_interval":{"confidence_level":0.95,"lower_bound":23.624642061256264,"upper_bound":70.78639572522725},"point_estimate":52.17873730035679,"standard_error":12.352479778660314}}