{"Mean":{"confidence_interval":{"confidence_level":0.95,"lower_bound":604647.4374961151,"upper_bound":615489.8033133533},"point_estimate":610012.0951134976,"standard_error":2785.911037884629},"Median":{"confidence_interval":{"confidence_level":0.95,"lower_bound":603091.1092657342,"upper_bound":616017.3558663558},"point_estimate":610662.4311188811,"standard_error":2950.0749541990604},"MedianAbsDev":{"confidence_interval":{"confidence_level":0.95,"lower_bound":631.23819284923,"upper_bound":17190.943683610887},"point_estimate":7911.856744151785,"standard_error":4543.079904986958},"Slope":{"confidence_interval":{"confidence_level":0.95,"lower_bound":604496.9153318369,"upper_bound":617829.5223796932},"point_estimate":610966.4405776042,"standard_error":3332.014656752809},"StdDev":{"confidence_interval":{"confidence_level":0.95,"lower_bound":5000.476058993722,"upper_bound":11874.60494100468},"point_estimate":9260.721384321203,"standard_error":1787.5681360791632}}