{"Mean":{"confidence_interval":{"confidence_level":0.95,"lower_bound":2441.7177361715903,"upper_bound":2512.2162327856636},"point_estimate":2477.540997566663,"standard_error":17.945982523027883},"Median":{"confidence_interval":{"confidence_level":0.95,"lower_bound":2434.0474883934803,"upper_bound":2517.2997867059644},"point_estimate":2478.1919565526514,"standard_error":16.497295290888136},"MedianAbsDev":{"confidence_interval":{"confidence_level":0.95,"lower_bound":8.066468986680942,"upper_bound":105.78185859376401},"point_estimate":29.629058923098633,"standard_error":28.54116083633382},"Slope":{"confidence_interval":{"confidence_level":0.95,"lower_bound":2463.8710359021397,"upper_bound":2518.137401748028},"point_estimate":2491.724148208884,"standard_error":14.763391097409045},"StdDev":{"confidence_interval":{"confidence_level":0.95,"lower_bound":28.895910708275473,"upper_bound":78.52754847801988},"point_estimate":59.78868393028905,"standard_error":12.70726285884273}}