{"Mean":{"confidence_interval":{"confidence_level":0.95,"lower_bound":183609.133672132,"upper_bound":184648.71954184704},"point_estimate":184139.3566984127,"standard_error":267.102416009538},"Median":{"confidence_interval":{"confidence_level":0.95,"lower_bound":183445.8240909091,"upper_bound":184933.01022727272},"point_estimate":184213.12531565657,"standard_error":414.7630455963849},"MedianAbsDev":{"confidence_interval":{"confidence_level":0.95,"lower_bound":249.3658544365144,"upper_bound":1494.0475361647445},"point_estimate":1074.0338818866276,"standard_error":323.3049285733154},"Slope":{"confidence_interval":{"confidence_level":0.95,"lower_bound":183986.35722792294,"upper_bound":184911.4982255948},"point_estimate":184492.06350649352,"standard_error":241.42081356915415},"StdDev":{"confidence_interval":{"confidence_level":0.95,"lower_bound":528.1553417918261,"upper_bound":1106.0828249361023},"point_estimate":887.6978294157685,"standard_error":150.31650411889171}}