{"Mean":{"confidence_interval":{"confidence_level":0.95,"lower_bound":555.0017735786303,"upper_bound":556.3147884006862},"point_estimate":555.6560452002755,"standard_error":0.3351547491396956},"Median":{"confidence_interval":{"confidence_level":0.95,"lower_bound":554.9471340100147,"upper_bound":556.5471803573519},"point_estimate":555.3763964252499,"standard_error":0.4370371329576388},"MedianAbsDev":{"confidence_interval":{"confidence_level":0.95,"lower_bound":0.09394033806906031,"upper_bound":2.0087469633090476},"point_estimate":1.1191984913182582,"standard_error":0.48707007551838727},"Slope":{"confidence_interval":{"confidence_level":0.95,"lower_bound":554.8857432843749,"upper_bound":556.3242751014519},"point_estimate":555.479514648974,"standard_error":0.36604845484264553},"StdDev":{"confidence_interval":{"confidence_level":0.95,"lower_bound":0.6037370883811739,"upper_bound":1.4496262197775087},"point_estimate":1.1159458155241568,"standard_error":0.21724961842217413}}