{"Mean":{"confidence_interval":{"confidence_level":0.95,"lower_bound":402.6457078908563,"upper_bound":415.1689028883162},"point_estimate":408.8170824877162,"standard_error":3.2127328665366788},"Median":{"confidence_interval":{"confidence_level":0.95,"lower_bound":401.16754573319855,"upper_bound":417.25852069542725},"point_estimate":407.4945886457756,"standard_error":3.6953487686244277},"MedianAbsDev":{"confidence_interval":{"confidence_level":0.95,"lower_bound":1.769848581909193,"upper_bound":19.725100400208916},"point_estimate":9.330321371755428,"standard_error":4.729945983242796},"Slope":{"confidence_interval":{"confidence_level":0.95,"lower_bound":404.3126148135387,"upper_bound":420.27797351086275},"point_estimate":412.84150857620546,"standard_error":4.032991591466208},"StdDev":{"confidence_interval":{"confidence_level":0.95,"lower_bound":5.853380728788706,"upper_bound":13.554304085417732},"point_estimate":10.69182692756927,"standard_error":1.9839027272074035}}