{"Mean":{"confidence_interval":{"confidence_level":0.95,"lower_bound":7193.426059552774,"upper_bound":7242.894547282325},"point_estimate":7218.13265279226,"standard_error":12.64862423044669},"Median":{"confidence_interval":{"confidence_level":0.95,"lower_bound":7181.616744873132,"upper_bound":7251.876055787278},"point_estimate":7220.1380908932915,"standard_error":19.952135326756288},"MedianAbsDev":{"confidence_interval":{"confidence_level":0.95,"lower_bound":15.950816824481056,"upper_bound":70.14823283308691},"point_estimate":51.30070643412078,"standard_error":14.409223478140936},"Slope":{"confidence_interval":{"confidence_level":0.95,"lower_bound":7208.719263553238,"upper_bound":7250.206739602319},"point_estimate":7225.557936658406,"standard_error":10.544478949284077},"StdDev":{"confidence_interval":{"confidence_level":0.95,"lower_bound":25.956361914391945,"upper_bound":51.50273039251611},"point_estimate":42.27198880968677,"standard_error":6.537349696845852}}