{"Mean":{"confidence_interval":{"confidence_level":0.95,"lower_bound":4816739.909891395,"upper_bound":4844417.869774437},"point_estimate":4830100.190417711,"standard_error":7063.35455756914},"Median":{"confidence_interval":{"confidence_level":0.95,"lower_bound":4813190.047368421,"upper_bound":4842594.07518797},"point_estimate":4828800.486842105,"standard_error":6598.72599010027},"MedianAbsDev":{"confidence_interval":{"confidence_level":0.95,"lower_bound":3962.326461233482,"upper_bound":38321.042433349314},"point_estimate":19239.859823160998,"standard_error":9036.482044792403},"Slope":{"confidence_interval":{"confidence_level":0.95,"lower_bound":4816618.279135095,"upper_bound":4843441.62958028},"point_estimate":4826212.349829119,"standard_error":6834.828749463222},"StdDev":{"confidence_interval":{"confidence_level":0.95,"lower_bound":10136.542419528303,"upper_bound":31959.41718363787},"point_estimate":23493.314117588954,"standard_error":5594.206961228351}}