{"Mean":{"confidence_interval":{"confidence_level":0.95,"lower_bound":2158.96186268426,"upper_bound":2429.5451914796854},"point_estimate":2297.3175619298017,"standard_error":69.5495952325934},"Median":{"confidence_interval":{"confidence_level":0.95,"lower_bound":2061.3792009602194,"upper_bound":2486.9004703115816},"point_estimate":2383.781529492456,"standard_error":126.48592782400176},"MedianAbsDev":{"confidence_interval":{"confidence_level":0.95,"lower_bound":54.159827851914,"upper_bound":369.91362017963405},"point_estimate":247.7602994527694,"standard_error":86.60731612452389},"Slope":{"confidence_interval":{"confidence_level":0.95,"lower_bound":2306.1796894412314,"upper_bound":2515.146138258612},"point_estimate":2447.5381194662677,"standard_error":53.723785599562746},"StdDev":{"confidence_interval":{"confidence_level":0.95,"lower_bound":139.93682661885268,"upper_bound":267.6707584464496},"point_estimate":230.79503893367624,"standard_error":31.93210861755228}}