{"Mean":{"confidence_interval":{"confidence_level":0.95,"lower_bound":254.48067457674506,"upper_bound":274.9426712292042},"point_estimate":262.6478119157831,"standard_error":5.529738945730355},"Median":{"confidence_interval":{"confidence_level":0.95,"lower_bound":252.16548126784718,"upper_bound":266.14296344273487},"point_estimate":256.0712824575911,"standard_error":3.2407963665753727},"MedianAbsDev":{"confidence_interval":{"confidence_level":0.95,"lower_bound":1.0984609816410686,"upper_bound":13.66931616555593},"point_estimate":5.987238347880044,"standard_error":3.669519821023197},"Slope":{"confidence_interval":{"confidence_level":0.95,"lower_bound":253.57944036667803,"upper_bound":262.47552483789565},"point_estimate":257.615812078604,"standard_error":2.224661659712681},"StdDev":{"confidence_interval":{"confidence_level":0.95,"lower_bound":2.9972419356694493,"upper_bound":27.658702658030485},"point_estimate":18.444283358438657,"standard_error":7.692424425365391}}