{"Mean":{"confidence_interval":{"confidence_level":0.95,"lower_bound":800.6207585276914,"upper_bound":825.3080446253973},"point_estimate":813.9082842970558,"standard_error":6.315411548194942},"Median":{"confidence_interval":{"confidence_level":0.95,"lower_bound":794.1434564304018,"upper_bound":827.1199591555342},"point_estimate":821.2544057390377,"standard_error":7.420189774047946},"MedianAbsDev":{"confidence_interval":{"confidence_level":0.95,"lower_bound":0.916517048650418,"upper_bound":33.912684877982024},"point_estimate":11.22912338884256,"standard_error":9.019404922798751},"Slope":{"confidence_interval":{"confidence_level":0.95,"lower_bound":818.934971551206,"upper_bound":825.4474015763836},"point_estimate":822.0304218122759,"standard_error":1.6260898695676982},"StdDev":{"confidence_interval":{"confidence_level":0.95,"lower_bound":7.892719733578457,"upper_bound":27.315812039695672},"point_estimate":21.08298638470805,"standard_error":4.80286236177914}}