{"Mean":{"confidence_interval":{"confidence_level":0.95,"lower_bound":31129.989603950406,"upper_bound":31471.86578566737},"point_estimate":31282.903383634497,"standard_error":88.36364129149928},"Median":{"confidence_interval":{"confidence_level":0.95,"lower_bound":31065.879738562093,"upper_bound":31460.417166474435},"point_estimate":31151.564878892736,"standard_error":109.6238982204587},"MedianAbsDev":{"confidence_interval":{"confidence_level":0.95,"lower_bound":13.195325019480585,"upper_bound":440.72088304069416},"point_estimate":140.59979062669416,"standard_error":120.04794523277127},"Slope":{"confidence_interval":{"confidence_level":0.95,"lower_bound":31117.3822762056,"upper_bound":31554.406711094023},"point_estimate":31364.8406516974,"standard_error":105.95866820579381},"StdDev":{"confidence_interval":{"confidence_level":0.95,"lower_bound":106.16008492871583,"upper_bound":402.1893004783109},"point_estimate":294.668983561618,"standard_error":80.82730856811064}}