{"Mean":{"confidence_interval":{"confidence_level":0.95,"lower_bound":1414119.8079658612,"upper_bound":1590198.1722969187},"point_estimate":1504863.3836169469,"standard_error":45188.40546005234},"Median":{"confidence_interval":{"confidence_level":0.95,"lower_bound":1340729.343137255,"upper_bound":1639624.9301470588},"point_estimate":1563437.2039215686,"standard_error":86301.88957430702},"MedianAbsDev":{"confidence_interval":{"confidence_level":0.95,"lower_bound":22227.641441042317,"upper_bound":229926.93193386367},"point_estimate":136268.35449692962,"standard_error":63550.74254522352},"Slope":{"confidence_interval":{"confidence_level":0.95,"lower_bound":1544292.5509889545,"upper_bound":1641332.5781530952},"point_estimate":1612235.865775401,"standard_error":25290.37271701524},"StdDev":{"confidence_interval":{"confidence_level":0.95,"lower_bound":94129.0146852329,"upper_bound":175542.0788487029},"point_estimate":151066.0734814624,"standard_error":21292.09507701435}}