{"Mean":{"confidence_interval":{"confidence_level":0.95,"lower_bound":37107.72826094931,"upper_bound":37399.394899322535},"point_estimate":37257.031436070356,"standard_error":74.78116725073347},"Median":{"confidence_interval":{"confidence_level":0.95,"lower_bound":36973.23999555358,"upper_bound":37453.43926189418},"point_estimate":37305.413788844424,"standard_error":115.19969037108514},"MedianAbsDev":{"confidence_interval":{"confidence_level":0.95,"lower_bound":56.766109494654565,"upper_bound":411.76264231180903},"point_estimate":271.3351361506784,"standard_error":99.81795564953244},"Slope":{"confidence_interval":{"confidence_level":0.95,"lower_bound":37275.29235962534,"upper_bound":37476.86981219166},"point_estimate":37401.940175431504,"standard_error":51.587991270475605},"StdDev":{"confidence_interval":{"confidence_level":0.95,"lower_bound":134.74030095504057,"upper_bound":296.7947553470817},"point_estimate":248.76330284389073,"standard_error":38.9835119449346}}