{"Mean":{"confidence_interval":{"confidence_level":0.95,"lower_bound":135089.58805910544,"upper_bound":136987.99098489562},"point_estimate":136085.86814056238,"standard_error":487.2073277622823},"Median":{"confidence_interval":{"confidence_level":0.95,"lower_bound":134680.7466453674,"upper_bound":137390.5995930321},"point_estimate":136584.44817181397,"standard_error":712.2063926439889},"MedianAbsDev":{"confidence_interval":{"confidence_level":0.95,"lower_bound":207.1576233988792,"upper_bound":2753.9897853480898},"point_estimate":1628.5153518548373,"standard_error":642.3229573682207},"Slope":{"confidence_interval":{"confidence_level":0.95,"lower_bound":136058.50377002836,"upper_bound":137376.6166603959},"point_estimate":136841.94728019583,"standard_error":340.84902810339173},"StdDev":{"confidence_interval":{"confidence_level":0.95,"lower_bound":814.2033851802917,"upper_bound":1992.5696531838166},"point_estimate":1614.4393322002625,"standard_error":298.27033613355746}}