{"Mean":{"confidence_interval":{"confidence_level":0.95,"lower_bound":529.4627765715325,"upper_bound":542.8886461466279},"point_estimate":537.2231266773911,"standard_error":3.533751248942666},"Median":{"confidence_interval":{"confidence_level":0.95,"lower_bound":532.9053783751059,"upper_bound":545.0266491100617},"point_estimate":539.5563615449812,"standard_error":3.0085494061516407},"MedianAbsDev":{"confidence_interval":{"confidence_level":0.95,"lower_bound":0.684747926092496,"upper_bound":13.30612868254855},"point_estimate":8.42601776010685,"standard_error":3.1785173199137033},"Slope":{"confidence_interval":{"confidence_level":0.95,"lower_bound":536.2134811983765,"upper_bound":544.373137675366},"point_estimate":540.5996323821474,"standard_error":2.126781626044181},"StdDev":{"confidence_interval":{"confidence_level":0.95,"lower_bound":3.494501786298418,"upper_bound":17.269216403801288},"point_estimate":11.757885312654317,"standard_error":4.2863192046624645}}