{"Mean":{"confidence_interval":{"confidence_level":0.95,"lower_bound":343.16211742641747,"upper_bound":375.39807899013243},"point_estimate":361.51429003379707,"standard_error":8.356231039107733},"Median":{"confidence_interval":{"confidence_level":0.95,"lower_bound":352.3974707699314,"upper_bound":380.9699135720579},"point_estimate":367.6740676750162,"standard_error":7.080584751858294},"MedianAbsDev":{"confidence_interval":{"confidence_level":0.95,"lower_bound":2.4510479812403987,"upper_bound":34.22438593171392},"point_estimate":18.771077188749747,"standard_error":7.558285507063895},"Slope":{"confidence_interval":{"confidence_level":0.95,"lower_bound":365.2116289810445,"upper_bound":380.17879539517855},"point_estimate":373.0213640728684,"standard_error":3.822428227456028},"StdDev":{"confidence_interval":{"confidence_level":0.95,"lower_bound":9.84014203004083,"upper_bound":40.17069216496572},"point_estimate":27.78857055522498,"standard_error":9.290737886641404}}