{"Mean":{"confidence_interval":{"confidence_level":0.95,"lower_bound":17997.688188084034,"upper_bound":18288.598292042694},"point_estimate":18143.85897609447,"standard_error":74.3528909232874},"Median":{"confidence_interval":{"confidence_level":0.95,"lower_bound":17990.77251344086,"upper_bound":18288.208938172043},"point_estimate":18166.851254480287,"standard_error":81.38731705108398},"MedianAbsDev":{"confidence_interval":{"confidence_level":0.95,"lower_bound":65.79513980636501,"upper_bound":440.3432685062684},"point_estimate":207.5827114826813,"standard_error":91.37346709537559},"Slope":{"confidence_interval":{"confidence_level":0.95,"lower_bound":18096.845438168737,"upper_bound":18347.862301370056},"point_estimate":18233.095697179164,"standard_error":62.48531641652768},"StdDev":{"confidence_interval":{"confidence_level":0.95,"lower_bound":117.67961440147597,"upper_bound":331.43767145196244},"point_estimate":248.1666732311759,"standard_error":54.897676778913194}}