{"Mean":{"confidence_interval":{"confidence_level":0.95,"lower_bound":25115.762137379264,"upper_bound":25322.000450085405},"point_estimate":25218.75354305862,"standard_error":52.79029139054274},"Median":{"confidence_interval":{"confidence_level":0.95,"lower_bound":25087.046497225525,"upper_bound":25373.027891316553},"point_estimate":25206.764410282543,"standard_error":65.9792199609721},"MedianAbsDev":{"confidence_interval":{"confidence_level":0.95,"lower_bound":48.781645224917185,"upper_bound":309.66149333316605},"point_estimate":149.46227898667533,"standard_error":68.01658820820789},"Slope":{"confidence_interval":{"confidence_level":0.95,"lower_bound":25213.60717586704,"upper_bound":25376.365226175112},"point_estimate":25304.998445727873,"standard_error":40.77511049131236},"StdDev":{"confidence_interval":{"confidence_level":0.95,"lower_bound":98.30730072026184,"upper_bound":222.79994409660821},"point_estimate":176.05273082680893,"standard_error":32.0398690308232}}