{"Mean":{"confidence_interval":{"confidence_level":0.95,"lower_bound":1469499.5035119047,"upper_bound":1492740.2983129132},"point_estimate":1479588.768102954,"standard_error":6028.131249906628},"Median":{"confidence_interval":{"confidence_level":0.95,"lower_bound":1465072.6546296296,"upper_bound":1487953.452353395},"point_estimate":1475546.3541666665,"standard_error":5353.005904121526},"MedianAbsDev":{"confidence_interval":{"confidence_level":0.95,"lower_bound":2863.613535619165,"upper_bound":25023.880618700292},"point_estimate":12649.77360208801,"standard_error":6277.936193029402},"Slope":{"confidence_interval":{"confidence_level":0.95,"lower_bound":1473791.2244444445,"upper_bound":1510901.4908714166},"point_estimate":1493775.865945166,"standard_error":10054.716208024258},"StdDev":{"confidence_interval":{"confidence_level":0.95,"lower_bound":6427.154652122408,"upper_bound":28549.496769192123},"point_estimate":20080.864557842404,"standard_error":6425.948599367182}}