{"Mean":{"confidence_interval":{"confidence_level":0.95,"lower_bound":196.69152147952835,"upper_bound":214.978307597896},"point_estimate":206.5234122457367,"standard_error":4.69362040855402},"Median":{"confidence_interval":{"confidence_level":0.95,"lower_bound":196.73203637539845,"upper_bound":218.92006969290185},"point_estimate":207.66389849110737,"standard_error":5.394638671901822},"MedianAbsDev":{"confidence_interval":{"confidence_level":0.95,"lower_bound":1.6892752863928948,"upper_bound":24.82298070013395},"point_estimate":15.843821408744805,"standard_error":5.515975011262269},"Slope":{"confidence_interval":{"confidence_level":0.95,"lower_bound":200.76725445864986,"upper_bound":214.1133340152172},"point_estimate":207.4634219298858,"standard_error":3.3783452907040674},"StdDev":{"confidence_interval":{"confidence_level":0.95,"lower_bound":7.202584177464451,"upper_bound":21.06613221390068},"point_estimate":15.618984006896412,"standard_error":3.8801479376933097}}