{"Mean":{"confidence_interval":{"confidence_level":0.95,"lower_bound":369.37586333165046,"upper_bound":380.9684026184732},"point_estimate":375.0797453409478,"standard_error":2.972757601499126},"Median":{"confidence_interval":{"confidence_level":0.95,"lower_bound":365.2884227511093,"upper_bound":382.6998180946365},"point_estimate":374.8759631216686,"standard_error":4.592434125777588},"MedianAbsDev":{"confidence_interval":{"confidence_level":0.95,"lower_bound":1.7819097100058692,"upper_bound":16.165284866321862},"point_estimate":11.65350535435163,"standard_error":3.746828610593075},"Slope":{"confidence_interval":{"confidence_level":0.95,"lower_bound":367.0565650685887,"upper_bound":377.4255433208317},"point_estimate":371.6771282497557,"standard_error":2.621077064406256},"StdDev":{"confidence_interval":{"confidence_level":0.95,"lower_bound":5.879599743322481,"upper_bound":12.397467434464474},"point_estimate":9.889855525867748,"standard_error":1.6975423684482442}}