{"Mean":{"confidence_interval":{"confidence_level":0.95,"lower_bound":10383878.530555556,"upper_bound":10644674.774126984},"point_estimate":10517051.7074127,"standard_error":66934.93856493704},"Median":{"confidence_interval":{"confidence_level":0.95,"lower_bound":10365760.82,"upper_bound":10715334.022222223},"point_estimate":10496890.766666666,"standard_error":90918.63018184187},"MedianAbsDev":{"confidence_interval":{"confidence_level":0.95,"lower_bound":51980.827340155214,"upper_bound":386062.46852268965},"point_estimate":257201.22104376636,"standard_error":86505.69428100201},"Slope":{"confidence_interval":{"confidence_level":0.95,"lower_bound":10515707.205710031,"upper_bound":10725424.9496063},"point_estimate":10645969.017142856,"standard_error":51835.81871866783},"StdDev":{"confidence_interval":{"confidence_level":0.95,"lower_bound":126352.40877627477,"upper_bound":283258.8508011012},"point_estimate":222786.45603890577,"standard_error":41102.92787293384}}