{"Mean":{"confidence_interval":{"confidence_level":0.95,"lower_bound":174.44384707020265,"upper_bound":182.3432231844865},"point_estimate":178.71079405941765,"standard_error":2.0496977644366594},"Median":{"confidence_interval":{"confidence_level":0.95,"lower_bound":174.40713965196943,"upper_bound":183.69114716859968},"point_estimate":182.30232941746613,"standard_error":3.049917727412828},"MedianAbsDev":{"confidence_interval":{"confidence_level":0.95,"lower_bound":0.12349398134834785,"upper_bound":12.359894257499095},"point_estimate":3.8432359165003627,"standard_error":3.053042815572264},"Slope":{"confidence_interval":{"confidence_level":0.95,"lower_bound":172.30712205639853,"upper_bound":184.05132437275623},"point_estimate":179.2432264557577,"standard_error":3.00997715040774},"StdDev":{"confidence_interval":{"confidence_level":0.95,"lower_bound":3.132586923117959,"upper_bound":9.198796294883369},"point_estimate":6.840104434025392,"standard_error":1.6833006978407317}}