{"Mean":{"confidence_interval":{"confidence_level":0.95,"lower_bound":743.4785250320335,"upper_bound":746.0521844211597},"point_estimate":744.6493497195108,"standard_error":0.6608207539187537},"Median":{"confidence_interval":{"confidence_level":0.95,"lower_bound":743.2152306109084,"upper_bound":746.2921458196901},"point_estimate":743.4773414344272,"standard_error":0.8355031370272328},"MedianAbsDev":{"confidence_interval":{"confidence_level":0.95,"lower_bound":0.08225724368266635,"upper_bound":3.571760029232046},"point_estimate":0.572941588198367,"standard_error":0.9153540951885241},"Slope":{"confidence_interval":{"confidence_level":0.95,"lower_bound":743.3920861765783,"upper_bound":747.1944111875329},"point_estimate":745.4432417807035,"standard_error":0.9997161271500743},"StdDev":{"confidence_interval":{"confidence_level":0.95,"lower_bound":0.370351283328064,"upper_bound":2.8477802911023646},"point_estimate":2.19412721792628,"standard_error":0.5537930018587348}}