{"Mean":{"confidence_interval":{"confidence_level":0.95,"lower_bound":389.09601628936605,"upper_bound":426.66919062337155},"point_estimate":410.87142861518515,"standard_error":9.429073839522005},"Median":{"confidence_interval":{"confidence_level":0.95,"lower_bound":386.94597151449335,"upper_bound":429.065182226094},"point_estimate":423.1577684960878,"standard_error":8.526133851074407},"MedianAbsDev":{"confidence_interval":{"confidence_level":0.95,"lower_bound":1.1419638261048337,"upper_bound":50.63522290607391},"point_estimate":6.675083444437345,"standard_error":7.98738584751099},"Slope":{"confidence_interval":{"confidence_level":0.95,"lower_bound":420.9032496549522,"upper_bound":427.48071129581774},"point_estimate":424.91815165871634,"standard_error":1.7079264528384444},"StdDev":{"confidence_interval":{"confidence_level":0.95,"lower_bound":3.6526028085486315,"upper_bound":39.42651612678504},"point_estimate":31.56015110822862,"standard_error":9.807427627240394}}