{"Mean":{"confidence_interval":{"confidence_level":0.95,"lower_bound":569063.4024651125,"upper_bound":604165.8536486188},"point_estimate":587701.373711335,"standard_error":8985.092027764407},"Median":{"confidence_interval":{"confidence_level":0.95,"lower_bound":571902.6935897436,"upper_bound":608534.171474359},"point_estimate":590761.0334249084,"standard_error":10341.7664156245},"MedianAbsDev":{"confidence_interval":{"confidence_level":0.95,"lower_bound":5995.170981064439,"upper_bound":47205.725607700064},"point_estimate":23604.827011219037,"standard_error":10192.703083778126},"Slope":{"confidence_interval":{"confidence_level":0.95,"lower_bound":591128.6146233616,"upper_bound":618460.649804815},"point_estimate":606706.4653679654,"standard_error":7217.609071819001},"StdDev":{"confidence_interval":{"confidence_level":0.95,"lower_bound":13633.992660096714,"upper_bound":41092.179569667875},"point_estimate":29921.035800263846,"standard_error":7569.451657868248}}