{"Mean":{"confidence_interval":{"confidence_level":0.95,"lower_bound":129976.31051353151,"upper_bound":147055.84184437542},"point_estimate":138700.73101732723,"standard_error":4375.83238162387},"Median":{"confidence_interval":{"confidence_level":0.95,"lower_bound":123342.78571428571,"upper_bound":154035.97399068324},"point_estimate":142181.27298136646,"standard_error":7721.179350937107},"MedianAbsDev":{"confidence_interval":{"confidence_level":0.95,"lower_bound":721.6145457032724,"upper_bound":24424.246757035115},"point_estimate":17936.58667723223,"standard_error":5958.125977953045},"Slope":{"confidence_interval":{"confidence_level":0.95,"lower_bound":142103.21934505584,"upper_bound":152737.04737756588},"point_estimate":149495.40683229815,"standard_error":2764.856734222652},"StdDev":{"confidence_interval":{"confidence_level":0.95,"lower_bound":9011.541317301122,"upper_bound":17051.050061364695},"point_estimate":14651.48195325425,"standard_error":2045.130244046076}}