{"Mean":{"confidence_interval":{"confidence_level":0.95,"lower_bound":77120.02699150292,"upper_bound":86235.36723407904},"point_estimate":81749.96461873784,"standard_error":2340.9500043351604},"Median":{"confidence_interval":{"confidence_level":0.95,"lower_bound":73299.11833952912,"upper_bound":89320.01769671624},"point_estimate":82451.78680961233,"standard_error":4571.708574910655},"MedianAbsDev":{"confidence_interval":{"confidence_level":0.95,"lower_bound":478.1728237133359,"upper_bound":12424.026222877397},"point_estimate":10421.92534429539,"standard_error":3782.9512588115576},"Slope":{"confidence_interval":{"confidence_level":0.95,"lower_bound":83395.56586445308,"upper_bound":88839.22652670195},"point_estimate":87199.71150485202,"standard_error":1418.3457048935159},"StdDev":{"confidence_interval":{"confidence_level":0.95,"lower_bound":4874.086540062962,"upper_bound":8946.017543800745},"point_estimate":7813.814694044957,"standard_error":1025.9272299202669}}