{"Mean":{"confidence_interval":{"confidence_level":0.95,"lower_bound":3054.1813760288196,"upper_bound":3087.7780811787284},"point_estimate":3071.5816399536093,"standard_error":8.566845219148894},"Median":{"confidence_interval":{"confidence_level":0.95,"lower_bound":3054.1518984433337,"upper_bound":3100.559497960825},"point_estimate":3068.3405509465547,"standard_error":14.520171862085913},"MedianAbsDev":{"confidence_interval":{"confidence_level":0.95,"lower_bound":1.8870652942022024,"upper_bound":57.008282436634},"point_estimate":29.014665436636022,"standard_error":14.064120129038901},"Slope":{"confidence_interval":{"confidence_level":0.95,"lower_bound":3070.650498587517,"upper_bound":3097.372672313053},"point_estimate":3088.449651702769,"standard_error":6.85229632736354},"StdDev":{"confidence_interval":{"confidence_level":0.95,"lower_bound":16.97664585826815,"upper_bound":36.784081693948664},"point_estimate":28.639573672765252,"standard_error":5.497359675378187}}