{"Mean":{"confidence_interval":{"confidence_level":0.95,"lower_bound":1760252.2050962,"upper_bound":1782835.9814057238},"point_estimate":1771579.5348184225,"standard_error":5791.125331249072},"Median":{"confidence_interval":{"confidence_level":0.95,"lower_bound":1758939.4040404041,"upper_bound":1787208.1333333333},"point_estimate":1770081.7230639732,"standard_error":8726.315193318946},"MedianAbsDev":{"confidence_interval":{"confidence_level":0.95,"lower_bound":3642.0330429167216,"upper_bound":33581.9427878923},"point_estimate":20250.87743289943,"standard_error":7644.185512198512},"Slope":{"confidence_interval":{"confidence_level":0.95,"lower_bound":1767877.1652822732,"upper_bound":1786689.0400295062},"point_estimate":1779545.852499016,"standard_error":4813.237652562},"StdDev":{"confidence_interval":{"confidence_level":0.95,"lower_bound":11085.453818491344,"upper_bound":24868.216634242115},"point_estimate":19368.73252456318,"standard_error":3589.6250591762587}}