{"Mean":{"confidence_interval":{"confidence_level":0.95,"lower_bound":2360.433306493347,"upper_bound":2498.5365687189087},"point_estimate":2433.2304233004734,"standard_error":35.303990488290886},"Median":{"confidence_interval":{"confidence_level":0.95,"lower_bound":2364.8877609868377,"upper_bound":2514.147288824583},"point_estimate":2442.2531923200586,"standard_error":30.571204290764122},"MedianAbsDev":{"confidence_interval":{"confidence_level":0.95,"lower_bound":8.665075329146598,"upper_bound":194.26842982650413},"point_estimate":78.13113083063894,"standard_error":53.95654448303421},"Slope":{"confidence_interval":{"confidence_level":0.95,"lower_bound":2440.469690056828,"upper_bound":2526.74579039181},"point_estimate":2478.953088553998,"standard_error":21.574639665995054},"StdDev":{"confidence_interval":{"confidence_level":0.95,"lower_bound":51.68816136679002,"upper_bound":156.16649987803436},"point_estimate":117.75197493963731,"standard_error":27.71503376951826}}