{"Mean":{"confidence_interval":{"confidence_level":0.95,"lower_bound":343.0801659578882,"upper_bound":374.45904802603957},"point_estimate":359.2760816231274,"standard_error":8.06996336988209},"Median":{"confidence_interval":{"confidence_level":0.95,"lower_bound":334.4296442277772,"upper_bound":383.76378383985065},"point_estimate":364.39377657919306,"standard_error":14.773652740760456},"MedianAbsDev":{"confidence_interval":{"confidence_level":0.95,"lower_bound":1.5434536978860254,"upper_bound":46.41818911056651},"point_estimate":28.80576259532711,"standard_error":14.146455570445944},"Slope":{"confidence_interval":{"confidence_level":0.95,"lower_bound":356.83069367166524,"upper_bound":382.54191008611},"point_estimate":375.0007471876739,"standard_error":6.760325319212598},"StdDev":{"confidence_interval":{"confidence_level":0.95,"lower_bound":15.780656746580814,"upper_bound":31.958208828983253},"point_estimate":26.871518321310013,"standard_error":4.181993756212234}}