{"Mean":{"confidence_interval":{"confidence_level":0.95,"lower_bound":24054.244971743723,"upper_bound":24327.96802209346},"point_estimate":24193.084850296018,"standard_error":70.02755161427635},"Median":{"confidence_interval":{"confidence_level":0.95,"lower_bound":24023.733022745957,"upper_bound":24332.077219786242},"point_estimate":24239.261662251454,"standard_error":84.89919163531214},"MedianAbsDev":{"confidence_interval":{"confidence_level":0.95,"lower_bound":40.71346565154072,"upper_bound":405.06089908990737},"point_estimate":211.90537675039636,"standard_error":90.52078930883009},"Slope":{"confidence_interval":{"confidence_level":0.95,"lower_bound":24138.062294083615,"upper_bound":24322.93000903427},"point_estimate":24243.217961868224,"standard_error":48.08600871951857},"StdDev":{"confidence_interval":{"confidence_level":0.95,"lower_bound":119.2120363128989,"upper_bound":306.6309061941108},"point_estimate":233.33747144120736,"standard_error":48.54113250065297}}