{"Mean":{"confidence_interval":{"confidence_level":0.95,"lower_bound":331.00779232989896,"upper_bound":352.8779562163885},"point_estimate":342.4054357967185,"standard_error":5.604297866184067},"Median":{"confidence_interval":{"confidence_level":0.95,"lower_bound":325.40067839919385,"upper_bound":357.320033270152},"point_estimate":350.1855740986382,"standard_error":9.58861128413921},"MedianAbsDev":{"confidence_interval":{"confidence_level":0.95,"lower_bound":1.486105285044229,"upper_bound":30.589854200077493},"point_estimate":15.167052409778027,"standard_error":8.188642282126636},"Slope":{"confidence_interval":{"confidence_level":0.95,"lower_bound":348.27216087627806,"upper_bound":357.1175214507057},"point_estimate":354.4043954366131,"standard_error":2.3263581029121507},"StdDev":{"confidence_interval":{"confidence_level":0.95,"lower_bound":10.151669357216592,"upper_bound":21.99850071467119},"point_estimate":18.673945082823113,"standard_error":2.9909450152106594}}