{"Mean":{"confidence_interval":{"confidence_level":0.95,"lower_bound":827655.64273637,"upper_bound":868302.3197660454},"point_estimate":849764.701758109,"standard_error":10475.776612864247},"Median":{"confidence_interval":{"confidence_level":0.95,"lower_bound":829433.0597826086,"upper_bound":875608.9891304348},"point_estimate":857850.7765700484,"standard_error":13165.918671978841},"MedianAbsDev":{"confidence_interval":{"confidence_level":0.95,"lower_bound":3390.311777418602,"upper_bound":53039.03729713713},"point_estimate":27106.758374918118,"standard_error":12678.985768184271},"Slope":{"confidence_interval":{"confidence_level":0.95,"lower_bound":855891.8160932692,"upper_bound":877555.996679473},"point_estimate":869208.6953698476,"standard_error":5518.8222809899},"StdDev":{"confidence_interval":{"confidence_level":0.95,"lower_bound":15327.805833525279,"upper_bound":47320.054651856924},"point_estimate":34896.68306100683,"standard_error":9012.108664855108}}