{"Mean":{"confidence_interval":{"confidence_level":0.95,"lower_bound":238784.24288479262,"upper_bound":242952.67515690145},"point_estimate":240877.64605551903,"standard_error":1067.6590573864855},"Median":{"confidence_interval":{"confidence_level":0.95,"lower_bound":236994.89032258064,"upper_bound":244081.9658218126},"point_estimate":241407.48046960722,"standard_error":2356.7370619649278},"MedianAbsDev":{"confidence_interval":{"confidence_level":0.95,"lower_bound":269.2854189288936,"upper_bound":5588.675404007014},"point_estimate":4855.826350888636,"standard_error":1521.5788006427376},"Slope":{"confidence_interval":{"confidence_level":0.95,"lower_bound":240005.78838906475,"upper_bound":244280.85524260864},"point_estimate":242911.07777844276,"standard_error":1096.2862631231524},"StdDev":{"confidence_interval":{"confidence_level":0.95,"lower_bound":2464.746138517828,"upper_bound":3966.86466890848},"point_estimate":3567.43706644572,"standard_error":384.8855654876653}}