{"Mean":{"confidence_interval":{"confidence_level":0.95,"lower_bound":2915956.7529923734,"upper_bound":2991474.787689174},"point_estimate":2953456.670066964,"standard_error":19348.751067908746},"Median":{"confidence_interval":{"confidence_level":0.95,"lower_bound":2898018.78125,"upper_bound":2996966.80625},"point_estimate":2960178.6339285714,"standard_error":24364.08150601693},"MedianAbsDev":{"confidence_interval":{"confidence_level":0.95,"lower_bound":3044.264885953455,"upper_bound":108918.15998006605},"point_estimate":72090.42539201389,"standard_error":27462.301701146036},"Slope":{"confidence_interval":{"confidence_level":0.95,"lower_bound":2931908.556985294,"upper_bound":3007737.006427177},"point_estimate":2972089.8314935067,"standard_error":19990.743652206147},"StdDev":{"confidence_interval":{"confidence_level":0.95,"lower_bound":36296.78900498493,"upper_bound":81024.34794711185},"point_estimate":64425.34475675184,"standard_error":11517.443381170995}}