{"Mean":{"confidence_interval":{"confidence_level":0.95,"lower_bound":379738.9928913602,"upper_bound":383753.5839901981},"point_estimate":381667.86955470016,"standard_error":1029.3262402445696},"Median":{"confidence_interval":{"confidence_level":0.95,"lower_bound":379512.9760479042,"upper_bound":384359.74180211005},"point_estimate":381046.3778443114,"standard_error":983.5217862203359},"MedianAbsDev":{"confidence_interval":{"confidence_level":0.95,"lower_bound":489.48437633991784,"upper_bound":6140.926131695335},"point_estimate":1795.186400264791,"standard_error":1499.3118867102019},"Slope":{"confidence_interval":{"confidence_level":0.95,"lower_bound":380828.3785642198,"upper_bound":385777.4014377461},"point_estimate":383475.29826580605,"standard_error":1311.1152799193928},"StdDev":{"confidence_interval":{"confidence_level":0.95,"lower_bound":1431.8865959571492,"upper_bound":4463.063846181891},"point_estimate":3431.454973706081,"standard_error":752.2489988181454}}