{"Mean":{"confidence_interval":{"confidence_level":0.95,"lower_bound":819226.5018486851,"upper_bound":840785.3479493543},"point_estimate":828597.0084268226,"standard_error":5578.701248737112},"Median":{"confidence_interval":{"confidence_level":0.95,"lower_bound":815992.1807909604,"upper_bound":837243.2154661017},"point_estimate":824249.0316115147,"standard_error":4740.529799979634},"MedianAbsDev":{"confidence_interval":{"confidence_level":0.95,"lower_bound":2375.2656348786595,"upper_bound":23803.948374683558},"point_estimate":10305.549066531466,"standard_error":5671.646705608888},"Slope":{"confidence_interval":{"confidence_level":0.95,"lower_bound":824613.5469232696,"upper_bound":843873.6523804187},"point_estimate":831602.1075941008,"standard_error":5062.407395821258},"StdDev":{"confidence_interval":{"confidence_level":0.95,"lower_bound":5467.037112502692,"upper_bound":25948.597879387533},"point_estimate":18544.222627331474,"standard_error":5759.488809535004}}