{"Mean":{"confidence_interval":{"confidence_level":0.95,"lower_bound":673969.7361325758,"upper_bound":678783.8792408009},"point_estimate":676235.7982305195,"standard_error":1239.274464607508},"Median":{"confidence_interval":{"confidence_level":0.95,"lower_bound":672970.7471590908,"upper_bound":679680.2426136364},"point_estimate":675630.3275162338,"standard_error":1461.6982063971511},"MedianAbsDev":{"confidence_interval":{"confidence_level":0.95,"lower_bound":491.19989241582607,"upper_bound":7473.110953689335},"point_estimate":2771.4348010244594,"standard_error":1671.7725475569468},"Slope":{"confidence_interval":{"confidence_level":0.95,"lower_bound":675134.1946937589,"upper_bound":681551.6231395816},"point_estimate":679153.9393152302,"standard_error":1650.4104735840187},"StdDev":{"confidence_interval":{"confidence_level":0.95,"lower_bound":1820.9735810288869,"upper_bound":5203.293082964861},"point_estimate":4126.376277407358,"standard_error":867.5076990346233}}