{"Mean":{"confidence_interval":{"confidence_level":0.95,"lower_bound":383124.1087685268,"upper_bound":406962.25203427573},"point_estimate":395598.1287040344,"standard_error":6110.739169877599},"Median":{"confidence_interval":{"confidence_level":0.95,"lower_bound":380232.3625,"upper_bound":412544.39907407406},"point_estimate":398136.3623611111,"standard_error":7675.713152870857},"MedianAbsDev":{"confidence_interval":{"confidence_level":0.95,"lower_bound":4510.8820789158435,"upper_bound":34050.91066047544},"point_estimate":22599.416089557933,"standard_error":7281.7701099059295},"Slope":{"confidence_interval":{"confidence_level":0.95,"lower_bound":398723.5517127303,"upper_bound":413670.47282135376},"point_estimate":408290.6288744589,"standard_error":3821.197471842887},"StdDev":{"confidence_interval":{"confidence_level":0.95,"lower_bound":10394.955098778148,"upper_bound":26764.260396223337},"point_estimate":20402.39885442774,"standard_error":4332.39242592285}}