{"Mean":{"confidence_interval":{"confidence_level":0.95,"lower_bound":53091.53680115073,"upper_bound":54722.345640814536},"point_estimate":53868.978798453245,"standard_error":419.7908064964969},"Median":{"confidence_interval":{"confidence_level":0.95,"lower_bound":52755.75319253438,"upper_bound":55287.13998035363},"point_estimate":53313.54430255403,"standard_error":700.8063659831097},"MedianAbsDev":{"confidence_interval":{"confidence_level":0.95,"lower_bound":167.34131146917497,"upper_bound":2198.8507792828295},"point_estimate":1200.7289238694375,"standard_error":574.9061725388791},"Slope":{"confidence_interval":{"confidence_level":0.95,"lower_bound":53750.02898001266,"upper_bound":55600.72958638978},"point_estimate":54970.930375322125,"standard_error":470.34481081182014},"StdDev":{"confidence_interval":{"confidence_level":0.95,"lower_bound":745.4862353132825,"upper_bound":1652.631772100435},"point_estimate":1398.70333174873,"standard_error":226.14352222792803}}