{"Mean":{"confidence_interval":{"confidence_level":0.95,"lower_bound":24806.480665178573,"upper_bound":25007.121572366123},"point_estimate":24911.427611961455,"standard_error":51.54557705377793},"Median":{"confidence_interval":{"confidence_level":0.95,"lower_bound":24762.299725274726,"upper_bound":25065.123822605965},"point_estimate":24975.90924908425,"standard_error":86.51101754015409},"MedianAbsDev":{"confidence_interval":{"confidence_level":0.95,"lower_bound":19.88192457834465,"upper_bound":284.1500603399454},"point_estimate":155.370678764057,"standard_error":70.33197049291824},"Slope":{"confidence_interval":{"confidence_level":0.95,"lower_bound":24894.71391108891,"upper_bound":25047.837005426336},"point_estimate":24996.758759098044,"standard_error":39.31779655920837},"StdDev":{"confidence_interval":{"confidence_level":0.95,"lower_bound":96.60618090975909,"upper_bound":209.6519265854174},"point_estimate":171.68057835982847,"standard_error":29.47217556596671}}