{"Mean":{"confidence_interval":{"confidence_level":0.95,"lower_bound":3354.4045138121623,"upper_bound":3446.581272571896},"point_estimate":3405.150114382478,"standard_error":23.724373576993738},"Median":{"confidence_interval":{"confidence_level":0.95,"lower_bound":3369.7321307423917,"upper_bound":3460.459662725334},"point_estimate":3413.630394698585,"standard_error":23.797241473821327},"MedianAbsDev":{"confidence_interval":{"confidence_level":0.95,"lower_bound":6.733548436377185,"upper_bound":109.0618955790288},"point_estimate":66.06229732565755,"standard_error":27.182940563523523},"Slope":{"confidence_interval":{"confidence_level":0.95,"lower_bound":3401.8662470351346,"upper_bound":3457.567034261958},"point_estimate":3431.113355301415,"standard_error":14.296576749156392},"StdDev":{"confidence_interval":{"confidence_level":0.95,"lower_bound":30.328748180376767,"upper_bound":110.6145629529461},"point_estimate":79.20093766063442,"standard_error":22.872565808416347}}