{"Mean":{"confidence_interval":{"confidence_level":0.95,"lower_bound":801.3464776968166,"upper_bound":807.2800987346415},"point_estimate":804.2738406119174,"standard_error":1.52424740638128},"Median":{"confidence_interval":{"confidence_level":0.95,"lower_bound":799.2591674152071,"upper_bound":809.0225414581143},"point_estimate":804.3074227540181,"standard_error":2.9226543614853524},"MedianAbsDev":{"confidence_interval":{"confidence_level":0.95,"lower_bound":0.33750497010981656,"upper_bound":7.932526277740767},"point_estimate":6.979925116770134,"standard_error":2.135085778283563},"Slope":{"confidence_interval":{"confidence_level":0.95,"lower_bound":799.2941388358147,"upper_bound":804.1625583661894},"point_estimate":800.7306667326724,"standard_error":1.2678018903013795},"StdDev":{"confidence_interval":{"confidence_level":0.95,"lower_bound":3.321911102431958,"upper_bound":5.870712376840663},"point_estimate":5.087608437363622,"standard_error":0.6527273120366471}}