{"Mean":{"confidence_interval":{"confidence_level":0.95,"lower_bound":216882.55713216955,"upper_bound":219353.42552784705},"point_estimate":217925.21426988085,"standard_error":642.9789903378702},"Median":{"confidence_interval":{"confidence_level":0.95,"lower_bound":216606.00748129675,"upper_bound":218148.92793017457},"point_estimate":217755.58645054032,"standard_error":408.01052432349593},"MedianAbsDev":{"confidence_interval":{"confidence_level":0.95,"lower_bound":97.85759603495926,"upper_bound":2333.4354242922864},"point_estimate":760.7198281404109,"standard_error":568.5045398437353},"Slope":{"confidence_interval":{"confidence_level":0.95,"lower_bound":217257.715634826,"upper_bound":220744.72753918433},"point_estimate":218599.12706545324,"standard_error":953.5325824444807},"StdDev":{"confidence_interval":{"confidence_level":0.95,"lower_bound":509.06266759038766,"upper_bound":3191.1263882756834},"point_estimate":2155.4104683014216,"standard_error":813.7682119970106}}