{"Mean":{"confidence_interval":{"confidence_level":0.95,"lower_bound":2815151.623787879,"upper_bound":2830446.1023908732},"point_estimate":2823374.9858056763,"standard_error":3909.175337965748},"Median":{"confidence_interval":{"confidence_level":0.95,"lower_bound":2815519.063973064,"upper_bound":2830826.590909091},"point_estimate":2825342.2321428573,"standard_error":3539.7820194033043},"MedianAbsDev":{"confidence_interval":{"confidence_level":0.95,"lower_bound":344.2961370692024,"upper_bound":20197.14382733809},"point_estimate":9265.32534990153,"standard_error":5070.246727927982},"Slope":{"confidence_interval":{"confidence_level":0.95,"lower_bound":2811996.938959799,"upper_bound":2828922.95041541},"point_estimate":2821776.1423848877,"standard_error":4355.519514581847},"StdDev":{"confidence_interval":{"confidence_level":0.95,"lower_bound":5331.986796188795,"upper_bound":18063.638020832488},"point_estimate":13084.139278354394,"standard_error":3480.9066633473994}}