{"Mean":{"confidence_interval":{"confidence_level":0.95,"lower_bound":9657.626511502971,"upper_bound":9914.994499768756},"point_estimate":9780.30157481646,"standard_error":66.02718999136476},"Median":{"confidence_interval":{"confidence_level":0.95,"lower_bound":9599.130893692327,"upper_bound":9958.991961464146},"point_estimate":9729.071058757847,"standard_error":84.23141828666155},"MedianAbsDev":{"confidence_interval":{"confidence_level":0.95,"lower_bound":45.59514278836267,"upper_bound":380.06874005561923},"point_estimate":215.82046061244387,"standard_error":81.65169366477856},"Slope":{"confidence_interval":{"confidence_level":0.95,"lower_bound":9704.663006932991,"upper_bound":9963.255458644082},"point_estimate":9853.82058944721,"standard_error":67.93630122326195},"StdDev":{"confidence_interval":{"confidence_level":0.95,"lower_bound":108.43870133439242,"upper_bound":275.7405855302837},"point_estimate":219.04945561810231,"standard_error":42.582433076869364}}