{"Mean":{"confidence_interval":{"confidence_level":0.95,"lower_bound":20201.44272768561,"upper_bound":20951.562203955327},"point_estimate":20518.68928867536,"standard_error":195.8988058429918},"Median":{"confidence_interval":{"confidence_level":0.95,"lower_bound":20160.300758201338,"upper_bound":20680.257167046184},"point_estimate":20252.149553336836,"standard_error":148.68176397462264},"MedianAbsDev":{"confidence_interval":{"confidence_level":0.95,"lower_bound":42.635773305072036,"upper_bound":720.8023240222566},"point_estimate":141.20637022823988,"standard_error":195.04283416478947},"Slope":{"confidence_interval":{"confidence_level":0.95,"lower_bound":20214.667903981397,"upper_bound":20767.235568330507},"point_estimate":20475.903317386765,"standard_error":147.76668184740979},"StdDev":{"confidence_interval":{"confidence_level":0.95,"lower_bound":123.23935832580048,"upper_bound":940.3048979482684},"point_estimate":652.2427122460945,"standard_error":229.60178464994272}}