{"Mean":{"confidence_interval":{"confidence_level":0.95,"lower_bound":57048.37048563218,"upper_bound":59525.56580395114},"point_estimate":58280.780723180076,"standard_error":637.4298700443481},"Median":{"confidence_interval":{"confidence_level":0.95,"lower_bound":56568.324137931035,"upper_bound":60082.739094827586},"point_estimate":58217.69172413793,"standard_error":909.7536230787192},"MedianAbsDev":{"confidence_interval":{"confidence_level":0.95,"lower_bound":649.1993427502738,"upper_bound":3770.9390331817613},"point_estimate":2171.424158116185,"standard_error":785.090649061879},"Slope":{"confidence_interval":{"confidence_level":0.95,"lower_bound":58571.86988538792,"upper_bound":60175.89972143423},"point_estimate":59479.99422301836,"standard_error":396.9550003981563},"StdDev":{"confidence_interval":{"confidence_level":0.95,"lower_bound":1260.503997742769,"upper_bound":2628.1362199777045},"point_estimate":2123.686203615403,"standard_error":352.48184038223656}}