{"Mean":{"confidence_interval":{"confidence_level":0.95,"lower_bound":399129.8589774821,"upper_bound":402306.7841863208},"point_estimate":400706.836718516,"standard_error":813.3641694209637},"Median":{"confidence_interval":{"confidence_level":0.95,"lower_bound":397918.85141509434,"upper_bound":402803.94811320753},"point_estimate":401037.62172431865,"standard_error":1153.211113441467},"MedianAbsDev":{"confidence_interval":{"confidence_level":0.95,"lower_bound":358.9577344762917,"upper_bound":4982.846512841829},"point_estimate":3255.6986280488345,"standard_error":1182.9587350758138},"Slope":{"confidence_interval":{"confidence_level":0.95,"lower_bound":398145.9210940086,"upper_bound":402753.9078954585},"point_estimate":400102.6497794658,"standard_error":1191.4986770856926},"StdDev":{"confidence_interval":{"confidence_level":0.95,"lower_bound":1593.9243985382777,"upper_bound":3361.221793302482},"point_estimate":2705.870871842774,"standard_error":458.92930559471563}}