{"Mean":{"confidence_interval":{"confidence_level":0.95,"lower_bound":10792.484286593717,"upper_bound":11061.734032231121},"point_estimate":10935.834695936112,"standard_error":69.42953602680304},"Median":{"confidence_interval":{"confidence_level":0.95,"lower_bound":10719.70890410959,"upper_bound":11123.771637902124},"point_estimate":11069.021976958882,"standard_error":113.25303651203016},"MedianAbsDev":{"confidence_interval":{"confidence_level":0.95,"lower_bound":3.8604588556935395,"upper_bound":366.1409979540767},"point_estimate":85.03230472905565,"standard_error":103.06449592768931},"Slope":{"confidence_interval":{"confidence_level":0.95,"lower_bound":10947.202470678596,"upper_bound":11100.283630900998},"point_estimate":11056.550734382869,"standard_error":39.984354222810644},"StdDev":{"confidence_interval":{"confidence_level":0.95,"lower_bound":96.16808860593511,"upper_bound":272.2373151156878},"point_estimate":231.62338905069907,"standard_error":42.19814642159938}}