{"Mean":{"confidence_interval":{"confidence_level":0.95,"lower_bound":1321.560535498397,"upper_bound":1372.1002158016581},"point_estimate":1348.460844445413,"standard_error":12.964429887636173},"Median":{"confidence_interval":{"confidence_level":0.95,"lower_bound":1322.455065093572,"upper_bound":1385.3467634029473},"point_estimate":1354.4443321128288,"standard_error":16.856279416869263},"MedianAbsDev":{"confidence_interval":{"confidence_level":0.95,"lower_bound":11.472160152308962,"upper_bound":74.66220462484677},"point_estimate":43.7922196503873,"standard_error":14.967960142413638},"Slope":{"confidence_interval":{"confidence_level":0.95,"lower_bound":1357.4976624367564,"upper_bound":1389.3490939047824},"point_estimate":1378.6961658195344,"standard_error":8.18034208417687},"StdDev":{"confidence_interval":{"confidence_level":0.95,"lower_bound":21.89284694760994,"upper_bound":57.237712846638466},"point_estimate":43.2101960947226,"standard_error":9.794076589337804}}