{"Mean":{"confidence_interval":{"confidence_level":0.95,"lower_bound":8105.996838901388,"upper_bound":8193.691446646671},"point_estimate":8150.866537843169,"standard_error":22.588422041804474},"Median":{"confidence_interval":{"confidence_level":0.95,"lower_bound":8074.625851167315,"upper_bound":8215.389506322957},"point_estimate":8178.462102788586,"standard_error":45.13825568214575},"MedianAbsDev":{"confidence_interval":{"confidence_level":0.95,"lower_bound":7.512089250143933,"upper_bound":118.17611373366607},"point_estimate":77.79190604271835,"standard_error":31.76812118220381},"Slope":{"confidence_interval":{"confidence_level":0.95,"lower_bound":8163.69243527187,"upper_bound":8217.5138272186},"point_estimate":8198.978227803325,"standard_error":13.898364716982899},"StdDev":{"confidence_interval":{"confidence_level":0.95,"lower_bound":48.214643119377214,"upper_bound":85.99508087435979},"point_estimate":75.40024978052341,"standard_error":9.628161675842236}}