{"Mean":{"confidence_interval":{"confidence_level":0.95,"lower_bound":559454.8534084085,"upper_bound":629442.5906946054},"point_estimate":597203.5233655084,"standard_error":17639.010734964722},"Median":{"confidence_interval":{"confidence_level":0.95,"lower_bound":566279.2552552553,"upper_bound":635601.2846846847},"point_estimate":627451.7861969112,"standard_error":19796.15032973545},"MedianAbsDev":{"confidence_interval":{"confidence_level":0.95,"lower_bound":214.57362213657325,"upper_bound":90694.39276395172},"point_estimate":12166.147693872506,"standard_error":22126.53591906782},"Slope":{"confidence_interval":{"confidence_level":0.95,"lower_bound":617501.3866816125,"upper_bound":633270.5728357381},"point_estimate":628766.0118638119,"standard_error":4221.499048258205},"StdDev":{"confidence_interval":{"confidence_level":0.95,"lower_bound":4749.180489864838,"upper_bound":75702.06743506699},"point_estimate":58866.05233832161,"standard_error":15732.656273884473}}