{"Mean":{"confidence_interval":{"confidence_level":0.95,"lower_bound":187189.80173443904,"upper_bound":193713.81897483056},"point_estimate":190457.459864901,"standard_error":1671.4070408277494},"Median":{"confidence_interval":{"confidence_level":0.95,"lower_bound":184204.10486891386,"upper_bound":195432.31407169608},"point_estimate":190756.3687890137,"standard_error":3026.8039292335893},"MedianAbsDev":{"confidence_interval":{"confidence_level":0.95,"lower_bound":838.3445768766967,"upper_bound":9066.148814324577},"point_estimate":7663.606300863303,"standard_error":2166.836399010377},"Slope":{"confidence_interval":{"confidence_level":0.95,"lower_bound":191284.4188454336,"upper_bound":196431.40814064106},"point_estimate":194732.02094459848,"standard_error":1325.0774273462393},"StdDev":{"confidence_interval":{"confidence_level":0.95,"lower_bound":3622.645233983661,"upper_bound":6514.973317130142},"point_estimate":5576.417494972916,"standard_error":741.5197553731948}}