{"Mean":{"confidence_interval":{"confidence_level":0.95,"lower_bound":566.9447910891114,"upper_bound":586.4769992006737},"point_estimate":577.3793383718145,"standard_error":5.024353943226955},"Median":{"confidence_interval":{"confidence_level":0.95,"lower_bound":565.7998472104086,"upper_bound":590.1952855747724},"point_estimate":584.5745781222106,"standard_error":6.6035344729796694},"MedianAbsDev":{"confidence_interval":{"confidence_level":0.95,"lower_bound":0.6556577786862676,"upper_bound":25.273934482778987},"point_estimate":8.618541738693574,"standard_error":6.354830885956933},"Slope":{"confidence_interval":{"confidence_level":0.95,"lower_bound":583.2891638288553,"upper_bound":589.490245986533},"point_estimate":587.7519002246532,"standard_error":1.6372849548507233},"StdDev":{"confidence_interval":{"confidence_level":0.95,"lower_bound":3.9009789159852044,"upper_bound":20.384950511801403},"point_estimate":16.75394520207786,"standard_error":3.7293338852154396}}