{"Mean":{"confidence_interval":{"confidence_level":0.95,"lower_bound":7454.085330023436,"upper_bound":8009.966459684775},"point_estimate":7725.4380800375275,"standard_error":142.14846840841997},"Median":{"confidence_interval":{"confidence_level":0.95,"lower_bound":7408.359737020126,"upper_bound":8049.086263318112},"point_estimate":7688.857831412626,"standard_error":149.30111326692023},"MedianAbsDev":{"confidence_interval":{"confidence_level":0.95,"lower_bound":116.5090851842134,"upper_bound":809.2638972397459},"point_estimate":332.3273698115776,"standard_error":179.83333919618948},"Slope":{"confidence_interval":{"confidence_level":0.95,"lower_bound":7639.189811322298,"upper_bound":8295.595995711401},"point_estimate":8028.827125132605,"standard_error":165.7991987613342},"StdDev":{"confidence_interval":{"confidence_level":0.95,"lower_bound":229.83480635703935,"upper_bound":626.6627964129773},"point_estimate":473.02190116245777,"standard_error":101.98445873545181}}