{"Mean":{"confidence_interval":{"confidence_level":0.95,"lower_bound":95634.81853732734,"upper_bound":105254.5844878567},"point_estimate":100200.31248137042,"standard_error":2472.932141083126},"Median":{"confidence_interval":{"confidence_level":0.95,"lower_bound":94866.67589058523,"upper_bound":105210.50254452926},"point_estimate":97957.32966194111,"standard_error":2500.855402514575},"MedianAbsDev":{"confidence_interval":{"confidence_level":0.95,"lower_bound":521.0693402529982,"upper_bound":13397.814105843547},"point_estimate":5270.44579230875,"standard_error":3765.689123773637},"Slope":{"confidence_interval":{"confidence_level":0.95,"lower_bound":97494.74415118831,"upper_bound":109884.60251552204},"point_estimate":105403.26860315257,"standard_error":2873.232602485371},"StdDev":{"confidence_interval":{"confidence_level":0.95,"lower_bound":3666.3451603993176,"upper_bound":10703.08735316425},"point_estimate":8232.179894977315,"standard_error":1788.411832298321}}