{"Mean":{"confidence_interval":{"confidence_level":0.95,"lower_bound":34.28015278040757,"upper_bound":40.52943838508521},"point_estimate":37.579317235239486,"standard_error":1.604142684255416},"Median":{"confidence_interval":{"confidence_level":0.95,"lower_bound":32.944723382943636,"upper_bound":42.04780686888513},"point_estimate":39.51444145411132,"standard_error":2.561231932941034},"MedianAbsDev":{"confidence_interval":{"confidence_level":0.95,"lower_bound":0.20938192288916835,"upper_bound":9.025238988874062},"point_estimate":4.000932990626313,"standard_error":2.4856443455154413},"Slope":{"confidence_interval":{"confidence_level":0.95,"lower_bound":39.34943367669312,"upper_bound":41.88963503220426},"point_estimate":41.17142434040357,"standard_error":0.6711711184826401},"StdDev":{"confidence_interval":{"confidence_level":0.95,"lower_bound":2.4022841444597316,"upper_bound":6.41232287399922},"point_estimate":5.3498178552800395,"standard_error":0.9782854682881386}}