{"Mean":{"confidence_interval":{"confidence_level":0.95,"lower_bound":7132.161792159178,"upper_bound":7222.164903754876},"point_estimate":7174.825931927016,"standard_error":22.97301018910919},"Median":{"confidence_interval":{"confidence_level":0.95,"lower_bound":7116.214773735581,"upper_bound":7233.134329093957},"point_estimate":7162.909826974268,"standard_error":30.668586071952795},"MedianAbsDev":{"confidence_interval":{"confidence_level":0.95,"lower_bound":21.414755582544725,"upper_bound":129.8183411352856},"point_estimate":79.93746249387038,"standard_error":27.029911449791356},"Slope":{"confidence_interval":{"confidence_level":0.95,"lower_bound":7142.223363441078,"upper_bound":7220.414922392666},"point_estimate":7192.914457184342,"standard_error":19.665896545385177},"StdDev":{"confidence_interval":{"confidence_level":0.95,"lower_bound":39.788160788239836,"upper_bound":100.1150291215873},"point_estimate":76.51455507156922,"standard_error":16.166788982097746}}