{"Mean":{"confidence_interval":{"confidence_level":0.95,"lower_bound":247501.12899669498,"upper_bound":250125.45890879762},"point_estimate":248800.994130469,"standard_error":672.5467039354356},"Median":{"confidence_interval":{"confidence_level":0.95,"lower_bound":246593.92697513377,"upper_bound":250774.27838762983},"point_estimate":248516.442516525,"standard_error":1167.2705302992495},"MedianAbsDev":{"confidence_interval":{"confidence_level":0.95,"lower_bound":523.4296282072672,"upper_bound":3586.7867063217896},"point_estimate":2917.2615565415867,"standard_error":797.4439825243123},"Slope":{"confidence_interval":{"confidence_level":0.95,"lower_bound":246685.6769695516,"upper_bound":250863.7377430466},"point_estimate":248443.61666605348,"standard_error":1081.3555060250642},"StdDev":{"confidence_interval":{"confidence_level":0.95,"lower_bound":1411.891487343336,"upper_bound":2683.2225217847854},"point_estimate":2236.317038441852,"standard_error":325.2122032608392}}