{"Mean":{"confidence_interval":{"confidence_level":0.95,"lower_bound":55655.049188787154,"upper_bound":56801.820204619726},"point_estimate":56232.94299881694,"standard_error":294.1772445490685},"Median":{"confidence_interval":{"confidence_level":0.95,"lower_bound":55302.85315603514,"upper_bound":57136.02232620321},"point_estimate":56402.57249331551,"standard_error":510.1937774396434},"MedianAbsDev":{"confidence_interval":{"confidence_level":0.95,"lower_bound":262.8356900195658,"upper_bound":1601.9023789014884},"point_estimate":1276.912776394441,"standard_error":351.9937796597143},"Slope":{"confidence_interval":{"confidence_level":0.95,"lower_bound":56100.39127480444,"upper_bound":57164.4570089995},"point_estimate":56625.24263837766,"standard_error":272.7736378783572},"StdDev":{"confidence_interval":{"confidence_level":0.95,"lower_bound":622.431681882834,"upper_bound":1145.6064493056003},"point_estimate":977.0473197767191,"standard_error":133.50121963887275}}