{"Mean":{"confidence_interval":{"confidence_level":0.95,"lower_bound":39174.62122375781,"upper_bound":39890.01074895407},"point_estimate":39529.1288061549,"standard_error":183.53159428987294},"Median":{"confidence_interval":{"confidence_level":0.95,"lower_bound":39041.09960513327,"upper_bound":40151.93775638916},"point_estimate":39371.47996873972,"standard_error":332.97419125534657},"MedianAbsDev":{"confidence_interval":{"confidence_level":0.95,"lower_bound":117.63902075205982,"upper_bound":997.3402212867628},"point_estimate":772.3245987366718,"standard_error":244.0269709850347},"Slope":{"confidence_interval":{"confidence_level":0.95,"lower_bound":39519.48840490208,"upper_bound":40151.89377727371},"point_estimate":39939.12456250561,"standard_error":162.49306352248712},"StdDev":{"confidence_interval":{"confidence_level":0.95,"lower_bound":392.08809334023067,"upper_bound":720.2021444115265},"point_estimate":610.0779498879205,"standard_error":83.81010020154041}}