{"Mean":{"confidence_interval":{"confidence_level":0.95,"lower_bound":15547.935020025092,"upper_bound":15719.443867335776},"point_estimate":15632.44881144245,"standard_error":43.79828264666411},"Median":{"confidence_interval":{"confidence_level":0.95,"lower_bound":15544.858244064853,"upper_bound":15731.409289953677},"point_estimate":15599.695078170238,"standard_error":42.48516483409289},"MedianAbsDev":{"confidence_interval":{"confidence_level":0.95,"lower_bound":5.993226535174865,"upper_bound":242.58759485360386},"point_estimate":118.76405398951913,"standard_error":68.13289569559491},"Slope":{"confidence_interval":{"confidence_level":0.95,"lower_bound":15586.417758765347,"upper_bound":15792.569169610002},"point_estimate":15687.932081005272,"standard_error":54.21253533374733},"StdDev":{"confidence_interval":{"confidence_level":0.95,"lower_bound":68.78751418292373,"upper_bound":193.24247214482537},"point_estimate":145.6983648981496,"standard_error":31.710289433854697}}