{"Mean":{"confidence_interval":{"confidence_level":0.95,"lower_bound":7309.699884808679,"upper_bound":7888.710720206996},"point_estimate":7620.321651632441,"standard_error":148.65962962428088},"Median":{"confidence_interval":{"confidence_level":0.95,"lower_bound":7204.076479076479,"upper_bound":7928.403851321093},"point_estimate":7752.078530377668,"standard_error":150.16095671489003},"MedianAbsDev":{"confidence_interval":{"confidence_level":0.95,"lower_bound":50.004065513952334,"upper_bound":748.3068615059127},"point_estimate":262.5373160913822,"standard_error":175.3142962613312},"Slope":{"confidence_interval":{"confidence_level":0.95,"lower_bound":7718.090939630757,"upper_bound":8064.766410522073},"point_estimate":7918.239744641088,"standard_error":87.92523300594266},"StdDev":{"confidence_interval":{"confidence_level":0.95,"lower_bound":156.6670529633683,"upper_bound":633.5089441640097},"point_estimate":495.3283337643465,"standard_error":118.17154598136649}}