{"Mean":{"confidence_interval":{"confidence_level":0.95,"lower_bound":542360.9163143105,"upper_bound":546021.5575690975},"point_estimate":544205.8772544123,"standard_error":935.825422280914},"Median":{"confidence_interval":{"confidence_level":0.95,"lower_bound":541759.5851648352,"upper_bound":546285.3201048952},"point_estimate":544700.8642191142,"standard_error":1170.5160260694881},"MedianAbsDev":{"confidence_interval":{"confidence_level":0.95,"lower_bound":747.5051342815285,"upper_bound":5616.337651688869},"point_estimate":2614.0409226474176,"standard_error":1273.0891102391813},"Slope":{"confidence_interval":{"confidence_level":0.95,"lower_bound":544302.9982994673,"upper_bound":546252.8654205027},"point_estimate":545321.0344746163,"standard_error":485.7526231477613},"StdDev":{"confidence_interval":{"confidence_level":0.95,"lower_bound":1693.12876495378,"upper_bound":4010.379908821787},"point_estimate":3125.744834104505,"standard_error":591.9146685123603}}