{"Mean":{"confidence_interval":{"confidence_level":0.95,"lower_bound":350357.91959990066,"upper_bound":353560.0357677885},"point_estimate":351943.2643620269,"standard_error":816.836636847895},"Median":{"confidence_interval":{"confidence_level":0.95,"lower_bound":349125.73853021977,"upper_bound":354670.9846153846},"point_estimate":352137.79374999995,"standard_error":1474.6931188144297},"MedianAbsDev":{"confidence_interval":{"confidence_level":0.95,"lower_bound":218.71343323247285,"upper_bound":4548.946819496461},"point_estimate":4009.4442685937197,"standard_error":1323.6568491022622},"Slope":{"confidence_interval":{"confidence_level":0.95,"lower_bound":349227.7976426738,"upper_bound":352107.7185609045},"point_estimate":350128.804005994,"standard_error":743.7898036260594},"StdDev":{"confidence_interval":{"confidence_level":0.95,"lower_bound":1716.267656365688,"upper_bound":3177.779446521554},"point_estimate":2726.956876166397,"standard_error":364.2714889871559}}