{"Mean":{"confidence_interval":{"confidence_level":0.95,"lower_bound":2516.250641769479,"upper_bound":2749.288111013195},"point_estimate":2640.3882127693355,"standard_error":59.83382693494966},"Median":{"confidence_interval":{"confidence_level":0.95,"lower_bound":2501.404712682005,"upper_bound":2811.24500666889},"point_estimate":2678.185693564522,"standard_error":80.88929502873886},"MedianAbsDev":{"confidence_interval":{"confidence_level":0.95,"lower_bound":27.571488957991033,"upper_bound":319.5976182739904},"point_estimate":207.84357795992148,"standard_error":78.94997506000944},"Slope":{"confidence_interval":{"confidence_level":0.95,"lower_bound":2687.1780619775823,"upper_bound":2809.897943771322},"point_estimate":2771.4234088419084,"standard_error":31.606687291269314},"StdDev":{"confidence_interval":{"confidence_level":0.95,"lower_bound":88.21288141029508,"upper_bound":252.23888709776594},"point_estimate":199.30235443994874,"standard_error":40.91741617010984}}