{"Mean":{"confidence_interval":{"confidence_level":0.95,"lower_bound":9042.532088361491,"upper_bound":9225.22690990898},"point_estimate":9135.811003939521,"standard_error":46.59708215630959},"Median":{"confidence_interval":{"confidence_level":0.95,"lower_bound":9053.178197908286,"upper_bound":9211.289334559246},"point_estimate":9147.222881469563,"standard_error":43.023706398097374},"MedianAbsDev":{"confidence_interval":{"confidence_level":0.95,"lower_bound":6.868496668084462,"upper_bound":269.7604368841664},"point_estimate":98.34232173892336,"standard_error":60.134635241834864},"Slope":{"confidence_interval":{"confidence_level":0.95,"lower_bound":9150.641989761498,"upper_bound":9296.60910624776},"point_estimate":9222.184084379016,"standard_error":37.59213648095199},"StdDev":{"confidence_interval":{"confidence_level":0.95,"lower_bound":62.09152814537746,"upper_bound":213.34950927168225},"point_estimate":155.4654980398405,"standard_error":39.41374260128617}}