{"Mean":{"confidence_interval":{"confidence_level":0.95,"lower_bound":1258.4863596205255,"upper_bound":1325.5684369136366},"point_estimate":1293.3531065216287,"standard_error":17.240084990846498},"Median":{"confidence_interval":{"confidence_level":0.95,"lower_bound":1241.2214253113386,"upper_bound":1339.1937557504366},"point_estimate":1315.2530090630503,"standard_error":28.546505439456954},"MedianAbsDev":{"confidence_interval":{"confidence_level":0.95,"lower_bound":0.8200205160214279,"upper_bound":90.30788246449181},"point_estimate":53.325585843940374,"standard_error":24.133849791851652},"Slope":{"confidence_interval":{"confidence_level":0.95,"lower_bound":1310.4527696340215,"upper_bound":1339.7131338494185},"point_estimate":1329.500912063095,"standard_error":7.493254467009171},"StdDev":{"confidence_interval":{"confidence_level":0.95,"lower_bound":31.508422949765283,"upper_bound":68.42280117169308},"point_estimate":57.42817720858818,"standard_error":9.205471591677297}}