{"Mean":{"confidence_interval":{"confidence_level":0.95,"lower_bound":136304.83383580248,"upper_bound":137275.41882048498},"point_estimate":136773.3947670194,"standard_error":249.24909896686032},"Median":{"confidence_interval":{"confidence_level":0.95,"lower_bound":136075.0988888889,"upper_bound":137543.39722222224},"point_estimate":136673.27229629632,"standard_error":334.8489351255876},"MedianAbsDev":{"confidence_interval":{"confidence_level":0.95,"lower_bound":159.73539437894368,"upper_bound":1362.185510083042},"point_estimate":895.3655711485463,"standard_error":323.0126796088217},"Slope":{"confidence_interval":{"confidence_level":0.95,"lower_bound":136733.98205011035,"upper_bound":137636.51210870314},"point_estimate":137254.99852813853,"standard_error":226.67974864170142},"StdDev":{"confidence_interval":{"confidence_level":0.95,"lower_bound":437.6597461423978,"upper_bound":1062.2273558491397},"point_estimate":831.4822800672661,"standard_error":159.82077208841713}}