{"Mean":{"confidence_interval":{"confidence_level":0.95,"lower_bound":643.8486895727006,"upper_bound":688.414284727943},"point_estimate":665.4976818460864,"standard_error":11.378402725605737},"Median":{"confidence_interval":{"confidence_level":0.95,"lower_bound":643.9667898411436,"upper_bound":698.3752692715583},"point_estimate":658.5066265659177,"standard_error":12.90039224911582},"MedianAbsDev":{"confidence_interval":{"confidence_level":0.95,"lower_bound":2.0733666497416423,"upper_bound":61.53007722670532},"point_estimate":21.959405599819185,"standard_error":16.538123600061905},"Slope":{"confidence_interval":{"confidence_level":0.95,"lower_bound":652.1119452351799,"upper_bound":698.4969112480944},"point_estimate":674.4823420911957,"standard_error":11.741524902956865},"StdDev":{"confidence_interval":{"confidence_level":0.95,"lower_bound":15.087333904549775,"upper_bound":49.59018677501293},"point_estimate":37.90690441970433,"standard_error":8.069900936442528}}