{"Mean":{"confidence_interval":{"confidence_level":0.95,"lower_bound":518.117786991202,"upper_bound":538.5922279238579},"point_estimate":526.3839291130664,"standard_error":5.522093241717849},"Median":{"confidence_interval":{"confidence_level":0.95,"lower_bound":516.7761060081648,"upper_bound":529.0245957085947},"point_estimate":520.7457165677773,"standard_error":3.2182859020022727},"MedianAbsDev":{"confidence_interval":{"confidence_level":0.95,"lower_bound":1.0401949309471308,"upper_bound":15.06215522886588},"point_estimate":6.323721679265059,"standard_error":3.7585569128239222},"Slope":{"confidence_interval":{"confidence_level":0.95,"lower_bound":519.0209923958066,"upper_bound":557.1290819133831},"point_estimate":537.5293588094546,"standard_error":10.800629052743373},"StdDev":{"confidence_interval":{"confidence_level":0.95,"lower_bound":3.5497214709583003,"upper_bound":27.666620997512272},"point_estimate":18.41505129068224,"standard_error":7.6167322270441264}}