{"Mean":{"confidence_interval":{"confidence_level":0.95,"lower_bound":59424.3280630378,"upper_bound":61458.71329304954},"point_estimate":60518.989200002674,"standard_error":523.3647433998067},"Median":{"confidence_interval":{"confidence_level":0.95,"lower_bound":59321.15067340067,"upper_bound":61889.1530917642},"point_estimate":61179.948653198655,"standard_error":671.1261645393874},"MedianAbsDev":{"confidence_interval":{"confidence_level":0.95,"lower_bound":159.5850661819508,"upper_bound":2783.084041499472},"point_estimate":1207.3261214949684,"standard_error":696.0332131355966},"Slope":{"confidence_interval":{"confidence_level":0.95,"lower_bound":60895.342507769514,"upper_bound":61798.652002256065},"point_estimate":61539.50394420394,"standard_error":238.4715720105054},"StdDev":{"confidence_interval":{"confidence_level":0.95,"lower_bound":665.1254991103802,"upper_bound":2244.078966509725},"point_estimate":1742.7918178777147,"standard_error":407.6814373766996}}