{"Mean":{"confidence_interval":{"confidence_level":0.95,"lower_bound":4442840.700634921,"upper_bound":4467453.01187018},"point_estimate":4455546.664897959,"standard_error":6323.664044943657},"Median":{"confidence_interval":{"confidence_level":0.95,"lower_bound":4437063.658730159,"upper_bound":4472278.654761905},"point_estimate":4458093.472222222,"standard_error":10328.577872242844},"MedianAbsDev":{"confidence_interval":{"confidence_level":0.95,"lower_bound":1877.3069166711728,"upper_bound":35553.91932879163},"point_estimate":19431.08233502935,"standard_error":9745.830583176677},"Slope":{"confidence_interval":{"confidence_level":0.95,"lower_bound":4435393.844347712,"upper_bound":4471352.211126407},"point_estimate":4452031.66122449,"standard_error":9461.77156638018},"StdDev":{"confidence_interval":{"confidence_level":0.95,"lower_bound":12054.131640662958,"upper_bound":25680.516813222424},"point_estimate":21066.00050984596,"standard_error":3447.7869160597934}}