{"Mean":{"confidence_interval":{"confidence_level":0.95,"lower_bound":1318.5648168019932,"upper_bound":1347.7585098234345},"point_estimate":1333.8189652060216,"standard_error":7.458014340129129},"Median":{"confidence_interval":{"confidence_level":0.95,"lower_bound":1306.5666530963044,"upper_bound":1352.2293014279037},"point_estimate":1350.9653484567482,"standard_error":14.45124010261079},"MedianAbsDev":{"confidence_interval":{"confidence_level":0.95,"lower_bound":0.2054425526318063,"upper_bound":35.03416010840615},"point_estimate":4.332267697924441,"standard_error":12.289310301912437},"Slope":{"confidence_interval":{"confidence_level":0.95,"lower_bound":1316.6389619102479,"upper_bound":1352.4343828349677},"point_estimate":1339.189508993743,"standard_error":9.086249343707031},"StdDev":{"confidence_interval":{"confidence_level":0.95,"lower_bound":14.296660735785842,"upper_bound":28.948660748605764},"point_estimate":24.835261002801914,"standard_error":3.9334351678871573}}