{"Mean":{"confidence_interval":{"confidence_level":0.95,"lower_bound":5834451.01390625,"upper_bound":5862787.075302579},"point_estimate":5848077.1917137895,"standard_error":7290.597932321555},"Median":{"confidence_interval":{"confidence_level":0.95,"lower_bound":5829818.28125,"upper_bound":5873252.048611111},"point_estimate":5840541.078125,"standard_error":12033.589174196808},"MedianAbsDev":{"confidence_interval":{"confidence_level":0.95,"lower_bound":789.5956809821506,"upper_bound":40466.41263345229},"point_estimate":19668.72722581029,"standard_error":10361.495131204325},"Slope":{"confidence_interval":{"confidence_level":0.95,"lower_bound":5843469.581743421,"upper_bound":5874280.598863636},"point_estimate":5861430.599188312,"standard_error":7795.922720805382},"StdDev":{"confidence_interval":{"confidence_level":0.95,"lower_bound":13810.644223341425,"upper_bound":29941.848820131072},"point_estimate":24352.313488313557,"standard_error":4133.27640480599}}