{"Mean":{"confidence_interval":{"confidence_level":0.95,"lower_bound":6185.776827909734,"upper_bound":6232.012605809591},"point_estimate":6204.691735464367,"standard_error":12.310081584598256},"Median":{"confidence_interval":{"confidence_level":0.95,"lower_bound":6179.836944348427,"upper_bound":6214.016557207052},"point_estimate":6192.13446249568,"standard_error":9.002111626240856},"MedianAbsDev":{"confidence_interval":{"confidence_level":0.95,"lower_bound":3.5471777247896292,"upper_bound":38.984966673934665},"point_estimate":22.04039714759167,"standard_error":8.668043074415282},"Slope":{"confidence_interval":{"confidence_level":0.95,"lower_bound":6188.416108940302,"upper_bound":6264.576926787211},"point_estimate":6222.555760478719,"standard_error":21.04371111636097},"StdDev":{"confidence_interval":{"confidence_level":0.95,"lower_bound":11.030454680936908,"upper_bound":61.3600679652115},"point_estimate":41.05836142544626,"standard_error":16.311421555786424}}