{"Mean":{"confidence_interval":{"confidence_level":0.95,"lower_bound":219123.17233230764,"upper_bound":225097.69310267398},"point_estimate":221916.41255677654,"standard_error":1530.5098875443623},"Median":{"confidence_interval":{"confidence_level":0.95,"lower_bound":218836.04307692306,"upper_bound":224147.63861538464},"point_estimate":220843.66112820513,"standard_error":1292.1325540567277},"MedianAbsDev":{"confidence_interval":{"confidence_level":0.95,"lower_bound":239.17394012306005,"upper_bound":7412.755429474209},"point_estimate":3925.22319440567,"standard_error":1907.203407852871},"Slope":{"confidence_interval":{"confidence_level":0.95,"lower_bound":221676.35183946489,"upper_bound":227343.19710016603},"point_estimate":224373.74167432566,"standard_error":1414.9474494780752},"StdDev":{"confidence_interval":{"confidence_level":0.95,"lower_bound":1865.2543269834814,"upper_bound":7152.495970003037},"point_estimate":5109.472147844236,"standard_error":1428.2757982402575}}