{"Mean":{"confidence_interval":{"confidence_level":0.95,"lower_bound":6474696.9623434525,"upper_bound":6538372.715785119},"point_estimate":6504572.542145504,"standard_error":16357.861418826593},"Median":{"confidence_interval":{"confidence_level":0.95,"lower_bound":6465086.020833333,"upper_bound":6542805.70952381},"point_estimate":6485386.328148149,"standard_error":22082.371620070484},"MedianAbsDev":{"confidence_interval":{"confidence_level":0.95,"lower_bound":3496.580251257576,"upper_bound":87835.10342061539},"point_estimate":30265.878778452105,"standard_error":21986.047848115955},"Slope":{"confidence_interval":{"confidence_level":0.95,"lower_bound":6472611.58463357,"upper_bound":6524294.061875574},"point_estimate":6497557.462510822,"standard_error":13989.160078566016},"StdDev":{"confidence_interval":{"confidence_level":0.95,"lower_bound":21520.98019835964,"upper_bound":67588.46338570653},"point_estimate":54442.93537150027,"standard_error":11216.216665226322}}