{"Mean":{"confidence_interval":{"confidence_level":0.95,"lower_bound":655.7470331163352,"upper_bound":688.0926620454089},"point_estimate":672.2652146961739,"standard_error":8.274887143397713},"Median":{"confidence_interval":{"confidence_level":0.95,"lower_bound":650.0972694394213,"upper_bound":695.0116165791211},"point_estimate":674.777892103677,"standard_error":10.28298575843484},"MedianAbsDev":{"confidence_interval":{"confidence_level":0.95,"lower_bound":5.251857944735598,"upper_bound":51.23801075363446},"point_estimate":27.311587173350265,"standard_error":11.778469353377986},"Slope":{"confidence_interval":{"confidence_level":0.95,"lower_bound":676.0624891894017,"upper_bound":701.7028121429372},"point_estimate":692.8112054672272,"standard_error":6.491482214359052},"StdDev":{"confidence_interval":{"confidence_level":0.95,"lower_bound":14.909304047696967,"upper_bound":34.310702758240495},"point_estimate":27.612980373027813,"standard_error":4.882938166760583}}