{"Mean":{"confidence_interval":{"confidence_level":0.95,"lower_bound":1141.806299385956,"upper_bound":1211.9369054222318},"point_estimate":1176.5889994642796,"standard_error":17.98884116311663},"Median":{"confidence_interval":{"confidence_level":0.95,"lower_bound":1127.509055331791,"upper_bound":1210.5012654611935},"point_estimate":1195.4805046643733,"standard_error":25.551356471565978},"MedianAbsDev":{"confidence_interval":{"confidence_level":0.95,"lower_bound":3.3344152827337328,"upper_bound":109.59335849224159},"point_estimate":62.35431346807464,"standard_error":28.973045261074557},"Slope":{"confidence_interval":{"confidence_level":0.95,"lower_bound":1172.9481640802253,"upper_bound":1245.7026567117655},"point_estimate":1213.5515093641754,"standard_error":18.546501124125747},"StdDev":{"confidence_interval":{"confidence_level":0.95,"lower_bound":34.207122248782476,"upper_bound":78.00626714767333},"point_estimate":60.03937055406735,"standard_error":11.535528463520711}}