{"Mean":{"confidence_interval":{"confidence_level":0.95,"lower_bound":221.33401516101927,"upper_bound":241.31399926818213},"point_estimate":231.65058069439164,"standard_error":5.118139493274867},"Median":{"confidence_interval":{"confidence_level":0.95,"lower_bound":220.4023216823291,"upper_bound":244.09013749656356},"point_estimate":233.1759322933002,"standard_error":5.014358187945767},"MedianAbsDev":{"confidence_interval":{"confidence_level":0.95,"lower_bound":2.4448692963325946,"upper_bound":28.202139883342046},"point_estimate":13.408855988495107,"standard_error":6.957909016384337},"Slope":{"confidence_interval":{"confidence_level":0.95,"lower_bound":232.4782727518678,"upper_bound":250.568748370711},"point_estimate":243.3929621785512,"standard_error":4.691318059441669},"StdDev":{"confidence_interval":{"confidence_level":0.95,"lower_bound":7.912203292882137,"upper_bound":22.625321413811413},"point_estimate":17.105524005861497,"standard_error":3.811089903185281}}