{"Mean":{"confidence_interval":{"confidence_level":0.95,"lower_bound":16577.16337933017,"upper_bound":17495.001155636324},"point_estimate":17052.308247311717,"standard_error":234.77595650672083},"Median":{"confidence_interval":{"confidence_level":0.95,"lower_bound":16190.781083800488,"upper_bound":17704.914091322888},"point_estimate":17325.35478346578,"standard_error":429.68131652519304},"MedianAbsDev":{"confidence_interval":{"confidence_level":0.95,"lower_bound":74.71790452012304,"upper_bound":1213.5741289560463},"point_estimate":713.7210460449593,"standard_error":346.3755023117112},"Slope":{"confidence_interval":{"confidence_level":0.95,"lower_bound":17258.297239608135,"upper_bound":17791.02703655191},"point_estimate":17614.523931609572,"standard_error":137.15866761861534},"StdDev":{"confidence_interval":{"confidence_level":0.95,"lower_bound":466.70254530820176,"upper_bound":918.1609049687901},"point_estimate":785.9701549516878,"standard_error":114.78147702243703}}