{"Mean":{"confidence_interval":{"confidence_level":0.95,"lower_bound":19467.60186722432,"upper_bound":19760.746247921434},"point_estimate":19618.107752569453,"standard_error":75.35836709169476},"Median":{"confidence_interval":{"confidence_level":0.95,"lower_bound":19372.356585768146,"upper_bound":19818.35788171536},"point_estimate":19703.429037071946,"standard_error":129.8553499847653},"MedianAbsDev":{"confidence_interval":{"confidence_level":0.95,"lower_bound":59.792953012447164,"upper_bound":404.83120406162664},"point_estimate":285.5180479234991,"standard_error":96.52411176554149},"Slope":{"confidence_interval":{"confidence_level":0.95,"lower_bound":19348.067588977156,"upper_bound":19791.31631787805},"point_estimate":19503.874956240743,"standard_error":110.53486753645122},"StdDev":{"confidence_interval":{"confidence_level":0.95,"lower_bound":151.22179868367738,"upper_bound":295.05282112299074},"point_estimate":250.57243186864142,"standard_error":36.347508985202545}}