{"Mean":{"confidence_interval":{"confidence_level":0.95,"lower_bound":421719.93518985104,"upper_bound":428101.7750555969},"point_estimate":424986.8982500414,"standard_error":1634.0216489512522},"Median":{"confidence_interval":{"confidence_level":0.95,"lower_bound":419420.6328125,"upper_bound":429999.99953703705},"point_estimate":426042.1335720486,"standard_error":2919.9190688136932},"MedianAbsDev":{"confidence_interval":{"confidence_level":0.95,"lower_bound":1318.7552058452331,"upper_bound":8751.100397761882},"point_estimate":6547.116010501573,"standard_error":2022.1027581816338},"Slope":{"confidence_interval":{"confidence_level":0.95,"lower_bound":425255.108626778,"upper_bound":430274.53400009254},"point_estimate":428590.6668831169,"standard_error":1290.910714337213},"StdDev":{"confidence_interval":{"confidence_level":0.95,"lower_bound":3415.767756644667,"upper_bound":6375.141983906882},"point_estimate":5431.104834358383,"standard_error":756.0847250105681}}