{"Mean":{"confidence_interval":{"confidence_level":0.95,"lower_bound":523896.69088139606,"upper_bound":526964.1687749927},"point_estimate":525272.9521263434,"standard_error":792.8406947322921},"Median":{"confidence_interval":{"confidence_level":0.95,"lower_bound":523236.91552795033,"upper_bound":526285.5848861283},"point_estimate":524861.986542443,"standard_error":895.454980101934},"MedianAbsDev":{"confidence_interval":{"confidence_level":0.95,"lower_bound":314.6911627360912,"upper_bound":3806.6876250263786},"point_estimate":2235.726803242669,"standard_error":822.4749789387731},"Slope":{"confidence_interval":{"confidence_level":0.95,"lower_bound":524676.7953574958,"upper_bound":528983.2612094806},"point_estimate":526748.2560135516,"standard_error":1143.7015875863365},"StdDev":{"confidence_interval":{"confidence_level":0.95,"lower_bound":1111.238870618969,"upper_bound":3727.756812092201},"point_estimate":2642.8801624004427,"standard_error":788.5678513872605}}