{"Mean":{"confidence_interval":{"confidence_level":0.95,"lower_bound":21126.053184596156,"upper_bound":21242.592819584515},"point_estimate":21174.759950435306,"standard_error":30.633475966316457},"Median":{"confidence_interval":{"confidence_level":0.95,"lower_bound":21117.358158779414,"upper_bound":21200.57583397983},"point_estimate":21134.843263511764,"standard_error":23.628084436085206},"MedianAbsDev":{"confidence_interval":{"confidence_level":0.95,"lower_bound":7.470445665149973,"upper_bound":108.72390222027008},"point_estimate":33.166097523417434,"standard_error":27.043163422992947},"Slope":{"confidence_interval":{"confidence_level":0.95,"lower_bound":21128.42096200369,"upper_bound":21333.76793686116},"point_estimate":21224.209955030747,"standard_error":59.499762638875985},"StdDev":{"confidence_interval":{"confidence_level":0.95,"lower_bound":22.317940258911104,"upper_bound":149.45945639898255},"point_estimate":102.13363854913173,"standard_error":37.29957243088176}}