{"Mean":{"confidence_interval":{"confidence_level":0.95,"lower_bound":3074605.766076389,"upper_bound":3298722.3376526535},"point_estimate":3172661.0017906744,"standard_error":58052.403758469954},"Median":{"confidence_interval":{"confidence_level":0.95,"lower_bound":3093675.8359375,"upper_bound":3223226.4333333336},"point_estimate":3135828.0035714284,"standard_error":29335.102289604525},"MedianAbsDev":{"confidence_interval":{"confidence_level":0.95,"lower_bound":12526.685409169299,"upper_bound":234405.90514158807},"point_estimate":56603.43794717139,"standard_error":57296.11181947519},"Slope":{"confidence_interval":{"confidence_level":0.95,"lower_bound":3116202.6469874103,"upper_bound":3160322.11214774},"point_estimate":3138763.9779220778,"standard_error":11150.286007329223},"StdDev":{"confidence_interval":{"confidence_level":0.95,"lower_bound":42714.357807287124,"upper_bound":279264.7024184449},"point_estimate":193015.71896818792,"standard_error":66647.23831815964}}