{"Mean":{"confidence_interval":{"confidence_level":0.95,"lower_bound":6320.133155737705,"upper_bound":6513.008907086706},"point_estimate":6416.666637118754,"standard_error":49.21916529613424},"Median":{"confidence_interval":{"confidence_level":0.95,"lower_bound":6288.287014667817,"upper_bound":6507.049180327869},"point_estimate":6448.976817299396,"standard_error":59.22012982303159},"MedianAbsDev":{"confidence_interval":{"confidence_level":0.95,"lower_bound":31.430873372461747,"upper_bound":292.44040632130356},"point_estimate":130.42426531824225,"standard_error":66.5993789462701},"Slope":{"confidence_interval":{"confidence_level":0.95,"lower_bound":6368.045760929044,"upper_bound":6536.625284670965},"point_estimate":6456.517708951963,"standard_error":41.84062710038923},"StdDev":{"confidence_interval":{"confidence_level":0.95,"lower_bound":80.81756776995996,"upper_bound":216.85081151874658},"point_estimate":163.67365958034716,"standard_error":35.309510768959555}}