{"Mean":{"confidence_interval":{"confidence_level":0.95,"lower_bound":2235332.742157143,"upper_bound":2269673.2958031744},"point_estimate":2254491.995268254,"standard_error":8887.313747357643},"Median":{"confidence_interval":{"confidence_level":0.95,"lower_bound":2245568.645,"upper_bound":2275047.7215555557},"point_estimate":2258107.258,"standard_error":7507.045836617581},"MedianAbsDev":{"confidence_interval":{"confidence_level":0.95,"lower_bound":2902.0090654791597,"upper_bound":39075.99455746301},"point_estimate":17206.479728023915,"standard_error":9010.733255698506},"Slope":{"confidence_interval":{"confidence_level":0.95,"lower_bound":2249785.1138075315,"upper_bound":2275485.790576356},"point_estimate":2264110.2765714284,"standard_error":6748.260966494885},"StdDev":{"confidence_interval":{"confidence_level":0.95,"lower_bound":10061.525476099623,"upper_bound":42659.95145290386},"point_estimate":29718.299918648096,"standard_error":9625.695552349727}}