{"Mean":{"confidence_interval":{"confidence_level":0.95,"lower_bound":4638055.671486979,"upper_bound":4675113.097307291},"point_estimate":4657570.352638889,"standard_error":9477.821265870563},"Median":{"confidence_interval":{"confidence_level":0.95,"lower_bound":4638756.322916667,"upper_bound":4682712.688194444},"point_estimate":4657506.140625,"standard_error":11572.083622148015},"MedianAbsDev":{"confidence_interval":{"confidence_level":0.95,"lower_bound":1188.8366882689297,"upper_bound":51771.86563944565},"point_estimate":32286.76726835766,"standard_error":12331.983977008607},"Slope":{"confidence_interval":{"confidence_level":0.95,"lower_bound":4642946.838827055,"upper_bound":4679010.5929096965},"point_estimate":4666683.606006494,"standard_error":9248.343681317561},"StdDev":{"confidence_interval":{"confidence_level":0.95,"lower_bound":15867.865097602724,"upper_bound":41183.763018120655},"point_estimate":31575.716394366566,"standard_error":6680.411347571054}}