{"Mean":{"confidence_interval":{"confidence_level":0.95,"lower_bound":645064.6382995169,"upper_bound":668626.849905797},"point_estimate":654658.859215666,"standard_error":6225.553991447064},"Median":{"confidence_interval":{"confidence_level":0.95,"lower_bound":647054.2777087647,"upper_bound":654029.720289855},"point_estimate":651040.7460869565,"standard_error":2228.3828773869845},"MedianAbsDev":{"confidence_interval":{"confidence_level":0.95,"lower_bound":841.319189237578,"upper_bound":16543.086433084136},"point_estimate":4474.194426335192,"standard_error":3718.5329455141245},"Slope":{"confidence_interval":{"confidence_level":0.95,"lower_bound":647673.0749412229,"upper_bound":652143.1228778468},"point_estimate":650021.0147713156,"standard_error":1129.9062719570577},"StdDev":{"confidence_interval":{"confidence_level":0.95,"lower_bound":2493.701549922615,"upper_bound":31284.529937941035},"point_estimate":20806.138413143774,"standard_error":8949.130558573}}