{"Mean":{"confidence_interval":{"confidence_level":0.95,"lower_bound":751326.4332070707,"upper_bound":760741.0117983406},"point_estimate":756333.1483324314,"standard_error":2410.2441029481506},"Median":{"confidence_interval":{"confidence_level":0.95,"lower_bound":749588.2414772727,"upper_bound":762436.4838068183},"point_estimate":758093.6602272727,"standard_error":2808.9062022842804},"MedianAbsDev":{"confidence_interval":{"confidence_level":0.95,"lower_bound":1905.821193153625,"upper_bound":13998.473083295652},"point_estimate":6202.264177009019,"standard_error":3076.311404786516},"Slope":{"confidence_interval":{"confidence_level":0.95,"lower_bound":758205.1446349211,"upper_bound":763407.5783495943},"point_estimate":761516.172077922,"standard_error":1340.733816964548},"StdDev":{"confidence_interval":{"confidence_level":0.95,"lower_bound":3555.09143304646,"upper_bound":10192.98138697333},"point_estimate":8060.397131884598,"standard_error":1694.6800064896172}}