{"Mean":{"confidence_interval":{"confidence_level":0.95,"lower_bound":8391495.050540816,"upper_bound":8560479.555638747},"point_estimate":8481231.64493764,"standard_error":43254.336514030925},"Median":{"confidence_interval":{"confidence_level":0.95,"lower_bound":8392175.545918368,"upper_bound":8570522.52142857},"point_estimate":8508664.484126985,"standard_error":37352.555335427074},"MedianAbsDev":{"confidence_interval":{"confidence_level":0.95,"lower_bound":10235.8313882786,"upper_bound":237017.5550770975},"point_estimate":73038.0251414128,"standard_error":57714.98403767377},"Slope":{"confidence_interval":{"confidence_level":0.95,"lower_bound":8481420.002581755,"upper_bound":8605633.61373251},"point_estimate":8536570.45528757,"standard_error":32210.09408089264},"StdDev":{"confidence_interval":{"confidence_level":0.95,"lower_bound":57891.77167719389,"upper_bound":195026.52537422624},"point_estimate":143898.30708334362,"standard_error":36023.99671874967}}