{"Mean":{"confidence_interval":{"confidence_level":0.95,"lower_bound":5749307.677420635,"upper_bound":5788208.723023437},"point_estimate":5768397.755828373,"standard_error":9953.406086231013},"Median":{"confidence_interval":{"confidence_level":0.95,"lower_bound":5738629.25,"upper_bound":5793497.536458334},"point_estimate":5770621.265625,"standard_error":12554.345845604756},"MedianAbsDev":{"confidence_interval":{"confidence_level":0.95,"lower_bound":4981.572976559953,"upper_bound":58190.530331494985},"point_estimate":35267.945870744,"standard_error":14474.130835653077},"Slope":{"confidence_interval":{"confidence_level":0.95,"lower_bound":5743314.295156836,"upper_bound":5778809.248456577},"point_estimate":5758601.7488636365,"standard_error":9002.496327099298},"StdDev":{"confidence_interval":{"confidence_level":0.95,"lower_bound":18375.198041419248,"upper_bound":41558.79104397076},"point_estimate":33137.310754072685,"standard_error":5976.528505636495}}