{"Mean":{"confidence_interval":{"confidence_level":0.95,"lower_bound":1842312.8818452384,"upper_bound":2101702.3627962014},"point_estimate":1979329.5213676305,"standard_error":66834.51365025628},"Median":{"confidence_interval":{"confidence_level":0.95,"lower_bound":1723507.4285714286,"upper_bound":2146934.011904762},"point_estimate":2116536.092403628,"standard_error":120701.27917721958},"MedianAbsDev":{"confidence_interval":{"confidence_level":0.95,"lower_bound":14664.804642980835,"upper_bound":336390.5056528748},"point_estimate":78043.49208870722,"standard_error":101798.5910422401},"Slope":{"confidence_interval":{"confidence_level":0.95,"lower_bound":2050407.9073276725,"upper_bound":2136929.1426159306},"point_estimate":2110997.194897959,"standard_error":22833.544203935628},"StdDev":{"confidence_interval":{"confidence_level":0.95,"lower_bound":115200.97936870348,"upper_bound":257551.1266747422},"point_estimate":222647.5420441386,"standard_error":36286.126259502875}}