{"Mean":{"confidence_interval":{"confidence_level":0.95,"lower_bound":24522.75861840412,"upper_bound":25009.946444229943},"point_estimate":24727.846993216433,"standard_error":127.65819862940765},"Median":{"confidence_interval":{"confidence_level":0.95,"lower_bound":24485.556029466967,"upper_bound":24817.529584942084},"point_estimate":24628.34863175676,"standard_error":71.7012077778318},"MedianAbsDev":{"confidence_interval":{"confidence_level":0.95,"lower_bound":17.624284750167575,"upper_bound":425.9276398538136},"point_estimate":176.93955937558508,"standard_error":125.22942719208176},"Slope":{"confidence_interval":{"confidence_level":0.95,"lower_bound":24568.714350055456,"upper_bound":24700.800517838183},"point_estimate":24631.76919182169,"standard_error":32.99004043009741},"StdDev":{"confidence_interval":{"confidence_level":0.95,"lower_bound":111.52331601143698,"upper_bound":631.2370798088461},"point_estimate":426.2859308792078,"standard_error":160.0728085385796}}