{"Mean":{"confidence_interval":{"confidence_level":0.95,"lower_bound":7405.874905636494,"upper_bound":7542.38621198941},"point_estimate":7470.327937797769,"standard_error":35.04452263098326},"Median":{"confidence_interval":{"confidence_level":0.95,"lower_bound":7372.578009033744,"upper_bound":7533.455875623653},"point_estimate":7475.839504845129,"standard_error":45.01738025730615},"MedianAbsDev":{"confidence_interval":{"confidence_level":0.95,"lower_bound":26.81661583926454,"upper_bound":202.95716819291107},"point_estimate":129.92610768833208,"standard_error":43.15356248754686},"Slope":{"confidence_interval":{"confidence_level":0.95,"lower_bound":7428.527578299006,"upper_bound":7547.535691012082},"point_estimate":7478.53810953903,"standard_error":30.45042496699512},"StdDev":{"confidence_interval":{"confidence_level":0.95,"lower_bound":60.63350300765663,"upper_bound":155.12982220122996},"point_estimate":116.71707076608588,"standard_error":26.073422707112066}}