{"Mean":{"confidence_interval":{"confidence_level":0.95,"lower_bound":113894.23064189371,"upper_bound":116766.98871432869},"point_estimate":115319.24416186751,"standard_error":736.7930155846728},"Median":{"confidence_interval":{"confidence_level":0.95,"lower_bound":113000.62454873646,"upper_bound":117197.8125322331},"point_estimate":115291.48829723225,"standard_error":1159.5869940436921},"MedianAbsDev":{"confidence_interval":{"confidence_level":0.95,"lower_bound":187.1147353513147,"upper_bound":3986.9754898217366},"point_estimate":2732.758892959461,"standard_error":962.5406401614629},"Slope":{"confidence_interval":{"confidence_level":0.95,"lower_bound":115455.77162879592,"upper_bound":118249.24003311635},"point_estimate":117158.52318439684,"standard_error":722.3564673917134},"StdDev":{"confidence_interval":{"confidence_level":0.95,"lower_bound":1461.0178963910516,"upper_bound":3067.792148378944},"point_estimate":2459.211622071166,"standard_error":408.94119123084937}}