{"Mean":{"confidence_interval":{"confidence_level":0.95,"lower_bound":386535.6226842884,"upper_bound":393478.51230787596},"point_estimate":389390.35468792036,"standard_error":1848.1752078977784},"Median":{"confidence_interval":{"confidence_level":0.95,"lower_bound":385756.65889830503,"upper_bound":390218.05380683346},"point_estimate":387737.62146892655,"standard_error":1173.0325244099265},"MedianAbsDev":{"confidence_interval":{"confidence_level":0.95,"lower_bound":600.4161935778246,"upper_bound":5664.318421330908},"point_estimate":2831.2181416002263,"standard_error":1354.8499086663742},"Slope":{"confidence_interval":{"confidence_level":0.95,"lower_bound":387578.512889171,"upper_bound":399629.22231330856},"point_estimate":393365.4720669161,"standard_error":3451.4534971642065},"StdDev":{"confidence_interval":{"confidence_level":0.95,"lower_bound":1473.07140573053,"upper_bound":9199.73784427498},"point_estimate":6165.543879938781,"standard_error":2439.0687319191507}}