{"Mean":{"confidence_interval":{"confidence_level":0.95,"lower_bound":66396437.06916666,"upper_bound":67572142.002875},"point_estimate":66985439.33186507,"standard_error":301344.51971804944},"Median":{"confidence_interval":{"confidence_level":0.95,"lower_bound":66079070.0,"upper_bound":67932594.4375},"point_estimate":66998294.03333333,"standard_error":673942.7721849083},"MedianAbsDev":{"confidence_interval":{"confidence_level":0.95,"lower_bound":66960.2605245442,"upper_bound":1524403.7331864238},"point_estimate":1274180.1959487766,"standard_error":415965.19656941557},"Slope":{"confidence_interval":{"confidence_level":0.95,"lower_bound":67089642.50704225,"upper_bound":67857266.47184147},"point_estimate":67599277.78181818,"standard_error":197821.76554728797},"StdDev":{"confidence_interval":{"confidence_level":0.95,"lower_bound":706688.2415164539,"upper_bound":1121721.4771614242},"point_estimate":1002988.2004657964,"standard_error":108386.12502982159}}