{"Mean":{"confidence_interval":{"confidence_level":0.95,"lower_bound":59321.88733885887,"upper_bound":62759.248299991224},"point_estimate":61217.027186521445,"standard_error":890.3607789202015},"Median":{"confidence_interval":{"confidence_level":0.95,"lower_bound":59535.06462585034,"upper_bound":63303.88192419826},"point_estimate":62142.211111111115,"standard_error":953.1638059807091},"MedianAbsDev":{"confidence_interval":{"confidence_level":0.95,"lower_bound":193.10045192893062,"upper_bound":4556.96830687542},"point_estimate":1901.8928899648079,"standard_error":1072.2879415782309},"Slope":{"confidence_interval":{"confidence_level":0.95,"lower_bound":61505.18601386577,"upper_bound":63079.84383731987},"point_estimate":62491.06243926142,"standard_error":404.4282742037905},"StdDev":{"confidence_interval":{"confidence_level":0.95,"lower_bound":820.0851851752163,"upper_bound":3969.038973381633},"point_estimate":2951.5610678014045,"standard_error":788.9241699734603}}