{"Mean":{"confidence_interval":{"confidence_level":0.95,"lower_bound":555558.2673736772,"upper_bound":558796.594911789},"point_estimate":557160.5406213624,"standard_error":830.2125453471862},"Median":{"confidence_interval":{"confidence_level":0.95,"lower_bound":555001.0935185185,"upper_bound":558902.2297619048},"point_estimate":557394.7300347222,"standard_error":1095.1910283724421},"MedianAbsDev":{"confidence_interval":{"confidence_level":0.95,"lower_bound":450.84861355838314,"upper_bound":4898.347580036877},"point_estimate":2773.020242331584,"standard_error":1048.807839117417},"Slope":{"confidence_interval":{"confidence_level":0.95,"lower_bound":554149.3018527287,"upper_bound":558980.1598931198},"point_estimate":556105.7126190476,"standard_error":1246.54382664284},"StdDev":{"confidence_interval":{"confidence_level":0.95,"lower_bound":1479.8575049421652,"upper_bound":3619.57073130515},"point_estimate":2769.027752288565,"standard_error":553.7041286273825}}