{"Mean":{"confidence_interval":{"confidence_level":0.95,"lower_bound":47490.727348635555,"upper_bound":48373.86471936826},"point_estimate":47877.79133726591,"standard_error":227.80592409308002},"Median":{"confidence_interval":{"confidence_level":0.95,"lower_bound":47388.25740349022,"upper_bound":48073.16800970344},"point_estimate":47880.85351665785,"standard_error":219.963881418637},"MedianAbsDev":{"confidence_interval":{"confidence_level":0.95,"lower_bound":46.65505340227885,"upper_bound":935.3374830784669},"point_estimate":542.3850348357493,"standard_error":242.05844762026416},"Slope":{"confidence_interval":{"confidence_level":0.95,"lower_bound":47447.07499558006,"upper_bound":48014.44455071882},"point_estimate":47712.20183919729,"standard_error":148.41392835905842},"StdDev":{"confidence_interval":{"confidence_level":0.95,"lower_bound":275.0408458103057,"upper_bound":1094.4606079117766},"point_estimate":756.9470519283918,"standard_error":247.44289263537195}}