{"Mean":{"confidence_interval":{"confidence_level":0.95,"lower_bound":4684240.662763158,"upper_bound":4722638.3586337725},"point_estimate":4703171.360438596,"standard_error":9829.99653989866},"Median":{"confidence_interval":{"confidence_level":0.95,"lower_bound":4671770.561403509,"upper_bound":4733092.727631579},"point_estimate":4699557.342105263,"standard_error":15978.30008579147},"MedianAbsDev":{"confidence_interval":{"confidence_level":0.95,"lower_bound":9855.056611880094,"upper_bound":54601.24385168717},"point_estimate":43591.63852083023,"standard_error":12092.977969741725},"Slope":{"confidence_interval":{"confidence_level":0.95,"lower_bound":4701855.740541956,"upper_bound":4733681.0517455125},"point_estimate":4720037.326589201,"standard_error":8032.4584900047175},"StdDev":{"confidence_interval":{"confidence_level":0.95,"lower_bound":20139.47768480219,"upper_bound":39060.75170960666},"point_estimate":32745.068287718073,"standard_error":4789.512484644472}}