{"Mean":{"confidence_interval":{"confidence_level":0.95,"lower_bound":185.74637604342374,"upper_bound":204.0214992652673},"point_estimate":196.6943686744712,"standard_error":4.9978987479418},"Median":{"confidence_interval":{"confidence_level":0.95,"lower_bound":194.01692598565313,"upper_bound":204.84707302928956},"point_estimate":202.6222898787126,"standard_error":2.4141655243624354},"MedianAbsDev":{"confidence_interval":{"confidence_level":0.95,"lower_bound":0.9382155393314244,"upper_bound":12.28742961836679},"point_estimate":3.0644761164226724,"standard_error":2.9908806844304863},"Slope":{"confidence_interval":{"confidence_level":0.95,"lower_bound":200.14779423916013,"upper_bound":204.11467513804809},"point_estimate":202.23619403895887,"standard_error":1.001607702717723},"StdDev":{"confidence_interval":{"confidence_level":0.95,"lower_bound":1.7860518226263644,"upper_bound":24.917455052002285},"point_estimate":16.664871790823547,"standard_error":7.122108810105936}}