{"Mean":{"confidence_interval":{"confidence_level":0.95,"lower_bound":164073.6210169129,"upper_bound":165176.94115551887},"point_estimate":164613.5064137383,"standard_error":283.13203791431135},"Median":{"confidence_interval":{"confidence_level":0.95,"lower_bound":163704.29283879255,"upper_bound":165569.47302504815},"point_estimate":164538.30539499037,"standard_error":530.8305756790536},"MedianAbsDev":{"confidence_interval":{"confidence_level":0.95,"lower_bound":72.55141535934168,"upper_bound":1596.6626171448959},"point_estimate":1145.450883537017,"standard_error":421.22116886029045},"Slope":{"confidence_interval":{"confidence_level":0.95,"lower_bound":163946.6831587368,"upper_bound":165249.60172240375},"point_estimate":164457.7228686535,"standard_error":331.5555816770979},"StdDev":{"confidence_interval":{"confidence_level":0.95,"lower_bound":592.9209468067766,"upper_bound":1107.4008708959784},"point_estimate":944.283220729398,"standard_error":132.48045969826603}}