{"Mean":{"confidence_interval":{"confidence_level":0.95,"lower_bound":1110426.3606517063,"upper_bound":1125810.5579807938},"point_estimate":1118572.806036508,"standard_error":3958.254641958455},"Median":{"confidence_interval":{"confidence_level":0.95,"lower_bound":1109877.6575,"upper_bound":1129096.33},"point_estimate":1120499.8004444444,"standard_error":3660.0730279455865},"MedianAbsDev":{"confidence_interval":{"confidence_level":0.95,"lower_bound":1295.0993674073907,"upper_bound":22038.71305673453},"point_estimate":9578.982060939157,"standard_error":5606.534002613367},"Slope":{"confidence_interval":{"confidence_level":0.95,"lower_bound":1118770.5518181818,"upper_bound":1126704.1917460316},"point_estimate":1122759.9172987014,"standard_error":2124.99704963261},"StdDev":{"confidence_interval":{"confidence_level":0.95,"lower_bound":5405.672026543862,"upper_bound":17312.413100726022},"point_estimate":13220.224108811186,"standard_error":3093.759916436551}}