{"Mean":{"confidence_interval":{"confidence_level":0.95,"lower_bound":1869.7055586645847,"upper_bound":2356.425816191968},"point_estimate":2094.213960709305,"standard_error":125.19450396651331},"Median":{"confidence_interval":{"confidence_level":0.95,"lower_bound":1789.2127145235654,"upper_bound":2338.846350609062},"point_estimate":2001.0323642418034,"standard_error":131.4198063791892},"MedianAbsDev":{"confidence_interval":{"confidence_level":0.95,"lower_bound":61.7695397909226,"upper_bound":677.8016246247971},"point_estimate":330.57648997590076,"standard_error":152.55496226118183},"Slope":{"confidence_interval":{"confidence_level":0.95,"lower_bound":1909.7895472913306,"upper_bound":2681.383154391845},"point_estimate":2375.5962113450073,"standard_error":196.82260172006846},"StdDev":{"confidence_interval":{"confidence_level":0.95,"lower_bound":162.00336675305198,"upper_bound":545.9974487623648},"point_estimate":417.166067513432,"standard_error":98.93586067015104}}