{"Mean":{"confidence_interval":{"confidence_level":0.95,"lower_bound":243.31731548030598,"upper_bound":267.6661476033054},"point_estimate":256.5155540202719,"standard_error":6.276113243623295},"Median":{"confidence_interval":{"confidence_level":0.95,"lower_bound":240.74946719402067,"upper_bound":271.3759218782526},"point_estimate":264.0821343605691,"standard_error":7.660521702095526},"MedianAbsDev":{"confidence_interval":{"confidence_level":0.95,"lower_bound":3.403734927416218,"upper_bound":33.770783733350854},"point_estimate":13.417761192668523,"standard_error":7.816670571647384},"Slope":{"confidence_interval":{"confidence_level":0.95,"lower_bound":261.6169103472219,"upper_bound":272.61681868979645},"point_estimate":268.4532438759979,"standard_error":2.773668311241405},"StdDev":{"confidence_interval":{"confidence_level":0.95,"lower_bound":7.5954669558192025,"upper_bound":27.129214603892834},"point_estimate":20.97054889380352,"standard_error":4.806894419974113}}