{"Mean":{"confidence_interval":{"confidence_level":0.95,"lower_bound":2224.9343584363096,"upper_bound":2275.6130899134446},"point_estimate":2251.526208489001,"standard_error":13.052679871758647},"Median":{"confidence_interval":{"confidence_level":0.95,"lower_bound":2214.521646945675,"upper_bound":2286.3417638144088},"point_estimate":2263.7118846904873,"standard_error":17.804809619090985},"MedianAbsDev":{"confidence_interval":{"confidence_level":0.95,"lower_bound":8.294757200217013,"upper_bound":73.9828308034397},"point_estimate":37.6984367935841,"standard_error":17.057436053317673},"Slope":{"confidence_interval":{"confidence_level":0.95,"lower_bound":2253.354032926608,"upper_bound":2285.3203299137326},"point_estimate":2274.123179804574,"standard_error":8.237079674771696},"StdDev":{"confidence_interval":{"confidence_level":0.95,"lower_bound":18.658094874512496,"upper_bound":52.815668983910555},"point_estimate":43.562979971085795,"standard_error":7.986018887152141}}