{"Mean":{"confidence_interval":{"confidence_level":0.95,"lower_bound":1103.5863295832728,"upper_bound":1174.408424539521},"point_estimate":1136.1440495624852,"standard_error":18.23768911846648},"Median":{"confidence_interval":{"confidence_level":0.95,"lower_bound":1086.9611776649747,"upper_bound":1188.4670822335024},"point_estimate":1120.7745516074451,"standard_error":21.54797833003994},"MedianAbsDev":{"confidence_interval":{"confidence_level":0.95,"lower_bound":8.982293056776047,"upper_bound":88.67634243623866},"point_estimate":42.19174977480455,"standard_error":20.91325502408827},"Slope":{"confidence_interval":{"confidence_level":0.95,"lower_bound":1093.029372163123,"upper_bound":1194.8513245456033},"point_estimate":1140.2035413277079,"standard_error":28.370827919874618},"StdDev":{"confidence_interval":{"confidence_level":0.95,"lower_bound":22.111476815752457,"upper_bound":76.48427008052757},"point_estimate":60.95553327654659,"standard_error":14.206357756301617}}