{"Mean":{"confidence_interval":{"confidence_level":0.95,"lower_bound":1473.988002620655,"upper_bound":1522.9528148296183},"point_estimate":1497.098884738445,"standard_error":12.576658616304336},"Median":{"confidence_interval":{"confidence_level":0.95,"lower_bound":1464.7956677704194,"upper_bound":1518.0931576931162},"point_estimate":1493.8088905162167,"standard_error":14.35913297902194},"MedianAbsDev":{"confidence_interval":{"confidence_level":0.95,"lower_bound":11.536473177764302,"upper_bound":67.29950799818172},"point_estimate":39.402079054437145,"standard_error":13.97351466850414},"Slope":{"confidence_interval":{"confidence_level":0.95,"lower_bound":1495.9411949985442,"upper_bound":1556.7536422146743},"point_estimate":1529.480784033847,"standard_error":16.284144635847422},"StdDev":{"confidence_interval":{"confidence_level":0.95,"lower_bound":20.217438916608224,"upper_bound":56.043567750901936},"point_estimate":41.8057269001287,"standard_error":9.849428672676984}}