{"Mean":{"confidence_interval":{"confidence_level":0.95,"lower_bound":4913.849189985022,"upper_bound":4980.14976557637},"point_estimate":4945.2776549531845,"standard_error":17.031552467802115},"Median":{"confidence_interval":{"confidence_level":0.95,"lower_bound":4899.327231413399,"upper_bound":4984.284349468954},"point_estimate":4930.634966226074,"standard_error":18.39549807505435},"MedianAbsDev":{"confidence_interval":{"confidence_level":0.95,"lower_bound":3.30874983709117,"upper_bound":98.94018578635368},"point_estimate":45.613441967466734,"standard_error":24.77813196737387},"Slope":{"confidence_interval":{"confidence_level":0.95,"lower_bound":4917.25625545595,"upper_bound":5014.11614589539},"point_estimate":4975.017836187505,"standard_error":25.134485516315934},"StdDev":{"confidence_interval":{"confidence_level":0.95,"lower_bound":26.001826419230895,"upper_bound":73.6695597275219},"point_estimate":56.91962509588944,"standard_error":12.284366715405826}}