{"Mean":{"confidence_interval":{"confidence_level":0.95,"lower_bound":1133.3469681938357,"upper_bound":1246.157616713187},"point_estimate":1190.2647916184874,"standard_error":29.024943755674762},"Median":{"confidence_interval":{"confidence_level":0.95,"lower_bound":1106.8132261633982,"upper_bound":1284.9661823869728},"point_estimate":1194.0112338886497,"standard_error":54.06416814936856},"MedianAbsDev":{"confidence_interval":{"confidence_level":0.95,"lower_bound":27.78727706092824,"upper_bound":154.3116334579374},"point_estimate":131.5807824749923,"standard_error":35.08747779158429},"Slope":{"confidence_interval":{"confidence_level":0.95,"lower_bound":1203.6869705134395,"upper_bound":1285.9458188643189},"point_estimate":1260.3452102455853,"standard_error":21.263871161314796},"StdDev":{"confidence_interval":{"confidence_level":0.95,"lower_bound":63.622637643838566,"upper_bound":114.17337964102133},"point_estimate":96.99816798932154,"standard_error":12.974545457608706}}