{"Mean":{"confidence_interval":{"confidence_level":0.95,"lower_bound":712.0043327081903,"upper_bound":718.6363424902642},"point_estimate":715.2966543642858,"standard_error":1.6956352487701478},"Median":{"confidence_interval":{"confidence_level":0.95,"lower_bound":710.2500489714533,"upper_bound":719.6768831351086},"point_estimate":714.8127778529579,"standard_error":2.6405120935580175},"MedianAbsDev":{"confidence_interval":{"confidence_level":0.95,"lower_bound":1.1361710334022517,"upper_bound":9.282852557278309},"point_estimate":6.0484748815665865,"standard_error":2.0251508319302873},"Slope":{"confidence_interval":{"confidence_level":0.95,"lower_bound":715.329910794247,"upper_bound":721.3109586363973},"point_estimate":719.0172608852748,"standard_error":1.508810269875291},"StdDev":{"confidence_interval":{"confidence_level":0.95,"lower_bound":3.4007730642472023,"upper_bound":6.994362470759277},"point_estimate":5.657505027605184,"standard_error":0.9278130942416918}}