{"Mean":{"confidence_interval":{"confidence_level":0.95,"lower_bound":9899.57809188368,"upper_bound":10114.345178240741},"point_estimate":10004.071636091821,"standard_error":54.83336184994688},"Median":{"confidence_interval":{"confidence_level":0.95,"lower_bound":9822.598177083333,"upper_bound":10135.230075713735},"point_estimate":9993.99375,"standard_error":87.16755113441327},"MedianAbsDev":{"confidence_interval":{"confidence_level":0.95,"lower_bound":26.113171472161962,"upper_bound":326.3250417690729},"point_estimate":210.56320111129307,"standard_error":74.53041377265329},"Slope":{"confidence_interval":{"confidence_level":0.95,"lower_bound":9962.423660862556,"upper_bound":10231.115391782194},"point_estimate":10121.80318001443,"standard_error":69.97286144989978},"StdDev":{"confidence_interval":{"confidence_level":0.95,"lower_bound":107.44119567486665,"upper_bound":231.96997432069355},"point_estimate":182.94672759679005,"standard_error":33.47926883931281}}