{"Mean":{"confidence_interval":{"confidence_level":0.95,"lower_bound":6530.324534090776,"upper_bound":6684.359699533637},"point_estimate":6597.551814413147,"standard_error":39.86038743067692},"Median":{"confidence_interval":{"confidence_level":0.95,"lower_bound":6494.378647378833,"upper_bound":6632.311655126937},"point_estimate":6581.3517172216725,"standard_error":31.599203718977037},"MedianAbsDev":{"confidence_interval":{"confidence_level":0.95,"lower_bound":2.664596923239962,"upper_bound":172.27752831716344},"point_estimate":91.04432537589246,"standard_error":44.34619901080619},"Slope":{"confidence_interval":{"confidence_level":0.95,"lower_bound":6564.212660039288,"upper_bound":6630.167565315634},"point_estimate":6603.271044270599,"standard_error":17.112442819923444},"StdDev":{"confidence_interval":{"confidence_level":0.95,"lower_bound":49.12791350941714,"upper_bound":192.0138868777413},"point_estimate":133.00820740092576,"standard_error":43.546056369950534}}