{"Mean":{"confidence_interval":{"confidence_level":0.95,"lower_bound":62474.05800484262,"upper_bound":62876.755330643},"point_estimate":62675.33109335485,"standard_error":103.30608376363247},"Median":{"confidence_interval":{"confidence_level":0.95,"lower_bound":62404.57118644068,"upper_bound":62829.42374764595},"point_estimate":62699.58934624697,"standard_error":98.50713997908586},"MedianAbsDev":{"confidence_interval":{"confidence_level":0.95,"lower_bound":9.16950390500532,"upper_bound":590.3925972133512},"point_estimate":193.76623171251066,"standard_error":147.7943884380681},"Slope":{"confidence_interval":{"confidence_level":0.95,"lower_bound":62656.630025780265,"upper_bound":62935.76340223773},"point_estimate":62795.53779440898,"standard_error":69.60514547218773},"StdDev":{"confidence_interval":{"confidence_level":0.95,"lower_bound":136.62605230862064,"upper_bound":468.0594022869174},"point_estimate":344.36898535752886,"standard_error":85.32728854794856}}