{"Mean":{"confidence_interval":{"confidence_level":0.95,"lower_bound":68785.66947859745,"upper_bound":69138.72852003644},"point_estimate":68953.0753860916,"standard_error":90.01620979294253},"Median":{"confidence_interval":{"confidence_level":0.95,"lower_bound":68837.32396565184,"upper_bound":69094.00273224043},"point_estimate":68914.83652094717,"standard_error":60.47814063804325},"MedianAbsDev":{"confidence_interval":{"confidence_level":0.95,"lower_bound":25.86929349564721,"upper_bound":462.32611720190863},"point_estimate":150.89761139205407,"standard_error":103.79491791345836},"Slope":{"confidence_interval":{"confidence_level":0.95,"lower_bound":68864.26525962258,"upper_bound":69038.30365015501},"point_estimate":68962.08849620324,"standard_error":45.030029337863546},"StdDev":{"confidence_interval":{"confidence_level":0.95,"lower_bound":89.69208303113746,"upper_bound":430.92035005781617},"point_estimate":300.92348595133285,"standard_error":90.1089634311691}}