{"Mean":{"confidence_interval":{"confidence_level":0.95,"lower_bound":962028.1276859755,"upper_bound":994122.8962265414},"point_estimate":977189.228966802,"standard_error":8219.734497021183},"Median":{"confidence_interval":{"confidence_level":0.95,"lower_bound":952063.7256097561,"upper_bound":995678.4849085365},"point_estimate":976973.993902439,"standard_error":12181.378523789048},"MedianAbsDev":{"confidence_interval":{"confidence_level":0.95,"lower_bound":2722.2257683172475,"upper_bound":49882.76116399754},"point_estimate":35029.26075463075,"standard_error":12427.391502484134},"Slope":{"confidence_interval":{"confidence_level":0.95,"lower_bound":963795.0030482146,"upper_bound":993712.2627341},"point_estimate":982759.0911308205,"standard_error":7632.8425607251675},"StdDev":{"confidence_interval":{"confidence_level":0.95,"lower_bound":14846.707911965577,"upper_bound":35706.63051623014},"point_estimate":27371.946882847547,"standard_error":5717.906679828293}}