{"Mean":{"confidence_interval":{"confidence_level":0.95,"lower_bound":13802.156173421443,"upper_bound":13853.414044676947},"point_estimate":13827.076626956157,"standard_error":13.114546074024485},"Median":{"confidence_interval":{"confidence_level":0.95,"lower_bound":13806.560951541851,"upper_bound":13847.489162995595},"point_estimate":13820.367830396477,"standard_error":9.828699844775239},"MedianAbsDev":{"confidence_interval":{"confidence_level":0.95,"lower_bound":2.867126285663834,"upper_bound":73.09694653486824},"point_estimate":22.8407005350266,"standard_error":18.333531664225582},"Slope":{"confidence_interval":{"confidence_level":0.95,"lower_bound":13814.17120214204,"upper_bound":13862.98097466491},"point_estimate":13841.000049888438,"standard_error":12.127309228397166},"StdDev":{"confidence_interval":{"confidence_level":0.95,"lower_bound":16.125540530088216,"upper_bound":60.23871628173199},"point_estimate":43.5787684327609,"standard_error":11.356797468614747}}