{"Mean":{"confidence_interval":{"confidence_level":0.95,"lower_bound":19151.41385203508,"upper_bound":19834.615972668842},"point_estimate":19498.795459173478,"standard_error":175.64480632397624},"Median":{"confidence_interval":{"confidence_level":0.95,"lower_bound":18878.381380706094,"upper_bound":20098.462137395996},"point_estimate":19628.31284511406,"standard_error":364.7596965296001},"MedianAbsDev":{"confidence_interval":{"confidence_level":0.95,"lower_bound":21.256725724486383,"upper_bound":898.2117276925215},"point_estimate":718.3000540866948,"standard_error":257.01152430024206},"Slope":{"confidence_interval":{"confidence_level":0.95,"lower_bound":19269.406356333973,"upper_bound":20018.00825722204},"point_estimate":19629.33543173714,"standard_error":198.2177244711294},"StdDev":{"confidence_interval":{"confidence_level":0.95,"lower_bound":392.47408003203225,"upper_bound":657.3089755939561},"point_estimate":586.2584179553244,"standard_error":68.87628239294318}}