{"Mean":{"confidence_interval":{"confidence_level":0.95,"lower_bound":583550847.2958304,"upper_bound":704866108.0873809},"point_estimate":640552246.6532142,"standard_error":31390332.86535509},"Median":{"confidence_interval":{"confidence_level":0.95,"lower_bound":555094658.25,"upper_bound":760384826.6666666},"point_estimate":586030838.75,"standard_error":51715633.91979506},"MedianAbsDev":{"confidence_interval":{"confidence_level":0.95,"lower_bound":7812029.333373838,"upper_bound":164773020.28543395},"point_estimate":56156911.831185475,"standard_error":42424128.03554409},"Slope":{"confidence_interval":{"confidence_level":0.95,"lower_bound":569771144.4410267,"upper_bound":689845362.8617682},"point_estimate":615490633.0467533,"standard_error":31047968.18738639},"StdDev":{"confidence_interval":{"confidence_level":0.95,"lower_bound":40082691.37642248,"upper_bound":121159908.7182566},"point_estimate":104502120.5056443,"standard_error":18126136.245518703}}