{"Mean":{"confidence_interval":{"confidence_level":0.95,"lower_bound":30890.575076041066,"upper_bound":31655.4982861692},"point_estimate":31275.471602276775,"standard_error":195.4483681077986},"Median":{"confidence_interval":{"confidence_level":0.95,"lower_bound":30750.06168270417,"upper_bound":31703.224668969488},"point_estimate":31232.15048095375,"standard_error":177.48483662296775},"MedianAbsDev":{"confidence_interval":{"confidence_level":0.95,"lower_bound":19.35131536744131,"upper_bound":1360.5207215389355},"point_estimate":295.65232806718376,"standard_error":421.1779367441928},"Slope":{"confidence_interval":{"confidence_level":0.95,"lower_bound":31213.834748177745,"upper_bound":31561.1682045346},"point_estimate":31374.44524818877,"standard_error":90.56221083467223},"StdDev":{"confidence_interval":{"confidence_level":0.95,"lower_bound":327.08605393815657,"upper_bound":837.1722378452432},"point_estimate":650.2936421767625,"standard_error":130.6048934761517}}