{"Mean":{"confidence_interval":{"confidence_level":0.95,"lower_bound":3181.930864685689,"upper_bound":3369.98678330114},"point_estimate":3254.94241234288,"standard_error":51.8709172064129},"Median":{"confidence_interval":{"confidence_level":0.95,"lower_bound":3164.2039907897315,"upper_bound":3264.2284857646764},"point_estimate":3211.74926366843,"standard_error":28.74286285984167},"MedianAbsDev":{"confidence_interval":{"confidence_level":0.95,"lower_bound":12.533732538798715,"upper_bound":116.51387274716201},"point_estimate":68.43200800836951,"standard_error":26.827552336971483},"Slope":{"confidence_interval":{"confidence_level":0.95,"lower_bound":3180.830715457382,"upper_bound":3279.1117528704604},"point_estimate":3225.014559105797,"standard_error":25.200981554257684},"StdDev":{"confidence_interval":{"confidence_level":0.95,"lower_bound":32.867949283725515,"upper_bound":262.9105920235767},"point_estimate":172.29642779224037,"standard_error":78.18061864766267}}