{"Mean":{"confidence_interval":{"confidence_level":0.95,"lower_bound":32895.22203899491,"upper_bound":33130.61312757028},"point_estimate":32996.2964977584,"standard_error":61.5442961925207},"Median":{"confidence_interval":{"confidence_level":0.95,"lower_bound":32853.41191687871,"upper_bound":33085.80356870229},"point_estimate":32939.66898582334,"standard_error":45.54442309722026},"MedianAbsDev":{"confidence_interval":{"confidence_level":0.95,"lower_bound":3.7028846034708556,"upper_bound":207.184669527837},"point_estimate":94.68855708866191,"standard_error":57.731909486084504},"Slope":{"confidence_interval":{"confidence_level":0.95,"lower_bound":32872.76478979476,"upper_bound":33111.26431437465},"point_estimate":32979.5381491028,"standard_error":67.75555159096389},"StdDev":{"confidence_interval":{"confidence_level":0.95,"lower_bound":43.35416942562981,"upper_bound":290.4027289633917},"point_estimate":205.61707323253498,"standard_error":70.06501068157701}}