{"Mean":{"confidence_interval":{"confidence_level":0.95,"lower_bound":1917529.2610714287,"upper_bound":1924034.5473566584},"point_estimate":1920871.7437975265,"standard_error":1671.5722643264405},"Median":{"confidence_interval":{"confidence_level":0.95,"lower_bound":1916265.1875,"upper_bound":1925837.6162790698},"point_estimate":1921308.0020302695,"standard_error":2520.7313298093964},"MedianAbsDev":{"confidence_interval":{"confidence_level":0.95,"lower_bound":1752.0960402118394,"upper_bound":9827.620991493819},"point_estimate":6048.595867732218,"standard_error":2043.4946877080415},"Slope":{"confidence_interval":{"confidence_level":0.95,"lower_bound":1918816.887507486,"upper_bound":1924917.804127088},"point_estimate":1922175.2719420115,"standard_error":1590.1623002590645},"StdDev":{"confidence_interval":{"confidence_level":0.95,"lower_bound":3210.7334103214134,"upper_bound":6949.708503847389},"point_estimate":5575.33745325124,"standard_error":967.7044138206138}}