{"Mean":{"confidence_interval":{"confidence_level":0.95,"lower_bound":61949.322661917504,"upper_bound":63683.06891088162},"point_estimate":62633.40244390259,"standard_error":470.27849984233643},"Median":{"confidence_interval":{"confidence_level":0.95,"lower_bound":61752.25872378403,"upper_bound":62712.31330321285},"point_estimate":62179.68180722892,"standard_error":265.7545100057184},"MedianAbsDev":{"confidence_interval":{"confidence_level":0.95,"lower_bound":139.06485576604715,"upper_bound":1133.4537191542788},"point_estimate":684.336167090229,"standard_error":283.85305006595854},"Slope":{"confidence_interval":{"confidence_level":0.95,"lower_bound":61750.93860112163,"upper_bound":62223.88287885913},"point_estimate":61921.85088614197,"standard_error":123.59013692297444},"StdDev":{"confidence_interval":{"confidence_level":0.95,"lower_bound":295.6612182886124,"upper_bound":2367.1718824724835},"point_estimate":1561.820977152474,"standard_error":674.5957679127001}}