{"Mean":{"confidence_interval":{"confidence_level":0.95,"lower_bound":69592.00896612948,"upper_bound":70525.39004249751},"point_estimate":70107.84448511335,"standard_error":239.93865167540756},"Median":{"confidence_interval":{"confidence_level":0.95,"lower_bound":69467.57249840663,"upper_bound":70649.8017208413},"point_estimate":70448.71162250752,"standard_error":246.91040141262715},"MedianAbsDev":{"confidence_interval":{"confidence_level":0.95,"lower_bound":85.6416119594742,"upper_bound":1007.3756557292716},"point_estimate":405.81662224081765,"standard_error":242.61930481233142},"Slope":{"confidence_interval":{"confidence_level":0.95,"lower_bound":70353.94972658962,"upper_bound":70663.50996337165},"point_estimate":70552.68151771746,"standard_error":78.49809416624525},"StdDev":{"confidence_interval":{"confidence_level":0.95,"lower_bound":203.36325795822546,"upper_bound":1014.5382465846111},"point_estimate":797.1548094330711,"standard_error":215.30429126067813}}