{"Mean":{"confidence_interval":{"confidence_level":0.95,"lower_bound":990.9250524672459,"upper_bound":1042.1359203892614},"point_estimate":1017.9163451772822,"standard_error":13.164781039270958},"Median":{"confidence_interval":{"confidence_level":0.95,"lower_bound":976.9572870756001,"upper_bound":1052.2781110864007},"point_estimate":1041.0571676958357,"standard_error":21.763884435239248},"MedianAbsDev":{"confidence_interval":{"confidence_level":0.95,"lower_bound":1.665457900425639,"upper_bound":66.83612057679557},"point_estimate":29.922901633151326,"standard_error":19.22893147509246},"Slope":{"confidence_interval":{"confidence_level":0.95,"lower_bound":1031.6004779852262,"upper_bound":1051.2069126708361},"point_estimate":1044.0130771254544,"standard_error":5.024092082686962},"StdDev":{"confidence_interval":{"confidence_level":0.95,"lower_bound":22.91393884194317,"upper_bound":51.63367747077527},"point_estimate":43.746792314815536,"standard_error":7.267412956026117}}