{"Mean":{"confidence_interval":{"confidence_level":0.95,"lower_bound":108.0688868833823,"upper_bound":116.03449950013506},"point_estimate":111.99301774319035,"standard_error":2.030682379048516},"Median":{"confidence_interval":{"confidence_level":0.95,"lower_bound":106.81203817920158,"upper_bound":115.78841200159634},"point_estimate":112.72351018071731,"standard_error":2.201326922637122},"MedianAbsDev":{"confidence_interval":{"confidence_level":0.95,"lower_bound":1.303414375963646,"upper_bound":11.909451943446511},"point_estimate":5.058467177726824,"standard_error":2.6372294900759607},"Slope":{"confidence_interval":{"confidence_level":0.95,"lower_bound":112.70097697724387,"upper_bound":116.83247855092742},"point_estimate":114.89359598545826,"standard_error":1.0377071268942928},"StdDev":{"confidence_interval":{"confidence_level":0.95,"lower_bound":3.076757325751233,"upper_bound":9.163003664781009},"point_estimate":6.765745108172361,"standard_error":1.5390463290423642}}