{"Mean":{"confidence_interval":{"confidence_level":0.95,"lower_bound":1915513.7143165509,"upper_bound":1934730.2287152777},"point_estimate":1924623.7444155093,"standard_error":4907.50301018159},"Median":{"confidence_interval":{"confidence_level":0.95,"lower_bound":1912228.1888020833,"upper_bound":1936896.2006944446},"point_estimate":1922309.4253472222,"standard_error":6299.290301615303},"MedianAbsDev":{"confidence_interval":{"confidence_level":0.95,"lower_bound":2919.177573174123,"upper_bound":27912.102768523735},"point_estimate":12174.96512621222,"standard_error":6278.967099665203},"Slope":{"confidence_interval":{"confidence_level":0.95,"lower_bound":1908675.76221019,"upper_bound":1927455.683007637},"point_estimate":1915100.1809523809,"standard_error":4830.27200875196},"StdDev":{"confidence_interval":{"confidence_level":0.95,"lower_bound":7957.488882893813,"upper_bound":21168.913639657643},"point_estimate":16379.361646855434,"standard_error":3439.2424769791014}}