{"Mean":{"confidence_interval":{"confidence_level":0.95,"lower_bound":87793418.38444445,"upper_bound":88764288.52325},"point_estimate":88268135.96152778,"standard_error":247802.71138529896},"Median":{"confidence_interval":{"confidence_level":0.95,"lower_bound":87371112.3,"upper_bound":88912251.33333333},"point_estimate":88443647.0,"standard_error":363216.29560523183},"MedianAbsDev":{"confidence_interval":{"confidence_level":0.95,"lower_bound":58447.1302923516,"upper_bound":1648554.2097219005},"point_estimate":1113049.806895662,"standard_error":451138.86763696116},"Slope":{"confidence_interval":{"confidence_level":0.95,"lower_bound":87531179.93577431,"upper_bound":89009015.29232568},"point_estimate":88154702.2,"standard_error":396756.9586703974},"StdDev":{"confidence_interval":{"confidence_level":0.95,"lower_bound":490650.71165595046,"upper_bound":1026878.589889265},"point_estimate":826512.2439791374,"standard_error":140980.71929988716}}