{"Mean":{"confidence_interval":{"confidence_level":0.95,"lower_bound":102097.39345498783,"upper_bound":114790.29251651026},"point_estimate":108655.62353840808,"standard_error":3258.831973856142},"Median":{"confidence_interval":{"confidence_level":0.95,"lower_bound":97956.58231954582,"upper_bound":117513.36222627737},"point_estimate":112988.74956551963,"standard_error":5844.750387529133},"MedianAbsDev":{"confidence_interval":{"confidence_level":0.95,"lower_bound":1867.045481695172,"upper_bound":17161.1518710221},"point_estimate":10242.696954725146,"standard_error":4397.141492823349},"Slope":{"confidence_interval":{"confidence_level":0.95,"lower_bound":111507.80104278472,"upper_bound":118770.36598953545},"point_estimate":116350.53294783075,"standard_error":1868.380167108639},"StdDev":{"confidence_interval":{"confidence_level":0.95,"lower_bound":6362.943087170958,"upper_bound":12625.323080604177},"point_estimate":10857.360046083642,"standard_error":1585.9792238177672}}