{"Mean":{"confidence_interval":{"confidence_level":0.95,"lower_bound":56684.52794117647,"upper_bound":59975.71629411764},"point_estimate":58432.21107843138,"standard_error":844.7464364676193},"Median":{"confidence_interval":{"confidence_level":0.95,"lower_bound":56082.52058823529,"upper_bound":60586.39117647059},"point_estimate":59190.27490196079,"standard_error":1052.8804289455145},"MedianAbsDev":{"confidence_interval":{"confidence_level":0.95,"lower_bound":586.57105693923,"upper_bound":4847.069908064957},"point_estimate":2495.330148463736,"standard_error":1039.7702765028414},"Slope":{"confidence_interval":{"confidence_level":0.95,"lower_bound":59161.77377816798,"upper_bound":60923.44168208164},"point_estimate":60360.92797555386,"standard_error":449.11279828670564},"StdDev":{"confidence_interval":{"confidence_level":0.95,"lower_bound":1189.4400308650997,"upper_bound":3486.2945300530946},"point_estimate":2814.8431107412025,"standard_error":578.4583113607893}}