{"Mean":{"confidence_interval":{"confidence_level":0.95,"lower_bound":1413914.3103492812,"upper_bound":1419189.7258471472},"point_estimate":1416208.7093051812,"standard_error":1364.5567457508084},"Median":{"confidence_interval":{"confidence_level":0.95,"lower_bound":1412929.1027253668,"upper_bound":1417226.4905660378},"point_estimate":1415920.3551886794,"standard_error":1116.6674501111063},"MedianAbsDev":{"confidence_interval":{"confidence_level":0.95,"lower_bound":561.5361387100069,"upper_bound":5852.9870404914},"point_estimate":2487.0804934241455,"standard_error":1355.3268617371407},"Slope":{"confidence_interval":{"confidence_level":0.95,"lower_bound":1414902.4221469134,"upper_bound":1418895.4749135473},"point_estimate":1416348.3291350158,"standard_error":1024.3828023922033},"StdDev":{"confidence_interval":{"confidence_level":0.95,"lower_bound":1475.538799091167,"upper_bound":6567.964095905078},"point_estimate":4532.280121114244,"standard_error":1515.8980014298254}}