{"Mean":{"confidence_interval":{"confidence_level":0.95,"lower_bound":3942.5037580057447,"upper_bound":4274.533208675969},"point_estimate":4123.489720444985,"standard_error":85.48015524792221},"Median":{"confidence_interval":{"confidence_level":0.95,"lower_bound":3982.9561203462017,"upper_bound":4350.950771626139},"point_estimate":4181.157087168567,"standard_error":102.65167644585472},"MedianAbsDev":{"confidence_interval":{"confidence_level":0.95,"lower_bound":42.404219541171635,"upper_bound":444.97405177694134},"point_estimate":258.2532896244568,"standard_error":94.39703408280978},"Slope":{"confidence_interval":{"confidence_level":0.95,"lower_bound":4159.972081957558,"upper_bound":4361.968377055255},"point_estimate":4294.432874859719,"standard_error":52.48869869708246},"StdDev":{"confidence_interval":{"confidence_level":0.95,"lower_bound":127.74159323171529,"upper_bound":388.1055193427625},"point_estimate":283.83647650027484,"standard_error":75.19747525696894}}