{"Mean":{"confidence_interval":{"confidence_level":0.95,"lower_bound":1560.6343887022233,"upper_bound":1593.6094343081018},"point_estimate":1576.8279017556379,"standard_error":8.467295316153134},"Median":{"confidence_interval":{"confidence_level":0.95,"lower_bound":1557.868806241069,"upper_bound":1602.2698743731069},"point_estimate":1571.4112184974917,"standard_error":10.029912151102813},"MedianAbsDev":{"confidence_interval":{"confidence_level":0.95,"lower_bound":1.2623363437238184,"upper_bound":50.479233705508484},"point_estimate":24.545226467902637,"standard_error":12.496364912087163},"Slope":{"confidence_interval":{"confidence_level":0.95,"lower_bound":1565.7082750864029,"upper_bound":1607.2296900750973},"point_estimate":1586.8621582025128,"standard_error":11.334467258693069},"StdDev":{"confidence_interval":{"confidence_level":0.95,"lower_bound":14.866304489370735,"upper_bound":36.17605286825412},"point_estimate":28.22854612850061,"standard_error":5.3724620172371615}}