{"Mean":{"confidence_interval":{"confidence_level":0.95,"lower_bound":324.39039586419545,"upper_bound":359.3761665457761},"point_estimate":342.2051843918126,"standard_error":8.933374882945088},"Median":{"confidence_interval":{"confidence_level":0.95,"lower_bound":323.3740826180864,"upper_bound":362.15997945129135},"point_estimate":345.146817857991,"standard_error":8.968494492626293},"MedianAbsDev":{"confidence_interval":{"confidence_level":0.95,"lower_bound":6.015820695857515,"upper_bound":49.00097645699727},"point_estimate":24.825218246715544,"standard_error":11.299355052322095},"Slope":{"confidence_interval":{"confidence_level":0.95,"lower_bound":342.2430869093221,"upper_bound":377.13303059339233},"point_estimate":362.2912083336821,"standard_error":9.193415993355497},"StdDev":{"confidence_interval":{"confidence_level":0.95,"lower_bound":13.737314297440808,"upper_bound":39.59940757193664},"point_estimate":29.772408853144817,"standard_error":6.585519601030143}}