{"Mean":{"confidence_interval":{"confidence_level":0.95,"lower_bound":454868.6999454439,"upper_bound":458113.2587159441},"point_estimate":456546.3055842809,"standard_error":826.6302589060324},"Median":{"confidence_interval":{"confidence_level":0.95,"lower_bound":455270.47947761195,"upper_bound":458854.0970149254},"point_estimate":456401.3549440298,"standard_error":774.051922044802},"MedianAbsDev":{"confidence_interval":{"confidence_level":0.95,"lower_bound":243.05818959029534,"upper_bound":4437.690686140597},"point_estimate":1831.4602192574084,"standard_error":1150.7285886426896},"Slope":{"confidence_interval":{"confidence_level":0.95,"lower_bound":456080.5926363083,"upper_bound":458814.96191562846},"point_estimate":457549.46778445435,"standard_error":699.9011734892005},"StdDev":{"confidence_interval":{"confidence_level":0.95,"lower_bound":1165.3635917613935,"upper_bound":3827.1892509314357},"point_estimate":2761.1441705007223,"standard_error":692.8193420017416}}