{"Mean":{"confidence_interval":{"confidence_level":0.95,"lower_bound":524261.0715515152,"upper_bound":552362.0188989899},"point_estimate":538009.3032828283,"standard_error":7183.018248600308},"Median":{"confidence_interval":{"confidence_level":0.95,"lower_bound":516947.02386363636,"upper_bound":552818.3977272727},"point_estimate":541441.716969697,"standard_error":10955.264947848316},"MedianAbsDev":{"confidence_interval":{"confidence_level":0.95,"lower_bound":1125.9471092681106,"upper_bound":43628.44752339482},"point_estimate":22354.85030407662,"standard_error":10532.402997467103},"Slope":{"confidence_interval":{"confidence_level":0.95,"lower_bound":541870.3335901458,"upper_bound":561231.2349796472},"point_estimate":552159.6660448642,"standard_error":4858.380864015997},"StdDev":{"confidence_interval":{"confidence_level":0.95,"lower_bound":13610.537761697513,"upper_bound":30777.77800999086},"point_estimate":23924.29818825739,"standard_error":4497.2449352269305}}