{"Mean":{"confidence_interval":{"confidence_level":0.95,"lower_bound":1606.194962431691,"upper_bound":1669.9963968780146},"point_estimate":1638.2886776312,"standard_error":16.322093648163193},"Median":{"confidence_interval":{"confidence_level":0.95,"lower_bound":1591.386724546172,"upper_bound":1689.949031833728},"point_estimate":1636.243882061112,"standard_error":28.765817457026454},"MedianAbsDev":{"confidence_interval":{"confidence_level":0.95,"lower_bound":8.006716213653533,"upper_bound":92.04268497365035},"point_estimate":64.43261336017004,"standard_error":20.792730850363576},"Slope":{"confidence_interval":{"confidence_level":0.95,"lower_bound":1645.1584872402,"upper_bound":1692.8259049694113},"point_estimate":1675.702526020152,"standard_error":12.258079448524235},"StdDev":{"confidence_interval":{"confidence_level":0.95,"lower_bound":34.69046072361558,"upper_bound":65.3637894874175},"point_estimate":54.462037681359654,"standard_error":7.892912323963986}}