{"Mean":{"confidence_interval":{"confidence_level":0.95,"lower_bound":88950.18512152779,"upper_bound":90710.72812879774},"point_estimate":89829.43885354663,"standard_error":448.7188075833769},"Median":{"confidence_interval":{"confidence_level":0.95,"lower_bound":88866.6044921875,"upper_bound":90923.28515625},"point_estimate":89734.62732204862,"standard_error":470.0695273867388},"MedianAbsDev":{"confidence_interval":{"confidence_level":0.95,"lower_bound":90.38016954127369,"upper_bound":2736.9490482844412},"point_estimate":1307.398837531222,"standard_error":666.005593835501},"Slope":{"confidence_interval":{"confidence_level":0.95,"lower_bound":89469.0961338141,"upper_bound":91167.04514483447},"point_estimate":90257.43976258117,"standard_error":433.99954706170683},"StdDev":{"confidence_interval":{"confidence_level":0.95,"lower_bound":766.4003500045995,"upper_bound":1956.7348284385791},"point_estimate":1495.407649495955,"standard_error":306.1987319864934}}