{"Mean":{"confidence_interval":{"confidence_level":0.95,"lower_bound":6228788.375880357,"upper_bound":6273287.558092593},"point_estimate":6249807.794473546,"standard_error":11391.378455632614},"Median":{"confidence_interval":{"confidence_level":0.95,"lower_bound":6217988.637037037,"upper_bound":6266591.903333333},"point_estimate":6250580.073333333,"standard_error":10668.72284217611},"MedianAbsDev":{"confidence_interval":{"confidence_level":0.95,"lower_bound":4421.3997575045,"upper_bound":60432.071849116},"point_estimate":24183.07858866432,"standard_error":15393.812462791095},"Slope":{"confidence_interval":{"confidence_level":0.95,"lower_bound":6216312.025625127,"upper_bound":6266838.019684726},"point_estimate":6240021.917402597,"standard_error":13250.433433135364},"StdDev":{"confidence_interval":{"confidence_level":0.95,"lower_bound":16380.87556350401,"upper_bound":52468.61822973923},"point_estimate":38034.915844872834,"standard_error":9820.707087919218}}