{"Mean":{"confidence_interval":{"confidence_level":0.95,"lower_bound":93101.19099688473,"upper_bound":96082.5048627837},"point_estimate":94622.69706200859,"standard_error":765.7992959193788},"Median":{"confidence_interval":{"confidence_level":0.95,"lower_bound":91705.36635514018,"upper_bound":96847.3811734164},"point_estimate":95287.15556074766,"standard_error":1525.0814719330472},"MedianAbsDev":{"confidence_interval":{"confidence_level":0.95,"lower_bound":435.9131359183102,"upper_bound":4029.732085074774},"point_estimate":3020.564387196685,"standard_error":1072.6153194303386},"Slope":{"confidence_interval":{"confidence_level":0.95,"lower_bound":95195.72197390402,"upper_bound":96825.6014364958},"point_estimate":96301.13106930452,"standard_error":419.57487066132575},"StdDev":{"confidence_interval":{"confidence_level":0.95,"lower_bound":1675.107182407611,"upper_bound":2891.954466637816},"point_estimate":2543.198976927342,"standard_error":319.9849094171744}}