{"Mean":{"confidence_interval":{"confidence_level":0.95,"lower_bound":14112.096183071062,"upper_bound":14308.788320994985},"point_estimate":14217.566443058855,"standard_error":50.41836203120001},"Median":{"confidence_interval":{"confidence_level":0.95,"lower_bound":14108.200118764846,"upper_bound":14343.304513064133},"point_estimate":14252.90864344154,"standard_error":52.92422257282266},"MedianAbsDev":{"confidence_interval":{"confidence_level":0.95,"lower_bound":19.294948913185827,"upper_bound":269.854875152705},"point_estimate":135.23201937963574,"standard_error":64.49444197290512},"Slope":{"confidence_interval":{"confidence_level":0.95,"lower_bound":14246.748488906098,"upper_bound":14380.828534860459},"point_estimate":14322.075816392633,"standard_error":35.51907176432755},"StdDev":{"confidence_interval":{"confidence_level":0.95,"lower_bound":66.2847668483431,"upper_bound":216.01527439848067},"point_estimate":168.08468446118374,"standard_error":37.44906927848744}}