{"Mean":{"confidence_interval":{"confidence_level":0.95,"lower_bound":13239.348305524802,"upper_bound":13310.546584841291},"point_estimate":13275.06606727903,"standard_error":18.194648089254905},"Median":{"confidence_interval":{"confidence_level":0.95,"lower_bound":13233.589886779393,"upper_bound":13332.385493918719},"point_estimate":13265.998708787134,"standard_error":25.089349108301512},"MedianAbsDev":{"confidence_interval":{"confidence_level":0.95,"lower_bound":6.884193625926937,"upper_bound":112.99611216627022},"point_estimate":57.874410755378264,"standard_error":24.946227549220488},"Slope":{"confidence_interval":{"confidence_level":0.95,"lower_bound":13224.884309970146,"upper_bound":13273.015351656843},"point_estimate":13245.785194188784,"standard_error":12.3318256475298},"StdDev":{"confidence_interval":{"confidence_level":0.95,"lower_bound":35.411801540178686,"upper_bound":76.38875550777064},"point_estimate":60.506625191559905,"standard_error":10.675702558689268}}