{"Mean":{"confidence_interval":{"confidence_level":0.95,"lower_bound":684580.5179044835,"upper_bound":690281.6307894737},"point_estimate":687557.3328460038,"standard_error":1457.1780398097076},"Median":{"confidence_interval":{"confidence_level":0.95,"lower_bound":684842.0621345029,"upper_bound":691329.6149122807},"point_estimate":687507.5453216374,"standard_error":1974.896089335888},"MedianAbsDev":{"confidence_interval":{"confidence_level":0.95,"lower_bound":710.108164235274,"upper_bound":8319.172486457164},"point_estimate":5141.439954335254,"standard_error":1806.2496086336712},"Slope":{"confidence_interval":{"confidence_level":0.95,"lower_bound":685953.4298614182,"upper_bound":692312.9010683653},"point_estimate":689341.8881066302,"standard_error":1686.4478511562131},"StdDev":{"confidence_interval":{"confidence_level":0.95,"lower_bound":2536.0923358538334,"upper_bound":6433.46301449268},"point_estimate":4850.246897105066,"standard_error":1049.755028980585}}