{"Mean":{"confidence_interval":{"confidence_level":0.95,"lower_bound":76933.90882780866,"upper_bound":77241.73871261245},"point_estimate":77077.60850912992,"standard_error":78.93921567069485},"Median":{"confidence_interval":{"confidence_level":0.95,"lower_bound":76878.20447461319,"upper_bound":77233.06344199089},"point_estimate":77052.50573080967,"standard_error":90.3253975584921},"MedianAbsDev":{"confidence_interval":{"confidence_level":0.95,"lower_bound":41.42910096007124,"upper_bound":421.9271399856346},"point_estimate":261.08985677377404,"standard_error":92.82708830164943},"Slope":{"confidence_interval":{"confidence_level":0.95,"lower_bound":76853.37869872455,"upper_bound":77093.71412706812},"point_estimate":76963.49891433488,"standard_error":61.575059593263475},"StdDev":{"confidence_interval":{"confidence_level":0.95,"lower_bound":123.86441180112598,"upper_bound":350.80415206921776},"point_estimate":263.0887931657325,"standard_error":61.82741260613216}}