{"Mean":{"confidence_interval":{"confidence_level":0.95,"lower_bound":11488.686899762997,"upper_bound":11635.881712692668},"point_estimate":11559.795644885553,"standard_error":37.73737998125997},"Median":{"confidence_interval":{"confidence_level":0.95,"lower_bound":11434.61093397951,"upper_bound":11661.288324193341},"point_estimate":11536.327755206152,"standard_error":62.64786396402289},"MedianAbsDev":{"confidence_interval":{"confidence_level":0.95,"lower_bound":13.295475095546497,"upper_bound":209.59096867188666},"point_estimate":151.79129049800056,"standard_error":51.47644038642686},"Slope":{"confidence_interval":{"confidence_level":0.95,"lower_bound":11540.267797217166,"upper_bound":11668.031866250565},"point_estimate":11616.860631015457,"standard_error":32.05663669764056},"StdDev":{"confidence_interval":{"confidence_level":0.95,"lower_bound":73.4672716581658,"upper_bound":154.0799770262616},"point_estimate":125.79641739832795,"standard_error":20.9159004960782}}