{"Mean":{"confidence_interval":{"confidence_level":0.95,"lower_bound":108630.15727984422,"upper_bound":109317.65717862252},"point_estimate":108986.3993492972,"standard_error":176.3234625699882},"Median":{"confidence_interval":{"confidence_level":0.95,"lower_bound":108439.99713876967,"upper_bound":109443.45672389127},"point_estimate":109088.8469241774,"standard_error":268.8891028185077},"MedianAbsDev":{"confidence_interval":{"confidence_level":0.95,"lower_bound":142.85923213232485,"upper_bound":986.9013687021738},"point_estimate":595.4761060590853,"standard_error":221.69238089455033},"Slope":{"confidence_interval":{"confidence_level":0.95,"lower_bound":109054.6507700666,"upper_bound":109572.03500133629},"point_estimate":109361.11942106535,"standard_error":133.67814466277986},"StdDev":{"confidence_interval":{"confidence_level":0.95,"lower_bound":329.7347623019331,"upper_bound":730.959994691344},"point_estimate":590.0415516617334,"standard_error":101.69736096482953}}