{"Mean":{"confidence_interval":{"confidence_level":0.95,"lower_bound":1662.050668162845,"upper_bound":1733.6922069806205},"point_estimate":1701.828632251417,"standard_error":18.450887411069814},"Median":{"confidence_interval":{"confidence_level":0.95,"lower_bound":1669.57773331199,"upper_bound":1751.884795902033},"point_estimate":1712.4163518488876,"standard_error":18.41640474368815},"MedianAbsDev":{"confidence_interval":{"confidence_level":0.95,"lower_bound":3.2704446417940534,"upper_bound":85.44231548005422},"point_estimate":43.491478089725334,"standard_error":22.529942286849813},"Slope":{"confidence_interval":{"confidence_level":0.95,"lower_bound":1711.5962051726074,"upper_bound":1747.592183675201},"point_estimate":1733.2514336439933,"standard_error":9.166601440971952},"StdDev":{"confidence_interval":{"confidence_level":0.95,"lower_bound":22.32663482300249,"upper_bound":85.12060244972227},"point_estimate":61.71208736186516,"standard_error":17.799227820673725}}