{"Mean":{"confidence_interval":{"confidence_level":0.95,"lower_bound":77.8104127816046,"upper_bound":83.24759490303423},"point_estimate":80.19991265884033,"standard_error":1.404418610313814},"Median":{"confidence_interval":{"confidence_level":0.95,"lower_bound":76.65689651916067,"upper_bound":82.71447315239769},"point_estimate":79.35868675279053,"standard_error":1.2738126651360306},"MedianAbsDev":{"confidence_interval":{"confidence_level":0.95,"lower_bound":0.3101514468139603,"upper_bound":5.433944562413511},"point_estimate":3.3851595836489317,"standard_error":1.6029946543451024},"Slope":{"confidence_interval":{"confidence_level":0.95,"lower_bound":77.6648110104714,"upper_bound":79.84071020706241},"point_estimate":78.97224006657969,"standard_error":0.5524230313105416},"StdDev":{"confidence_interval":{"confidence_level":0.95,"lower_bound":1.4181239376311134,"upper_bound":6.4572397514906745},"point_estimate":4.698547116852951,"standard_error":1.3897905705468403}}