{"Mean":{"confidence_interval":{"confidence_level":0.95,"lower_bound":1999301.486015231,"upper_bound":2001953.6202941178},"point_estimate":2000700.3056057424,"standard_error":679.1319787063937},"Median":{"confidence_interval":{"confidence_level":0.95,"lower_bound":1999380.1974789917,"upper_bound":2002483.0647058822},"point_estimate":2001174.9797794116,"standard_error":779.6311201581199},"MedianAbsDev":{"confidence_interval":{"confidence_level":0.95,"lower_bound":363.83166876139455,"upper_bound":3766.6847719516472},"point_estimate":2244.1311428790164,"standard_error":892.822835225028},"Slope":{"confidence_interval":{"confidence_level":0.95,"lower_bound":1999972.0243370654,"upper_bound":2002417.6836103755},"point_estimate":2001092.7154316271,"standard_error":640.6980830361618},"StdDev":{"confidence_interval":{"confidence_level":0.95,"lower_bound":1084.4753223898572,"upper_bound":3024.6738787781533},"point_estimate":2262.5316987176534,"standard_error":527.4746635384753}}