{"Mean":{"confidence_interval":{"confidence_level":0.95,"lower_bound":4761.443838686999,"upper_bound":4823.137679093131},"point_estimate":4793.283679545274,"standard_error":15.83733951528159},"Median":{"confidence_interval":{"confidence_level":0.95,"lower_bound":4742.48730771524,"upper_bound":4841.860124016218},"point_estimate":4808.283682128946,"standard_error":26.10441489858599},"MedianAbsDev":{"confidence_interval":{"confidence_level":0.95,"lower_bound":10.909248969509903,"upper_bound":87.8175623912611},"point_estimate":60.68968082780044,"standard_error":20.688237457790976},"Slope":{"confidence_interval":{"confidence_level":0.95,"lower_bound":4799.213139470548,"upper_bound":4841.911984469257},"point_estimate":4826.170172303251,"standard_error":11.065440701509969},"StdDev":{"confidence_interval":{"confidence_level":0.95,"lower_bound":29.511935883366156,"upper_bound":63.35836720178697},"point_estimate":52.72848348987199,"standard_error":8.43826742482738}}