{"Mean":{"confidence_interval":{"confidence_level":0.95,"lower_bound":16760991.5040625,"upper_bound":16835862.976601854},"point_estimate":16800789.082387567,"standard_error":19215.51232496204},"Median":{"confidence_interval":{"confidence_level":0.95,"lower_bound":16753222.75,"upper_bound":16855834.00925926},"point_estimate":16816703.166666664,"standard_error":29427.855680171237},"MedianAbsDev":{"confidence_interval":{"confidence_level":0.95,"lower_bound":5428.004420299098,"upper_bound":112996.50113558021},"point_estimate":59181.03375266008,"standard_error":27346.84377505342},"Slope":{"confidence_interval":{"confidence_level":0.95,"lower_bound":16739106.242279021,"upper_bound":16850776.673245613},"point_estimate":16805286.11298701,"standard_error":28858.752761707205},"StdDev":{"confidence_interval":{"confidence_level":0.95,"lower_bound":33365.70096320402,"upper_bound":83361.45642255133},"point_estimate":64090.875940643346,"standard_error":13666.317545058128}}