{"Mean":{"confidence_interval":{"confidence_level":0.95,"lower_bound":5870871.41797381,"upper_bound":6040996.855851191},"point_estimate":5966181.946904762,"standard_error":44173.73130605258},"Median":{"confidence_interval":{"confidence_level":0.95,"lower_bound":5868863.666666666,"upper_bound":6045456.26},"point_estimate":6028138.24,"standard_error":37129.28390285539},"MedianAbsDev":{"confidence_interval":{"confidence_level":0.95,"lower_bound":6837.209929614928,"upper_bound":186273.95953297647},"point_estimate":40347.31753969155,"standard_error":41988.23614738794},"Slope":{"confidence_interval":{"confidence_level":0.95,"lower_bound":6014803.78136646,"upper_bound":6057065.22044304},"point_estimate":6040553.718961039,"standard_error":10928.633361762295},"StdDev":{"confidence_interval":{"confidence_level":0.95,"lower_bound":24683.37986832579,"upper_bound":192793.14338299923},"point_estimate":147256.79210050547,"standard_error":44829.14920954701}}