{"Mean":{"confidence_interval":{"confidence_level":0.95,"lower_bound":6191.328823379933,"upper_bound":6320.852892487383},"point_estimate":6260.853547719354,"standard_error":33.21741229971993},"Median":{"confidence_interval":{"confidence_level":0.95,"lower_bound":6199.219513830929,"upper_bound":6330.4605460832245},"point_estimate":6292.846501861346,"standard_error":43.04181143956356},"MedianAbsDev":{"confidence_interval":{"confidence_level":0.95,"lower_bound":10.270931646278568,"upper_bound":177.18752150055735},"point_estimate":97.44500799189622,"standard_error":43.44302645112931},"Slope":{"confidence_interval":{"confidence_level":0.95,"lower_bound":6254.9164846360245,"upper_bound":6338.215308375198},"point_estimate":6299.3846196726845,"standard_error":21.018222343506228},"StdDev":{"confidence_interval":{"confidence_level":0.95,"lower_bound":51.9318915373958,"upper_bound":151.5979831319642},"point_estimate":110.94068438660233,"standard_error":28.147058741833483}}