{"Mean":{"confidence_interval":{"confidence_level":0.95,"lower_bound":57111.16595607236,"upper_bound":60666.12569346392},"point_estimate":58964.57457318199,"standard_error":912.6221107864401},"Median":{"confidence_interval":{"confidence_level":0.95,"lower_bound":56202.104651162794,"upper_bound":61546.74289405685},"point_estimate":59925.19089147287,"standard_error":1329.098504354125},"MedianAbsDev":{"confidence_interval":{"confidence_level":0.95,"lower_bound":593.0554332211632,"upper_bound":5324.414519813829},"point_estimate":2754.375831914005,"standard_error":1176.3220494781297},"Slope":{"confidence_interval":{"confidence_level":0.95,"lower_bound":59678.09159848138,"upper_bound":61912.700914331144},"point_estimate":61085.38311688312,"standard_error":574.6500959696821},"StdDev":{"confidence_interval":{"confidence_level":0.95,"lower_bound":1590.9159696989047,"upper_bound":3693.473952057524},"point_estimate":3043.589007353698,"standard_error":520.733946541611}}