{"Mean":{"confidence_interval":{"confidence_level":0.95,"lower_bound":3119094.313106061,"upper_bound":3135132.0124848485},"point_estimate":3127373.7392424247,"standard_error":4092.4995130962716},"Median":{"confidence_interval":{"confidence_level":0.95,"lower_bound":3115122.159090909,"upper_bound":3138595.691287879},"point_estimate":3129347.194318182,"standard_error":6071.32945719405},"MedianAbsDev":{"confidence_interval":{"confidence_level":0.95,"lower_bound":2920.016028386713,"upper_bound":23590.77136299791},"point_estimate":13077.98067236457,"standard_error":5225.700734472949},"Slope":{"confidence_interval":{"confidence_level":0.95,"lower_bound":3125020.2129594986,"upper_bound":3136607.4788501984},"point_estimate":3131410.8239669423,"standard_error":2908.5447360504713},"StdDev":{"confidence_interval":{"confidence_level":0.95,"lower_bound":7406.143254916803,"upper_bound":16895.962611662824},"point_estimate":13644.580877964407,"standard_error":2411.5809014137185}}