{"Mean":{"confidence_interval":{"confidence_level":0.95,"lower_bound":2489917.4564625854,"upper_bound":2515581.9133782317},"point_estimate":2502377.073367347,"standard_error":6586.954443235419},"Median":{"confidence_interval":{"confidence_level":0.95,"lower_bound":2483333.7714285715,"upper_bound":2523206.8571428573},"point_estimate":2496151.604761905,"standard_error":13441.240804146624},"MedianAbsDev":{"confidence_interval":{"confidence_level":0.95,"lower_bound":859.0825698913526,"upper_bound":34647.90954487665},"point_estimate":22426.40730185216,"standard_error":10788.879491766498},"Slope":{"confidence_interval":{"confidence_level":0.95,"lower_bound":2484661.500947984,"upper_bound":2522056.929503611},"point_estimate":2503629.335658627,"standard_error":9633.380872028005},"StdDev":{"confidence_interval":{"confidence_level":0.95,"lower_bound":14058.297901146607,"upper_bound":25693.725340355104},"point_estimate":21949.475296203334,"standard_error":3012.3659520664673}}