{"Mean":{"confidence_interval":{"confidence_level":0.95,"lower_bound":205751.80279246625,"upper_bound":206232.4096766169},"point_estimate":205967.88189196872,"standard_error":123.53197171127516},"Median":{"confidence_interval":{"confidence_level":0.95,"lower_bound":205676.50970149253,"upper_bound":206159.30447761193},"point_estimate":205871.6800995025,"standard_error":123.80970658403832},"MedianAbsDev":{"confidence_interval":{"confidence_level":0.95,"lower_bound":53.27121851695858,"upper_bound":586.6157952720423},"point_estimate":319.19028657203046,"standard_error":127.87462668465623},"Slope":{"confidence_interval":{"confidence_level":0.95,"lower_bound":205770.41879110195,"upper_bound":206051.884053957},"point_estimate":205904.79114557084,"standard_error":71.19368241178755},"StdDev":{"confidence_interval":{"confidence_level":0.95,"lower_bound":168.39727042952052,"upper_bound":578.0725053778782},"point_estimate":412.3516761631453,"standard_error":119.98503454264203}}