{"Mean":{"confidence_interval":{"confidence_level":0.95,"lower_bound":210.11808060115186,"upper_bound":218.84666002879766},"point_estimate":215.3870260439165,"standard_error":2.3627652188535815},"Median":{"confidence_interval":{"confidence_level":0.95,"lower_bound":215.65069654427646,"upper_bound":219.15158243340534},"point_estimate":216.75452375809937,"standard_error":0.9966294866660155},"MedianAbsDev":{"confidence_interval":{"confidence_level":0.95,"lower_bound":0.5375109366235867,"upper_bound":5.355162329164019},"point_estimate":1.8268673727502185,"standard_error":1.4064976739559751},"Slope":{"confidence_interval":{"confidence_level":0.95,"lower_bound":216.21848364215074,"upper_bound":218.4423591242801},"point_estimate":217.1455801520294,"standard_error":0.5619736115969357},"StdDev":{"confidence_interval":{"confidence_level":0.95,"lower_bound":1.090736215556468,"upper_bound":11.981269058677723},"point_estimate":7.851086076028694,"standard_error":3.491912838446746}}