{"Mean":{"confidence_interval":{"confidence_level":0.95,"lower_bound":28290.836936631105,"upper_bound":30342.934116712273},"point_estimate":29465.02423602451,"standard_error":533.3608061933236},"Median":{"confidence_interval":{"confidence_level":0.95,"lower_bound":29194.008325250565,"upper_bound":30402.90485235478},"point_estimate":29770.121714932335,"standard_error":324.345972260067},"MedianAbsDev":{"confidence_interval":{"confidence_level":0.95,"lower_bound":244.7038138515657,"upper_bound":1907.1967454680048},"point_estimate":728.6591323886424,"standard_error":422.21216627084823},"Slope":{"confidence_interval":{"confidence_level":0.95,"lower_bound":29446.393303585577,"upper_bound":30875.88619394644},"point_estimate":30145.57156209455,"standard_error":370.92071135594875},"StdDev":{"confidence_interval":{"confidence_level":0.95,"lower_bound":443.25286237941026,"upper_bound":2621.0889521250897},"point_estimate":1779.4618507432779,"standard_error":654.9201112052151}}