{"Mean":{"confidence_interval":{"confidence_level":0.95,"lower_bound":1461.690449416952,"upper_bound":1975.4112830630368},"point_estimate":1641.988817663565,"standard_error":154.97463103146367},"Median":{"confidence_interval":{"confidence_level":0.95,"lower_bound":1457.9492780604855,"upper_bound":1507.1308080390183},"point_estimate":1497.2526822776606,"standard_error":38.73759952362439},"MedianAbsDev":{"confidence_interval":{"confidence_level":0.95,"lower_bound":3.227059610078268,"upper_bound":92.7015139259098},"point_estimate":16.982325704874743,"standard_error":48.002136859169724},"Slope":{"confidence_interval":{"confidence_level":0.95,"lower_bound":1490.596002241694,"upper_bound":1517.1254306340643},"point_estimate":1502.4940276718855,"standard_error":6.775609556320172},"StdDev":{"confidence_interval":{"confidence_level":0.95,"lower_bound":11.695811188463882,"upper_bound":792.261561515657},"point_estimate":516.3752579981498,"standard_error":281.21172758148873}}