{"Mean":{"confidence_interval":{"confidence_level":0.95,"lower_bound":4132358.47969724,"upper_bound":4162361.2693542563},"point_estimate":4147502.032568542,"standard_error":7634.472876773684},"Median":{"confidence_interval":{"confidence_level":0.95,"lower_bound":4126277.845454545,"upper_bound":4165804.4646464647},"point_estimate":4147207.1136363638,"standard_error":9954.206194073282},"MedianAbsDev":{"confidence_interval":{"confidence_level":0.95,"lower_bound":2267.9688006446318,"upper_bound":45344.360623309905},"point_estimate":29301.082286771692,"standard_error":10301.949517870116},"Slope":{"confidence_interval":{"confidence_level":0.95,"lower_bound":4122262.105858551,"upper_bound":4167808.9278410897},"point_estimate":4145705.3958677687,"standard_error":12426.519775356812},"StdDev":{"confidence_interval":{"confidence_level":0.95,"lower_bound":14000.221444162917,"upper_bound":32570.890052312912},"point_estimate":25471.36268007788,"standard_error":4742.077750311438}}