{"Mean":{"confidence_interval":{"confidence_level":0.95,"lower_bound":65038.36732950591,"upper_bound":72135.12849239487},"point_estimate":68638.38766912716,"standard_error":1814.4659287301497},"Median":{"confidence_interval":{"confidence_level":0.95,"lower_bound":62607.185412317325,"upper_bound":74938.51004697286},"point_estimate":69320.92647877523,"standard_error":3438.7961207415747},"MedianAbsDev":{"confidence_interval":{"confidence_level":0.95,"lower_bound":468.0288001459379,"upper_bound":10290.741022769933},"point_estimate":8150.017358244077,"standard_error":2511.130769886642},"Slope":{"confidence_interval":{"confidence_level":0.95,"lower_bound":69940.43673308995,"upper_bound":74504.54341448755},"point_estimate":73138.43736951983,"standard_error":1189.5038417489334},"StdDev":{"confidence_interval":{"confidence_level":0.95,"lower_bound":3884.453431456789,"upper_bound":7041.996763296431},"point_estimate":6058.245594035679,"standard_error":804.0741684215619}}