{"Mean":{"confidence_interval":{"confidence_level":0.95,"lower_bound":136262.87821470416,"upper_bound":136960.64838019916},"point_estimate":136617.4911262449,"standard_error":178.56072092990493},"Median":{"confidence_interval":{"confidence_level":0.95,"lower_bound":136093.8913884007,"upper_bound":137138.22147773873},"point_estimate":136569.1675454013,"standard_error":262.1146464222075},"MedianAbsDev":{"confidence_interval":{"confidence_level":0.95,"lower_bound":90.41210788518258,"upper_bound":1055.481290909996},"point_estimate":710.1105390098924,"standard_error":257.67949894152827},"Slope":{"confidence_interval":{"confidence_level":0.95,"lower_bound":136669.96184707136,"upper_bound":137165.9633107373},"point_estimate":136982.90365416658,"standard_error":124.97150997741652},"StdDev":{"confidence_interval":{"confidence_level":0.95,"lower_bound":342.66078380752685,"upper_bound":729.4182416862798},"point_estimate":594.8238915628957,"standard_error":99.1028963955131}}