{"Mean":{"confidence_interval":{"confidence_level":0.95,"lower_bound":80892.53106714862,"upper_bound":81087.21949805506},"point_estimate":80985.11940401385,"standard_error":49.90304240311702},"Median":{"confidence_interval":{"confidence_level":0.95,"lower_bound":80843.72471573908,"upper_bound":81159.0},"point_estimate":80935.49069793537,"standard_error":69.83073154058206},"MedianAbsDev":{"confidence_interval":{"confidence_level":0.95,"lower_bound":25.88885397260313,"upper_bound":269.2893090432136},"point_estimate":138.45430317703915,"standard_error":65.23794913766669},"Slope":{"confidence_interval":{"confidence_level":0.95,"lower_bound":80846.07098410113,"upper_bound":81134.23773271017},"point_estimate":80967.16135372706,"standard_error":78.20223187086681},"StdDev":{"confidence_interval":{"confidence_level":0.95,"lower_bound":77.34117630999368,"upper_bound":204.55538163393481},"point_estimate":166.40608741625127,"standard_error":30.32381168511703}}