{"Mean":{"confidence_interval":{"confidence_level":0.95,"lower_bound":17920.421574832464,"upper_bound":18474.534056766275},"point_estimate":18202.154545645266,"standard_error":142.4339516857426},"Median":{"confidence_interval":{"confidence_level":0.95,"lower_bound":17774.31496649293,"upper_bound":18646.864057015213},"point_estimate":18228.878381732437,"standard_error":257.90616893512856},"MedianAbsDev":{"confidence_interval":{"confidence_level":0.95,"lower_bound":58.013907287870026,"upper_bound":829.350495154468},"point_estimate":589.988795606524,"standard_error":195.92771024586423},"Slope":{"confidence_interval":{"confidence_level":0.95,"lower_bound":18195.13951202135,"upper_bound":18665.331995961507},"point_estimate":18518.15675121602,"standard_error":119.76901242871772},"StdDev":{"confidence_interval":{"confidence_level":0.95,"lower_bound":298.4216897630138,"upper_bound":568.8696115536392},"point_estimate":475.31168428638836,"standard_error":68.9475972751792}}