{"Mean":{"confidence_interval":{"confidence_level":0.95,"lower_bound":38841.75582047957,"upper_bound":40031.16236862148},"point_estimate":39377.07785137031,"standard_error":306.32676400579726},"Median":{"confidence_interval":{"confidence_level":0.95,"lower_bound":38635.5377135241,"upper_bound":39971.424676313785},"point_estimate":39236.25443005839,"standard_error":300.49925504418854},"MedianAbsDev":{"confidence_interval":{"confidence_level":0.95,"lower_bound":58.21619438152873,"upper_bound":1579.865532804789},"point_estimate":685.637902449224,"standard_error":385.1061020390697},"Slope":{"confidence_interval":{"confidence_level":0.95,"lower_bound":38581.693528101845,"upper_bound":39282.62981145929},"point_estimate":38912.550963887596,"standard_error":183.99208469560105},"StdDev":{"confidence_interval":{"confidence_level":0.95,"lower_bound":377.88833020213315,"upper_bound":1373.5822106147793},"point_estimate":1017.390531070261,"standard_error":271.59461300141805}}