{"Mean":{"confidence_interval":{"confidence_level":0.95,"lower_bound":1892911.53704847,"upper_bound":2156478.295036281},"point_estimate":2041713.175668934,"standard_error":67198.5096531698},"Median":{"confidence_interval":{"confidence_level":0.95,"lower_bound":1895577.225,"upper_bound":2166351.9275510204},"point_estimate":2155638.1393650793,"standard_error":65092.11157196918},"MedianAbsDev":{"confidence_interval":{"confidence_level":0.95,"lower_bound":1696.2078005532396,"upper_bound":328748.1916935529},"point_estimate":29747.68541687299,"standard_error":67908.37244716566},"Slope":{"confidence_interval":{"confidence_level":0.95,"lower_bound":2123013.4074675324,"upper_bound":2170378.0731095374},"point_estimate":2155602.5502040815,"standard_error":12542.765048745872},"StdDev":{"confidence_interval":{"confidence_level":0.95,"lower_bound":22730.44361335028,"upper_bound":282263.5859568542},"point_estimate":223270.48891242043,"standard_error":66719.62954563033}}