{"Mean":{"confidence_interval":{"confidence_level":0.95,"lower_bound":15839731.622619048,"upper_bound":16147932.378234126},"point_estimate":15977770.848878969,"standard_error":79065.80593312292},"Median":{"confidence_interval":{"confidence_level":0.95,"lower_bound":15794332.53125,"upper_bound":16054917.9},"point_estimate":15946954.520833332,"standard_error":57776.33131164076},"MedianAbsDev":{"confidence_interval":{"confidence_level":0.95,"lower_bound":17774.3130469428,"upper_bound":359891.54642314825},"point_estimate":124727.46840981327,"standard_error":86140.08336293176},"Slope":{"confidence_interval":{"confidence_level":0.95,"lower_bound":15921846.766153846,"upper_bound":16301010.11333132},"point_estimate":16088890.878571428,"standard_error":99999.09490293368},"StdDev":{"confidence_interval":{"confidence_level":0.95,"lower_bound":73678.85703852777,"upper_bound":378521.4249143802},"point_estimate":264009.9440691758,"standard_error":84187.27968925577}}