{"Mean":{"confidence_interval":{"confidence_level":0.95,"lower_bound":577.3574495662035,"upper_bound":595.2510614013239},"point_estimate":584.7212498474298,"standard_error":4.741434183302147},"Median":{"confidence_interval":{"confidence_level":0.95,"lower_bound":576.757622977777,"upper_bound":588.6107709200124},"point_estimate":579.5305308770965,"standard_error":3.081135124963594},"MedianAbsDev":{"confidence_interval":{"confidence_level":0.95,"lower_bound":1.2163044804657137,"upper_bound":15.229584657815249},"point_estimate":5.146405776799042,"standard_error":4.023653700747166},"Slope":{"confidence_interval":{"confidence_level":0.95,"lower_bound":578.6662811457567,"upper_bound":588.1141963134772},"point_estimate":584.3721917285258,"standard_error":2.4604456155664165},"StdDev":{"confidence_interval":{"confidence_level":0.95,"lower_bound":3.8005065853373683,"upper_bound":23.493923290853136},"point_estimate":15.805472050559413,"standard_error":6.1525122873311675}}