{"Mean":{"confidence_interval":{"confidence_level":0.95,"lower_bound":2485889.071481482,"upper_bound":2510017.84970668},"point_estimate":2498582.7516600527,"standard_error":6163.086159128732},"Median":{"confidence_interval":{"confidence_level":0.95,"lower_bound":2485206.8055555555,"upper_bound":2516915.0092592593},"point_estimate":2500152.2625,"standard_error":7771.315053378975},"MedianAbsDev":{"confidence_interval":{"confidence_level":0.95,"lower_bound":4399.002084402068,"upper_bound":35680.04093155274},"point_estimate":23235.84011164836,"standard_error":8041.180156731297},"Slope":{"confidence_interval":{"confidence_level":0.95,"lower_bound":2500611.1582687134,"upper_bound":2518816.36485826},"point_estimate":2512863.4054112555,"standard_error":4587.843721745963},"StdDev":{"confidence_interval":{"confidence_level":0.95,"lower_bound":10906.074025976603,"upper_bound":27050.280142967185},"point_estimate":20516.270071020852,"standard_error":4411.162270679612}}