{"Mean":{"confidence_interval":{"confidence_level":0.95,"lower_bound":1885153.3799595397,"upper_bound":1902181.8155501129},"point_estimate":1894314.9193296868,"standard_error":4382.8341240364425},"Median":{"confidence_interval":{"confidence_level":0.95,"lower_bound":1885202.3710585586,"upper_bound":1905892.1854354353},"point_estimate":1898250.5577220079,"standard_error":6727.150436082998},"MedianAbsDev":{"confidence_interval":{"confidence_level":0.95,"lower_bound":1522.7363591823967,"upper_bound":25461.783266341274},"point_estimate":13438.724708261709,"standard_error":6596.68314858437},"Slope":{"confidence_interval":{"confidence_level":0.95,"lower_bound":1885651.936030186,"upper_bound":1903307.2353663824},"point_estimate":1896480.3422955424,"standard_error":4523.548181761109},"StdDev":{"confidence_interval":{"confidence_level":0.95,"lower_bound":7379.893336872521,"upper_bound":19450.75532494247},"point_estimate":14598.742877762135,"standard_error":3406.7878316656524}}