{"Mean":{"confidence_interval":{"confidence_level":0.95,"lower_bound":7157.193881310175,"upper_bound":7461.536586065575},"point_estimate":7309.061160909446,"standard_error":77.90793315010414},"Median":{"confidence_interval":{"confidence_level":0.95,"lower_bound":7068.133743169399,"upper_bound":7546.796317980745},"point_estimate":7281.1322404371585,"standard_error":134.89385735226838},"MedianAbsDev":{"confidence_interval":{"confidence_level":0.95,"lower_bound":36.50594162989516,"upper_bound":425.2245563196085},"point_estimate":366.26570817986106,"standard_error":101.42229378529318},"Slope":{"confidence_interval":{"confidence_level":0.95,"lower_bound":7307.690830196317,"upper_bound":7595.895452057438},"point_estimate":7497.915863317011,"standard_error":73.75773238014847},"StdDev":{"confidence_interval":{"confidence_level":0.95,"lower_bound":166.30604595486486,"upper_bound":310.01221032860576},"point_estimate":259.9404364098328,"standard_error":36.9849695187677}}