{"Mean":{"confidence_interval":{"confidence_level":0.95,"lower_bound":61031.91883684623,"upper_bound":61659.920209657634},"point_estimate":61342.47683980149,"standard_error":160.13583175098123},"Median":{"confidence_interval":{"confidence_level":0.95,"lower_bound":60939.80327868852,"upper_bound":61574.884416471505},"point_estimate":61403.57382625181,"standard_error":143.7998659491899},"MedianAbsDev":{"confidence_interval":{"confidence_level":0.95,"lower_bound":64.56643729048234,"upper_bound":844.9007397541186},"point_estimate":279.49171318790695,"standard_error":224.02700411072283},"Slope":{"confidence_interval":{"confidence_level":0.95,"lower_bound":61215.09537260929,"upper_bound":62031.8882344909},"point_estimate":61658.34114176222,"standard_error":218.67138933756095},"StdDev":{"confidence_interval":{"confidence_level":0.95,"lower_bound":215.03616628721153,"upper_bound":727.2004071505208},"point_estimate":533.4989102799196,"standard_error":133.49281951702872}}