{"Mean":{"confidence_interval":{"confidence_level":0.95,"lower_bound":5629.80540483253,"upper_bound":5818.995729973339},"point_estimate":5727.421368601797,"standard_error":48.52800694070901},"Median":{"confidence_interval":{"confidence_level":0.95,"lower_bound":5609.348470522804,"upper_bound":5874.82733592881},"point_estimate":5728.891167964405,"standard_error":81.26990028189478},"MedianAbsDev":{"confidence_interval":{"confidence_level":0.95,"lower_bound":35.70231727494466,"upper_bound":304.5571331469794},"point_estimate":194.11925486088674,"standard_error":66.39126318177968},"Slope":{"confidence_interval":{"confidence_level":0.95,"lower_bound":5724.323057681559,"upper_bound":5875.070918767949},"point_estimate":5826.175144677347,"standard_error":38.224060340017715},"StdDev":{"confidence_interval":{"confidence_level":0.95,"lower_bound":98.14138299527484,"upper_bound":202.39025802354925},"point_estimate":162.03229095805048,"standard_error":27.93577052126139}}