{"Mean":{"confidence_interval":{"confidence_level":0.95,"lower_bound":268693.2789799662,"upper_bound":272117.87549708213},"point_estimate":270330.7539021942,"standard_error":875.7305542363719},"Median":{"confidence_interval":{"confidence_level":0.95,"lower_bound":267889.93235294113,"upper_bound":271809.5594771242},"point_estimate":270295.13522058824,"standard_error":932.9627362556571},"MedianAbsDev":{"confidence_interval":{"confidence_level":0.95,"lower_bound":313.75497717484814,"upper_bound":5130.997190401671},"point_estimate":1929.1988155538183,"standard_error":1198.3649384606033},"Slope":{"confidence_interval":{"confidence_level":0.95,"lower_bound":270402.89955867745,"upper_bound":274451.33276110445},"point_estimate":272417.3198777693,"standard_error":1136.7639817488182},"StdDev":{"confidence_interval":{"confidence_level":0.95,"lower_bound":1236.5241141175948,"upper_bound":3957.613556217708},"point_estimate":2917.7673517371754,"standard_error":704.4869523790381}}