{"Mean":{"confidence_interval":{"confidence_level":0.95,"lower_bound":3927.066511357257,"upper_bound":4164.253259809207},"point_estimate":4041.40631833941,"standard_error":60.64283023190012},"Median":{"confidence_interval":{"confidence_level":0.95,"lower_bound":3865.1320702163493,"upper_bound":4174.6219588029535},"point_estimate":4040.054519043918,"standard_error":70.43729384136932},"MedianAbsDev":{"confidence_interval":{"confidence_level":0.95,"lower_bound":35.893532163384144,"upper_bound":355.2644163915911},"point_estimate":191.1459510578347,"standard_error":78.35201083361925},"Slope":{"confidence_interval":{"confidence_level":0.95,"lower_bound":3954.184434704644,"upper_bound":4141.802866167076},"point_estimate":4056.83447913144,"standard_error":48.528724558528175},"StdDev":{"confidence_interval":{"confidence_level":0.95,"lower_bound":105.10523814811161,"upper_bound":266.49787721583533},"point_estimate":202.92850201158444,"standard_error":42.875894717227254}}