{"Mean":{"confidence_interval":{"confidence_level":0.95,"lower_bound":2643.3070259829706,"upper_bound":2735.4190164730326},"point_estimate":2681.2272813770696,"standard_error":24.310822364686572},"Median":{"confidence_interval":{"confidence_level":0.95,"lower_bound":2632.3091428716593,"upper_bound":2696.806980997866},"point_estimate":2666.6715055090217,"standard_error":16.457787722558386},"MedianAbsDev":{"confidence_interval":{"confidence_level":0.95,"lower_bound":6.413402063255546,"upper_bound":78.61470918250323},"point_estimate":47.47364410687463,"standard_error":18.134304729190337},"Slope":{"confidence_interval":{"confidence_level":0.95,"lower_bound":2652.0039805691827,"upper_bound":2691.0512440539624},"point_estimate":2672.5126704207287,"standard_error":10.17312599948094},"StdDev":{"confidence_interval":{"confidence_level":0.95,"lower_bound":22.46484982285869,"upper_bound":120.65379081112332},"point_estimate":80.65928443270482,"standard_error":31.527839795268235}}