{"Mean":{"confidence_interval":{"confidence_level":0.95,"lower_bound":7021.218136152917,"upper_bound":7134.811717197833},"point_estimate":7079.250249480628,"standard_error":29.19566882151644},"Median":{"confidence_interval":{"confidence_level":0.95,"lower_bound":6989.149933320632,"upper_bound":7168.355559789166},"point_estimate":7086.102651298661,"standard_error":45.88516727337576},"MedianAbsDev":{"confidence_interval":{"confidence_level":0.95,"lower_bound":27.613652826582076,"upper_bound":164.6461336715364},"point_estimate":109.01531385331276,"standard_error":36.238442306505405},"Slope":{"confidence_interval":{"confidence_level":0.95,"lower_bound":7092.5782259906855,"upper_bound":7178.213732727124},"point_estimate":7150.055622221177,"standard_error":22.14516428788174},"StdDev":{"confidence_interval":{"confidence_level":0.95,"lower_bound":58.046352837971554,"upper_bound":118.28359970433605},"point_estimate":97.31254774118091,"standard_error":15.429069333709966}}