{"Mean":{"confidence_interval":{"confidence_level":0.95,"lower_bound":1225291.8368595084,"upper_bound":1278238.8739957262},"point_estimate":1252017.436912393,"standard_error":13536.63044427156},"Median":{"confidence_interval":{"confidence_level":0.95,"lower_bound":1203058.0,"upper_bound":1295443.9759615385},"point_estimate":1259523.6086538462,"standard_error":27583.29079708657},"MedianAbsDev":{"confidence_interval":{"confidence_level":0.95,"lower_bound":6211.887181063004,"upper_bound":69979.63081004928},"point_estimate":57284.095872747566,"standard_error":18575.389794950435},"Slope":{"confidence_interval":{"confidence_level":0.95,"lower_bound":1261067.103866186,"upper_bound":1295454.8750173876},"point_estimate":1285343.4232767234,"standard_error":8906.383588354774},"StdDev":{"confidence_interval":{"confidence_level":0.95,"lower_bound":29948.41373105895,"upper_bound":51216.11182208605},"point_estimate":45128.061370535186,"standard_error":5445.69067328199}}