{"Mean":{"confidence_interval":{"confidence_level":0.95,"lower_bound":974153.9335086404,"upper_bound":988920.8261111109},"point_estimate":981292.1862013569,"standard_error":3768.440130929594},"Median":{"confidence_interval":{"confidence_level":0.95,"lower_bound":969042.4475806452,"upper_bound":989265.7278225806},"point_estimate":981605.6025345622,"standard_error":5532.768696342687},"MedianAbsDev":{"confidence_interval":{"confidence_level":0.95,"lower_bound":2671.3910779765315,"upper_bound":22850.98857737833},"point_estimate":12807.57497577861,"standard_error":4995.55778954743},"Slope":{"confidence_interval":{"confidence_level":0.95,"lower_bound":979261.6854063276,"upper_bound":997531.9424283612},"point_estimate":989944.4679514035,"standard_error":4766.94081511092},"StdDev":{"confidence_interval":{"confidence_level":0.95,"lower_bound":7188.794832195145,"upper_bound":16118.440724609292},"point_estimate":12533.424759878593,"standard_error":2424.0094797376564}}