{"Mean":{"confidence_interval":{"confidence_level":0.95,"lower_bound":1220639.6504656451,"upper_bound":1228124.226605306},"point_estimate":1223961.748228983,"standard_error":1931.6268015904561},"Median":{"confidence_interval":{"confidence_level":0.95,"lower_bound":1219307.5706790122,"upper_bound":1226687.0765873017},"point_estimate":1223053.4398148148,"standard_error":1753.2801258637594},"MedianAbsDev":{"confidence_interval":{"confidence_level":0.95,"lower_bound":704.2514608304243,"upper_bound":8529.167021910633},"point_estimate":4498.022308755178,"standard_error":2120.4390099217944},"Slope":{"confidence_interval":{"confidence_level":0.95,"lower_bound":1221613.1568573378,"upper_bound":1226401.8747445205},"point_estimate":1224037.1737373737,"standard_error":1192.7569829228644},"StdDev":{"confidence_interval":{"confidence_level":0.95,"lower_bound":2331.056938761465,"upper_bound":9029.625788257003},"point_estimate":6440.143346059192,"standard_error":1929.304860942094}}