{"Mean":{"confidence_interval":{"confidence_level":0.95,"lower_bound":1273979.5925801282,"upper_bound":1297205.2075320515},"point_estimate":1286171.4919391028,"standard_error":5961.443578336841},"Median":{"confidence_interval":{"confidence_level":0.95,"lower_bound":1265445.1794871795,"upper_bound":1302761.0576923077},"point_estimate":1293994.11875,"standard_error":9348.95097387624},"MedianAbsDev":{"confidence_interval":{"confidence_level":0.95,"lower_bound":3167.0687639657303,"upper_bound":31368.74570078611},"point_estimate":18249.448170382668,"standard_error":8224.957594005142},"Slope":{"confidence_interval":{"confidence_level":0.95,"lower_bound":1283069.8745539254,"upper_bound":1301789.4199044541},"point_estimate":1293850.8757242758,"standard_error":4934.807580995516},"StdDev":{"confidence_interval":{"confidence_level":0.95,"lower_bound":9826.241305313155,"upper_bound":23917.79854622727},"point_estimate":19840.675325498254,"standard_error":3483.6077857558}}