{"Mean":{"confidence_interval":{"confidence_level":0.95,"lower_bound":72259.452631604,"upper_bound":74334.52840087093},"point_estimate":73313.16029632415,"standard_error":530.8218299601873},"Median":{"confidence_interval":{"confidence_level":0.95,"lower_bound":71688.42377192983,"upper_bound":74959.61660818713},"point_estimate":73469.22747368421,"standard_error":1059.7826550090936},"MedianAbsDev":{"confidence_interval":{"confidence_level":0.95,"lower_bound":138.139800293141,"upper_bound":2703.6988122716953},"point_estimate":2204.3106791919677,"standard_error":746.8054837652334},"Slope":{"confidence_interval":{"confidence_level":0.95,"lower_bound":73636.92678505747,"upper_bound":74917.6499001996},"point_estimate":74536.52483937115,"standard_error":332.9597713816723},"StdDev":{"confidence_interval":{"confidence_level":0.95,"lower_bound":1162.6300438324672,"upper_bound":2063.485827609139},"point_estimate":1763.7983845676335,"standard_error":232.17167942101426}}