{"Mean":{"confidence_interval":{"confidence_level":0.95,"lower_bound":26523240.729444444,"upper_bound":26619246.49861111},"point_estimate":26564265.39361111,"standard_error":25086.781098225558},"Median":{"confidence_interval":{"confidence_level":0.95,"lower_bound":26505753.75,"upper_bound":26592143.25},"point_estimate":26543609.645833336,"standard_error":20507.844279196885},"MedianAbsDev":{"confidence_interval":{"confidence_level":0.95,"lower_bound":12187.146812802173,"upper_bound":96892.53728648328},"point_estimate":53001.31202153954,"standard_error":22613.441819967167},"Slope":{"confidence_interval":{"confidence_level":0.95,"lower_bound":26520314.25598086,"upper_bound":26664221.584326576},"point_estimate":26591141.804545455,"standard_error":36512.49572665562},"StdDev":{"confidence_interval":{"confidence_level":0.95,"lower_bound":26476.870222500507,"upper_bound":122018.11198590393},"point_estimate":83628.58492767751,"standard_error":29207.581854152115}}