{"Mean":{"confidence_interval":{"confidence_level":0.95,"lower_bound":97648.25172947653,"upper_bound":103496.99922422077},"point_estimate":100686.61264768054,"standard_error":1498.4055872166296},"Median":{"confidence_interval":{"confidence_level":0.95,"lower_bound":96812.82082324455,"upper_bound":104454.11891310196},"point_estimate":102040.33203043928,"standard_error":2071.64216944812},"MedianAbsDev":{"confidence_interval":{"confidence_level":0.95,"lower_bound":916.8576831293032,"upper_bound":8526.93681980305},"point_estimate":4997.961091014217,"standard_error":1904.8691666677107},"Slope":{"confidence_interval":{"confidence_level":0.95,"lower_bound":101628.42934315187,"upper_bound":104843.5276636119},"point_estimate":103647.62528222383,"standard_error":820.83435445551},"StdDev":{"confidence_interval":{"confidence_level":0.95,"lower_bound":2698.2078329543997,"upper_bound":6470.70899272319},"point_estimate":5002.392855422915,"standard_error":996.5736725235852}}