{"Mean":{"confidence_interval":{"confidence_level":0.95,"lower_bound":519491.73476580635,"upper_bound":532471.4291316527},"point_estimate":526408.4307683073,"standard_error":3323.619875881059},"Median":{"confidence_interval":{"confidence_level":0.95,"lower_bound":520463.17156862747,"upper_bound":531675.4705882353},"point_estimate":528993.331092437,"standard_error":2557.0583617853617},"MedianAbsDev":{"confidence_interval":{"confidence_level":0.95,"lower_bound":466.3252132336806,"upper_bound":19181.995572392778},"point_estimate":5534.500849978174,"standard_error":4657.350163699242},"Slope":{"confidence_interval":{"confidence_level":0.95,"lower_bound":527879.9291166848,"upper_bound":534722.0010315503},"point_estimate":531124.1103786969,"standard_error":1736.6258255993514},"StdDev":{"confidence_interval":{"confidence_level":0.95,"lower_bound":3638.7962287166174,"upper_bound":14990.567611980936},"point_estimate":11126.532353536404,"standard_error":2851.2140383367364}}