{"Mean":{"confidence_interval":{"confidence_level":0.95,"lower_bound":2460455.476697797,"upper_bound":2468902.6103357286},"point_estimate":2464423.598790367,"standard_error":2155.0768176744696},"Median":{"confidence_interval":{"confidence_level":0.95,"lower_bound":2458411.543103448,"upper_bound":2468682.6362889986},"point_estimate":2463767.5100574717,"standard_error":2604.8369603955202},"MedianAbsDev":{"confidence_interval":{"confidence_level":0.95,"lower_bound":1720.6573875556455,"upper_bound":12201.072916146511},"point_estimate":6568.975158952065,"standard_error":2560.773271363171},"Slope":{"confidence_interval":{"confidence_level":0.95,"lower_bound":2460790.577615887,"upper_bound":2474054.739110708},"point_estimate":2467677.061083744,"standard_error":3556.517251482121},"StdDev":{"confidence_interval":{"confidence_level":0.95,"lower_bound":3539.5079853088405,"upper_bound":9551.832056139929},"point_estimate":7172.671063487388,"standard_error":1663.4396225372639}}