{"Mean":{"confidence_interval":{"confidence_level":0.95,"lower_bound":1033.4787769876757,"upper_bound":1077.5705736508176},"point_estimate":1051.3749179808697,"standard_error":11.661829950274274},"Median":{"confidence_interval":{"confidence_level":0.95,"lower_bound":1039.9961631364804,"upper_bound":1049.7107650108965},"point_estimate":1041.6825317502066,"standard_error":3.684680992071657},"MedianAbsDev":{"confidence_interval":{"confidence_level":0.95,"lower_bound":0.12389909827371445,"upper_bound":31.253448658712117},"point_estimate":4.729140412020609,"standard_error":6.901977557962227},"Slope":{"confidence_interval":{"confidence_level":0.95,"lower_bound":1040.1867677640612,"upper_bound":1047.0822027153263},"point_estimate":1043.0660298895514,"standard_error":1.7844947529093098},"StdDev":{"confidence_interval":{"confidence_level":0.95,"lower_bound":3.5886452511656404,"upper_bound":58.92063274333334},"point_estimate":39.05271790466147,"standard_error":17.36581225210864}}