{"Mean":{"confidence_interval":{"confidence_level":0.95,"lower_bound":3449.289998430841,"upper_bound":3601.4992591812274},"point_estimate":3527.1657560933863,"standard_error":38.907603277270574},"Median":{"confidence_interval":{"confidence_level":0.95,"lower_bound":3391.0487602544013,"upper_bound":3627.2695824499956},"point_estimate":3558.3535502504074,"standard_error":61.95045549026345},"MedianAbsDev":{"confidence_interval":{"confidence_level":0.95,"lower_bound":18.060714154424954,"upper_bound":212.5952500094391},"point_estimate":104.01473428434895,"standard_error":52.26432510633632},"Slope":{"confidence_interval":{"confidence_level":0.95,"lower_bound":3555.291702176539,"upper_bound":3657.412224359585},"point_estimate":3618.0329572538253,"standard_error":25.922400649684686},"StdDev":{"confidence_interval":{"confidence_level":0.95,"lower_bound":74.47419119403594,"upper_bound":158.56038184366744},"point_estimate":129.51220575930515,"standard_error":21.13816980551371}}