{"Mean":{"confidence_interval":{"confidence_level":0.95,"lower_bound":857716.5328329764,"upper_bound":1056663.802434841},"point_estimate":953858.5099825396,"standard_error":50873.39907812812},"Median":{"confidence_interval":{"confidence_level":0.95,"lower_bound":785376.9,"upper_bound":1096550.945},"point_estimate":939290.9628571428,"standard_error":89931.27831343327},"MedianAbsDev":{"confidence_interval":{"confidence_level":0.95,"lower_bound":12623.604394686148,"upper_bound":283700.8060819706},"point_estimate":230543.74169703032,"standard_error":76613.57832166935},"Slope":{"confidence_interval":{"confidence_level":0.95,"lower_bound":933426.892881356,"upper_bound":1158466.4858153241},"point_estimate":1080588.3985454545,"standard_error":57234.39698782433},"StdDev":{"confidence_interval":{"confidence_level":0.95,"lower_bound":101842.96993959064,"upper_bound":202561.50271326306},"point_estimate":169730.45167920113,"standard_error":25445.091568699372}}