{"Mean":{"confidence_interval":{"confidence_level":0.95,"lower_bound":12816.239047898021,"upper_bound":12892.245549706282},"point_estimate":12856.575173309975,"standard_error":19.580852204884884},"Median":{"confidence_interval":{"confidence_level":0.95,"lower_bound":12809.427780475959,"upper_bound":12902.460336733042},"point_estimate":12885.358532661487,"standard_error":27.467091990977114},"MedianAbsDev":{"confidence_interval":{"confidence_level":0.95,"lower_bound":7.4082159812768005,"upper_bound":109.9497952626709},"point_estimate":53.69856499189978,"standard_error":28.099479360479812},"Slope":{"confidence_interval":{"confidence_level":0.95,"lower_bound":12871.822205833269,"upper_bound":12908.043959334598},"point_estimate":12894.25514466107,"standard_error":9.201099120062352},"StdDev":{"confidence_interval":{"confidence_level":0.95,"lower_bound":31.456868644681087,"upper_bound":84.09336218256927},"point_estimate":65.47850595783054,"standard_error":13.762968984849408}}