{"Mean":{"confidence_interval":{"confidence_level":0.95,"lower_bound":2232253.935384058,"upper_bound":2288446.1598550724},"point_estimate":2260955.7765217386,"standard_error":14376.851654899012},"Median":{"confidence_interval":{"confidence_level":0.95,"lower_bound":2213516.782608696,"upper_bound":2292840.9492753623},"point_estimate":2281025.8391304347,"standard_error":25235.231622774463},"MedianAbsDev":{"confidence_interval":{"confidence_level":0.95,"lower_bound":863.9851346611977,"upper_bound":75489.96185543765},"point_estimate":46433.64526694243,"standard_error":22640.765585167705},"Slope":{"confidence_interval":{"confidence_level":0.95,"lower_bound":2270797.251230517,"upper_bound":2312717.495568893},"point_estimate":2295340.1392433653,"standard_error":11077.392012133825},"StdDev":{"confidence_interval":{"confidence_level":0.95,"lower_bound":29129.94941797747,"upper_bound":58525.68252505512},"point_estimate":47838.82943602594,"standard_error":7575.512471383724}}