{"Mean":{"confidence_interval":{"confidence_level":0.95,"lower_bound":5782.816293585943,"upper_bound":6160.052253367351},"point_estimate":5965.342131468456,"standard_error":96.90804895121586},"Median":{"confidence_interval":{"confidence_level":0.95,"lower_bound":5654.945214453179,"upper_bound":6247.415942628603},"point_estimate":5917.571757343814,"standard_error":172.94628285925822},"MedianAbsDev":{"confidence_interval":{"confidence_level":0.95,"lower_bound":15.403874990628289,"upper_bound":569.5274672954307},"point_estimate":396.8221163017786,"standard_error":155.89665958104126},"Slope":{"confidence_interval":{"confidence_level":0.95,"lower_bound":5789.513244308751,"upper_bound":6199.358915567341},"point_estimate":5969.591448380608,"standard_error":105.99477325160585},"StdDev":{"confidence_interval":{"confidence_level":0.95,"lower_bound":186.95927460644717,"upper_bound":379.1257386225755},"point_estimate":322.9587534481647,"standard_error":48.09289571819964}}