{"Mean":{"confidence_interval":{"confidence_level":0.95,"lower_bound":278950.9584874291,"upper_bound":280390.03428670636},"point_estimate":279649.8943674887,"standard_error":369.5848750377467},"Median":{"confidence_interval":{"confidence_level":0.95,"lower_bound":278814.54906462587,"upper_bound":280574.79942460323},"point_estimate":279421.02111607144,"standard_error":379.1110897197075},"MedianAbsDev":{"confidence_interval":{"confidence_level":0.95,"lower_bound":145.7851732451557,"upper_bound":2148.2729771105337},"point_estimate":910.4142163160946,"standard_error":520.6278515156356},"Slope":{"confidence_interval":{"confidence_level":0.95,"lower_bound":279337.140470852,"upper_bound":280852.1689761905},"point_estimate":280164.02869202226,"standard_error":387.8571107625072},"StdDev":{"confidence_interval":{"confidence_level":0.95,"lower_bound":606.7867114063947,"upper_bound":1612.7652179783265},"point_estimate":1241.2535256068534,"standard_error":259.0749903988512}}