{"Mean":{"confidence_interval":{"confidence_level":0.95,"lower_bound":8802.255115116606,"upper_bound":9018.850819487892},"point_estimate":8913.765098780143,"standard_error":55.70896516739893},"Median":{"confidence_interval":{"confidence_level":0.95,"lower_bound":8730.97945776851,"upper_bound":9061.663795620438},"point_estimate":8976.031756790308,"standard_error":87.17013076002917},"MedianAbsDev":{"confidence_interval":{"confidence_level":0.95,"lower_bound":28.07919125331928,"upper_bound":302.99266188357876},"point_estimate":183.31255662876234,"standard_error":72.88657031107805},"Slope":{"confidence_interval":{"confidence_level":0.95,"lower_bound":8907.032619515996,"upper_bound":9086.720778563436},"point_estimate":9028.094640250261,"standard_error":45.717768120612796},"StdDev":{"confidence_interval":{"confidence_level":0.95,"lower_bound":103.83268976127574,"upper_bound":223.08703614675954},"point_estimate":186.3660601646733,"standard_error":29.574871307730174}}