{"Mean":{"confidence_interval":{"confidence_level":0.95,"lower_bound":171443.56750225776,"upper_bound":172687.8391612274},"point_estimate":171930.14829091408,"standard_error":341.0151784020772},"Median":{"confidence_interval":{"confidence_level":0.95,"lower_bound":171392.2859195402,"upper_bound":171959.86590038316},"point_estimate":171611.23532430214,"standard_error":143.80817071059133},"MedianAbsDev":{"confidence_interval":{"confidence_level":0.95,"lower_bound":41.66465012237498,"upper_bound":741.0556864988234},"point_estimate":309.9553063650132,"standard_error":222.056863488082},"Slope":{"confidence_interval":{"confidence_level":0.95,"lower_bound":171550.58877199655,"upper_bound":171875.94482997328},"point_estimate":171685.1250783699,"standard_error":84.78821000591955},"StdDev":{"confidence_interval":{"confidence_level":0.95,"lower_bound":193.84558876282904,"upper_bound":1730.4484521987795},"point_estimate":1133.7255249085763,"standard_error":510.92215816076595}}