{"Mean":{"confidence_interval":{"confidence_level":0.95,"lower_bound":1404.207497797948,"upper_bound":1415.2854561760066},"point_estimate":1409.1905767166536,"standard_error":2.8416818647761595},"Median":{"confidence_interval":{"confidence_level":0.95,"lower_bound":1404.23235359116,"upper_bound":1412.7638147855828},"point_estimate":1406.5325256511444,"standard_error":2.2514238814035914},"MedianAbsDev":{"confidence_interval":{"confidence_level":0.95,"lower_bound":0.19795225504912653,"upper_bound":13.925800995861616},"point_estimate":4.899721824614896,"standard_error":3.4920120989587486},"Slope":{"confidence_interval":{"confidence_level":0.95,"lower_bound":1405.6297414983844,"upper_bound":1420.822756236562},"point_estimate":1413.8502746440615,"standard_error":3.738756475511076},"StdDev":{"confidence_interval":{"confidence_level":0.95,"lower_bound":3.4387395571258406,"upper_bound":13.247543093808765},"point_estimate":9.470648659546812,"standard_error":2.7666712265259994}}