{"Mean":{"confidence_interval":{"confidence_level":0.95,"lower_bound":197.60464097883926,"upper_bound":224.8887125064469},"point_estimate":212.7636333764624,"standard_error":6.950580993955233},"Median":{"confidence_interval":{"confidence_level":0.95,"lower_bound":193.19769034949707,"upper_bound":227.49249157341444},"point_estimate":223.42661878202586,"standard_error":7.622698818520852},"MedianAbsDev":{"confidence_interval":{"confidence_level":0.95,"lower_bound":1.1419114062212654,"upper_bound":31.52384881129225},"point_estimate":9.10868512410005,"standard_error":6.993494946126035},"Slope":{"confidence_interval":{"confidence_level":0.95,"lower_bound":214.99449882196157,"upper_bound":225.29586619036485},"point_estimate":219.2008584923659,"standard_error":2.5900900976953363},"StdDev":{"confidence_interval":{"confidence_level":0.95,"lower_bound":5.487928009328999,"upper_bound":29.060161371128334},"point_estimate":23.211341631966288,"standard_error":6.279421220288982}}