{"Mean":{"confidence_interval":{"confidence_level":0.95,"lower_bound":4041933.434212372,"upper_bound":4597160.578018708},"point_estimate":4335625.09932823,"standard_error":142810.1904670294},"Median":{"confidence_interval":{"confidence_level":0.95,"lower_bound":3748941.214285714,"upper_bound":4681287.05},"point_estimate":4535202.174319727,"standard_error":216735.83129735556},"MedianAbsDev":{"confidence_interval":{"confidence_level":0.95,"lower_bound":55657.36529045589,"upper_bound":742179.694593677},"point_estimate":233163.33523552312,"standard_error":176195.97488426734},"Slope":{"confidence_interval":{"confidence_level":0.95,"lower_bound":4462317.797473867,"upper_bound":4693494.020619938},"point_estimate":4602944.11948052,"standard_error":58629.25393803185},"StdDev":{"confidence_interval":{"confidence_level":0.95,"lower_bound":155415.45101229387,"upper_bound":564921.8244141086},"point_estimate":475220.8850378415,"standard_error":88089.91889752651}}