{"Mean":{"confidence_interval":{"confidence_level":0.95,"lower_bound":417405.8358225258,"upper_bound":421114.7497191134},"point_estimate":419022.4969307293,"standard_error":950.6549942426643},"Median":{"confidence_interval":{"confidence_level":0.95,"lower_bound":417307.41751152073,"upper_bound":421176.7131336406},"point_estimate":417980.9729902714,"standard_error":783.4430725508502},"MedianAbsDev":{"confidence_interval":{"confidence_level":0.95,"lower_bound":156.04340322050876,"upper_bound":4561.288849666118},"point_estimate":725.0591240861562,"standard_error":914.7138678425647},"Slope":{"confidence_interval":{"confidence_level":0.95,"lower_bound":417479.15608109237,"upper_bound":418984.57765674166},"point_estimate":417990.25787300256,"standard_error":388.73554220698196},"StdDev":{"confidence_interval":{"confidence_level":0.95,"lower_bound":504.588720586001,"upper_bound":4052.6156494638813},"point_estimate":3164.8046079176743,"standard_error":931.2297167573834}}