{"Mean":{"confidence_interval":{"confidence_level":0.95,"lower_bound":158522.6886764635,"upper_bound":166194.57144617752},"point_estimate":161442.69081359523,"standard_error":2154.9124566379355},"Median":{"confidence_interval":{"confidence_level":0.95,"lower_bound":158098.38123435393,"upper_bound":161184.13344887347},"point_estimate":159260.79779029463,"standard_error":990.3508015192245},"MedianAbsDev":{"confidence_interval":{"confidence_level":0.95,"lower_bound":532.065603118945,"upper_bound":3833.0571004071726},"point_estimate":2235.888592800711,"standard_error":981.6375952484979},"Slope":{"confidence_interval":{"confidence_level":0.95,"lower_bound":158160.70213701867,"upper_bound":161057.26798679095},"point_estimate":159580.64317450314,"standard_error":753.1921762860468},"StdDev":{"confidence_interval":{"confidence_level":0.95,"lower_bound":1114.4054395027968,"upper_bound":10974.844425079082},"point_estimate":7160.309087491257,"standard_error":3400.591083414844}}