{"Mean":{"confidence_interval":{"confidence_level":0.95,"lower_bound":20173.788625249144,"upper_bound":21058.536843885282},"point_estimate":20593.187984352455,"standard_error":227.28962843916},"Median":{"confidence_interval":{"confidence_level":0.95,"lower_bound":19966.465753517317,"upper_bound":21152.94734848485},"point_estimate":20438.956620896464,"standard_error":368.6063981191192},"MedianAbsDev":{"confidence_interval":{"confidence_level":0.95,"lower_bound":108.73310520217582,"upper_bound":1350.1264769963757},"point_estimate":738.8544807700223,"standard_error":340.04012768755285},"Slope":{"confidence_interval":{"confidence_level":0.95,"lower_bound":20010.05203125,"upper_bound":20820.901697008925},"point_estimate":20303.660180047227,"standard_error":219.52501478406086},"StdDev":{"confidence_interval":{"confidence_level":0.95,"lower_bound":414.95031805625405,"upper_bound":967.4213938042616},"point_estimate":756.5211352100252,"standard_error":149.4205756339696}}