{"Mean":{"confidence_interval":{"confidence_level":0.95,"lower_bound":1578.0891503937803,"upper_bound":1587.3114613449432},"point_estimate":1582.6287781432227,"standard_error":2.3626529622116554},"Median":{"confidence_interval":{"confidence_level":0.95,"lower_bound":1578.286402915261,"upper_bound":1590.3579598116635},"point_estimate":1580.2435199750016,"standard_error":3.1232821869396696},"MedianAbsDev":{"confidence_interval":{"confidence_level":0.95,"lower_bound":0.916586803880777,"upper_bound":14.809362192592486},"point_estimate":4.5776499472773935,"standard_error":3.8122440197680545},"Slope":{"confidence_interval":{"confidence_level":0.95,"lower_bound":1578.088746878924,"upper_bound":1584.5411830002272},"point_estimate":1581.1131912576357,"standard_error":1.6467813564411133},"StdDev":{"confidence_interval":{"confidence_level":0.95,"lower_bound":4.0121682669380485,"upper_bound":10.18126669286384},"point_estimate":7.8551820321538806,"standard_error":1.5403884542594486}}