{"Mean":{"confidence_interval":{"confidence_level":0.95,"lower_bound":708.558283145568,"upper_bound":768.5105062836085},"point_estimate":739.2456723468592,"standard_error":15.382661702981872},"Median":{"confidence_interval":{"confidence_level":0.95,"lower_bound":689.8747081094562,"upper_bound":785.1184996259267},"point_estimate":750.6741153408925,"standard_error":27.26712273368647},"MedianAbsDev":{"confidence_interval":{"confidence_level":0.95,"lower_bound":10.601463868724922,"upper_bound":84.90273595441762},"point_estimate":56.17790726229504,"standard_error":20.253044255533368},"Slope":{"confidence_interval":{"confidence_level":0.95,"lower_bound":747.7560781707213,"upper_bound":787.294207741176},"point_estimate":774.0931604204814,"standard_error":10.22007226849756},"StdDev":{"confidence_interval":{"confidence_level":0.95,"lower_bound":31.266112411708082,"upper_bound":62.191293774931054},"point_estimate":51.39447978611892,"standard_error":8.01917062723024}}