{"Mean":{"confidence_interval":{"confidence_level":0.95,"lower_bound":39375.39560653607,"upper_bound":40674.921839569164},"point_estimate":40002.85758713362,"standard_error":330.6132782139852},"Median":{"confidence_interval":{"confidence_level":0.95,"lower_bound":39126.39071134627,"upper_bound":41151.47677248677},"point_estimate":39248.33037037037,"standard_error":670.093454825564},"MedianAbsDev":{"confidence_interval":{"confidence_level":0.95,"lower_bound":21.079080847988493,"upper_bound":1548.6162270391817},"point_estimate":248.64638399305667,"standard_error":511.37615721748136},"Slope":{"confidence_interval":{"confidence_level":0.95,"lower_bound":39148.596618430056,"upper_bound":40529.54447914104},"point_estimate":39844.21375661375,"standard_error":367.98847712710887},"StdDev":{"confidence_interval":{"confidence_level":0.95,"lower_bound":621.2589708449358,"upper_bound":1231.4419164589242},"point_estimate":1100.962938778565,"standard_error":154.94118859497055}}