{"Mean":{"confidence_interval":{"confidence_level":0.95,"lower_bound":2897901.7134693875,"upper_bound":2935300.8080654754},"point_estimate":2916283.876267007,"standard_error":9598.17005714236},"Median":{"confidence_interval":{"confidence_level":0.95,"lower_bound":2881364.3928571427,"upper_bound":2946037.467857143},"point_estimate":2912766.3973214286,"standard_error":16878.998137081377},"MedianAbsDev":{"confidence_interval":{"confidence_level":0.95,"lower_bound":679.4279129375461,"upper_bound":55659.20971542333},"point_estimate":43563.77335158844,"standard_error":12942.708013747773},"Slope":{"confidence_interval":{"confidence_level":0.95,"lower_bound":2910177.5031548464,"upper_bound":2947060.9243386243},"point_estimate":2931807.3094619666,"standard_error":9469.019870793403},"StdDev":{"confidence_interval":{"confidence_level":0.95,"lower_bound":19872.352780624784,"upper_bound":37801.3792958781},"point_estimate":31954.69426044943,"standard_error":4559.946105320685}}