{"Mean":{"confidence_interval":{"confidence_level":0.95,"lower_bound":7765.9125915666355,"upper_bound":7912.152796757978},"point_estimate":7838.015812765344,"standard_error":37.39165386221406},"Median":{"confidence_interval":{"confidence_level":0.95,"lower_bound":7732.836565096953,"upper_bound":7935.999658014432},"point_estimate":7838.872905949083,"standard_error":49.770572585040426},"MedianAbsDev":{"confidence_interval":{"confidence_level":0.95,"lower_bound":33.222286390796,"upper_bound":211.93385338833994},"point_estimate":128.6024030210472,"standard_error":45.04984241253633},"Slope":{"confidence_interval":{"confidence_level":0.95,"lower_bound":7808.796242081049,"upper_bound":7923.137198120699},"point_estimate":7883.5322117094975,"standard_error":28.972224139368045},"StdDev":{"confidence_interval":{"confidence_level":0.95,"lower_bound":70.4097848366987,"upper_bound":158.49015287879826},"point_estimate":124.51414876974039,"standard_error":22.7147397154166}}