{"Mean":{"confidence_interval":{"confidence_level":0.95,"lower_bound":2399.090637158716,"upper_bound":2419.8515964360727},"point_estimate":2409.3191737230873,"standard_error":5.3369600859807695},"Median":{"confidence_interval":{"confidence_level":0.95,"lower_bound":2394.156697269727,"upper_bound":2428.394846341777},"point_estimate":2407.2282448244823,"standard_error":8.925136299315275},"MedianAbsDev":{"confidence_interval":{"confidence_level":0.95,"lower_bound":5.097688478354813,"upper_bound":29.1849322925451},"point_estimate":22.06439176453418,"standard_error":6.612085982157358},"Slope":{"confidence_interval":{"confidence_level":0.95,"lower_bound":2405.3914957578763,"upper_bound":2427.713597839784},"point_estimate":2418.046858919658,"standard_error":5.699119792527219},"StdDev":{"confidence_interval":{"confidence_level":0.95,"lower_bound":10.880691713247195,"upper_bound":20.99878378697039},"point_estimate":17.74125911739465,"standard_error":2.548005648651884}}