{"Mean":{"confidence_interval":{"confidence_level":0.95,"lower_bound":364.20679451257433,"upper_bound":382.5932386395973},"point_estimate":373.5652481949386,"standard_error":4.705933358202177},"Median":{"confidence_interval":{"confidence_level":0.95,"lower_bound":361.6017757473163,"upper_bound":383.6922954355408},"point_estimate":376.8300342866985,"standard_error":5.729341025345649},"MedianAbsDev":{"confidence_interval":{"confidence_level":0.95,"lower_bound":2.664178406553655,"upper_bound":27.383878436153438},"point_estimate":11.857649084556403,"standard_error":6.73782800700753},"Slope":{"confidence_interval":{"confidence_level":0.95,"lower_bound":375.5047552845626,"upper_bound":384.42147109554134},"point_estimate":379.40549803238713,"standard_error":2.2583024932104228},"StdDev":{"confidence_interval":{"confidence_level":0.95,"lower_bound":7.999425761729897,"upper_bound":19.96288784010518},"point_estimate":15.744598884257268,"standard_error":2.9643141767616594}}