{"Mean":{"confidence_interval":{"confidence_level":0.95,"lower_bound":3088041.177835498,"upper_bound":3113156.9537002165},"point_estimate":3101142.0664935065,"standard_error":6396.080855328882},"Median":{"confidence_interval":{"confidence_level":0.95,"lower_bound":3092134.8484848486,"upper_bound":3110509.2142857146},"point_estimate":3104339.731818182,"standard_error":4936.4948407572365},"MedianAbsDev":{"confidence_interval":{"confidence_level":0.95,"lower_bound":2045.2206700535974,"upper_bound":33749.81690900295},"point_estimate":10938.784343979287,"standard_error":7596.429110505681},"Slope":{"confidence_interval":{"confidence_level":0.95,"lower_bound":3099130.344664473,"upper_bound":3123476.0690305545},"point_estimate":3111101.7050767415,"standard_error":6505.909203588278},"StdDev":{"confidence_interval":{"confidence_level":0.95,"lower_bound":7389.462043308708,"upper_bound":29601.39741651719},"point_estimate":21336.606860177617,"standard_error":5794.817957243479}}