{"Mean":{"confidence_interval":{"confidence_level":0.95,"lower_bound":46620.43438054364,"upper_bound":48364.64158719513},"point_estimate":47325.552230056535,"standard_error":464.4825036954097},"Median":{"confidence_interval":{"confidence_level":0.95,"lower_bound":46457.88546137339,"upper_bound":47556.95374344302},"point_estimate":46983.89420600858,"standard_error":350.4590546304937},"MedianAbsDev":{"confidence_interval":{"confidence_level":0.95,"lower_bound":109.49167836729414,"upper_bound":1406.1243948252907},"point_estimate":772.8054130324693,"standard_error":328.8287468658916},"Slope":{"confidence_interval":{"confidence_level":0.95,"lower_bound":47042.30618299335,"upper_bound":49943.31108457714},"point_estimate":48358.60540103673,"standard_error":859.3189935794195},"StdDev":{"confidence_interval":{"confidence_level":0.95,"lower_bound":407.35676450965127,"upper_bound":2330.791701043155},"point_estimate":1547.6316973626526,"standard_error":630.2932077169215}}