{"Mean":{"confidence_interval":{"confidence_level":0.95,"lower_bound":949.8716665945694,"upper_bound":979.3209406380793},"point_estimate":964.7181281017663,"standard_error":7.5341643375488365},"Median":{"confidence_interval":{"confidence_level":0.95,"lower_bound":945.9589322951329,"upper_bound":988.5419228892142},"point_estimate":962.4832054069243,"standard_error":12.429064499901003},"MedianAbsDev":{"confidence_interval":{"confidence_level":0.95,"lower_bound":5.072383911012044,"upper_bound":43.10714732910925},"point_estimate":28.19645672466683,"standard_error":9.489982686434942},"Slope":{"confidence_interval":{"confidence_level":0.95,"lower_bound":957.199851977912,"upper_bound":986.5976206207673},"point_estimate":975.9520837474784,"standard_error":7.41462589210031},"StdDev":{"confidence_interval":{"confidence_level":0.95,"lower_bound":15.526904757252897,"upper_bound":30.896657720732232},"point_estimate":25.048847095649005,"standard_error":3.9780232519881418}}