{"Mean":{"confidence_interval":{"confidence_level":0.95,"lower_bound":12229849.645833332,"upper_bound":12305083.38263889},"point_estimate":12269512.471924605,"standard_error":19363.35664454634},"Median":{"confidence_interval":{"confidence_level":0.95,"lower_bound":12229900.3125,"upper_bound":12312651.75},"point_estimate":12280497.07142857,"standard_error":18519.97866760788},"MedianAbsDev":{"confidence_interval":{"confidence_level":0.95,"lower_bound":8205.541481404514,"upper_bound":104935.27561202645},"point_estimate":37007.96042631101,"standard_error":25493.12261811693},"Slope":{"confidence_interval":{"confidence_level":0.95,"lower_bound":12268373.372307692,"upper_bound":12298161.135547228},"point_estimate":12285216.719805194,"standard_error":7563.502320714242},"StdDev":{"confidence_interval":{"confidence_level":0.95,"lower_bound":28377.340899922012,"upper_bound":85920.87684324253},"point_estimate":64491.14075864304,"standard_error":15169.05818768145}}