{"Mean":{"confidence_interval":{"confidence_level":0.95,"lower_bound":533.4451593080137,"upper_bound":548.8315442828886},"point_estimate":540.7072129102223,"standard_error":3.9413605077904093},"Median":{"confidence_interval":{"confidence_level":0.95,"lower_bound":530.4168484686847,"upper_bound":548.5229186113704},"point_estimate":539.1683956273534,"standard_error":5.155870442578184},"MedianAbsDev":{"confidence_interval":{"confidence_level":0.95,"lower_bound":3.2849317668130174,"upper_bound":22.243122331913547},"point_estimate":13.422029558484226,"standard_error":4.566052455477575},"Slope":{"confidence_interval":{"confidence_level":0.95,"lower_bound":528.8480062344616,"upper_bound":545.0113920101886},"point_estimate":536.7238335154644,"standard_error":4.268974964392099},"StdDev":{"confidence_interval":{"confidence_level":0.95,"lower_bound":6.668481195785491,"upper_bound":17.56294777470215},"point_estimate":13.144676143771676,"standard_error":3.0114943154067055}}