{"Mean":{"confidence_interval":{"confidence_level":0.95,"lower_bound":77495.15412106135,"upper_bound":78363.66263814854},"point_estimate":77911.10527841942,"standard_error":223.88348433536135},"Median":{"confidence_interval":{"confidence_level":0.95,"lower_bound":77273.77083333334,"upper_bound":78469.349783819},"point_estimate":77836.23748445274,"standard_error":319.78730405865815},"MedianAbsDev":{"confidence_interval":{"confidence_level":0.95,"lower_bound":70.98196318012567,"upper_bound":1290.7031927695161},"point_estimate":835.2190993136896,"standard_error":320.6201555192105},"Slope":{"confidence_interval":{"confidence_level":0.95,"lower_bound":77773.91540802157,"upper_bound":78746.52395725172},"point_estimate":78322.63189571623,"standard_error":244.0807887712718},"StdDev":{"confidence_interval":{"confidence_level":0.95,"lower_bound":355.83135663783276,"upper_bound":913.0841219762357},"point_estimate":747.4487462937676,"standard_error":135.79559193990517}}