{"Mean":{"confidence_interval":{"confidence_level":0.95,"lower_bound":5223.420072066945,"upper_bound":5310.47630708474},"point_estimate":5268.515003528117,"standard_error":22.297486043169755},"Median":{"confidence_interval":{"confidence_level":0.95,"lower_bound":5197.202731756672,"upper_bound":5332.038353849613},"point_estimate":5295.219449538384,"standard_error":41.2714422814687},"MedianAbsDev":{"confidence_interval":{"confidence_level":0.95,"lower_bound":12.302282302353207,"upper_bound":112.98538334601223},"point_estimate":75.73889742280797,"standard_error":28.10199087884221},"Slope":{"confidence_interval":{"confidence_level":0.95,"lower_bound":5277.961719212638,"upper_bound":5329.619580741225},"point_estimate":5311.953522524017,"standard_error":13.317673100613378},"StdDev":{"confidence_interval":{"confidence_level":0.95,"lower_bound":44.97784336871052,"upper_bound":87.58953904162682},"point_estimate":74.06652935226272,"standard_error":10.820182573359213}}