{"Mean":{"confidence_interval":{"confidence_level":0.95,"lower_bound":8361.889086763575,"upper_bound":9239.441912587134},"point_estimate":8698.339724968453,"standard_error":244.54970894900734},"Median":{"confidence_interval":{"confidence_level":0.95,"lower_bound":8317.340172369437,"upper_bound":8710.1921790584},"point_estimate":8489.467010915505,"standard_error":111.69409263892477},"MedianAbsDev":{"confidence_interval":{"confidence_level":0.95,"lower_bound":46.57741286487866,"upper_bound":450.92314464951767},"point_estimate":285.7859251552537,"standard_error":118.57394424220497},"Slope":{"confidence_interval":{"confidence_level":0.95,"lower_bound":8347.920989317945,"upper_bound":8568.967068491536},"point_estimate":8447.967946434836,"standard_error":56.52725564610528},"StdDev":{"confidence_interval":{"confidence_level":0.95,"lower_bound":131.24112218465856,"upper_bound":1246.9810306706588},"point_estimate":814.7959470793501,"standard_error":380.56355926383685}}