{"Mean":{"confidence_interval":{"confidence_level":0.95,"lower_bound":19454.613523109885,"upper_bound":19835.536174459237},"point_estimate":19650.08203634469,"standard_error":97.6811401728153},"Median":{"confidence_interval":{"confidence_level":0.95,"lower_bound":19384.737832874198,"upper_bound":19879.909435261707},"point_estimate":19721.509654991474,"standard_error":128.5146170334929},"MedianAbsDev":{"confidence_interval":{"confidence_level":0.95,"lower_bound":52.20202481244169,"upper_bound":556.8031192546508},"point_estimate":293.4387704867779,"standard_error":126.84823186484869},"Slope":{"confidence_interval":{"confidence_level":0.95,"lower_bound":19671.646503055985,"upper_bound":20003.475646301034},"point_estimate":19879.32122643197,"standard_error":85.44608097938026},"StdDev":{"confidence_interval":{"confidence_level":0.95,"lower_bound":176.11268029777315,"upper_bound":405.57361839879337},"point_estimate":325.3964109184463,"standard_error":57.529437818202155}}