{"Mean":{"confidence_interval":{"confidence_level":0.95,"lower_bound":5283973.506190477,"upper_bound":5331854.588649802},"point_estimate":5305725.590780424,"standard_error":12370.922200326093},"Median":{"confidence_interval":{"confidence_level":0.95,"lower_bound":5280703.380952381,"upper_bound":5324143.169444445},"point_estimate":5294023.75462963,"standard_error":11350.750215494658},"MedianAbsDev":{"confidence_interval":{"confidence_level":0.95,"lower_bound":3613.0137691902837,"upper_bound":60470.098145884476},"point_estimate":25501.16020893054,"standard_error":13960.266666904572},"Slope":{"confidence_interval":{"confidence_level":0.95,"lower_bound":5268726.980474374,"upper_bound":5312407.262981575},"point_estimate":5286535.240692641,"standard_error":11094.346236831585},"StdDev":{"confidence_interval":{"confidence_level":0.95,"lower_bound":16150.037562486665,"upper_bound":57222.507369785955},"point_estimate":41313.391781977974,"standard_error":11571.265074894747}}