{"Mean":{"confidence_interval":{"confidence_level":0.95,"lower_bound":33159.494101084696,"upper_bound":35586.892175776346},"point_estimate":34365.12044173269,"standard_error":616.1556138938718},"Median":{"confidence_interval":{"confidence_level":0.95,"lower_bound":33276.172320947764,"upper_bound":35316.27481681283},"point_estimate":34285.530829294556,"standard_error":517.8734935161391},"MedianAbsDev":{"confidence_interval":{"confidence_level":0.95,"lower_bound":156.40072468697898,"upper_bound":3423.7528035404143},"point_estimate":1119.9847619579755,"standard_error":751.5700438649906},"Slope":{"confidence_interval":{"confidence_level":0.95,"lower_bound":34339.17139608737,"upper_bound":36889.981561035165},"point_estimate":35647.68959570317,"standard_error":664.2811400686659},"StdDev":{"confidence_interval":{"confidence_level":0.95,"lower_bound":773.2235363628575,"upper_bound":2829.1388408407947},"point_estimate":2056.758215878482,"standard_error":526.6934814197242}}