{"Mean":{"confidence_interval":{"confidence_level":0.95,"lower_bound":26937.21200586051,"upper_bound":27551.91241899213},"point_estimate":27185.44346111817,"standard_error":164.49778101396348},"Median":{"confidence_interval":{"confidence_level":0.95,"lower_bound":26888.086226106512,"upper_bound":27271.345580343455},"point_estimate":26992.63356502777,"standard_error":89.53928296572577},"MedianAbsDev":{"confidence_interval":{"confidence_level":0.95,"lower_bound":27.894657039265137,"upper_bound":469.1969642339737},"point_estimate":213.95701852390184,"standard_error":120.59819128311918},"Slope":{"confidence_interval":{"confidence_level":0.95,"lower_bound":26914.16816160687,"upper_bound":27388.588564017962},"point_estimate":27098.802430933065,"standard_error":120.91187867337932},"StdDev":{"confidence_interval":{"confidence_level":0.95,"lower_bound":106.92963380475109,"upper_bound":827.2420957430429},"point_estimate":552.2530676219973,"standard_error":226.4712636383265}}