{"Mean":{"confidence_interval":{"confidence_level":0.95,"lower_bound":3955.2832082832024,"upper_bound":4295.718124193108},"point_estimate":4139.1529782596745,"standard_error":87.40228963998673},"Median":{"confidence_interval":{"confidence_level":0.95,"lower_bound":3898.300975177305,"upper_bound":4323.901061814958},"point_estimate":4249.965220690952,"standard_error":102.19768775862217},"MedianAbsDev":{"confidence_interval":{"confidence_level":0.95,"lower_bound":17.685808218815765,"upper_bound":486.9641553633622},"point_estimate":137.2431978371263,"standard_error":119.92911006761112},"Slope":{"confidence_interval":{"confidence_level":0.95,"lower_bound":4211.061504772907,"upper_bound":4404.203255662411},"point_estimate":4329.225684937242,"standard_error":50.13758020032465},"StdDev":{"confidence_interval":{"confidence_level":0.95,"lower_bound":113.42803151129115,"upper_bound":379.99624624800435},"point_estimate":291.224669557762,"standard_error":67.61071723265185}}