{"Mean":{"confidence_interval":{"confidence_level":0.95,"lower_bound":411161.476985004,"upper_bound":418245.43816219416},"point_estimate":414739.554314654,"standard_error":1800.4261717002182},"Median":{"confidence_interval":{"confidence_level":0.95,"lower_bound":412159.6455801105,"upper_bound":419713.93186003686},"point_estimate":413299.66160220996,"standard_error":1967.4821889846096},"MedianAbsDev":{"confidence_interval":{"confidence_level":0.95,"lower_bound":468.67009554680595,"upper_bound":11918.623918788873},"point_estimate":1919.7797979060867,"standard_error":3248.534416343615},"Slope":{"confidence_interval":{"confidence_level":0.95,"lower_bound":413268.3283858467,"upper_bound":421607.00282058737},"point_estimate":418854.00401808135,"standard_error":1925.60020372067},"StdDev":{"confidence_interval":{"confidence_level":0.95,"lower_bound":2979.6617435446083,"upper_bound":7980.034123683604},"point_estimate":6033.193532917922,"standard_error":1280.9472523028992}}