{"Mean":{"confidence_interval":{"confidence_level":0.95,"lower_bound":12727.06370569179,"upper_bound":12832.16875542818},"point_estimate":12769.543796009533,"standard_error":28.287261024376885},"Median":{"confidence_interval":{"confidence_level":0.95,"lower_bound":12724.463713684794,"upper_bound":12778.082049156015},"point_estimate":12747.170882093873,"standard_error":12.43939927449018},"MedianAbsDev":{"confidence_interval":{"confidence_level":0.95,"lower_bound":3.0593332790206373,"upper_bound":81.07211335116921},"point_estimate":23.715285061363748,"standard_error":20.131699495513473},"Slope":{"confidence_interval":{"confidence_level":0.95,"lower_bound":12739.688196844527,"upper_bound":12928.586003639472},"point_estimate":12821.79128666189,"standard_error":56.4257614475039},"StdDev":{"confidence_interval":{"confidence_level":0.95,"lower_bound":16.143860343249177,"upper_bound":142.52888018229245},"point_estimate":94.63372429879675,"standard_error":39.922602954269564}}