{"Mean":{"confidence_interval":{"confidence_level":0.95,"lower_bound":182557.5892904433,"upper_bound":186820.11218110038},"point_estimate":184724.5040079365,"standard_error":1092.8776788491427},"Median":{"confidence_interval":{"confidence_level":0.95,"lower_bound":181696.35958549223,"upper_bound":187626.16274981498},"point_estimate":185497.5528209557,"standard_error":1613.481822126729},"MedianAbsDev":{"confidence_interval":{"confidence_level":0.95,"lower_bound":751.3347508882581,"upper_bound":6228.650709691359},"point_estimate":4238.64289793559,"standard_error":1338.5744027015733},"Slope":{"confidence_interval":{"confidence_level":0.95,"lower_bound":184426.4029144709,"upper_bound":188366.60809963057},"point_estimate":186757.21745508377,"standard_error":1015.4950785770219},"StdDev":{"confidence_interval":{"confidence_level":0.95,"lower_bound":2135.3595897144587,"upper_bound":4514.343482538041},"point_estimate":3658.648795395576,"standard_error":605.8955463066211}}