{"Mean":{"confidence_interval":{"confidence_level":0.95,"lower_bound":923609.144799107,"upper_bound":940481.1292905405},"point_estimate":931472.4082062419,"standard_error":4329.366045960455},"Median":{"confidence_interval":{"confidence_level":0.95,"lower_bound":920978.5050675676,"upper_bound":939309.7466216217},"point_estimate":930173.5281531531,"standard_error":4639.70074707689},"MedianAbsDev":{"confidence_interval":{"confidence_level":0.95,"lower_bound":3426.335705217699,"upper_bound":22622.930269308607},"point_estimate":10858.855221068154,"standard_error":4827.539168471812},"Slope":{"confidence_interval":{"confidence_level":0.95,"lower_bound":925192.0876847721,"upper_bound":942421.7743530765},"point_estimate":934718.0755001755,"standard_error":4323.780206655122},"StdDev":{"confidence_interval":{"confidence_level":0.95,"lower_bound":6559.90420117966,"upper_bound":19619.798721931544},"point_estimate":14456.952054111749,"standard_error":3612.0698404056925}}