{"Mean":{"confidence_interval":{"confidence_level":0.95,"lower_bound":63114.57056953294,"upper_bound":63814.43338225508},"point_estimate":63440.519400690995,"standard_error":180.1288374433907},"Median":{"confidence_interval":{"confidence_level":0.95,"lower_bound":63009.139458816535,"upper_bound":63902.710793933984},"point_estimate":63202.780349178036,"standard_error":239.8542561586051},"MedianAbsDev":{"confidence_interval":{"confidence_level":0.95,"lower_bound":85.10639650868812,"upper_bound":974.1717860531915},"point_estimate":363.11267205479675,"standard_error":229.87417382349517},"Slope":{"confidence_interval":{"confidence_level":0.95,"lower_bound":63150.39726082874,"upper_bound":63920.13520858867},"point_estimate":63610.87350348135,"standard_error":195.7530881920927},"StdDev":{"confidence_interval":{"confidence_level":0.95,"lower_bound":225.87023073517284,"upper_bound":746.6909187298169},"point_estimate":600.8091701841527,"standard_error":123.87246462630094}}