{"Mean":{"confidence_interval":{"confidence_level":0.95,"lower_bound":39377.609695084146,"upper_bound":39726.96703074104},"point_estimate":39558.23407741213,"standard_error":89.53487538390209},"Median":{"confidence_interval":{"confidence_level":0.95,"lower_bound":39269.81508595805,"upper_bound":39798.52858853465},"point_estimate":39656.657700942975,"standard_error":143.29840049912852},"MedianAbsDev":{"confidence_interval":{"confidence_level":0.95,"lower_bound":72.64757624055494,"upper_bound":494.6494947925383},"point_estimate":327.7241163191401,"standard_error":115.42018162161077},"Slope":{"confidence_interval":{"confidence_level":0.95,"lower_bound":39317.39584518779,"upper_bound":39679.75668061842},"point_estimate":39530.749789770176,"standard_error":92.41141812840564},"StdDev":{"confidence_interval":{"confidence_level":0.95,"lower_bound":170.77379897660683,"upper_bound":356.1872503185897},"point_estimate":298.5245909771729,"standard_error":46.63758421725671}}