{"Mean":{"confidence_interval":{"confidence_level":0.95,"lower_bound":1834781.222572366,"upper_bound":2057827.9298696537},"point_estimate":1959876.6875473983,"standard_error":57766.02760470018},"Median":{"confidence_interval":{"confidence_level":0.95,"lower_bound":1885316.8541666665,"upper_bound":2075171.5495756173},"point_estimate":2049667.9287037037,"standard_error":50149.63472898552},"MedianAbsDev":{"confidence_interval":{"confidence_level":0.95,"lower_bound":1364.5462348022268,"upper_bound":249018.46625126072},"point_estimate":48009.88067033945,"standard_error":63974.00573063221},"Slope":{"confidence_interval":{"confidence_level":0.95,"lower_bound":2020250.8319366854,"upper_bound":2087452.6522141579},"point_estimate":2065647.8417027418,"standard_error":17612.292050546428},"StdDev":{"confidence_interval":{"confidence_level":0.95,"lower_bound":30295.472456181353,"upper_bound":266422.43316969555},"point_estimate":193210.23217950683,"standard_error":60641.42713393879}}