{"Mean":{"confidence_interval":{"confidence_level":0.95,"lower_bound":71421.09587419825,"upper_bound":73564.83450495628},"point_estimate":72433.55200842241,"standard_error":551.0030011412958},"Median":{"confidence_interval":{"confidence_level":0.95,"lower_bound":70892.85918367347,"upper_bound":73619.42612244897},"point_estimate":72291.2494978944,"standard_error":731.3862165984582},"MedianAbsDev":{"confidence_interval":{"confidence_level":0.95,"lower_bound":472.92518588961576,"upper_bound":3139.028368230268},"point_estimate":2021.2040358307365,"standard_error":647.8571935848952},"Slope":{"confidence_interval":{"confidence_level":0.95,"lower_bound":71947.92909349786,"upper_bound":73526.08211961575},"point_estimate":72803.50306917573,"standard_error":398.0784585100833},"StdDev":{"confidence_interval":{"confidence_level":0.95,"lower_bound":960.4536897257524,"upper_bound":2380.5017622284263},"point_estimate":1829.5881121146163,"standard_error":381.6009166544709}}