{"Mean":{"confidence_interval":{"confidence_level":0.95,"lower_bound":378053.82239538245,"upper_bound":379569.0706534091},"point_estimate":378804.48003900616,"standard_error":386.81918061590414},"Median":{"confidence_interval":{"confidence_level":0.95,"lower_bound":377732.66382575757,"upper_bound":379619.4069602273},"point_estimate":378921.8862373737,"standard_error":526.4315749285129},"MedianAbsDev":{"confidence_interval":{"confidence_level":0.95,"lower_bound":251.37324606282294,"upper_bound":2248.229950237406},"point_estimate":1123.148114487321,"standard_error":519.7366264172837},"Slope":{"confidence_interval":{"confidence_level":0.95,"lower_bound":378714.95530868386,"upper_bound":380441.1743588301},"point_estimate":379608.6217384888,"standard_error":467.9294338767172},"StdDev":{"confidence_interval":{"confidence_level":0.95,"lower_bound":694.984372530549,"upper_bound":1670.5083988150116},"point_estimate":1287.054248422235,"standard_error":251.0126715591046}}