{"Mean":{"confidence_interval":{"confidence_level":0.95,"lower_bound":572621.5874074074,"upper_bound":638569.5393981482},"point_estimate":607518.396882716,"standard_error":16951.372361269725},"Median":{"confidence_interval":{"confidence_level":0.95,"lower_bound":563049.5694444445,"upper_bound":652615.3666666667},"point_estimate":630846.1259259259,"standard_error":24620.739112481555},"MedianAbsDev":{"confidence_interval":{"confidence_level":0.95,"lower_bound":8614.839335944882,"upper_bound":92363.05434356147},"point_estimate":47197.94989530962,"standard_error":22404.55000309234},"Slope":{"confidence_interval":{"confidence_level":0.95,"lower_bound":624495.0597150997,"upper_bound":654638.2354467085},"point_estimate":645030.0314574315,"standard_error":7891.489793367266},"StdDev":{"confidence_interval":{"confidence_level":0.95,"lower_bound":26996.05100661682,"upper_bound":69072.6948804152},"point_estimate":56289.07868511831,"standard_error":10641.897097895251}}