{"Mean":{"confidence_interval":{"confidence_level":0.95,"lower_bound":435.47384765429877,"upper_bound":471.59599678148743},"point_estimate":453.139981126829,"standard_error":9.241533437253592},"Median":{"confidence_interval":{"confidence_level":0.95,"lower_bound":428.57627025514995,"upper_bound":485.24752367679673},"point_estimate":450.99773721752683,"standard_error":14.342027270880411},"MedianAbsDev":{"confidence_interval":{"confidence_level":0.95,"lower_bound":5.893171228468832,"upper_bound":52.64961615953008},"point_estimate":36.179033734754235,"standard_error":12.509061943629886},"Slope":{"confidence_interval":{"confidence_level":0.95,"lower_bound":446.5629900841333,"upper_bound":488.3537334945316},"point_estimate":474.688502721878,"standard_error":10.675534038493867},"StdDev":{"confidence_interval":{"confidence_level":0.95,"lower_bound":17.859567736547476,"upper_bound":37.216091986517434},"point_estimate":30.818908663519895,"standard_error":4.805251299909892}}