{"Mean":{"confidence_interval":{"confidence_level":0.95,"lower_bound":6299.133414045534,"upper_bound":6398.69228227193},"point_estimate":6347.08985452978,"standard_error":25.48315831652113},"Median":{"confidence_interval":{"confidence_level":0.95,"lower_bound":6274.553002910985,"upper_bound":6399.455396813238},"point_estimate":6352.6401449656005,"standard_error":32.479469557288176},"MedianAbsDev":{"confidence_interval":{"confidence_level":0.95,"lower_bound":23.509212961924053,"upper_bound":155.51336213362694},"point_estimate":80.00422216577022,"standard_error":31.82755913229142},"Slope":{"confidence_interval":{"confidence_level":0.95,"lower_bound":6327.855864052337,"upper_bound":6388.263016164032},"point_estimate":6367.822513475493,"standard_error":15.465347865131942},"StdDev":{"confidence_interval":{"confidence_level":0.95,"lower_bound":44.763823741405574,"upper_bound":111.8223779164032},"point_estimate":84.77491850731528,"standard_error":17.749925185436148}}