{"Mean":{"confidence_interval":{"confidence_level":0.95,"lower_bound":6151114.487611609,"upper_bound":6368760.307132936},"point_estimate":6262983.932490079,"standard_error":55621.877157752366},"Median":{"confidence_interval":{"confidence_level":0.95,"lower_bound":6140561.5625,"upper_bound":6421436.334325397},"point_estimate":6260155.864583334,"standard_error":67187.15418528975},"MedianAbsDev":{"confidence_interval":{"confidence_level":0.95,"lower_bound":43625.785301738,"upper_bound":312153.36539462814},"point_estimate":183419.18394053355,"standard_error":72521.29402891378},"Slope":{"confidence_interval":{"confidence_level":0.95,"lower_bound":6264089.366478272,"upper_bound":6461072.839343598},"point_estimate":6394930.684740259,"standard_error":50049.348400033894},"StdDev":{"confidence_interval":{"confidence_level":0.95,"lower_bound":100556.21460414684,"upper_bound":240127.41811835024},"point_estimate":185549.376021038,"standard_error":36464.77997260283}}