{"Mean":{"confidence_interval":{"confidence_level":0.95,"lower_bound":38458.39291532974,"upper_bound":38643.42515097426},"point_estimate":38551.868165235894,"standard_error":47.06243559796565},"Median":{"confidence_interval":{"confidence_level":0.95,"lower_bound":38477.70879071843,"upper_bound":38641.76186226387},"point_estimate":38552.78364250653,"standard_error":46.067232290929},"MedianAbsDev":{"confidence_interval":{"confidence_level":0.95,"lower_bound":16.925908646407404,"upper_bound":268.0490527489912},"point_estimate":95.30165531608976,"standard_error":57.99336482558299},"Slope":{"confidence_interval":{"confidence_level":0.95,"lower_bound":38424.57450535716,"upper_bound":38585.292983101084},"point_estimate":38493.68003384389,"standard_error":39.974554091431976},"StdDev":{"confidence_interval":{"confidence_level":0.95,"lower_bound":61.779292164971615,"upper_bound":215.96170639995745},"point_estimate":157.56730385225083,"standard_error":39.361178001786236}}