{"Mean":{"confidence_interval":{"confidence_level":0.95,"lower_bound":894167.9622061483,"upper_bound":900859.5589142054},"point_estimate":897413.6748995378,"standard_error":1715.562514583171},"Median":{"confidence_interval":{"confidence_level":0.95,"lower_bound":892002.8962025316,"upper_bound":902387.4898734178},"point_estimate":896697.5859955796,"standard_error":3205.1108844330574},"MedianAbsDev":{"confidence_interval":{"confidence_level":0.95,"lower_bound":1096.7683441992845,"upper_bound":9480.696140122742},"point_estimate":7223.845953734166,"standard_error":2353.766438349705},"Slope":{"confidence_interval":{"confidence_level":0.95,"lower_bound":894769.489241459,"upper_bound":901558.81837185},"point_estimate":898935.7588689792,"standard_error":1720.0352159067877},"StdDev":{"confidence_interval":{"confidence_level":0.95,"lower_bound":3631.334571227532,"upper_bound":6811.801550079046},"point_estimate":5692.034698150967,"standard_error":822.6033375105791}}