{"Mean":{"confidence_interval":{"confidence_level":0.95,"lower_bound":43738.508510941254,"upper_bound":44961.24246230158},"point_estimate":44367.867554172684,"standard_error":312.8899455940174},"Median":{"confidence_interval":{"confidence_level":0.95,"lower_bound":43701.27528409091,"upper_bound":45141.67487373737},"point_estimate":44441.29616522367,"standard_error":260.9899955994747},"MedianAbsDev":{"confidence_interval":{"confidence_level":0.95,"lower_bound":82.82039321146289,"upper_bound":1956.5458147340637},"point_estimate":420.5760483413667,"standard_error":558.9730047459077},"Slope":{"confidence_interval":{"confidence_level":0.95,"lower_bound":44392.410063714065,"upper_bound":44922.642646022796},"point_estimate":44579.134492981764,"standard_error":136.1965432768734},"StdDev":{"confidence_interval":{"confidence_level":0.95,"lower_bound":463.77988638772604,"upper_bound":1377.8574012507945},"point_estimate":1042.0126509153204,"standard_error":232.84880243287262}}