{"Mean":{"confidence_interval":{"confidence_level":0.95,"lower_bound":5429323.08957251,"upper_bound":5981129.040631313},"point_estimate":5711439.123304473,"standard_error":141440.5086267714},"Median":{"confidence_interval":{"confidence_level":0.95,"lower_bound":5259590.3939393945,"upper_bound":6133105.63924964},"point_estimate":5798645.310606061,"standard_error":249066.97569655094},"MedianAbsDev":{"confidence_interval":{"confidence_level":0.95,"lower_bound":112299.82703355268,"upper_bound":759030.6320487547},"point_estimate":571790.1728668767,"standard_error":174388.32623884978},"Slope":{"confidence_interval":{"confidence_level":0.95,"lower_bound":5693146.7718242025,"upper_bound":6164992.474360914},"point_estimate":6012058.15348288,"standard_error":118900.03134890097},"StdDev":{"confidence_interval":{"confidence_level":0.95,"lower_bound":295295.6757886124,"upper_bound":557601.4541319642},"point_estimate":473682.7727154401,"standard_error":66600.60800082944}}