{"Mean":{"confidence_interval":{"confidence_level":0.95,"lower_bound":284224.62431320676,"upper_bound":286860.8636030189},"point_estimate":285316.6192641872,"standard_error":701.374259897353},"Median":{"confidence_interval":{"confidence_level":0.95,"lower_bound":284056.1928104575,"upper_bound":285724.0204948646},"point_estimate":284640.8888888889,"standard_error":398.6960642781311},"MedianAbsDev":{"confidence_interval":{"confidence_level":0.95,"lower_bound":80.33269308360767,"upper_bound":2279.0106040929213},"point_estimate":963.9212017323006,"standard_error":520.4774075348834},"Slope":{"confidence_interval":{"confidence_level":0.95,"lower_bound":284162.57153195486,"upper_bound":285410.36098335084},"point_estimate":284729.10662083013,"standard_error":317.3587133817922},"StdDev":{"confidence_interval":{"confidence_level":0.95,"lower_bound":544.8942276899204,"upper_bound":3481.3277049171743},"point_estimate":2336.2604251849243,"standard_error":924.3157039520889}}