{"Mean":{"confidence_interval":{"confidence_level":0.95,"lower_bound":80695.73970921485,"upper_bound":81586.8459754572},"point_estimate":81125.2802259101,"standard_error":227.26683853935526},"Median":{"confidence_interval":{"confidence_level":0.95,"lower_bound":80499.37945350242,"upper_bound":81635.24207427536},"point_estimate":81032.75496031746,"standard_error":393.5458331347875},"MedianAbsDev":{"confidence_interval":{"confidence_level":0.95,"lower_bound":19.978538245849958,"upper_bound":1399.784410148875},"point_estimate":877.2059900288457,"standard_error":343.2709022956467},"Slope":{"confidence_interval":{"confidence_level":0.95,"lower_bound":80424.86636946422,"upper_bound":81035.49827447701},"point_estimate":80633.3567334839,"standard_error":156.69353820425422},"StdDev":{"confidence_interval":{"confidence_level":0.95,"lower_bound":448.7178305513078,"upper_bound":963.8576919190867},"point_estimate":755.7266872047702,"standard_error":139.96727316630083}}