{"Mean":{"confidence_interval":{"confidence_level":0.95,"lower_bound":619.4237498950232,"upper_bound":715.8190765473418},"point_estimate":666.7989262434755,"standard_error":24.75393676239216},"Median":{"confidence_interval":{"confidence_level":0.95,"lower_bound":595.1914315185089,"upper_bound":724.1537384770189},"point_estimate":666.4030891447147,"standard_error":49.58316005499444},"MedianAbsDev":{"confidence_interval":{"confidence_level":0.95,"lower_bound":5.049765855882349,"upper_bound":138.18001092755603},"point_estimate":93.49061058248459,"standard_error":39.36878517501609},"Slope":{"confidence_interval":{"confidence_level":0.95,"lower_bound":667.8791638375947,"upper_bound":767.8585557578936},"point_estimate":726.4029755019498,"standard_error":26.100569947399457},"StdDev":{"confidence_interval":{"confidence_level":0.95,"lower_bound":53.77865860404786,"upper_bound":100.67615989486332},"point_estimate":82.4132124599203,"standard_error":12.644277607462259}}