{"Mean":{"confidence_interval":{"confidence_level":0.95,"lower_bound":273.6910057554531,"upper_bound":306.63839485493054},"point_estimate":289.8902489197359,"standard_error":8.429488122914227},"Median":{"confidence_interval":{"confidence_level":0.95,"lower_bound":265.58093755612765,"upper_bound":313.1655289468958},"point_estimate":288.0478930217839,"standard_error":10.53008574995489},"MedianAbsDev":{"confidence_interval":{"confidence_level":0.95,"lower_bound":6.931912211245155,"upper_bound":48.7514367467742},"point_estimate":29.094292505235597,"standard_error":11.306775492027752},"Slope":{"confidence_interval":{"confidence_level":0.95,"lower_bound":286.33457130471277,"upper_bound":322.8454084073571},"point_estimate":309.84341927844054,"standard_error":9.215059897735184},"StdDev":{"confidence_interval":{"confidence_level":0.95,"lower_bound":15.570080947703572,"upper_bound":35.43866106581342},"point_estimate":28.124069730182235,"standard_error":5.093434195419688}}