{"Mean":{"confidence_interval":{"confidence_level":0.95,"lower_bound":46554.10501329228,"upper_bound":48370.72505059183},"point_estimate":47508.56926021382,"standard_error":468.169644059619},"Median":{"confidence_interval":{"confidence_level":0.95,"lower_bound":45926.197021764034,"upper_bound":48855.53573883161},"point_estimate":48046.05263459336,"standard_error":757.1390716243765},"MedianAbsDev":{"confidence_interval":{"confidence_level":0.95,"lower_bound":262.06214093738583,"upper_bound":2490.9386330965913},"point_estimate":1342.388558126597,"standard_error":619.8577394657465},"Slope":{"confidence_interval":{"confidence_level":0.95,"lower_bound":47961.66013158281,"upper_bound":48809.535798211036},"point_estimate":48543.69765698219,"standard_error":220.95745778748616},"StdDev":{"confidence_interval":{"confidence_level":0.95,"lower_bound":809.051427079536,"upper_bound":1869.2210585440616},"point_estimate":1567.106831553056,"standard_error":259.7933508119783}}