{"Mean":{"confidence_interval":{"confidence_level":0.95,"lower_bound":12738.997176902263,"upper_bound":12889.694654707982},"point_estimate":12812.51323894943,"standard_error":38.72161622609529},"Median":{"confidence_interval":{"confidence_level":0.95,"lower_bound":12706.231524088944,"upper_bound":12912.959111542496},"point_estimate":12790.696604128063,"standard_error":68.16203630694001},"MedianAbsDev":{"confidence_interval":{"confidence_level":0.95,"lower_bound":15.484830672435672,"upper_bound":211.6192663480099},"point_estimate":163.29053632635794,"standard_error":52.996907452462395},"Slope":{"confidence_interval":{"confidence_level":0.95,"lower_bound":12741.731266200077,"upper_bound":12952.325566294125},"point_estimate":12848.527132749894,"standard_error":55.716158687620286},"StdDev":{"confidence_interval":{"confidence_level":0.95,"lower_bound":79.13336057998977,"upper_bound":159.9990885253677},"point_estimate":129.07600635413846,"standard_error":21.174271347952025}}