{"Mean":{"confidence_interval":{"confidence_level":0.95,"lower_bound":1411134.8965811965,"upper_bound":1422437.2132905982},"point_estimate":1416550.9264285713,"standard_error":2886.3711303198693},"Median":{"confidence_interval":{"confidence_level":0.95,"lower_bound":1408522.8205128205,"upper_bound":1421723.5},"point_estimate":1417402.3995726495,"standard_error":3725.6952434609934},"MedianAbsDev":{"confidence_interval":{"confidence_level":0.95,"lower_bound":1868.8711219491795,"upper_bound":17037.12924368436},"point_estimate":8377.604935883162,"standard_error":3667.8718283183453},"Slope":{"confidence_interval":{"confidence_level":0.95,"lower_bound":1408286.7126732916,"upper_bound":1427611.2910987618},"point_estimate":1418381.1024309024,"standard_error":5220.957918783304},"StdDev":{"confidence_interval":{"confidence_level":0.95,"lower_bound":4963.030150588609,"upper_bound":12860.919079116022},"point_estimate":9639.401622756573,"standard_error":2105.7232149460406}}