{"Mean":{"confidence_interval":{"confidence_level":0.95,"lower_bound":307532.03945283877,"upper_bound":311490.92122894677},"point_estimate":309446.44084320904,"standard_error":1017.5368548577197},"Median":{"confidence_interval":{"confidence_level":0.95,"lower_bound":306670.58371040726,"upper_bound":313548.5178481649},"point_estimate":308008.05324822234,"standard_error":1756.8314698923457},"MedianAbsDev":{"confidence_interval":{"confidence_level":0.95,"lower_bound":228.53491132729576,"upper_bound":5234.14478354594},"point_estimate":3083.5899158435786,"standard_error":1448.2696113614973},"Slope":{"confidence_interval":{"confidence_level":0.95,"lower_bound":307035.38201227883,"upper_bound":313139.2008248909},"point_estimate":310736.4567432568,"standard_error":1577.1058531561068},"StdDev":{"confidence_interval":{"confidence_level":0.95,"lower_bound":1982.926981184173,"upper_bound":3964.1039017381686},"point_estimate":3377.587535366484,"standard_error":502.37426155356155}}