{"Mean":{"confidence_interval":{"confidence_level":0.95,"lower_bound":586.5340207953781,"upper_bound":626.5162859182768},"point_estimate":606.956972067275,"standard_error":10.196950118084152},"Median":{"confidence_interval":{"confidence_level":0.95,"lower_bound":586.8283507312029,"upper_bound":631.2722341607873},"point_estimate":606.72858707962,"standard_error":14.41637361963094},"MedianAbsDev":{"confidence_interval":{"confidence_level":0.95,"lower_bound":5.404710788384272,"upper_bound":59.482118895726806},"point_estimate":31.731781090102473,"standard_error":13.859816751874112},"Slope":{"confidence_interval":{"confidence_level":0.95,"lower_bound":604.406035837224,"upper_bound":644.6408418000296},"point_estimate":629.7811660494707,"standard_error":10.339184405461118},"StdDev":{"confidence_interval":{"confidence_level":0.95,"lower_bound":18.324265560426646,"upper_bound":44.53689477055704},"point_estimate":33.91708134658034,"standard_error":6.870101863178178}}