{"Mean":{"confidence_interval":{"confidence_level":0.95,"lower_bound":4818.71446585542,"upper_bound":4999.9140562954935},"point_estimate":4909.290186068049,"standard_error":46.321163608401946},"Median":{"confidence_interval":{"confidence_level":0.95,"lower_bound":4779.082924931933,"upper_bound":5053.203442240373},"point_estimate":4904.830505084181,"standard_error":77.89650373420547},"MedianAbsDev":{"confidence_interval":{"confidence_level":0.95,"lower_bound":35.54333046582962,"upper_bound":256.313760486861},"point_estimate":203.20553587312713,"standard_error":56.77152338167119},"Slope":{"confidence_interval":{"confidence_level":0.95,"lower_bound":4910.529925232104,"upper_bound":5076.083794490912},"point_estimate":5023.106655957811,"standard_error":42.186245013460066},"StdDev":{"confidence_interval":{"confidence_level":0.95,"lower_bound":97.24566838428237,"upper_bound":185.7058899574248},"point_estimate":154.42060752184204,"standard_error":22.590026828540275}}