{"Mean":{"confidence_interval":{"confidence_level":0.95,"lower_bound":629.6529611885178,"upper_bound":658.2309866300253},"point_estimate":643.1711187629428,"standard_error":7.329550767256065},"Median":{"confidence_interval":{"confidence_level":0.95,"lower_bound":625.4838192079854,"upper_bound":663.4152194080361},"point_estimate":636.8751865758663,"standard_error":8.689743242966486},"MedianAbsDev":{"confidence_interval":{"confidence_level":0.95,"lower_bound":4.23448264556546,"upper_bound":41.674655004331385},"point_estimate":17.196108692095866,"standard_error":9.658545226165321},"Slope":{"confidence_interval":{"confidence_level":0.95,"lower_bound":631.9642427112175,"upper_bound":643.1062549105693},"point_estimate":637.3422507712913,"standard_error":2.820476965984643},"StdDev":{"confidence_interval":{"confidence_level":0.95,"lower_bound":10.290150592435484,"upper_bound":30.795394910100825},"point_estimate":24.447718297410763,"standard_error":5.0357991326073765}}