{"Mean":{"confidence_interval":{"confidence_level":0.95,"lower_bound":63485.39351468653,"upper_bound":63940.675654466824},"point_estimate":63687.21028334133,"standard_error":118.37455185124949},"Median":{"confidence_interval":{"confidence_level":0.95,"lower_bound":63444.68338497289,"upper_bound":63928.618770978566},"point_estimate":63512.08872413411,"standard_error":124.74904340758951},"MedianAbsDev":{"confidence_interval":{"confidence_level":0.95,"lower_bound":32.21614840816493,"upper_bound":598.2704003132486},"point_estimate":112.23153698115101,"standard_error":145.0850158126203},"Slope":{"confidence_interval":{"confidence_level":0.95,"lower_bound":63491.811590536425,"upper_bound":64242.20340821069},"point_estimate":63831.49568943837,"standard_error":217.43930772682418},"StdDev":{"confidence_interval":{"confidence_level":0.95,"lower_bound":84.75531043526976,"upper_bound":541.8691684280114},"point_estimate":392.62614553260465,"standard_error":115.1335812419187}}