{"Mean":{"confidence_interval":{"confidence_level":0.95,"lower_bound":1153050.3655300098,"upper_bound":1170766.8531138392},"point_estimate":1161916.306124752,"standard_error":4541.980416816336},"Median":{"confidence_interval":{"confidence_level":0.95,"lower_bound":1151941.9600694445,"upper_bound":1175041.0},"point_estimate":1158999.533203125,"standard_error":6350.200454209267},"MedianAbsDev":{"confidence_interval":{"confidence_level":0.95,"lower_bound":2353.0889861409787,"upper_bound":26369.760579499416},"point_estimate":13312.46335844812,"standard_error":6320.5362014390585},"Slope":{"confidence_interval":{"confidence_level":0.95,"lower_bound":1150460.6152223926,"upper_bound":1172666.732256356},"point_estimate":1162238.615827922,"standard_error":5681.03505038289},"StdDev":{"confidence_interval":{"confidence_level":0.95,"lower_bound":8485.747830805105,"upper_bound":19207.15375435251},"point_estimate":15134.445588044231,"standard_error":2733.8372271990493}}