{"Mean":{"confidence_interval":{"confidence_level":0.95,"lower_bound":481957.89931103593,"upper_bound":489865.0160103207},"point_estimate":485727.8148377497,"standard_error":2032.2151197766027},"Median":{"confidence_interval":{"confidence_level":0.95,"lower_bound":479574.2701612903,"upper_bound":490914.74404761905},"point_estimate":483747.0870967742,"standard_error":3339.732350691774},"MedianAbsDev":{"confidence_interval":{"confidence_level":0.95,"lower_bound":1039.9666627868435,"upper_bound":12251.20064491707},"point_estimate":7226.584941500829,"standard_error":2768.486445210706},"Slope":{"confidence_interval":{"confidence_level":0.95,"lower_bound":484381.6969732427,"upper_bound":494653.04508475534},"point_estimate":490630.12061164645,"standard_error":2652.7199795443553},"StdDev":{"confidence_interval":{"confidence_level":0.95,"lower_bound":3731.823537739039,"upper_bound":8566.330297389533},"point_estimate":6771.90295788306,"standard_error":1285.0240872275158}}