{"Mean":{"confidence_interval":{"confidence_level":0.95,"lower_bound":89649.07001956717,"upper_bound":90325.503699448},"point_estimate":89968.54488495857,"standard_error":173.30984370281072},"Median":{"confidence_interval":{"confidence_level":0.95,"lower_bound":89580.7538788523,"upper_bound":90505.91118870502},"point_estimate":89784.11415161176,"standard_error":208.8347349407682},"MedianAbsDev":{"confidence_interval":{"confidence_level":0.95,"lower_bound":39.2233167053498,"upper_bound":917.2265181474252},"point_estimate":338.3863360593954,"standard_error":256.62074014339413},"Slope":{"confidence_interval":{"confidence_level":0.95,"lower_bound":89675.90436447252,"upper_bound":90130.76346996137},"point_estimate":89860.82373269663,"standard_error":116.02853173511184},"StdDev":{"confidence_interval":{"confidence_level":0.95,"lower_bound":257.6780796508113,"upper_bound":741.5894737242674},"point_estimate":578.0757249691361,"standard_error":120.84170782523417}}