{"Mean":{"confidence_interval":{"confidence_level":0.95,"lower_bound":23042.079869953297,"upper_bound":23500.43803594205},"point_estimate":23257.184136738437,"standard_error":117.66508783680221},"Median":{"confidence_interval":{"confidence_level":0.95,"lower_bound":22945.65389834273,"upper_bound":23544.844255152937},"point_estimate":23200.637394086894,"standard_error":137.7926019069705},"MedianAbsDev":{"confidence_interval":{"confidence_level":0.95,"lower_bound":89.36814357294294,"upper_bound":673.9683340234925},"point_estimate":308.4133625451212,"standard_error":153.0165809844424},"Slope":{"confidence_interval":{"confidence_level":0.95,"lower_bound":22993.106000088384,"upper_bound":23247.455319142115},"point_estimate":23127.818079270648,"standard_error":64.20731759590133},"StdDev":{"confidence_interval":{"confidence_level":0.95,"lower_bound":175.0604295400708,"upper_bound":498.70397904888847},"point_estimate":391.60592825691543,"standard_error":83.30590606789052}}