{"Mean":{"confidence_interval":{"confidence_level":0.95,"lower_bound":52441.515599489794,"upper_bound":53136.66337517209},"point_estimate":52769.151200902976,"standard_error":177.90297575306022},"Median":{"confidence_interval":{"confidence_level":0.95,"lower_bound":52328.18778344671,"upper_bound":53091.05723396501},"point_estimate":52730.238222789114,"standard_error":179.3838628166709},"MedianAbsDev":{"confidence_interval":{"confidence_level":0.95,"lower_bound":106.57410203650907,"upper_bound":975.2359643187593},"point_estimate":513.6390495120394,"standard_error":217.673543076341},"Slope":{"confidence_interval":{"confidence_level":0.95,"lower_bound":52181.47442971754,"upper_bound":52943.68652427073},"point_estimate":52549.52042583267,"standard_error":195.72061522065965},"StdDev":{"confidence_interval":{"confidence_level":0.95,"lower_bound":276.57092566215374,"upper_bound":794.4120207504807},"point_estimate":592.1587451737086,"standard_error":138.11794417005194}}