{"Mean":{"confidence_interval":{"confidence_level":0.95,"lower_bound":328.34783928915624,"upper_bound":348.3561801375232},"point_estimate":336.1555535436708,"standard_error":5.504440507564928},"Median":{"confidence_interval":{"confidence_level":0.95,"lower_bound":328.2752782441087,"upper_bound":336.5624400431689},"point_estimate":330.0621768326805,"standard_error":2.4060632453632183},"MedianAbsDev":{"confidence_interval":{"confidence_level":0.95,"lower_bound":0.8439204629133565,"upper_bound":12.416123497532837},"point_estimate":3.3434125096595504,"standard_error":3.325796159069543},"Slope":{"confidence_interval":{"confidence_level":0.95,"lower_bound":328.8904471147638,"upper_bound":335.39547478602293},"point_estimate":331.23145618790835,"standard_error":1.6935347204757647},"StdDev":{"confidence_interval":{"confidence_level":0.95,"lower_bound":2.6129587125869174,"upper_bound":27.931547693833963},"point_estimate":18.36196988649044,"standard_error":8.304592294569204}}