{"Mean":{"confidence_interval":{"confidence_level":0.95,"lower_bound":6356.15032346204,"upper_bound":6592.396621471501},"point_estimate":6474.646755936464,"standard_error":60.106017637879205},"Median":{"confidence_interval":{"confidence_level":0.95,"lower_bound":6357.063488425395,"upper_bound":6546.788811215524},"point_estimate":6512.9076712452115,"standard_error":49.55339047621934},"MedianAbsDev":{"confidence_interval":{"confidence_level":0.95,"lower_bound":13.008648485529944,"upper_bound":347.6651346826264},"point_estimate":62.566148306487115,"standard_error":92.64962878433477},"Slope":{"confidence_interval":{"confidence_level":0.95,"lower_bound":6464.956407632067,"upper_bound":6525.725524186412},"point_estimate":6503.999766037309,"standard_error":15.85947411888714},"StdDev":{"confidence_interval":{"confidence_level":0.95,"lower_bound":79.8579003208844,"upper_bound":274.3439292489323},"point_estimate":199.92341125186442,"standard_error":50.28131786072314}}