{"Mean":{"confidence_interval":{"confidence_level":0.95,"lower_bound":1295176.0497942385,"upper_bound":1486260.3822516168},"point_estimate":1389145.818506761,"standard_error":49086.43458459217},"Median":{"confidence_interval":{"confidence_level":0.95,"lower_bound":1230103.7407407407,"upper_bound":1543827.148148148},"point_estimate":1389921.2120811287,"standard_error":77666.96249499707},"MedianAbsDev":{"confidence_interval":{"confidence_level":0.95,"lower_bound":40148.82559091953,"upper_bound":285927.548764512},"point_estimate":200905.76207580243,"standard_error":66465.04002538747},"Slope":{"confidence_interval":{"confidence_level":0.95,"lower_bound":1392232.993745401,"upper_bound":1553166.496950411},"point_estimate":1486035.045983646,"standard_error":41148.74676875155},"StdDev":{"confidence_interval":{"confidence_level":0.95,"lower_bound":98081.15534109836,"upper_bound":198420.98629278847},"point_estimate":163564.15840618633,"standard_error":25534.602850663156}}