{"Mean":{"confidence_interval":{"confidence_level":0.95,"lower_bound":3219.5884494619263,"upper_bound":3624.170956710842},"point_estimate":3437.1349874968378,"standard_error":104.67773691777619},"Median":{"confidence_interval":{"confidence_level":0.95,"lower_bound":3215.0734402669937,"upper_bound":3701.8048403941334},"point_estimate":3502.2474952322573,"standard_error":93.9067895775344},"MedianAbsDev":{"confidence_interval":{"confidence_level":0.95,"lower_bound":17.62253471472217,"upper_bound":580.664497322257},"point_estimate":121.54295649903975,"standard_error":146.6413422164635},"Slope":{"confidence_interval":{"confidence_level":0.95,"lower_bound":3500.1448993846857,"upper_bound":3761.6407253216435},"point_estimate":3665.617003593056,"standard_error":67.4657925775153},"StdDev":{"confidence_interval":{"confidence_level":0.95,"lower_bound":128.6947657601157,"upper_bound":461.0302341960552},"point_estimate":348.5276098837991,"standard_error":87.63335920512745}}