{"Mean":{"confidence_interval":{"confidence_level":0.95,"lower_bound":2839949.776950893,"upper_bound":2878480.8840606404},"point_estimate":2859131.0377380955,"standard_error":9922.327965510098},"Median":{"confidence_interval":{"confidence_level":0.95,"lower_bound":2823600.4375,"upper_bound":2891845.75},"point_estimate":2861794.380208333,"standard_error":19146.2654270449},"MedianAbsDev":{"confidence_interval":{"confidence_level":0.95,"lower_bound":3386.042899573636,"upper_bound":53976.29215766682},"point_estimate":47940.20296170429,"standard_error":13242.887818425734},"Slope":{"confidence_interval":{"confidence_level":0.95,"lower_bound":2858433.092067308,"upper_bound":2893688.6997438334},"point_estimate":2882689.723051948,"standard_error":9079.312261407758},"StdDev":{"confidence_interval":{"confidence_level":0.95,"lower_bound":22121.228707723134,"upper_bound":38143.13094725672},"point_estimate":33167.57153719144,"standard_error":4133.896585747671}}