{"Mean":{"confidence_interval":{"confidence_level":0.95,"lower_bound":7766.7673338443055,"upper_bound":7846.294825046317},"point_estimate":7799.179497202982,"standard_error":21.176250699945424},"Median":{"confidence_interval":{"confidence_level":0.95,"lower_bound":7762.0856225930675,"upper_bound":7812.692358711036},"point_estimate":7779.57508667698,"standard_error":11.848792739733405},"MedianAbsDev":{"confidence_interval":{"confidence_level":0.95,"lower_bound":4.077036060398565,"upper_bound":66.8469375775898},"point_estimate":20.33508453579108,"standard_error":16.262387495449925},"Slope":{"confidence_interval":{"confidence_level":0.95,"lower_bound":7767.573805417314,"upper_bound":7816.0361897990015},"point_estimate":7791.60593757975,"standard_error":13.440498969913326},"StdDev":{"confidence_interval":{"confidence_level":0.95,"lower_bound":14.372264722499253,"upper_bound":104.93283950337218},"point_estimate":70.41039191702001,"standard_error":28.06611109587557}}