{"Mean":{"confidence_interval":{"confidence_level":0.95,"lower_bound":35792.63405407936,"upper_bound":36335.47741446011},"point_estimate":36069.58646579732,"standard_error":139.1150211666193},"Median":{"confidence_interval":{"confidence_level":0.95,"lower_bound":35620.49958170664,"upper_bound":36539.16304145752},"point_estimate":36119.522448410484,"standard_error":234.54462568961398},"MedianAbsDev":{"confidence_interval":{"confidence_level":0.95,"lower_bound":53.45273037654889,"upper_bound":801.7729538954381},"point_estimate":600.3410019129258,"standard_error":186.09219692346846},"Slope":{"confidence_interval":{"confidence_level":0.95,"lower_bound":35735.11769493978,"upper_bound":36428.597052257326},"point_estimate":36085.5823715604,"standard_error":177.86663010418127},"StdDev":{"confidence_interval":{"confidence_level":0.95,"lower_bound":279.13405280618394,"upper_bound":549.2840546990828},"point_estimate":462.07389232018016,"standard_error":68.14996835400524}}