{"Mean":{"confidence_interval":{"confidence_level":0.95,"lower_bound":35526135.574347235,"upper_bound":35861812.11637004},"point_estimate":35693427.78896825,"standard_error":86347.48504131472},"Median":{"confidence_interval":{"confidence_level":0.95,"lower_bound":35420196.375,"upper_bound":35946721.166666664},"point_estimate":35661397.4625,"standard_error":140759.40257858127},"MedianAbsDev":{"confidence_interval":{"confidence_level":0.95,"lower_bound":93793.11468067023,"upper_bound":476512.0972475605},"point_estimate":387250.7023899235,"standard_error":103424.35156728273},"Slope":{"confidence_interval":{"confidence_level":0.95,"lower_bound":35555949.61287945,"upper_bound":35835719.51777778},"point_estimate":35678733.91818182,"standard_error":70221.46992744901},"StdDev":{"confidence_interval":{"confidence_level":0.95,"lower_bound":180261.47387312955,"upper_bound":347672.64021719457},"point_estimate":289075.0216652401,"standard_error":42771.343815428234}}