{"Mean":{"confidence_interval":{"confidence_level":0.95,"lower_bound":3258.8029839196533,"upper_bound":3515.03657328769},"point_estimate":3393.6123423407967,"standard_error":65.49292445725136},"Median":{"confidence_interval":{"confidence_level":0.95,"lower_bound":3262.0209133691897,"upper_bound":3543.598892303752},"point_estimate":3396.1547465836125,"standard_error":55.25689644807089},"MedianAbsDev":{"confidence_interval":{"confidence_level":0.95,"lower_bound":9.207391527854488,"upper_bound":370.744635186119},"point_estimate":133.3283220720576,"standard_error":109.30634671249646},"Slope":{"confidence_interval":{"confidence_level":0.95,"lower_bound":3398.9678280928124,"upper_bound":3591.8604038165445},"point_estimate":3490.5162981275353,"standard_error":49.41143750252585},"StdDev":{"confidence_interval":{"confidence_level":0.95,"lower_bound":95.71827922589563,"upper_bound":290.46318498202703},"point_estimate":217.67674714519268,"standard_error":51.18593364346983}}