{"Mean":{"confidence_interval":{"confidence_level":0.95,"lower_bound":111481.4824362895,"upper_bound":113542.17804936653},"point_estimate":112528.11665890005,"standard_error":528.006128285042},"Median":{"confidence_interval":{"confidence_level":0.95,"lower_bound":111090.3241590214,"upper_bound":114121.57254502209},"point_estimate":112737.749362895,"standard_error":813.2966785104978},"MedianAbsDev":{"confidence_interval":{"confidence_level":0.95,"lower_bound":418.99333176627204,"upper_bound":2893.962071144848},"point_estimate":2103.764904801579,"standard_error":634.6154208067862},"Slope":{"confidence_interval":{"confidence_level":0.95,"lower_bound":112587.34292176952,"upper_bound":114455.39137395305},"point_estimate":113784.3031097343,"standard_error":477.7144910709584},"StdDev":{"confidence_interval":{"confidence_level":0.95,"lower_bound":1034.2517095531332,"upper_bound":2203.2240867912788},"point_estimate":1755.682916723885,"standard_error":301.9155442632024}}