{"Mean":{"confidence_interval":{"confidence_level":0.95,"lower_bound":1412.0067114248059,"upper_bound":1429.9135033837279},"point_estimate":1420.5735751107393,"standard_error":4.553150497010934},"Median":{"confidence_interval":{"confidence_level":0.95,"lower_bound":1409.045631960693,"upper_bound":1433.8469506864947},"point_estimate":1411.1530811780594,"standard_error":8.812417984495475},"MedianAbsDev":{"confidence_interval":{"confidence_level":0.95,"lower_bound":0.9790350973310752,"upper_bound":22.48351533551539},"point_estimate":5.390231481108985,"standard_error":7.207851801846511},"Slope":{"confidence_interval":{"confidence_level":0.95,"lower_bound":1409.5373311569813,"upper_bound":1416.2152318873475},"point_estimate":1411.7345675288577,"standard_error":1.7489036029474732},"StdDev":{"confidence_interval":{"confidence_level":0.95,"lower_bound":7.945455344566128,"upper_bound":18.480639416587987},"point_estimate":15.109509788031296,"standard_error":2.581702494180146}}