{"Mean":{"confidence_interval":{"confidence_level":0.95,"lower_bound":724.7652052298655,"upper_bound":779.2595880021838},"point_estimate":750.2558947155391,"standard_error":14.040417055895322},"Median":{"confidence_interval":{"confidence_level":0.95,"lower_bound":718.5717016830454,"upper_bound":789.4541358390752},"point_estimate":741.5035411724839,"standard_error":14.143590460008514},"MedianAbsDev":{"confidence_interval":{"confidence_level":0.95,"lower_bound":5.02427056210597,"upper_bound":71.05911513187445},"point_estimate":24.72856932275579,"standard_error":17.172296567300553},"Slope":{"confidence_interval":{"confidence_level":0.95,"lower_bound":734.4233809422212,"upper_bound":813.3715066283874},"point_estimate":782.1991130455448,"standard_error":20.64972550141295},"StdDev":{"confidence_interval":{"confidence_level":0.95,"lower_bound":17.31877658584865,"upper_bound":59.43303536557223},"point_estimate":46.910513330196224,"standard_error":10.849198191718822}}