{"Mean":{"confidence_interval":{"confidence_level":0.95,"lower_bound":890.69346001547,"upper_bound":910.0488590416767},"point_estimate":900.3829982024979,"standard_error":4.877368244666807},"Median":{"confidence_interval":{"confidence_level":0.95,"lower_bound":895.2759344592992,"upper_bound":906.4208547583262},"point_estimate":899.7180919231073,"standard_error":2.7547193997271076},"MedianAbsDev":{"confidence_interval":{"confidence_level":0.95,"lower_bound":1.0984889175545192,"upper_bound":27.118302853733066},"point_estimate":6.401344872245994,"standard_error":5.357552079900309},"Slope":{"confidence_interval":{"confidence_level":0.95,"lower_bound":895.8908477955958,"upper_bound":902.8764417578591},"point_estimate":899.645168668844,"standard_error":1.7838636414163982},"StdDev":{"confidence_interval":{"confidence_level":0.95,"lower_bound":4.1099374586831905,"upper_bound":22.94902036926787},"point_estimate":16.3079834453239,"standard_error":4.933803159640838}}