{"Mean":{"confidence_interval":{"confidence_level":0.95,"lower_bound":242.41609717623405,"upper_bound":254.93671188393654},"point_estimate":248.05348624081398,"standard_error":3.2334799321112992},"Median":{"confidence_interval":{"confidence_level":0.95,"lower_bound":239.2099336909029,"upper_bound":253.2907147576808},"point_estimate":246.3905632274283,"standard_error":3.6724654951140265},"MedianAbsDev":{"confidence_interval":{"confidence_level":0.95,"lower_bound":1.6386800200949496,"upper_bound":15.789418046905942},"point_estimate":8.831623634379827,"standard_error":3.6468941363979845},"Slope":{"confidence_interval":{"confidence_level":0.95,"lower_bound":239.26201771636588,"upper_bound":247.7375819183776},"point_estimate":241.9087556091266,"standard_error":2.1925149528556727},"StdDev":{"confidence_interval":{"confidence_level":0.95,"lower_bound":4.479185678789995,"upper_bound":14.882009508323872},"point_estimate":10.764946292609418,"standard_error":2.995166035666285}}