{"Mean":{"confidence_interval":{"confidence_level":0.95,"lower_bound":2118.6035623585585,"upper_bound":2201.3556789669865},"point_estimate":2161.9071461526355,"standard_error":21.265262845987117},"Median":{"confidence_interval":{"confidence_level":0.95,"lower_bound":2101.8209694740576,"upper_bound":2221.8928838096817},"point_estimate":2180.526756306704,"standard_error":32.620543586436604},"MedianAbsDev":{"confidence_interval":{"confidence_level":0.95,"lower_bound":11.171757038978862,"upper_bound":119.06471314315822},"point_estimate":66.45582026000409,"standard_error":27.142150458102165},"Slope":{"confidence_interval":{"confidence_level":0.95,"lower_bound":2114.958104974905,"upper_bound":2207.17219212799},"point_estimate":2166.7084409927816,"standard_error":23.680530730334226},"StdDev":{"confidence_interval":{"confidence_level":0.95,"lower_bound":37.28931011489794,"upper_bound":87.48283124201437},"point_estimate":70.62163781359831,"standard_error":12.72295012483673}}