{"Mean":{"confidence_interval":{"confidence_level":0.95,"lower_bound":1399.8953353245684,"upper_bound":1480.7159774031957},"point_estimate":1439.856430218536,"standard_error":20.66447224145961},"Median":{"confidence_interval":{"confidence_level":0.95,"lower_bound":1385.0926677990528,"upper_bound":1493.171234448072},"point_estimate":1428.6175663990116,"standard_error":25.542896933963974},"MedianAbsDev":{"confidence_interval":{"confidence_level":0.95,"lower_bound":10.33074486446167,"upper_bound":118.60053616341285},"point_estimate":77.14687148552697,"standard_error":30.898143194527066},"Slope":{"confidence_interval":{"confidence_level":0.95,"lower_bound":1439.2642338467033,"upper_bound":1511.7194156886967},"point_estimate":1480.964836880229,"standard_error":18.292170844455125},"StdDev":{"confidence_interval":{"confidence_level":0.95,"lower_bound":37.83041424665028,"upper_bound":87.57746763769583},"point_estimate":68.81313581464056,"standard_error":12.747286887597612}}