{"Mean":{"confidence_interval":{"confidence_level":0.95,"lower_bound":7068764.34037037,"upper_bound":7215930.960209877},"point_estimate":7147247.930895062,"standard_error":37823.03640712211},"Median":{"confidence_interval":{"confidence_level":0.95,"lower_bound":7045274.592592592,"upper_bound":7235295.206790123},"point_estimate":7190354.558333334,"standard_error":51471.49341096685},"MedianAbsDev":{"confidence_interval":{"confidence_level":0.95,"lower_bound":10276.863649955498,"upper_bound":197847.98032981143},"point_estimate":71590.5971018829,"standard_error":50882.72328584698},"Slope":{"confidence_interval":{"confidence_level":0.95,"lower_bound":7171881.610645126,"upper_bound":7260155.051991919},"point_estimate":7227013.536219336,"standard_error":22595.862652264415},"StdDev":{"confidence_interval":{"confidence_level":0.95,"lower_bound":53981.27636526988,"upper_bound":159536.90968998778},"point_estimate":126051.37908218052,"standard_error":26214.01620118938}}