{"Mean":{"confidence_interval":{"confidence_level":0.95,"lower_bound":383571.7647698942,"upper_bound":389029.4921665432},"point_estimate":385890.1850416226,"standard_error":1426.4825840851533},"Median":{"confidence_interval":{"confidence_level":0.95,"lower_bound":382857.792,"upper_bound":386945.07388888893},"point_estimate":385495.3345679012,"standard_error":1144.2613535584096},"MedianAbsDev":{"confidence_interval":{"confidence_level":0.95,"lower_bound":365.1951237387209,"upper_bound":5077.931267182066},"point_estimate":3518.429656535405,"standard_error":1292.53733454489},"Slope":{"confidence_interval":{"confidence_level":0.95,"lower_bound":383002.9331571816,"upper_bound":393318.0982657929},"point_estimate":388121.5841847042,"standard_error":2858.90132337594},"StdDev":{"confidence_interval":{"confidence_level":0.95,"lower_bound":1499.592941423919,"upper_bound":6996.86283208352},"point_estimate":4767.366840853189,"standard_error":1721.220282201991}}