{"Mean":{"confidence_interval":{"confidence_level":0.95,"lower_bound":49618.67427934548,"upper_bound":50599.53941975309},"point_estimate":50142.56664148539,"standard_error":252.12588831199005},"Median":{"confidence_interval":{"confidence_level":0.95,"lower_bound":49148.77330246913,"upper_bound":50751.736419753084},"point_estimate":50563.54602194787,"standard_error":386.66816207937836},"MedianAbsDev":{"confidence_interval":{"confidence_level":0.95,"lower_bound":30.316068000873283,"upper_bound":1339.2147101130715},"point_estimate":360.31273179761615,"standard_error":320.4415082934186},"Slope":{"confidence_interval":{"confidence_level":0.95,"lower_bound":50151.71274509804,"upper_bound":50772.97936588172},"point_estimate":50547.778435145105,"standard_error":159.7320221543245},"StdDev":{"confidence_interval":{"confidence_level":0.95,"lower_bound":236.5407941858904,"upper_bound":981.0130961419557},"point_estimate":842.5177928338932,"standard_error":156.06484072262182}}