{"Mean":{"confidence_interval":{"confidence_level":0.95,"lower_bound":6242.0392535228375,"upper_bound":6275.8742631437235},"point_estimate":6257.549217329479,"standard_error":8.693924332634218},"Median":{"confidence_interval":{"confidence_level":0.95,"lower_bound":6232.610146656065,"upper_bound":6268.933268545514},"point_estimate":6255.549282916631,"standard_error":8.563891832963922},"MedianAbsDev":{"confidence_interval":{"confidence_level":0.95,"lower_bound":1.1025028097404737,"upper_bound":42.11260453992088},"point_estimate":26.926329778610548,"standard_error":11.237776996700436},"Slope":{"confidence_interval":{"confidence_level":0.95,"lower_bound":6236.002502760792,"upper_bound":6285.6982653276755},"point_estimate":6255.329057566693,"standard_error":12.809225050659753},"StdDev":{"confidence_interval":{"confidence_level":0.95,"lower_bound":12.53430593076774,"upper_bound":39.81572891198639},"point_estimate":28.967007137683048,"standard_error":7.806757318798004}}