{"Mean":{"confidence_interval":{"confidence_level":0.95,"lower_bound":8228.127163125866,"upper_bound":8349.886447396915},"point_estimate":8288.165093013686,"standard_error":31.112176943982316},"Median":{"confidence_interval":{"confidence_level":0.95,"lower_bound":8190.533166580042,"upper_bound":8368.397140830733},"point_estimate":8303.085382016632,"standard_error":44.54700826779853},"MedianAbsDev":{"confidence_interval":{"confidence_level":0.95,"lower_bound":5.995682647583651,"upper_bound":186.05500445803716},"point_estimate":125.05635418443123,"standard_error":43.85218196666527},"Slope":{"confidence_interval":{"confidence_level":0.95,"lower_bound":8285.838756641257,"upper_bound":8382.009014313098},"point_estimate":8339.315734265734,"standard_error":24.41530763286816},"StdDev":{"confidence_interval":{"confidence_level":0.95,"lower_bound":60.75347998557443,"upper_bound":129.4362975389677},"point_estimate":103.52902299401504,"standard_error":17.86706867769228}}