{"Mean":{"confidence_interval":{"confidence_level":0.95,"lower_bound":56985.766691542274,"upper_bound":59726.241721748396},"point_estimate":58434.212841151384,"standard_error":704.9167993874233},"Median":{"confidence_interval":{"confidence_level":0.95,"lower_bound":56654.09514925373,"upper_bound":60365.65671641791},"point_estimate":59424.74648187633,"standard_error":1026.8861649186892},"MedianAbsDev":{"confidence_interval":{"confidence_level":0.95,"lower_bound":430.12355090856124,"upper_bound":3829.6741187261155},"point_estimate":1825.1170398738138,"standard_error":946.0055881891003},"Slope":{"confidence_interval":{"confidence_level":0.95,"lower_bound":59187.512935323386,"upper_bound":60366.76051450067},"point_estimate":60010.71986819151,"standard_error":308.3841223390012},"StdDev":{"confidence_interval":{"confidence_level":0.95,"lower_bound":1099.6796929885088,"upper_bound":2921.2378451460154},"point_estimate":2354.9756825023364,"standard_error":461.9355638829473}}