{"Mean":{"confidence_interval":{"confidence_level":0.95,"lower_bound":549.4204641932595,"upper_bound":575.3303688835078},"point_estimate":562.3834761720167,"standard_error":6.639432992999882},"Median":{"confidence_interval":{"confidence_level":0.95,"lower_bound":544.4527416682597,"upper_bound":581.1723825909642},"point_estimate":562.766415417247,"standard_error":9.21712955484696},"MedianAbsDev":{"confidence_interval":{"confidence_level":0.95,"lower_bound":6.737369031840678,"upper_bound":37.60844822715291},"point_estimate":27.220269332744433,"standard_error":7.993952963068046},"Slope":{"confidence_interval":{"confidence_level":0.95,"lower_bound":557.8524956242238,"upper_bound":583.6664820364895},"point_estimate":573.734652889327,"standard_error":6.472019671117236},"StdDev":{"confidence_interval":{"confidence_level":0.95,"lower_bound":13.071909085406672,"upper_bound":27.496999705758213},"point_estimate":22.167675655814502,"standard_error":3.6941504827002016}}