{"Mean":{"confidence_interval":{"confidence_level":0.95,"lower_bound":138797.55888707485,"upper_bound":142548.46084318592},"point_estimate":140213.53879818594,"standard_error":1055.3047016647317},"Median":{"confidence_interval":{"confidence_level":0.95,"lower_bound":138495.20214285713,"upper_bound":139991.1446734694},"point_estimate":139118.16999999998,"standard_error":479.1829730166622},"MedianAbsDev":{"confidence_interval":{"confidence_level":0.95,"lower_bound":175.10035189136397,"upper_bound":1757.332691134429},"point_estimate":928.0285821241823,"standard_error":503.4229740616075},"Slope":{"confidence_interval":{"confidence_level":0.95,"lower_bound":138979.42912761017,"upper_bound":140164.61326114734},"point_estimate":139672.2819888683,"standard_error":307.4831967105944},"StdDev":{"confidence_interval":{"confidence_level":0.95,"lower_bound":437.5324909624045,"upper_bound":5404.011971060976},"point_estimate":3526.973021841804,"standard_error":1687.3811823415174}}