{"Mean":{"confidence_interval":{"confidence_level":0.95,"lower_bound":2921876.938452381,"upper_bound":2940818.732403994},"point_estimate":2931275.84952765,"standard_error":4827.569265159315},"Median":{"confidence_interval":{"confidence_level":0.95,"lower_bound":2915856.0483870967,"upper_bound":2943053.8891129033},"point_estimate":2930892.2988479263,"standard_error":7215.082269250624},"MedianAbsDev":{"confidence_interval":{"confidence_level":0.95,"lower_bound":5286.404498486002,"upper_bound":27809.698199827708},"point_estimate":20118.55881863059,"standard_error":5781.957797241489},"Slope":{"confidence_interval":{"confidence_level":0.95,"lower_bound":2928108.765833989,"upper_bound":2944518.7072830205},"point_estimate":2936469.421868454,"standard_error":4272.428008261043},"StdDev":{"confidence_interval":{"confidence_level":0.95,"lower_bound":9516.692194962232,"upper_bound":20188.200328211802},"point_estimate":16090.030557189564,"standard_error":2745.637542821632}}