{"Mean":{"confidence_interval":{"confidence_level":0.95,"lower_bound":183841.68617409928,"upper_bound":200665.352957168},"point_estimate":192401.38589191233,"standard_error":4336.877165109347},"Median":{"confidence_interval":{"confidence_level":0.95,"lower_bound":178255.1807760141,"upper_bound":206803.60670194004},"point_estimate":195039.27120811288,"standard_error":7833.495044774664},"MedianAbsDev":{"confidence_interval":{"confidence_level":0.95,"lower_bound":2965.1666084688973,"upper_bound":23441.843815305558},"point_estimate":17614.416895059345,"standard_error":5402.664736520245},"Slope":{"confidence_interval":{"confidence_level":0.95,"lower_bound":195424.89943669038,"upper_bound":206761.88007054673},"point_estimate":203173.56753246754,"standard_error":2929.0443897576956},"StdDev":{"confidence_interval":{"confidence_level":0.95,"lower_bound":9177.635954892565,"upper_bound":16856.592041491785},"point_estimate":14420.45908015061,"standard_error":1964.490513822377}}