{"Mean":{"confidence_interval":{"confidence_level":0.95,"lower_bound":2932392.18200672,"upper_bound":2961115.1199103943},"point_estimate":2946281.0959818223,"standard_error":7349.987612260507},"Median":{"confidence_interval":{"confidence_level":0.95,"lower_bound":2928120.7225806452,"upper_bound":2961140.7880184334},"point_estimate":2943937.174955197,"standard_error":6941.172837786213},"MedianAbsDev":{"confidence_interval":{"confidence_level":0.95,"lower_bound":4472.875588735779,"upper_bound":42851.01927859722},"point_estimate":15549.81341345199,"standard_error":11113.195135805685},"Slope":{"confidence_interval":{"confidence_level":0.95,"lower_bound":2924467.328278651,"upper_bound":2957276.657708041},"point_estimate":2938961.744449099,"standard_error":8443.086848459288},"StdDev":{"confidence_interval":{"confidence_level":0.95,"lower_bound":11745.314688965522,"upper_bound":32265.419278947866},"point_estimate":24503.580163836254,"standard_error":5336.383278069808}}