{"Mean":{"confidence_interval":{"confidence_level":0.95,"lower_bound":13551.753303991074,"upper_bound":13619.346490398055},"point_estimate":13585.757932505632,"standard_error":17.35704566269213},"Median":{"confidence_interval":{"confidence_level":0.95,"lower_bound":13522.012268553364,"upper_bound":13635.91302337584},"point_estimate":13600.41769531838,"standard_error":35.858515733375164},"MedianAbsDev":{"confidence_interval":{"confidence_level":0.95,"lower_bound":5.922692134802752,"upper_bound":90.03514060387543},"point_estimate":78.66768527354859,"standard_error":24.32038662993197},"Slope":{"confidence_interval":{"confidence_level":0.95,"lower_bound":13529.58878767813,"upper_bound":13597.104997418948},"point_estimate":13553.311418913767,"standard_error":17.36899059951962},"StdDev":{"confidence_interval":{"confidence_level":0.95,"lower_bound":38.62660683938066,"upper_bound":65.40038973162319},"point_estimate":57.645083180641436,"standard_error":6.8723466517504015}}