{"Mean":{"confidence_interval":{"confidence_level":0.95,"lower_bound":2245734.29968254,"upper_bound":2259383.0425238092},"point_estimate":2252307.355836386,"standard_error":3491.6342514986663},"Median":{"confidence_interval":{"confidence_level":0.95,"lower_bound":2241028.151282051,"upper_bound":2261749.282051282},"point_estimate":2251307.0243589743,"standard_error":5591.775254314894},"MedianAbsDev":{"confidence_interval":{"confidence_level":0.95,"lower_bound":1654.6506319058112,"upper_bound":19744.528317413082},"point_estimate":15326.906275328796,"standard_error":4837.084417683334},"Slope":{"confidence_interval":{"confidence_level":0.95,"lower_bound":2242432.89533626,"upper_bound":2260829.7410516725},"point_estimate":2250048.1427239426,"standard_error":4754.292587719481},"StdDev":{"confidence_interval":{"confidence_level":0.95,"lower_bound":6707.399217719981,"upper_bound":14324.768494967098},"point_estimate":11650.524010734833,"standard_error":1951.4385920978566}}