{"Mean":{"confidence_interval":{"confidence_level":0.95,"lower_bound":156931.6812298351,"upper_bound":157539.75534589592},"point_estimate":157222.92643274477,"standard_error":155.72502768721031},"Median":{"confidence_interval":{"confidence_level":0.95,"lower_bound":156802.78022875817,"upper_bound":157523.34194890078},"point_estimate":157193.16085752484,"standard_error":189.70766354839262},"MedianAbsDev":{"confidence_interval":{"confidence_level":0.95,"lower_bound":138.71166372721427,"upper_bound":875.6461071948054},"point_estimate":439.6881758897615,"standard_error":185.62210027404964},"Slope":{"confidence_interval":{"confidence_level":0.95,"lower_bound":156953.97876670698,"upper_bound":157871.00541875928},"point_estimate":157449.646730097,"standard_error":244.25208552692752},"StdDev":{"confidence_interval":{"confidence_level":0.95,"lower_bound":264.86883279853816,"upper_bound":686.1451280274398},"point_estimate":518.552269084424,"standard_error":112.8104586241226}}