{"Mean":{"confidence_interval":{"confidence_level":0.95,"lower_bound":139374.51288196797,"upper_bound":141371.70086173172},"point_estimate":140336.79353155795,"standard_error":511.0329234287453},"Median":{"confidence_interval":{"confidence_level":0.95,"lower_bound":138921.97334123222,"upper_bound":142352.69218009477},"point_estimate":139574.4814940194,"standard_error":952.6193548451333},"MedianAbsDev":{"confidence_interval":{"confidence_level":0.95,"lower_bound":261.0478925297936,"upper_bound":2716.592466107315},"point_estimate":1460.7027232379128,"standard_error":702.5437109519467},"Slope":{"confidence_interval":{"confidence_level":0.95,"lower_bound":139476.84362923805,"upper_bound":141993.697718625},"point_estimate":141140.81435957408,"standard_error":604.5823134739101},"StdDev":{"confidence_interval":{"confidence_level":0.95,"lower_bound":1043.643519009425,"upper_bound":1944.084344477447},"point_estimate":1707.291461475727,"standard_error":237.9034649274126}}