{"Mean":{"confidence_interval":{"confidence_level":0.95,"lower_bound":1169.5029257089852,"upper_bound":1230.9618369318264},"point_estimate":1200.6146456236727,"standard_error":15.762087986098816},"Median":{"confidence_interval":{"confidence_level":0.95,"lower_bound":1157.7300012343185,"upper_bound":1252.9466924003382},"point_estimate":1192.6337271931595,"standard_error":26.0004729822855},"MedianAbsDev":{"confidence_interval":{"confidence_level":0.95,"lower_bound":8.677774657845461,"upper_bound":93.46196706098245},"point_estimate":76.35879909502675,"standard_error":24.09167608645602},"Slope":{"confidence_interval":{"confidence_level":0.95,"lower_bound":1205.1363088586252,"upper_bound":1250.8453806749799},"point_estimate":1236.3931012231558,"standard_error":11.758251807213021},"StdDev":{"confidence_interval":{"confidence_level":0.95,"lower_bound":32.57342023649211,"upper_bound":63.806542851615625},"point_estimate":52.38529598208451,"standard_error":8.162793922270577}}