{"Mean":{"confidence_interval":{"confidence_level":0.95,"lower_bound":10942055.114015874,"upper_bound":11142214.18311111},"point_estimate":11034299.452492062,"standard_error":51454.171050981015},"Median":{"confidence_interval":{"confidence_level":0.95,"lower_bound":10896711.708333334,"upper_bound":11150743.333333334},"point_estimate":11001348.510000002,"standard_error":61363.204952013715},"MedianAbsDev":{"confidence_interval":{"confidence_level":0.95,"lower_bound":26557.902284503758,"upper_bound":278053.6137285627},"point_estimate":161908.51043988467,"standard_error":59476.41442920593},"Slope":{"confidence_interval":{"confidence_level":0.95,"lower_bound":10893326.652713014,"upper_bound":11022629.906783465},"point_estimate":10954531.623896103,"standard_error":34234.82662429302},"StdDev":{"confidence_interval":{"confidence_level":0.95,"lower_bound":77881.93890146096,"upper_bound":232941.51225262863},"point_estimate":171966.89826677024,"standard_error":43435.89352947858}}