{"Mean":{"confidence_interval":{"confidence_level":0.95,"lower_bound":194113.89696809775,"upper_bound":202174.91361939133},"point_estimate":198115.68490548054,"standard_error":2053.3661933252274},"Median":{"confidence_interval":{"confidence_level":0.95,"lower_bound":193546.51049868765,"upper_bound":202257.11653543307},"point_estimate":198366.05100612424,"standard_error":2473.632707892589},"MedianAbsDev":{"confidence_interval":{"confidence_level":0.95,"lower_bound":1423.8114554801675,"upper_bound":11997.864697743355},"point_estimate":6379.612186240542,"standard_error":2528.9605597571285},"Slope":{"confidence_interval":{"confidence_level":0.95,"lower_bound":195250.20050507484,"upper_bound":200849.6006660724},"point_estimate":198053.9691174967,"standard_error":1409.3896396016435},"StdDev":{"confidence_interval":{"confidence_level":0.95,"lower_bound":3415.0378812211075,"upper_bound":9073.992747363294},"point_estimate":6829.394905552193,"standard_error":1460.0645875453386}}