{"Mean":{"confidence_interval":{"confidence_level":0.95,"lower_bound":1479899.8437789856,"upper_bound":1696904.1163768112},"point_estimate":1587128.4131159422,"standard_error":55524.99501588279},"Median":{"confidence_interval":{"confidence_level":0.95,"lower_bound":1409338.9057971016,"upper_bound":1784857.6739130435},"point_estimate":1564026.1217391305,"standard_error":122070.64180011899},"MedianAbsDev":{"confidence_interval":{"confidence_level":0.95,"lower_bound":23030.44477591041,"upper_bound":282975.7859381321},"point_estimate":246184.56801956764,"standard_error":78167.53127400977},"Slope":{"confidence_interval":{"confidence_level":0.95,"lower_bound":1604620.7094516119,"upper_bound":1766864.970847268},"point_estimate":1714450.9661208356,"standard_error":42103.51138396318},"StdDev":{"confidence_interval":{"confidence_level":0.95,"lower_bound":126175.62999516257,"upper_bound":204381.29972883067},"point_estimate":185046.45741914358,"standard_error":19931.21903455121}}