{"Mean":{"confidence_interval":{"confidence_level":0.95,"lower_bound":8095.918890538888,"upper_bound":8240.024453371725},"point_estimate":8168.198665010216,"standard_error":36.89297947923004},"Median":{"confidence_interval":{"confidence_level":0.95,"lower_bound":8061.434655396619,"upper_bound":8264.316583070158},"point_estimate":8183.641791287386,"standard_error":58.37518856859118},"MedianAbsDev":{"confidence_interval":{"confidence_level":0.95,"lower_bound":34.93727638721723,"upper_bound":207.96155739377036},"point_estimate":148.09596024463352,"standard_error":43.768562768008024},"Slope":{"confidence_interval":{"confidence_level":0.95,"lower_bound":8177.549882034688,"upper_bound":8307.838333431848},"point_estimate":8260.756655633053,"standard_error":33.50724945246695},"StdDev":{"confidence_interval":{"confidence_level":0.95,"lower_bound":75.91807103868709,"upper_bound":150.09197461234254},"point_estimate":123.16011366742906,"standard_error":18.950138660769742}}