{"Mean":{"confidence_interval":{"confidence_level":0.95,"lower_bound":32997.96001772814,"upper_bound":33969.11891402485},"point_estimate":33445.3188790751,"standard_error":250.09298216279095},"Median":{"confidence_interval":{"confidence_level":0.95,"lower_bound":32814.27255684084,"upper_bound":34040.74893156305},"point_estimate":33120.52652572796,"standard_error":356.64662318537813},"MedianAbsDev":{"confidence_interval":{"confidence_level":0.95,"lower_bound":58.55767219533363,"upper_bound":1342.9919916071995},"point_estimate":585.6043133077399,"standard_error":373.1352562154358},"Slope":{"confidence_interval":{"confidence_level":0.95,"lower_bound":32793.24664601554,"upper_bound":33344.41912554757},"point_estimate":32970.38401152099,"standard_error":144.21397088691677},"StdDev":{"confidence_interval":{"confidence_level":0.95,"lower_bound":361.1907967876479,"upper_bound":1103.7465492154984},"point_estimate":834.0363610461156,"standard_error":199.93043435504376}}