{"Mean":{"confidence_interval":{"confidence_level":0.95,"lower_bound":1405929.6525384116,"upper_bound":1422341.715966983},"point_estimate":1413295.0026661707,"standard_error":4240.553830678162},"Median":{"confidence_interval":{"confidence_level":0.95,"lower_bound":1402634.3663194445,"upper_bound":1419798.8504464286},"point_estimate":1410734.169140625,"standard_error":5142.262083668639},"MedianAbsDev":{"confidence_interval":{"confidence_level":0.95,"lower_bound":1582.078681287505,"upper_bound":20655.43832391765},"point_estimate":12707.823118115099,"standard_error":4598.319434758766},"Slope":{"confidence_interval":{"confidence_level":0.95,"lower_bound":1401993.7623318275,"upper_bound":1414845.6361343504},"point_estimate":1406645.7260146104,"standard_error":3286.3626597702246},"StdDev":{"confidence_interval":{"confidence_level":0.95,"lower_bound":6171.350650422998,"upper_bound":19759.964934477874},"point_estimate":14108.625633212556,"standard_error":4072.5831913803313}}