{"Mean":{"confidence_interval":{"confidence_level":0.95,"lower_bound":694.6242819965432,"upper_bound":761.0458319837293},"point_estimate":726.8085971318667,"standard_error":17.01254521831562},"Median":{"confidence_interval":{"confidence_level":0.95,"lower_bound":695.8125108692952,"upper_bound":770.8377366400834},"point_estimate":719.5691372352771,"standard_error":16.33116796904864},"MedianAbsDev":{"confidence_interval":{"confidence_level":0.95,"lower_bound":10.477580350991081,"upper_bound":100.22955192482564},"point_estimate":36.36072084446214,"standard_error":24.70905597033835},"Slope":{"confidence_interval":{"confidence_level":0.95,"lower_bound":716.2720929672129,"upper_bound":797.0341283446375},"point_estimate":766.6674666467914,"standard_error":20.61142196519107},"StdDev":{"confidence_interval":{"confidence_level":0.95,"lower_bound":23.51277225536041,"upper_bound":74.41191569687601},"point_estimate":56.73461662432459,"standard_error":12.279524181557614}}