{"Mean":{"confidence_interval":{"confidence_level":0.95,"lower_bound":891.6297918190581,"upper_bound":944.0865381296187},"point_estimate":918.6358939708822,"standard_error":13.40451142698799},"Median":{"confidence_interval":{"confidence_level":0.95,"lower_bound":899.353326633807,"upper_bound":940.8038145427573},"point_estimate":919.6222760387113,"standard_error":11.241710203729923},"MedianAbsDev":{"confidence_interval":{"confidence_level":0.95,"lower_bound":6.464938543405,"upper_bound":71.53987525058618},"point_estimate":27.841640939889313,"standard_error":15.388233002726862},"Slope":{"confidence_interval":{"confidence_level":0.95,"lower_bound":915.2713494463574,"upper_bound":971.0668543079017},"point_estimate":945.6220549895623,"standard_error":15.115803546038347},"StdDev":{"confidence_interval":{"confidence_level":0.95,"lower_bound":15.38945554432836,"upper_bound":62.31901203972181},"point_estimate":44.639478405804255,"standard_error":12.192013339972485}}