{"Mean":{"confidence_interval":{"confidence_level":0.95,"lower_bound":36953.1912369635,"upper_bound":37332.10724146658},"point_estimate":37140.0606529473,"standard_error":96.80968308449066},"Median":{"confidence_interval":{"confidence_level":0.95,"lower_bound":36835.20803249098,"upper_bound":37429.462093862814},"point_estimate":37112.49838297232,"standard_error":200.4259343773475},"MedianAbsDev":{"confidence_interval":{"confidence_level":0.95,"lower_bound":44.10238342881614,"upper_bound":477.70008477624447},"point_estimate":426.21112249491057,"standard_error":137.40902692101534},"Slope":{"confidence_interval":{"confidence_level":0.95,"lower_bound":37099.335796000465,"upper_bound":37468.241824413744},"point_estimate":37338.99680403832,"standard_error":94.07732109622079},"StdDev":{"confidence_interval":{"confidence_level":0.95,"lower_bound":219.50763716776945,"upper_bound":369.51807156339396},"point_estimate":324.49030400762877,"standard_error":38.95169027426596}}