{"Mean":{"confidence_interval":{"confidence_level":0.95,"lower_bound":1324557.951092796,"upper_bound":1331622.319945055},"point_estimate":1328017.2720062577,"standard_error":1807.1039379024821},"Median":{"confidence_interval":{"confidence_level":0.95,"lower_bound":1323870.1038461537,"upper_bound":1332632.8401442308},"point_estimate":1327498.6278846152,"standard_error":2035.9831525191705},"MedianAbsDev":{"confidence_interval":{"confidence_level":0.95,"lower_bound":1165.6906653625858,"upper_bound":10973.294417925372},"point_estimate":5201.1903839424085,"standard_error":2593.784295740884},"Slope":{"confidence_interval":{"confidence_level":0.95,"lower_bound":1326677.3113103663,"upper_bound":1334290.169754583},"point_estimate":1330528.1725774226,"standard_error":1938.9072509898697},"StdDev":{"confidence_interval":{"confidence_level":0.95,"lower_bound":3120.072778696754,"upper_bound":7690.412836377372},"point_estimate":6027.208411201112,"standard_error":1155.5938470211436}}