{"Mean":{"confidence_interval":{"confidence_level":0.95,"lower_bound":36483.71834748941,"upper_bound":36798.627779018934},"point_estimate":36625.82117292761,"standard_error":81.37608229510317},"Median":{"confidence_interval":{"confidence_level":0.95,"lower_bound":36428.380442127615,"upper_bound":36816.530958586736},"point_estimate":36559.59088370361,"standard_error":84.80406429115668},"MedianAbsDev":{"confidence_interval":{"confidence_level":0.95,"lower_bound":24.85171326426367,"upper_bound":353.110509413056},"point_estimate":173.3029041387209,"standard_error":92.27172468299655},"Slope":{"confidence_interval":{"confidence_level":0.95,"lower_bound":36465.60749928448,"upper_bound":36736.99207398468},"point_estimate":36554.83243481106,"standard_error":70.33991375787454},"StdDev":{"confidence_interval":{"confidence_level":0.95,"lower_bound":84.87369095830458,"upper_bound":355.7815471991247},"point_estimate":271.4223662296795,"standard_error":72.54322011853668}}