{"Mean":{"confidence_interval":{"confidence_level":0.95,"lower_bound":594849.8647955426,"upper_bound":615907.5762403101},"point_estimate":605329.9528068475,"standard_error":5354.180969249039},"Median":{"confidence_interval":{"confidence_level":0.95,"lower_bound":597426.757751938,"upper_bound":617795.7398255814},"point_estimate":602038.4854651163,"standard_error":5103.728350127473},"MedianAbsDev":{"confidence_interval":{"confidence_level":0.95,"lower_bound":1002.6355281298783,"upper_bound":33203.94374786688},"point_estimate":9473.277394955341,"standard_error":8822.715037095477},"Slope":{"confidence_interval":{"confidence_level":0.95,"lower_bound":601388.4276905265,"upper_bound":624188.2653561372},"point_estimate":612220.4607369375,"standard_error":6074.260945158401},"StdDev":{"confidence_interval":{"confidence_level":0.95,"lower_bound":8580.70684713469,"upper_bound":23795.79935344186},"point_estimate":17816.39828797239,"standard_error":3927.936874611259}}