{"Mean":{"confidence_interval":{"confidence_level":0.95,"lower_bound":1903.1829815542094,"upper_bound":1983.8776431653096},"point_estimate":1940.4798639580458,"standard_error":20.822856328603866},"Median":{"confidence_interval":{"confidence_level":0.95,"lower_bound":1899.2132880833205,"upper_bound":1980.6819690917978},"point_estimate":1920.7963489415179,"standard_error":19.395281044128225},"MedianAbsDev":{"confidence_interval":{"confidence_level":0.95,"lower_bound":7.473661736722814,"upper_bound":107.80329523712784},"point_estimate":37.53860454362781,"standard_error":25.740868265555864},"Slope":{"confidence_interval":{"confidence_level":0.95,"lower_bound":1918.511067528923,"upper_bound":2038.8466760505585},"point_estimate":1989.99850569573,"standard_error":31.048267955282473},"StdDev":{"confidence_interval":{"confidence_level":0.95,"lower_bound":25.109972507891836,"upper_bound":92.44630299102403},"point_estimate":69.26535748089161,"standard_error":17.56707712489091}}