{"Mean":{"confidence_interval":{"confidence_level":0.95,"lower_bound":621.6749858722117,"upper_bound":650.1486725436439},"point_estimate":636.2350729474063,"standard_error":7.306074825111231},"Median":{"confidence_interval":{"confidence_level":0.95,"lower_bound":614.5810092718144,"upper_bound":655.9759913145454},"point_estimate":638.9207452266646,"standard_error":9.755407688134495},"MedianAbsDev":{"confidence_interval":{"confidence_level":0.95,"lower_bound":6.012621131390135,"upper_bound":41.25033698027661},"point_estimate":29.794106270226862,"standard_error":9.352020343025028},"Slope":{"confidence_interval":{"confidence_level":0.95,"lower_bound":638.9260831992548,"upper_bound":662.2792213845687},"point_estimate":654.1097379990186,"standard_error":5.98269600206303},"StdDev":{"confidence_interval":{"confidence_level":0.95,"lower_bound":13.632079864611345,"upper_bound":30.355767971721423},"point_estimate":24.322354369050238,"standard_error":4.241752919123412}}