{"Mean":{"confidence_interval":{"confidence_level":0.95,"lower_bound":54217.26299563829,"upper_bound":54630.9171153042},"point_estimate":54430.00978978372,"standard_error":105.7990316802753},"Median":{"confidence_interval":{"confidence_level":0.95,"lower_bound":54160.80288597733,"upper_bound":54646.9747599937},"point_estimate":54504.44224251315,"standard_error":126.11684806219652},"MedianAbsDev":{"confidence_interval":{"confidence_level":0.95,"lower_bound":48.78852913383091,"upper_bound":568.9637523988737},"point_estimate":235.71297123192903,"standard_error":145.0206571107159},"Slope":{"confidence_interval":{"confidence_level":0.95,"lower_bound":54322.569894588196,"upper_bound":54620.2614577157},"point_estimate":54517.10735808101,"standard_error":76.62798273817097},"StdDev":{"confidence_interval":{"confidence_level":0.95,"lower_bound":169.27621620815802,"upper_bound":449.56435679221835},"point_estimate":351.3012320175406,"standard_error":69.6043565633238}}