{"Mean":{"confidence_interval":{"confidence_level":0.95,"lower_bound":2780707.1217022436,"upper_bound":2826053.810509989},"point_estimate":2804056.816644773,"standard_error":11628.570845645796},"Median":{"confidence_interval":{"confidence_level":0.95,"lower_bound":2772250.040229885,"upper_bound":2842287.421455939},"point_estimate":2810010.675287356,"standard_error":19218.1867572457},"MedianAbsDev":{"confidence_interval":{"confidence_level":0.95,"lower_bound":6621.57152911015,"upper_bound":63357.29946483804},"point_estimate":51164.28878452628,"standard_error":15035.285729058081},"Slope":{"confidence_interval":{"confidence_level":0.95,"lower_bound":2799588.2156276545,"upper_bound":2841774.8388826298},"point_estimate":2828195.3392745187,"standard_error":10913.246373387336},"StdDev":{"confidence_interval":{"confidence_level":0.95,"lower_bound":23582.545120839823,"upper_bound":47336.32136192565},"point_estimate":38736.82444085609,"standard_error":6175.289385705711}}