{"Mean":{"confidence_interval":{"confidence_level":0.95,"lower_bound":2820113.1911388887,"upper_bound":2955394.1918650786},"point_estimate":2886615.142559523,"standard_error":34700.7039637919},"Median":{"confidence_interval":{"confidence_level":0.95,"lower_bound":2790733.506944444,"upper_bound":2992473.7371031744},"point_estimate":2871210.7645833334,"standard_error":57197.80318556676},"MedianAbsDev":{"confidence_interval":{"confidence_level":0.95,"lower_bound":28106.5176989265,"upper_bound":195693.4746115799},"point_estimate":129828.31493633664,"standard_error":41594.91259551035},"Slope":{"confidence_interval":{"confidence_level":0.95,"lower_bound":2887126.4026064086,"upper_bound":3020819.563008035},"point_estimate":2975345.8261904763,"standard_error":34012.159912981406},"StdDev":{"confidence_interval":{"confidence_level":0.95,"lower_bound":71181.23627693496,"upper_bound":139191.30089439263},"point_estimate":115643.5844207506,"standard_error":17373.62684438823}}