{"Mean":{"confidence_interval":{"confidence_level":0.95,"lower_bound":611797.2555298646,"upper_bound":616776.7291674876},"point_estimate":614190.9364963054,"standard_error":1277.402759085564},"Median":{"confidence_interval":{"confidence_level":0.95,"lower_bound":610812.7297413794,"upper_bound":617757.3903940887},"point_estimate":612831.4245689656,"standard_error":1840.1706853173177},"MedianAbsDev":{"confidence_interval":{"confidence_level":0.95,"lower_bound":563.1515408641484,"upper_bound":6929.776351109913},"point_estimate":5169.999930283076,"standard_error":1769.8653383918022},"Slope":{"confidence_interval":{"confidence_level":0.95,"lower_bound":611619.3336528506,"upper_bound":614863.9115228716},"point_estimate":613034.6012763099,"standard_error":824.5573172905493},"StdDev":{"confidence_interval":{"confidence_level":0.95,"lower_bound":2371.8111545641427,"upper_bound":5424.928193874549},"point_estimate":4262.266000671126,"standard_error":804.51938771734}}