{"Mean":{"confidence_interval":{"confidence_level":0.95,"lower_bound":1215801.8900423532,"upper_bound":1272735.2540450436},"point_estimate":1244957.9340086996,"standard_error":14599.686153290853},"Median":{"confidence_interval":{"confidence_level":0.95,"lower_bound":1195705.8846153845,"upper_bound":1288667.4302884615},"point_estimate":1261513.746794872,"standard_error":28673.28736672072},"MedianAbsDev":{"confidence_interval":{"confidence_level":0.95,"lower_bound":7144.837907528746,"upper_bound":75259.96795617622},"point_estimate":51465.39784784463,"standard_error":20135.413132076814},"Slope":{"confidence_interval":{"confidence_level":0.95,"lower_bound":1256065.7502564103,"upper_bound":1289995.5084078196},"point_estimate":1280022.4774725274,"standard_error":8866.06922388776},"StdDev":{"confidence_interval":{"confidence_level":0.95,"lower_bound":31153.350898536173,"upper_bound":55362.49649394318},"point_estimate":48724.765842085544,"standard_error":6261.828763136974}}