{"Mean":{"confidence_interval":{"confidence_level":0.95,"lower_bound":164.03391491205355,"upper_bound":169.8665227372273},"point_estimate":166.99882199826538,"standard_error":1.491957365221914},"Median":{"confidence_interval":{"confidence_level":0.95,"lower_bound":162.19909131956203,"upper_bound":171.2799655385351},"point_estimate":167.51446628995882,"standard_error":2.0861957285057193},"MedianAbsDev":{"confidence_interval":{"confidence_level":0.95,"lower_bound":0.5996415789971905,"upper_bound":9.238089857106237},"point_estimate":4.930869066759288,"standard_error":2.101701455028831},"Slope":{"confidence_interval":{"confidence_level":0.95,"lower_bound":165.8671559282158,"upper_bound":170.57264965413432},"point_estimate":168.6188730136022,"standard_error":1.1898533255301138},"StdDev":{"confidence_interval":{"confidence_level":0.95,"lower_bound":2.836356373356625,"upper_bound":6.1467622569233695},"point_estimate":5.005448156854898,"standard_error":0.8457407093054972}}