{"Mean":{"confidence_interval":{"confidence_level":0.95,"lower_bound":1110.9746761590027,"upper_bound":1181.9853475880093},"point_estimate":1145.4056580045906,"standard_error":18.14409653360021},"Median":{"confidence_interval":{"confidence_level":0.95,"lower_bound":1094.155748100012,"upper_bound":1187.5453955955454},"point_estimate":1139.7054183874666,"standard_error":26.22649686348156},"MedianAbsDev":{"confidence_interval":{"confidence_level":0.95,"lower_bound":16.032828182687933,"upper_bound":104.77575978463254},"point_estimate":64.79378127247746,"standard_error":22.129693043184677},"Slope":{"confidence_interval":{"confidence_level":0.95,"lower_bound":1128.6451173202643,"upper_bound":1215.5226933771091},"point_estimate":1180.8189021287246,"standard_error":21.74119726754063},"StdDev":{"confidence_interval":{"confidence_level":0.95,"lower_bound":34.058596078389485,"upper_bound":77.94645631929421},"point_estimate":60.51374240535253,"standard_error":11.610940879891993}}