{"Mean":{"confidence_interval":{"confidence_level":0.95,"lower_bound":453.15671516574236,"upper_bound":500.5195788169061},"point_estimate":475.8199176089644,"standard_error":12.152936048828641},"Median":{"confidence_interval":{"confidence_level":0.95,"lower_bound":443.84142876649025,"upper_bound":518.8406541467103},"point_estimate":454.4792874548357,"standard_error":22.534336168050626},"MedianAbsDev":{"confidence_interval":{"confidence_level":0.95,"lower_bound":2.4479708665474225,"upper_bound":63.56560026989687},"point_estimate":25.452306292207272,"standard_error":18.02207956178677},"Slope":{"confidence_interval":{"confidence_level":0.95,"lower_bound":448.6397166600449,"upper_bound":522.3150404446724},"point_estimate":498.943821674922,"standard_error":17.210388908643313},"StdDev":{"confidence_interval":{"confidence_level":0.95,"lower_bound":23.601825832342318,"upper_bound":46.490299896935},"point_estimate":40.550289935695616,"standard_error":5.9578376436358145}}