{"Mean":{"confidence_interval":{"confidence_level":0.95,"lower_bound":5770.812215083758,"upper_bound":5910.913408622777},"point_estimate":5835.4718138349535,"standard_error":36.076539136163916},"Median":{"confidence_interval":{"confidence_level":0.95,"lower_bound":5725.354217917179,"upper_bound":5924.199402931529},"point_estimate":5819.223490214812,"standard_error":43.190027772966374},"MedianAbsDev":{"confidence_interval":{"confidence_level":0.95,"lower_bound":11.00908716847951,"upper_bound":196.80260344563146},"point_estimate":139.2996679701245,"standard_error":48.687034682294495},"Slope":{"confidence_interval":{"confidence_level":0.95,"lower_bound":5798.146878079425,"upper_bound":5891.3118667689905},"point_estimate":5846.2306103337005,"standard_error":23.98182252853415},"StdDev":{"confidence_interval":{"confidence_level":0.95,"lower_bound":52.5173586342012,"upper_bound":160.0893335783228},"point_estimate":120.18758081466996,"standard_error":28.95557059591279}}