{"Mean":{"confidence_interval":{"confidence_level":0.95,"lower_bound":1470499.4382689788,"upper_bound":1491187.5408091787},"point_estimate":1481443.0052501725,"standard_error":5311.489488698848},"Median":{"confidence_interval":{"confidence_level":0.95,"lower_bound":1466770.3333333333,"upper_bound":1493128.7152173915},"point_estimate":1486777.074879227,"standard_error":6724.697381313319},"MedianAbsDev":{"confidence_interval":{"confidence_level":0.95,"lower_bound":1163.8870228151304,"upper_bound":27236.71922351671},"point_estimate":9995.501459319812,"standard_error":7357.092416550344},"Slope":{"confidence_interval":{"confidence_level":0.95,"lower_bound":1485460.1326473127,"upper_bound":1493772.6814433043},"point_estimate":1489896.9784302653,"standard_error":2099.0913017785415},"StdDev":{"confidence_interval":{"confidence_level":0.95,"lower_bound":7052.912623262922,"upper_bound":21933.993039638564},"point_estimate":17695.028504156704,"standard_error":3553.7744721354534}}