{"Mean":{"confidence_interval":{"confidence_level":0.95,"lower_bound":20034.04806789713,"upper_bound":20927.37366234943},"point_estimate":20510.320278540465,"standard_error":230.82036787795158},"Median":{"confidence_interval":{"confidence_level":0.95,"lower_bound":19910.24635993011,"upper_bound":21052.902154921376},"point_estimate":20687.84274898078,"standard_error":277.252161632641},"MedianAbsDev":{"confidence_interval":{"confidence_level":0.95,"lower_bound":91.2773376184851,"upper_bound":1244.079111460064},"point_estimate":565.38903943817,"standard_error":305.0754219043449},"Slope":{"confidence_interval":{"confidence_level":0.95,"lower_bound":20515.453857642377,"upper_bound":20905.90090049729},"point_estimate":20739.279716206915,"standard_error":99.3496122346028},"StdDev":{"confidence_interval":{"confidence_level":0.95,"lower_bound":330.434424468396,"upper_bound":995.4264335682973},"point_estimate":765.8856636885334,"standard_error":170.5020855481841}}