{"Mean":{"confidence_interval":{"confidence_level":0.95,"lower_bound":1431.8391273743507,"upper_bound":1529.1559963161294},"point_estimate":1479.3067327500708,"standard_error":24.924417401216413},"Median":{"confidence_interval":{"confidence_level":0.95,"lower_bound":1413.602701831313,"upper_bound":1550.4691248065515},"point_estimate":1471.7590986065563,"standard_error":30.60050218578135},"MedianAbsDev":{"confidence_interval":{"confidence_level":0.95,"lower_bound":4.552553716248454,"upper_bound":149.32873284669265},"point_estimate":86.53790934069227,"standard_error":39.62168802145387},"Slope":{"confidence_interval":{"confidence_level":0.95,"lower_bound":1461.863604959652,"upper_bound":1577.5251722106907},"point_estimate":1539.5329035035122,"standard_error":28.16771535405385},"StdDev":{"confidence_interval":{"confidence_level":0.95,"lower_bound":45.01861610169894,"upper_bound":102.84848897159517},"point_estimate":83.09727015986326,"standard_error":14.531986585052351}}