{"Mean":{"confidence_interval":{"confidence_level":0.95,"lower_bound":2614602.3629487175,"upper_bound":2645232.6988307005},"point_estimate":2631981.1142261904,"standard_error":7918.987568352234},"Median":{"confidence_interval":{"confidence_level":0.95,"lower_bound":2623940.08974359,"upper_bound":2649374.808974359},"point_estimate":2635615.5256410255,"standard_error":6648.4677463119715},"MedianAbsDev":{"confidence_interval":{"confidence_level":0.95,"lower_bound":3715.166762888587,"upper_bound":31729.360175921982},"point_estimate":14698.559102029225,"standard_error":6957.658960768942},"Slope":{"confidence_interval":{"confidence_level":0.95,"lower_bound":2633508.4773113322,"upper_bound":2649809.74094547},"point_estimate":2643520.1127872127,"standard_error":4169.925348121737},"StdDev":{"confidence_interval":{"confidence_level":0.95,"lower_bound":9030.377411501315,"upper_bound":38366.58025640202},"point_estimate":26428.075505888162,"standard_error":8877.568105634833}}