{"Mean":{"confidence_interval":{"confidence_level":0.95,"lower_bound":17532.714266577274,"upper_bound":17875.0078151804},"point_estimate":17671.302825272876,"standard_error":91.13026655728697},"Median":{"confidence_interval":{"confidence_level":0.95,"lower_bound":17525.875887363938,"upper_bound":17673.363723435425},"point_estimate":17629.610327601622,"standard_error":47.9112094120075},"MedianAbsDev":{"confidence_interval":{"confidence_level":0.95,"lower_bound":6.348927496133838,"upper_bound":248.07777427178763},"point_estimate":77.95651527477563,"standard_error":63.13906668830813},"Slope":{"confidence_interval":{"confidence_level":0.95,"lower_bound":17588.61220378316,"upper_bound":17658.582862861553},"point_estimate":17631.383487501615,"standard_error":17.745545315653427},"StdDev":{"confidence_interval":{"confidence_level":0.95,"lower_bound":59.785718186602935,"upper_bound":458.3395439612912},"point_estimate":303.1578758419188,"standard_error":127.58100510041568}}