{"Mean":{"confidence_interval":{"confidence_level":0.95,"lower_bound":3049323109.48725,"upper_bound":3062964824.172619},"point_estimate":3055771871.5859528,"standard_error":3482625.1462868284},"Median":{"confidence_interval":{"confidence_level":0.95,"lower_bound":3049825735.583333,"upper_bound":3060554368.125},"point_estimate":3054494376.6833334,"standard_error":2312954.4948843974},"MedianAbsDev":{"confidence_interval":{"confidence_level":0.95,"lower_bound":435057.929261272,"upper_bound":18553035.014957927},"point_estimate":5193869.290790219,"standard_error":4589999.649405156},"Slope":{"confidence_interval":{"confidence_level":0.95,"lower_bound":3048381672.742742,"upper_bound":3060046916.8643007},"point_estimate":3054191935.407792,"standard_error":2953349.0022709775},"StdDev":{"confidence_interval":{"confidence_level":0.95,"lower_bound":4027156.968213606,"upper_bound":16216358.52245841},"point_estimate":11652646.117022539,"standard_error":3185345.696852432}}