{"Mean":{"confidence_interval":{"confidence_level":0.95,"lower_bound":6970.074400980426,"upper_bound":7055.895808219696},"point_estimate":7015.279743881551,"standard_error":22.061406481124564},"Median":{"confidence_interval":{"confidence_level":0.95,"lower_bound":6960.0336742503305,"upper_bound":7065.775136416496},"point_estimate":7038.128184790928,"standard_error":27.618320286632407},"MedianAbsDev":{"confidence_interval":{"confidence_level":0.95,"lower_bound":4.6833185549258065,"upper_bound":116.20024284936892},"point_estimate":44.13241251121239,"standard_error":31.488755775195035},"Slope":{"confidence_interval":{"confidence_level":0.95,"lower_bound":7030.740779508843,"upper_bound":7083.649977596883},"point_estimate":7060.064125646843,"standard_error":13.610482319290348},"StdDev":{"confidence_interval":{"confidence_level":0.95,"lower_bound":31.88302635696915,"upper_bound":90.94605106410907},"point_estimate":73.49489660394521,"standard_error":14.213159451946582}}