{"Mean":{"confidence_interval":{"confidence_level":0.95,"lower_bound":105179.42230700303,"upper_bound":107658.43324556404},"point_estimate":106484.5434549411,"standard_error":635.3944121268454},"Median":{"confidence_interval":{"confidence_level":0.95,"lower_bound":105374.03535980149,"upper_bound":108668.71499468274},"point_estimate":106426.30525227461,"standard_error":829.53349407694},"MedianAbsDev":{"confidence_interval":{"confidence_level":0.95,"lower_bound":272.22103651326603,"upper_bound":3968.3165783820464},"point_estimate":1652.9061652084079,"standard_error":913.5329580274965},"Slope":{"confidence_interval":{"confidence_level":0.95,"lower_bound":105914.12260891416,"upper_bound":108229.56005523783},"point_estimate":107003.90302600626,"standard_error":604.0488412458953},"StdDev":{"confidence_interval":{"confidence_level":0.95,"lower_bound":1104.839558834739,"upper_bound":2821.045505736075},"point_estimate":2112.837058084529,"standard_error":479.6629691672801}}