{"Mean":{"confidence_interval":{"confidence_level":0.95,"lower_bound":34630.60089484795,"upper_bound":34944.54732848325},"point_estimate":34765.85171939857,"standard_error":81.66397784219944},"Median":{"confidence_interval":{"confidence_level":0.95,"lower_bound":34621.71791994014,"upper_bound":34845.499964370334},"point_estimate":34707.82281144781,"standard_error":53.982987214475266},"MedianAbsDev":{"confidence_interval":{"confidence_level":0.95,"lower_bound":28.649206124372252,"upper_bound":334.0225826688649},"point_estimate":110.51446078769295,"standard_error":76.40521007353982},"Slope":{"confidence_interval":{"confidence_level":0.95,"lower_bound":34680.918545872155,"upper_bound":34813.8955290314},"point_estimate":34750.617998163456,"standard_error":32.93047805996878},"StdDev":{"confidence_interval":{"confidence_level":0.95,"lower_bound":66.67449237927009,"upper_bound":394.3864047834321},"point_estimate":271.2735026433563,"standard_error":94.67519640518974}}