{"Mean":{"confidence_interval":{"confidence_level":0.95,"lower_bound":67013.06305189522,"upper_bound":67916.67913766879},"point_estimate":67454.88225821538,"standard_error":230.9027631616387},"Median":{"confidence_interval":{"confidence_level":0.95,"lower_bound":66813.20050431104,"upper_bound":68242.70693020985},"point_estimate":67326.97557650073,"standard_error":353.037865471726},"MedianAbsDev":{"confidence_interval":{"confidence_level":0.95,"lower_bound":166.29898444144567,"upper_bound":1328.6663089700203},"point_estimate":796.2582020452608,"standard_error":288.9942067954066},"Slope":{"confidence_interval":{"confidence_level":0.95,"lower_bound":66914.17032698878,"upper_bound":67653.13544336276},"point_estimate":67161.22491681087,"standard_error":189.54962909123984},"StdDev":{"confidence_interval":{"confidence_level":0.95,"lower_bound":443.8409658997169,"upper_bound":948.902471687738},"point_estimate":771.2369926636185,"standard_error":127.27567513366215}}