{"Mean":{"confidence_interval":{"confidence_level":0.95,"lower_bound":107877.98081888187,"upper_bound":109097.60742003119},"point_estimate":108462.57118674394,"standard_error":311.17442610103706},"Median":{"confidence_interval":{"confidence_level":0.95,"lower_bound":107644.3019824804,"upper_bound":109104.12517289074},"point_estimate":108512.89054644448,"standard_error":354.42235011809225},"MedianAbsDev":{"confidence_interval":{"confidence_level":0.95,"lower_bound":113.50781525085496,"upper_bound":1809.179682880642},"point_estimate":976.3793057271358,"standard_error":413.7674267272107},"Slope":{"confidence_interval":{"confidence_level":0.95,"lower_bound":108471.11219292866,"upper_bound":109259.43875344252},"point_estimate":108884.0693610677,"standard_error":198.83851127392407},"StdDev":{"confidence_interval":{"confidence_level":0.95,"lower_bound":531.1230403974229,"upper_bound":1377.7957572702383},"point_estimate":1039.499183773977,"standard_error":228.78289257445712}}