{"Mean":{"confidence_interval":{"confidence_level":0.95,"lower_bound":4557852.332222222,"upper_bound":4601775.839791666},"point_estimate":4578358.938388889,"standard_error":11271.632321222818},"Median":{"confidence_interval":{"confidence_level":0.95,"lower_bound":4549199.352777777,"upper_bound":4607303.225},"point_estimate":4559797.441666666,"standard_error":16338.175345508364},"MedianAbsDev":{"confidence_interval":{"confidence_level":0.95,"lower_bound":4979.997714087229,"upper_bound":61299.43025171812},"point_estimate":23196.89097483927,"standard_error":15865.55041261459},"Slope":{"confidence_interval":{"confidence_level":0.95,"lower_bound":4548672.855964912,"upper_bound":4591903.841906257},"point_estimate":4569455.281948052,"standard_error":11713.936150483774},"StdDev":{"confidence_interval":{"confidence_level":0.95,"lower_bound":16287.333338268505,"upper_bound":46387.35292219634},"point_estimate":37532.86348030095,"standard_error":7562.714927954484}}