{"Mean":{"confidence_interval":{"confidence_level":0.95,"lower_bound":137601.96264868396,"upper_bound":139307.811753692},"point_estimate":138400.7870575899,"standard_error":435.1817702336679},"Median":{"confidence_interval":{"confidence_level":0.95,"lower_bound":137657.34135774564,"upper_bound":138860.02776898735},"point_estimate":138345.9037667018,"standard_error":303.1065279999046},"MedianAbsDev":{"confidence_interval":{"confidence_level":0.95,"lower_bound":218.1780749715301,"upper_bound":2155.2009942718555},"point_estimate":641.93900640394,"standard_error":467.99017427399957},"Slope":{"confidence_interval":{"confidence_level":0.95,"lower_bound":137709.88467891325,"upper_bound":138754.27448762042},"point_estimate":138357.36632418213,"standard_error":265.21993630549053},"StdDev":{"confidence_interval":{"confidence_level":0.95,"lower_bound":421.6600453529114,"upper_bound":2096.0275865059525},"point_estimate":1452.8315876927984,"standard_error":435.0512608720395}}