{"Mean":{"confidence_interval":{"confidence_level":0.95,"lower_bound":1607.3561013460803,"upper_bound":1738.992957617687},"point_estimate":1669.7385442532031,"standard_error":33.815490701029866},"Median":{"confidence_interval":{"confidence_level":0.95,"lower_bound":1583.6931232622799,"upper_bound":1750.70043836886},"point_estimate":1656.1025760183593,"standard_error":33.52046199392338},"MedianAbsDev":{"confidence_interval":{"confidence_level":0.95,"lower_bound":20.950262059013124,"upper_bound":192.83934833990193},"point_estimate":82.60198920961054,"standard_error":47.64778783914029},"Slope":{"confidence_interval":{"confidence_level":0.95,"lower_bound":1650.5860582591265,"upper_bound":1816.5200394358228},"point_estimate":1751.4956147466992,"standard_error":42.756267324309384},"StdDev":{"confidence_interval":{"confidence_level":0.95,"lower_bound":49.01441477997299,"upper_bound":146.64030261139388},"point_estimate":113.31836227205365,"standard_error":24.97652727386878}}