{"Mean":{"confidence_interval":{"confidence_level":0.95,"lower_bound":4070051.1253205137,"upper_bound":4197992.417130036},"point_estimate":4132715.600552503,"standard_error":32743.732722828056},"Median":{"confidence_interval":{"confidence_level":0.95,"lower_bound":4023915.564102564,"upper_bound":4221946.198489011},"point_estimate":4128553.5273504276,"standard_error":56318.644447339706},"MedianAbsDev":{"confidence_interval":{"confidence_level":0.95,"lower_bound":19418.88537063052,"upper_bound":184125.17654554758},"point_estimate":141737.85000672736,"standard_error":43386.94241605196},"Slope":{"confidence_interval":{"confidence_level":0.95,"lower_bound":4119509.9445403833,"upper_bound":4262440.628338908},"point_estimate":4198523.042957043,"standard_error":37622.15981302019},"StdDev":{"confidence_interval":{"confidence_level":0.95,"lower_bound":68074.1876203766,"upper_bound":132827.50815777908},"point_estimate":109085.49695944319,"standard_error":16848.561341023003}}