{"Mean":{"confidence_interval":{"confidence_level":0.95,"lower_bound":2152.0688385028493,"upper_bound":2213.5618477731264},"point_estimate":2183.83559475098,"standard_error":15.744340965991231},"Median":{"confidence_interval":{"confidence_level":0.95,"lower_bound":2138.645839219316,"upper_bound":2223.175303229578},"point_estimate":2196.852777371848,"standard_error":25.7285561921838},"MedianAbsDev":{"confidence_interval":{"confidence_level":0.95,"lower_bound":4.591851310411689,"upper_bound":84.47612810032697},"point_estimate":48.9543187246327,"standard_error":22.1479431929888},"Slope":{"confidence_interval":{"confidence_level":0.95,"lower_bound":2181.8399689740454,"upper_bound":2225.0233891695248},"point_estimate":2209.3347940480776,"standard_error":10.799917388047898},"StdDev":{"confidence_interval":{"confidence_level":0.95,"lower_bound":30.150269815252745,"upper_bound":64.33681684840438},"point_estimate":52.457228416243645,"standard_error":8.646328985039874}}