{"Mean":{"confidence_interval":{"confidence_level":0.95,"lower_bound":60069.761774392755,"upper_bound":61445.68723766068},"point_estimate":60694.65300134944,"standard_error":355.79413500024793},"Median":{"confidence_interval":{"confidence_level":0.95,"lower_bound":59934.71721902017,"upper_bound":61327.70131284022},"point_estimate":60581.68289419514,"standard_error":332.25310123622444},"MedianAbsDev":{"confidence_interval":{"confidence_level":0.95,"lower_bound":66.6988401703341,"upper_bound":1909.792303147726},"point_estimate":925.8418729001911,"standard_error":456.19362297841093},"Slope":{"confidence_interval":{"confidence_level":0.95,"lower_bound":60511.30486187967,"upper_bound":62412.406208575536},"point_estimate":61383.84902878102,"standard_error":550.396044304253},"StdDev":{"confidence_interval":{"confidence_level":0.95,"lower_bound":391.13060097585054,"upper_bound":1613.6387473480625},"point_estimate":1183.4729952229657,"standard_error":325.7250711208162}}