{"Mean":{"confidence_interval":{"confidence_level":0.95,"lower_bound":2103697.5092708333,"upper_bound":2154355.4936666666},"point_estimate":2131755.1490555555,"standard_error":13008.981698409507},"Median":{"confidence_interval":{"confidence_level":0.95,"lower_bound":2099987.9525,"upper_bound":2160026.08},"point_estimate":2148521.8316666665,"standard_error":12659.227321356886},"MedianAbsDev":{"confidence_interval":{"confidence_level":0.95,"lower_bound":5484.255910635105,"upper_bound":56531.625952363094},"point_estimate":19848.06910795977,"standard_error":12378.459325253107},"Slope":{"confidence_interval":{"confidence_level":0.95,"lower_bound":2132551.9277192983,"upper_bound":2156730.2944186046},"point_estimate":2144754.1236363635,"standard_error":6297.487641990756},"StdDev":{"confidence_interval":{"confidence_level":0.95,"lower_bound":9694.33552805736,"upper_bound":54933.29897626937},"point_estimate":43475.39305918935,"standard_error":11935.54505993656}}