{"Mean":{"confidence_interval":{"confidence_level":0.95,"lower_bound":18.415234324108177,"upper_bound":21.04480753480911},"point_estimate":19.816860980371942,"standard_error":0.6741577805244571},"Median":{"confidence_interval":{"confidence_level":0.95,"lower_bound":18.197113429115007,"upper_bound":21.515918017013277},"point_estimate":20.62790080692777,"standard_error":0.9110408087170502},"MedianAbsDev":{"confidence_interval":{"confidence_level":0.95,"lower_bound":0.2606375905311887,"upper_bound":3.710053194200305},"point_estimate":1.9275932988492956,"standard_error":0.8689063836324415},"Slope":{"confidence_interval":{"confidence_level":0.95,"lower_bound":20.383185412885837,"upper_bound":21.81148835774041},"point_estimate":21.327234162413063,"standard_error":0.36932933851367344},"StdDev":{"confidence_interval":{"confidence_level":0.95,"lower_bound":1.0248653884332652,"upper_bound":2.9057047358379546},"point_estimate":2.24685732838124,"standard_error":0.49263369097932463}}