{"Mean":{"confidence_interval":{"confidence_level":0.95,"lower_bound":14367.017764675853,"upper_bound":15628.688158244002},"point_estimate":15005.303851114517,"standard_error":323.78362956258894},"Median":{"confidence_interval":{"confidence_level":0.95,"lower_bound":13924.080959673303,"upper_bound":15920.896784073508},"point_estimate":15069.776074527821,"standard_error":524.2819142349721},"MedianAbsDev":{"confidence_interval":{"confidence_level":0.95,"lower_bound":366.3002766821677,"upper_bound":1791.7358422178938},"point_estimate":1439.9519801335466,"standard_error":378.56106408015717},"Slope":{"confidence_interval":{"confidence_level":0.95,"lower_bound":15177.870805190618,"upper_bound":16159.969635630407},"point_estimate":15826.15941767268,"standard_error":251.16516260741025},"StdDev":{"confidence_interval":{"confidence_level":0.95,"lower_bound":663.9170266375695,"upper_bound":1303.0970271207825},"point_estimate":1079.6211148312411,"standard_error":162.7972796206632}}