{"Mean":{"confidence_interval":{"confidence_level":0.95,"lower_bound":13742.173484469065,"upper_bound":13877.569187544716},"point_estimate":13806.297122422653,"standard_error":34.93906595943367},"Median":{"confidence_interval":{"confidence_level":0.95,"lower_bound":13710.188571862194,"upper_bound":13937.426635301259},"point_estimate":13778.83620427986,"standard_error":54.04977399218618},"MedianAbsDev":{"confidence_interval":{"confidence_level":0.95,"lower_bound":19.973240027861,"upper_bound":188.74820932737785},"point_estimate":107.57741508814546,"standard_error":44.85185451800346},"Slope":{"confidence_interval":{"confidence_level":0.95,"lower_bound":13719.393100221982,"upper_bound":13929.645883595613},"point_estimate":13844.095239015045,"standard_error":51.92748240134808},"StdDev":{"confidence_interval":{"confidence_level":0.95,"lower_bound":57.33733842637456,"upper_bound":139.48097132742072},"point_estimate":116.40996505263283,"standard_error":19.361905333922916}}