{"Mean":{"confidence_interval":{"confidence_level":0.95,"lower_bound":7902.084697840813,"upper_bound":8531.983289529508},"point_estimate":8219.898082529531,"standard_error":161.91233319971676},"Median":{"confidence_interval":{"confidence_level":0.95,"lower_bound":7609.435248822706,"upper_bound":8681.784495513555},"point_estimate":8253.966044079589,"standard_error":253.79496223112213},"MedianAbsDev":{"confidence_interval":{"confidence_level":0.95,"lower_bound":101.10415489652765,"upper_bound":944.4479653632809},"point_estimate":770.649049604249,"standard_error":224.40573849200322},"Slope":{"confidence_interval":{"confidence_level":0.95,"lower_bound":7898.580456851792,"upper_bound":8669.211763043264},"point_estimate":8353.262244189564,"standard_error":197.2469792546066},"StdDev":{"confidence_interval":{"confidence_level":0.95,"lower_bound":330.7786315158186,"upper_bound":643.2781470178733},"point_estimate":539.0769393316228,"standard_error":79.31359570357604}}