{"Mean":{"confidence_interval":{"confidence_level":0.95,"lower_bound":2090.8736604314477,"upper_bound":2171.2250914470396},"point_estimate":2130.1972084960935,"standard_error":20.630361472139413},"Median":{"confidence_interval":{"confidence_level":0.95,"lower_bound":2076.825504990258,"upper_bound":2191.6222690542145},"point_estimate":2125.7828495500153,"standard_error":25.376243450893618},"MedianAbsDev":{"confidence_interval":{"confidence_level":0.95,"lower_bound":11.652498351717714,"upper_bound":120.52099314658521},"point_estimate":76.04296603899543,"standard_error":28.017972072544133},"Slope":{"confidence_interval":{"confidence_level":0.95,"lower_bound":2126.60037732367,"upper_bound":2217.1798816811643},"point_estimate":2182.957493442976,"standard_error":22.475150962958864},"StdDev":{"confidence_interval":{"confidence_level":0.95,"lower_bound":36.86576967863145,"upper_bound":87.82248125995048},"point_estimate":68.79835009941222,"standard_error":13.087003365101685}}