{"Mean":{"confidence_interval":{"confidence_level":0.95,"lower_bound":11354.476388885445,"upper_bound":11628.553469375573},"point_estimate":11469.739636134069,"standard_error":71.686235451831},"Median":{"confidence_interval":{"confidence_level":0.95,"lower_bound":11344.862093663913,"upper_bound":11500.799954086318},"point_estimate":11435.49701446281,"standard_error":43.07107438336505},"MedianAbsDev":{"confidence_interval":{"confidence_level":0.95,"lower_bound":22.815672793700738,"upper_bound":241.90015400293422},"point_estimate":111.87687250593615,"standard_error":54.40290651163767},"Slope":{"confidence_interval":{"confidence_level":0.95,"lower_bound":11407.616422580984,"upper_bound":11499.204694878985},"point_estimate":11462.728413008479,"standard_error":23.00553235258361},"StdDev":{"confidence_interval":{"confidence_level":0.95,"lower_bound":56.36660303066683,"upper_bound":353.1849937292037},"point_estimate":238.39313976525725,"standard_error":91.07452588524397}}