{"Mean":{"confidence_interval":{"confidence_level":0.95,"lower_bound":27086.477964735845,"upper_bound":27196.34061303552},"point_estimate":27146.793707352266,"standard_error":28.4454490481876},"Median":{"confidence_interval":{"confidence_level":0.95,"lower_bound":27100.488469601678,"upper_bound":27210.544174902665},"point_estimate":27169.500524109015,"standard_error":29.354454577219535},"MedianAbsDev":{"confidence_interval":{"confidence_level":0.95,"lower_bound":11.689665096448048,"upper_bound":138.25310565423575},"point_estimate":63.773260083731266,"standard_error":32.32482518643663},"Slope":{"confidence_interval":{"confidence_level":0.95,"lower_bound":27021.43904672402,"upper_bound":27214.013158985657},"point_estimate":27108.035063768217,"standard_error":49.58070525252151},"StdDev":{"confidence_interval":{"confidence_level":0.95,"lower_bound":35.06364261875438,"upper_bound":130.54430993590412},"point_estimate":94.92610360510152,"standard_error":26.409113033649657}}