{"Mean":{"confidence_interval":{"confidence_level":0.95,"lower_bound":1501349.1828291314,"upper_bound":1578901.716335201},"point_estimate":1539625.3749463118,"standard_error":19952.129635958812},"Median":{"confidence_interval":{"confidence_level":0.95,"lower_bound":1469746.4215686275,"upper_bound":1618362.7132352942},"point_estimate":1535563.6168067227,"standard_error":40264.17135605078},"MedianAbsDev":{"confidence_interval":{"confidence_level":0.95,"lower_bound":2604.086144944489,"upper_bound":103113.46423966419},"point_estimate":99439.5415328305,"standard_error":28585.148176138122},"Slope":{"confidence_interval":{"confidence_level":0.95,"lower_bound":1542538.3520897257,"upper_bound":1610042.4260036275},"point_estimate":1589099.2626432392,"standard_error":17451.661273154765},"StdDev":{"confidence_interval":{"confidence_level":0.95,"lower_bound":44409.08958255104,"upper_bound":75431.96649691612},"point_estimate":66519.92978136365,"standard_error":8012.611751762642}}