{"Mean":{"confidence_interval":{"confidence_level":0.95,"lower_bound":794.2982667099677,"upper_bound":823.796225454674},"point_estimate":810.1835344665805,"standard_error":7.5883908786601895},"Median":{"confidence_interval":{"confidence_level":0.95,"lower_bound":788.1814378370879,"upper_bound":823.8046139313772},"point_estimate":820.5625456160301,"standard_error":8.645200178307933},"MedianAbsDev":{"confidence_interval":{"confidence_level":0.95,"lower_bound":0.4692227761242002,"upper_bound":43.491673821411894},"point_estimate":6.472683933621064,"standard_error":11.795724060251793},"Slope":{"confidence_interval":{"confidence_level":0.95,"lower_bound":816.8062153716074,"upper_bound":824.6523287896902},"point_estimate":821.0976550269355,"standard_error":1.9791430993696575},"StdDev":{"confidence_interval":{"confidence_level":0.95,"lower_bound":10.194439506308003,"upper_bound":33.219034187587354},"point_estimate":25.296439873526257,"standard_error":6.045435201603839}}