{"Mean":{"confidence_interval":{"confidence_level":0.95,"lower_bound":1598506.4096382428,"upper_bound":1637340.228012274},"point_estimate":1616870.1835917314,"standard_error":9947.363294023075},"Median":{"confidence_interval":{"confidence_level":0.95,"lower_bound":1589993.4069767443,"upper_bound":1648994.6279069767},"point_estimate":1611914.7131782945,"standard_error":13485.331884501255},"MedianAbsDev":{"confidence_interval":{"confidence_level":0.95,"lower_bound":3096.299903556943,"upper_bound":53481.15650865912},"point_estimate":34762.09806494226,"standard_error":13375.188120206662},"Slope":{"confidence_interval":{"confidence_level":0.95,"lower_bound":1588632.3597950411,"upper_bound":1612513.624828815},"point_estimate":1598469.0903050439,"standard_error":6164.764646005807},"StdDev":{"confidence_interval":{"confidence_level":0.95,"lower_bound":15529.289317425724,"upper_bound":41991.47036401612},"point_estimate":33127.37721627014,"standard_error":6571.240080842093}}