{"Mean":{"confidence_interval":{"confidence_level":0.95,"lower_bound":884809.2070925927,"upper_bound":895481.9626262628},"point_estimate":889770.8538047138,"standard_error":2742.511107272125},"Median":{"confidence_interval":{"confidence_level":0.95,"lower_bound":882277.6094276095,"upper_bound":895920.9090909091},"point_estimate":886949.8787878788,"standard_error":3528.060483628173},"MedianAbsDev":{"confidence_interval":{"confidence_level":0.95,"lower_bound":1796.330108714815,"upper_bound":15140.358853629063},"point_estimate":7352.250708865362,"standard_error":3317.8949509425797},"Slope":{"confidence_interval":{"confidence_level":0.95,"lower_bound":884323.460438615,"upper_bound":893258.9604149604},"point_estimate":887772.4805719533,"standard_error":2266.7819595856295},"StdDev":{"confidence_interval":{"confidence_level":0.95,"lower_bound":4382.192463056933,"upper_bound":12146.740174542785},"point_estimate":9164.1433676059,"standard_error":2128.377051721605}}