{"Mean":{"confidence_interval":{"confidence_level":0.95,"lower_bound":2256343.2764754463,"upper_bound":2298521.317083333},"point_estimate":2277624.5843849205,"standard_error":10831.795343383497},"Median":{"confidence_interval":{"confidence_level":0.95,"lower_bound":2247587.9226190476,"upper_bound":2313723.1138888886},"point_estimate":2273080.689236111,"standard_error":19352.82850091757},"MedianAbsDev":{"confidence_interval":{"confidence_level":0.95,"lower_bound":7359.093459974974,"upper_bound":59991.7914890995},"point_estimate":51616.094156131054,"standard_error":14222.807377674582},"Slope":{"confidence_interval":{"confidence_level":0.95,"lower_bound":2272037.479231166,"upper_bound":2313240.259141927},"point_estimate":2298393.443290043,"standard_error":10569.196165250656},"StdDev":{"confidence_interval":{"confidence_level":0.95,"lower_bound":23292.330912219633,"upper_bound":43539.76649910124},"point_estimate":36275.27671222389,"standard_error":5222.691853993002}}