{"Mean":{"confidence_interval":{"confidence_level":0.95,"lower_bound":4310551.475739086,"upper_bound":4337445.527828939},"point_estimate":4322915.369794029,"standard_error":6915.726979415202},"Median":{"confidence_interval":{"confidence_level":0.95,"lower_bound":4306785.683862434,"upper_bound":4339361.872448979},"point_estimate":4315815.657738095,"standard_error":6433.031545326216},"MedianAbsDev":{"confidence_interval":{"confidence_level":0.95,"lower_bound":2805.6228682456026,"upper_bound":34973.38965909804},"point_estimate":11427.733513783633,"standard_error":8192.604023242387},"Slope":{"confidence_interval":{"confidence_level":0.95,"lower_bound":4310211.986367128,"upper_bound":4353344.129136801},"point_estimate":4332726.015831787,"standard_error":11637.192172792367},"StdDev":{"confidence_interval":{"confidence_level":0.95,"lower_bound":7515.777756249368,"upper_bound":29790.983173006767},"point_estimate":23086.43270064614,"standard_error":5835.579610480358}}