{"Mean":{"confidence_interval":{"confidence_level":0.95,"lower_bound":733837.2920916777,"upper_bound":756666.6628589323},"point_estimate":745383.7496257974,"standard_error":5851.255364814946},"Median":{"confidence_interval":{"confidence_level":0.95,"lower_bound":730233.2126168224,"upper_bound":762997.1360332295},"point_estimate":744395.8190921228,"standard_error":9432.22280311926},"MedianAbsDev":{"confidence_interval":{"confidence_level":0.95,"lower_bound":1191.1255695075315,"upper_bound":32613.758495756447},"point_estimate":22247.32291340339,"standard_error":7865.486640623694},"Slope":{"confidence_interval":{"confidence_level":0.95,"lower_bound":743583.7678965583,"upper_bound":762524.6978344007},"point_estimate":755805.9875470324,"standard_error":4855.018681622424},"StdDev":{"confidence_interval":{"confidence_level":0.95,"lower_bound":11766.989149729818,"upper_bound":24212.6640358743},"point_estimate":19484.560984476568,"standard_error":3214.7836210607056}}