{"Mean":{"confidence_interval":{"confidence_level":0.95,"lower_bound":262.0076287732228,"upper_bound":282.5561533451714},"point_estimate":273.317881478643,"standard_error":5.301152381406226},"Median":{"confidence_interval":{"confidence_level":0.95,"lower_bound":263.6890393007349,"upper_bound":281.8471134681406},"point_estimate":278.92504119435836,"standard_error":4.131241539274625},"MedianAbsDev":{"confidence_interval":{"confidence_level":0.95,"lower_bound":1.5727163707405818,"upper_bound":25.348443911908955},"point_estimate":5.110181344683668,"standard_error":6.293424523772866},"Slope":{"confidence_interval":{"confidence_level":0.95,"lower_bound":274.8523432152796,"upper_bound":285.7868406051688},"point_estimate":280.11469501426916,"standard_error":2.7583696653439427},"StdDev":{"confidence_interval":{"confidence_level":0.95,"lower_bound":4.032881896488024,"upper_bound":23.549585703484695},"point_estimate":17.606649154119303,"standard_error":4.957873224264815}}