{"Mean":{"confidence_interval":{"confidence_level":0.95,"lower_bound":18894.393364680247,"upper_bound":20007.47697770775},"point_estimate":19479.554057581365,"standard_error":285.03884328656176},"Median":{"confidence_interval":{"confidence_level":0.95,"lower_bound":18737.98424369748,"upper_bound":20134.183954831933},"point_estimate":19682.11224489796,"standard_error":331.66079673085176},"MedianAbsDev":{"confidence_interval":{"confidence_level":0.95,"lower_bound":238.23716043693597,"upper_bound":1590.3522267901153},"point_estimate":752.1365350844064,"standard_error":359.09029083083897},"Slope":{"confidence_interval":{"confidence_level":0.95,"lower_bound":19591.86754608767,"upper_bound":20435.670062459456},"point_estimate":20129.26494461421,"standard_error":217.49001172055154},"StdDev":{"confidence_interval":{"confidence_level":0.95,"lower_bound":437.8617221704764,"upper_bound":1223.7797618851728},"point_estimate":952.8321091429078,"standard_error":200.07638683797035}}