{"Mean":{"confidence_interval":{"confidence_level":0.95,"lower_bound":1931973.282142857,"upper_bound":2039764.2654870127},"point_estimate":1987852.9604870125,"standard_error":27596.059591599056},"Median":{"confidence_interval":{"confidence_level":0.95,"lower_bound":1923447.8636363638,"upper_bound":2052427.6727272726},"point_estimate":2009350.233116883,"standard_error":31764.922963268153},"MedianAbsDev":{"confidence_interval":{"confidence_level":0.95,"lower_bound":3307.4921676438116,"upper_bound":157947.81359495662},"point_estimate":87346.03107520704,"standard_error":38861.7763608647},"Slope":{"confidence_interval":{"confidence_level":0.95,"lower_bound":2001083.4324095978,"upper_bound":2079375.6598239178},"point_estimate":2049578.7332939787,"standard_error":19563.161815334573},"StdDev":{"confidence_interval":{"confidence_level":0.95,"lower_bound":46815.87711744895,"upper_bound":116755.61982187793},"point_estimate":92243.43531623557,"standard_error":17723.72970599637}}