{"Mean":{"confidence_interval":{"confidence_level":0.95,"lower_bound":4449310.089872448,"upper_bound":4548006.138010204},"point_estimate":4487422.78052721,"standard_error":27277.56115545027},"Median":{"confidence_interval":{"confidence_level":0.95,"lower_bound":4451607.095238095,"upper_bound":4478999.035714285},"point_estimate":4466326.807397959,"standard_error":10814.782818868222},"MedianAbsDev":{"confidence_interval":{"confidence_level":0.95,"lower_bound":3893.320768380331,"upper_bound":50536.97935278999},"point_estimate":19469.87350434065,"standard_error":13122.147574080513},"Slope":{"confidence_interval":{"confidence_level":0.95,"lower_bound":4462365.589285715,"upper_bound":4478245.661706349},"point_estimate":4472439.939888683,"standard_error":4038.453209851898},"StdDev":{"confidence_interval":{"confidence_level":0.95,"lower_bound":11253.157502556991,"upper_bound":139344.40506957256},"point_estimate":90929.00312267893,"standard_error":42733.66444477175}}