{"Mean":{"confidence_interval":{"confidence_level":0.95,"lower_bound":1140.6477396543496,"upper_bound":1178.814484471431},"point_estimate":1159.8284362723925,"standard_error":9.773252318362099},"Median":{"confidence_interval":{"confidence_level":0.95,"lower_bound":1127.7901409426786,"upper_bound":1183.6132038832147},"point_estimate":1171.0475970659322,"standard_error":16.819380252354577},"MedianAbsDev":{"confidence_interval":{"confidence_level":0.95,"lower_bound":4.383675847029262,"upper_bound":56.49746383839821},"point_estimate":44.3531070805029,"standard_error":14.227197047896688},"Slope":{"confidence_interval":{"confidence_level":0.95,"lower_bound":1162.0472823560326,"upper_bound":1195.5140033323228},"point_estimate":1181.311164835061,"standard_error":8.769316545552},"StdDev":{"confidence_interval":{"confidence_level":0.95,"lower_bound":20.567419262087984,"upper_bound":39.334663887508064},"point_estimate":32.6024177706474,"standard_error":4.826374993437334}}