{"Mean":{"confidence_interval":{"confidence_level":0.95,"lower_bound":17360.84746450234,"upper_bound":17432.83825074567},"point_estimate":17392.86345640023,"standard_error":18.587438619011778},"Median":{"confidence_interval":{"confidence_level":0.95,"lower_bound":17352.75216181668,"upper_bound":17425.61495225205},"point_estimate":17371.883587738426,"standard_error":14.871515020934806},"MedianAbsDev":{"confidence_interval":{"confidence_level":0.95,"lower_bound":3.133500703824099,"upper_bound":89.6785972912636},"point_estimate":31.843002934936596,"standard_error":22.371198629449857},"Slope":{"confidence_interval":{"confidence_level":0.95,"lower_bound":17356.304993670044,"upper_bound":17476.65717740738},"point_estimate":17411.58600285345,"standard_error":34.455766832992964},"StdDev":{"confidence_interval":{"confidence_level":0.95,"lower_bound":18.710700210804433,"upper_bound":84.26155431118315},"point_estimate":61.83020016836137,"standard_error":17.804439900385066}}