{"Mean":{"confidence_interval":{"confidence_level":0.95,"lower_bound":442836.49964021175,"upper_bound":458349.78786804975},"point_estimate":450607.25765362487,"standard_error":3977.5902979807483},"Median":{"confidence_interval":{"confidence_level":0.95,"lower_bound":435368.43274853803,"upper_bound":459248.3442982456},"point_estimate":453673.6728719948,"standard_error":5898.7026576440285},"MedianAbsDev":{"confidence_interval":{"confidence_level":0.95,"lower_bound":1295.4000515634664,"upper_bound":25916.3238215307},"point_estimate":12812.118051486801,"standard_error":5999.668263861816},"Slope":{"confidence_interval":{"confidence_level":0.95,"lower_bound":450442.0030165075,"upper_bound":460626.41274587985},"point_estimate":455123.40671375406,"standard_error":2545.1488960808324},"StdDev":{"confidence_interval":{"confidence_level":0.95,"lower_bound":7825.92123256009,"upper_bound":16431.49632612162},"point_estimate":13210.101034121715,"standard_error":2213.566556271957}}