{"Mean":{"confidence_interval":{"confidence_level":0.95,"lower_bound":613.183681154933,"upper_bound":670.2185230824923},"point_estimate":641.3197311520111,"standard_error":14.614364346783892},"Median":{"confidence_interval":{"confidence_level":0.95,"lower_bound":607.5205414867112,"upper_bound":698.2878597117525},"point_estimate":621.7630635727605,"standard_error":23.59334308152204},"MedianAbsDev":{"confidence_interval":{"confidence_level":0.95,"lower_bound":1.7775801960221933,"upper_bound":81.80335673645833},"point_estimate":48.84227100786639,"standard_error":23.421432867524764},"Slope":{"confidence_interval":{"confidence_level":0.95,"lower_bound":643.1579921749093,"upper_bound":691.4861606346149},"point_estimate":672.0798637447147,"standard_error":12.327004774152893},"StdDev":{"confidence_interval":{"confidence_level":0.95,"lower_bound":28.95018492099107,"upper_bound":59.33322744405762},"point_estimate":48.73315598806792,"standard_error":7.632402276853075}}