{"Mean":{"confidence_interval":{"confidence_level":0.95,"lower_bound":117535.03271425069,"upper_bound":118795.42798068977},"point_estimate":118191.96410959381,"standard_error":322.88639083193755},"Median":{"confidence_interval":{"confidence_level":0.95,"lower_bound":117078.57352941176,"upper_bound":118859.83511029412},"point_estimate":118698.26105042017,"standard_error":479.6028300452565},"MedianAbsDev":{"confidence_interval":{"confidence_level":0.95,"lower_bound":63.011012807801066,"upper_bound":1809.9400604406678},"point_estimate":756.8024228140755,"standard_error":511.11463706089256},"Slope":{"confidence_interval":{"confidence_level":0.95,"lower_bound":118447.04413095555,"upper_bound":119292.57931499938},"point_estimate":118922.30021390374,"standard_error":225.19554400525138},"StdDev":{"confidence_interval":{"confidence_level":0.95,"lower_bound":565.1766278409706,"upper_bound":1337.6818112454266},"point_estimate":1079.3117396696514,"standard_error":195.31515692419669}}