{"Mean":{"confidence_interval":{"confidence_level":0.95,"lower_bound":1465237.8442780343,"upper_bound":1514317.6002944189},"point_estimate":1484297.495371224,"standard_error":13557.750142147872},"Median":{"confidence_interval":{"confidence_level":0.95,"lower_bound":1460914.7822580645,"upper_bound":1486906.3894009218},"point_estimate":1469369.0779569894,"standard_error":7194.674507348413},"MedianAbsDev":{"confidence_interval":{"confidence_level":0.95,"lower_bound":2601.43567429906,"upper_bound":27847.63903770242},"point_estimate":14010.780412549051,"standard_error":7548.307189871235},"Slope":{"confidence_interval":{"confidence_level":0.95,"lower_bound":1461700.3539428632,"upper_bound":1483016.8466647204},"point_estimate":1468299.8028487642,"standard_error":5645.22762278362},"StdDev":{"confidence_interval":{"confidence_level":0.95,"lower_bound":7139.041505610021,"upper_bound":68966.02923465525},"point_estimate":45282.370101728724,"standard_error":20568.637992371852}}