{"Mean":{"confidence_interval":{"confidence_level":0.95,"lower_bound":39038.139269470026,"upper_bound":40145.841335958954},"point_estimate":39545.02655463995,"standard_error":283.93960190500263},"Median":{"confidence_interval":{"confidence_level":0.95,"lower_bound":38854.97361582377,"upper_bound":40055.63791404104},"point_estimate":39258.32862336403,"standard_error":306.8111321376643},"MedianAbsDev":{"confidence_interval":{"confidence_level":0.95,"lower_bound":145.39814502732338,"upper_bound":1480.409329808127},"point_estimate":732.5996654644312,"standard_error":348.2266646479161},"Slope":{"confidence_interval":{"confidence_level":0.95,"lower_bound":39192.606363669955,"upper_bound":40580.04195617898},"point_estimate":39783.56775342931,"standard_error":363.9520907474518},"StdDev":{"confidence_interval":{"confidence_level":0.95,"lower_bound":396.0829567110603,"upper_bound":1266.9447531183853},"point_estimate":949.0340759541142,"standard_error":233.425827502117}}