{"Mean":{"confidence_interval":{"confidence_level":0.95,"lower_bound":1707.382006246374,"upper_bound":1750.5610217217873},"point_estimate":1728.6567176519216,"standard_error":11.015638878760695},"Median":{"confidence_interval":{"confidence_level":0.95,"lower_bound":1708.1420956110903,"upper_bound":1754.3871246088731},"point_estimate":1723.743439281718,"standard_error":13.341741621552584},"MedianAbsDev":{"confidence_interval":{"confidence_level":0.95,"lower_bound":1.5093883413494196,"upper_bound":61.40432147917039},"point_estimate":23.286849836016668,"standard_error":16.097538417815098},"Slope":{"confidence_interval":{"confidence_level":0.95,"lower_bound":1728.0508518767545,"upper_bound":1762.5642567405553},"point_estimate":1747.0485143167166,"standard_error":8.696605130046644},"StdDev":{"confidence_interval":{"confidence_level":0.95,"lower_bound":16.547044049405535,"upper_bound":48.48409130100836},"point_estimate":36.56535357115295,"standard_error":7.882159402407119}}