{"Mean":{"confidence_interval":{"confidence_level":0.95,"lower_bound":49313.75723341933,"upper_bound":49551.43138785875},"point_estimate":49422.31553195206,"standard_error":61.29323106776518},"Median":{"confidence_interval":{"confidence_level":0.95,"lower_bound":49308.516930022575,"upper_bound":49531.2911258465},"point_estimate":49335.962706922495,"standard_error":62.07606678212879},"MedianAbsDev":{"confidence_interval":{"confidence_level":0.95,"lower_bound":6.8603158262875175,"upper_bound":298.60035597418465},"point_estimate":61.95000482567311,"standard_error":84.01487711993576},"Slope":{"confidence_interval":{"confidence_level":0.95,"lower_bound":49302.35659404451,"upper_bound":49446.51624671207},"point_estimate":49355.10441353229,"standard_error":37.05297962049968},"StdDev":{"confidence_interval":{"confidence_level":0.95,"lower_bound":65.21235286438267,"upper_bound":267.88966102919363},"point_estimate":204.1859980737959,"standard_error":51.71410881421386}}