{"Mean":{"confidence_interval":{"confidence_level":0.95,"lower_bound":2297789.3915453865,"upper_bound":2375557.306515625},"point_estimate":2332063.8684424604,"standard_error":19832.556699880235},"Median":{"confidence_interval":{"confidence_level":0.95,"lower_bound":2292833.7569444445,"upper_bound":2389316.138888889},"point_estimate":2305862.9208333334,"standard_error":19792.54424768143},"MedianAbsDev":{"confidence_interval":{"confidence_level":0.95,"lower_bound":3244.3567549011864,"upper_bound":94140.70200783515},"point_estimate":27915.344668987087,"standard_error":18815.387889215643},"Slope":{"confidence_interval":{"confidence_level":0.95,"lower_bound":2295851.372686665,"upper_bound":2318441.481325788},"point_estimate":2307628.003138528,"standard_error":5749.8827221647825},"StdDev":{"confidence_interval":{"confidence_level":0.95,"lower_bound":14788.687269683169,"upper_bound":83079.9711789597},"point_estimate":66039.60932560757,"standard_error":18014.935451092482}}