{"Mean":{"confidence_interval":{"confidence_level":0.95,"lower_bound":38506.95892306056,"upper_bound":39419.031674860584},"point_estimate":38953.079181109686,"standard_error":234.61673515861273},"Median":{"confidence_interval":{"confidence_level":0.95,"lower_bound":38253.0036036036,"upper_bound":39770.7861003861},"point_estimate":38728.99854854855,"standard_error":464.65822419553774},"MedianAbsDev":{"confidence_interval":{"confidence_level":0.95,"lower_bound":111.07496530730512,"upper_bound":1225.9508724091977},"point_estimate":1005.9169976068747,"standard_error":305.8046293293992},"Slope":{"confidence_interval":{"confidence_level":0.95,"lower_bound":38968.376385616386,"upper_bound":39814.870662605674},"point_estimate":39538.17591669592,"standard_error":215.79754475782397},"StdDev":{"confidence_interval":{"confidence_level":0.95,"lower_bound":512.2538379354205,"upper_bound":896.7790784108176},"point_estimate":781.1733515141127,"standard_error":98.64211678073833}}