{"Mean":{"confidence_interval":{"confidence_level":0.95,"lower_bound":118603.85548850575,"upper_bound":120855.07209214028},"point_estimate":119728.43041400597,"standard_error":579.1314626203556},"Median":{"confidence_interval":{"confidence_level":0.95,"lower_bound":118246.6551724138,"upper_bound":121348.77777777778},"point_estimate":119610.75134099617,"standard_error":830.8380938290605},"MedianAbsDev":{"confidence_interval":{"confidence_level":0.95,"lower_bound":631.69906780809,"upper_bound":3391.2346592379836},"point_estimate":2241.1163686892405,"standard_error":702.2620929337642},"Slope":{"confidence_interval":{"confidence_level":0.95,"lower_bound":119779.62505621849,"upper_bound":121846.37129409434},"point_estimate":121156.13868736627,"standard_error":519.7645737823315},"StdDev":{"confidence_interval":{"confidence_level":0.95,"lower_bound":1154.0464373272034,"upper_bound":2364.100928419895},"point_estimate":1928.8939424516332,"standard_error":309.03185777482395}}