{"Mean":{"confidence_interval":{"confidence_level":0.95,"lower_bound":87038.81259508796,"upper_bound":88615.16142959031},"point_estimate":87828.8643891034,"standard_error":403.97723632390756},"Median":{"confidence_interval":{"confidence_level":0.95,"lower_bound":86422.45189189189,"upper_bound":88949.72672672673},"point_estimate":87994.84111969112,"standard_error":644.2926864043739},"MedianAbsDev":{"confidence_interval":{"confidence_level":0.95,"lower_bound":360.059564283341,"upper_bound":2331.224227747631},"point_estimate":1757.478270239967,"standard_error":528.110049105405},"Slope":{"confidence_interval":{"confidence_level":0.95,"lower_bound":87414.35052522879,"upper_bound":88927.07169632388},"point_estimate":88387.41029133029,"standard_error":384.97189297930004},"StdDev":{"confidence_interval":{"confidence_level":0.95,"lower_bound":837.3814961090494,"upper_bound":1605.39066160354},"point_estimate":1346.26732492223,"standard_error":196.1170378095464}}