{"Mean":{"confidence_interval":{"confidence_level":0.95,"lower_bound":480.9973582052041,"upper_bound":523.8522056561259},"point_estimate":502.0984462750322,"standard_error":10.94146230915378},"Median":{"confidence_interval":{"confidence_level":0.95,"lower_bound":474.23367666508625,"upper_bound":526.6887149701794},"point_estimate":501.3090721932473,"standard_error":12.379177008417624},"MedianAbsDev":{"confidence_interval":{"confidence_level":0.95,"lower_bound":7.376502383951269,"upper_bound":63.18408540014746},"point_estimate":36.225043265181725,"standard_error":14.629789252990381},"Slope":{"confidence_interval":{"confidence_level":0.95,"lower_bound":503.5097941386839,"upper_bound":546.2858139905577},"point_estimate":528.7334505436669,"standard_error":10.765898872990457},"StdDev":{"confidence_interval":{"confidence_level":0.95,"lower_bound":19.408353542608392,"upper_bound":47.13511174362928},"point_estimate":36.51295352967389,"standard_error":7.210426577617975}}