{"Mean":{"confidence_interval":{"confidence_level":0.95,"lower_bound":277.61469808910437,"upper_bound":283.899887833693},"point_estimate":280.9865602601228,"standard_error":1.6205984611778832},"Median":{"confidence_interval":{"confidence_level":0.95,"lower_bound":276.280236050905,"upper_bound":284.835848849505},"point_estimate":284.5098610913573,"standard_error":2.5430722996452486},"MedianAbsDev":{"confidence_interval":{"confidence_level":0.95,"lower_bound":0.08223933056642592,"upper_bound":8.769221116198166},"point_estimate":0.7731559808134821,"standard_error":2.6483391897401996},"Slope":{"confidence_interval":{"confidence_level":0.95,"lower_bound":273.8959121921603,"upper_bound":282.3002827613765},"point_estimate":277.43301495088986,"standard_error":2.1783715213223016},"StdDev":{"confidence_interval":{"confidence_level":0.95,"lower_bound":2.100795687550635,"upper_bound":6.5932950693886925},"point_estimate":5.3972533775063,"standard_error":1.0971732333254265}}