{"Mean":{"confidence_interval":{"confidence_level":0.95,"lower_bound":1462308.6441468254,"upper_bound":1489758.721080233},"point_estimate":1476170.0279414686,"standard_error":7039.38377787042},"Median":{"confidence_interval":{"confidence_level":0.95,"lower_bound":1464848.1711309524,"upper_bound":1494146.006076389},"point_estimate":1474953.94375,"standard_error":5353.4219903301955},"MedianAbsDev":{"confidence_interval":{"confidence_level":0.95,"lower_bound":1766.2553248926422,"upper_bound":46443.234380675945},"point_estimate":6093.995535559952,"standard_error":11592.092197403617},"Slope":{"confidence_interval":{"confidence_level":0.95,"lower_bound":1469578.1478184417,"upper_bound":1495842.8592447916},"point_estimate":1480930.9898268399,"standard_error":6727.754259930361},"StdDev":{"confidence_interval":{"confidence_level":0.95,"lower_bound":8311.19119760633,"upper_bound":31756.308786326153},"point_estimate":23385.979515865998,"standard_error":5605.665930458227}}