{"Mean":{"confidence_interval":{"confidence_level":0.95,"lower_bound":274889.8780392157,"upper_bound":279389.95363445376},"point_estimate":277069.86279528483,"standard_error":1148.5483669694104},"Median":{"confidence_interval":{"confidence_level":0.95,"lower_bound":274548.3298319328,"upper_bound":280189.156302521},"point_estimate":276405.8211659664,"standard_error":1313.6379112681332},"MedianAbsDev":{"confidence_interval":{"confidence_level":0.95,"lower_bound":286.29662175550294,"upper_bound":6538.9514306751125},"point_estimate":3616.620209199019,"standard_error":1856.8787146475468},"Slope":{"confidence_interval":{"confidence_level":0.95,"lower_bound":273280.5704732009,"upper_bound":277774.446862327},"point_estimate":275201.76817636145,"standard_error":1178.1817694344852},"StdDev":{"confidence_interval":{"confidence_level":0.95,"lower_bound":2001.5795877810713,"upper_bound":4794.916018983642},"point_estimate":3823.2951783563494,"standard_error":705.3009810754215}}