{"Mean":{"confidence_interval":{"confidence_level":0.95,"lower_bound":784.6759564212571,"upper_bound":824.8536428331261},"point_estimate":806.3154251181692,"standard_error":10.330332498750815},"Median":{"confidence_interval":{"confidence_level":0.95,"lower_bound":777.9333614239383,"upper_bound":833.0270350792069},"point_estimate":823.5658443780485,"standard_error":15.442000576625642},"MedianAbsDev":{"confidence_interval":{"confidence_level":0.95,"lower_bound":1.9742116904161873,"upper_bound":58.51410646126271},"point_estimate":15.945422402118636,"standard_error":15.706045992001986},"Slope":{"confidence_interval":{"confidence_level":0.95,"lower_bound":816.9413976541981,"upper_bound":831.6768741211389},"point_estimate":827.4804343132544,"standard_error":3.8695902666585793},"StdDev":{"confidence_interval":{"confidence_level":0.95,"lower_bound":13.855918461482087,"upper_bound":44.117665316325045},"point_estimate":34.327823537011874,"standard_error":7.56206631313961}}