{"Mean":{"confidence_interval":{"confidence_level":0.95,"lower_bound":1566222.1713425925,"upper_bound":1597662.4453488756},"point_estimate":1581305.8989329806,"standard_error":8050.218567376587},"Median":{"confidence_interval":{"confidence_level":0.95,"lower_bound":1559933.2976851852,"upper_bound":1602432.671516755},"point_estimate":1573224.638888889,"standard_error":10117.013454368862},"MedianAbsDev":{"confidence_interval":{"confidence_level":0.95,"lower_bound":3510.480998787679,"upper_bound":45605.291452844176},"point_estimate":26618.53756409325,"standard_error":11523.122023489035},"Slope":{"confidence_interval":{"confidence_level":0.95,"lower_bound":1572556.9804021814,"upper_bound":1614869.6330786373},"point_estimate":1599916.5525974026,"standard_error":10748.489133466783},"StdDev":{"confidence_interval":{"confidence_level":0.95,"lower_bound":13266.231083528033,"upper_bound":33437.445448238876},"point_estimate":26841.61119665373,"standard_error":5001.285176912739}}