{"Mean":{"confidence_interval":{"confidence_level":0.95,"lower_bound":8562956.039248811,"upper_bound":8855690.461920634},"point_estimate":8703135.559031745,"standard_error":74841.61372243552},"Median":{"confidence_interval":{"confidence_level":0.95,"lower_bound":8540492.933333334,"upper_bound":8864119.066666666},"point_estimate":8642370.105714286,"standard_error":95389.84081170447},"MedianAbsDev":{"confidence_interval":{"confidence_level":0.95,"lower_bound":44473.157462443356,"upper_bound":427578.4477272986},"point_estimate":204364.76796179928,"standard_error":99191.76197890371},"Slope":{"confidence_interval":{"confidence_level":0.95,"lower_bound":8678424.665248796,"upper_bound":9046600.131293079},"point_estimate":8882957.084155845,"standard_error":97379.45448544099},"StdDev":{"confidence_interval":{"confidence_level":0.95,"lower_bound":122186.49380256484,"upper_bound":333530.0056012084},"point_estimate":249439.65783477284,"standard_error":56357.978278359136}}