{"Mean":{"confidence_interval":{"confidence_level":0.95,"lower_bound":15819.966550855568,"upper_bound":16462.411143234738},"point_estimate":16109.548412714046,"standard_error":165.10390435813346},"Median":{"confidence_interval":{"confidence_level":0.95,"lower_bound":15782.34168144208,"upper_bound":16282.68278828474},"point_estimate":16010.706540583136,"standard_error":134.29542732653172},"MedianAbsDev":{"confidence_interval":{"confidence_level":0.95,"lower_bound":45.42039653405313,"upper_bound":726.7636056552857},"point_estimate":370.57826821603504,"standard_error":177.4521718895042},"Slope":{"confidence_interval":{"confidence_level":0.95,"lower_bound":15737.980520253224,"upper_bound":16821.197041048315},"point_estimate":16212.464682283831,"standard_error":292.8166174296578},"StdDev":{"confidence_interval":{"confidence_level":0.95,"lower_bound":175.9027034243892,"upper_bound":787.4134481208378},"point_estimate":550.7536263407566,"standard_error":171.44226687091847}}