{"Mean":{"confidence_interval":{"confidence_level":0.95,"lower_bound":63019.20401597292,"upper_bound":63740.12814532854},"point_estimate":63347.214536148975,"standard_error":185.54680002788393},"Median":{"confidence_interval":{"confidence_level":0.95,"lower_bound":62912.57144434629,"upper_bound":63650.166730467216},"point_estimate":63327.983105123676,"standard_error":169.77074839369496},"MedianAbsDev":{"confidence_interval":{"confidence_level":0.95,"lower_bound":43.58771888163911,"upper_bound":898.242282035936},"point_estimate":494.2613842242236,"standard_error":247.42406040390253},"Slope":{"confidence_interval":{"confidence_level":0.95,"lower_bound":63107.1237673393,"upper_bound":63681.723190196644},"point_estimate":63425.118929833414,"standard_error":151.8453845122555},"StdDev":{"confidence_interval":{"confidence_level":0.95,"lower_bound":252.33722218553325,"upper_bound":850.4330889351619},"point_estimate":618.8022182023026,"standard_error":167.8648382634624}}