{"Mean":{"confidence_interval":{"confidence_level":0.95,"lower_bound":1263.1705992592592,"upper_bound":1318.312242442152},"point_estimate":1291.786519633157,"standard_error":14.137037541215244},"Median":{"confidence_interval":{"confidence_level":0.95,"lower_bound":1254.1357518518516,"upper_bound":1324.743177425044},"point_estimate":1308.5245222222222,"standard_error":20.433983225395853},"MedianAbsDev":{"confidence_interval":{"confidence_level":0.95,"lower_bound":5.337099992654876,"upper_bound":76.65814792704576},"point_estimate":42.49803401217582,"standard_error":19.580897606397937},"Slope":{"confidence_interval":{"confidence_level":0.95,"lower_bound":1299.877251886305,"upper_bound":1340.425153872054},"point_estimate":1323.1518972582974,"standard_error":10.711345921600406},"StdDev":{"confidence_interval":{"confidence_level":0.95,"lower_bound":25.217690961646557,"upper_bound":58.69061746742408},"point_estimate":47.04273725222942,"standard_error":8.471793998071831}}