{"Mean":{"confidence_interval":{"confidence_level":0.95,"lower_bound":5910.220004288655,"upper_bound":6450.984830595856},"point_estimate":6185.030987579693,"standard_error":138.0839995933354},"Median":{"confidence_interval":{"confidence_level":0.95,"lower_bound":5751.954025617566,"upper_bound":6552.776929577107},"point_estimate":6196.177542695944,"standard_error":192.8642080551262},"MedianAbsDev":{"confidence_interval":{"confidence_level":0.95,"lower_bound":107.84880044310799,"upper_bound":817.4462167393345},"point_estimate":433.6670012430036,"standard_error":186.5851642089175},"Slope":{"confidence_interval":{"confidence_level":0.95,"lower_bound":6216.865007643037,"upper_bound":6702.385797295557},"point_estimate":6520.947839854564,"standard_error":125.47184037807025},"StdDev":{"confidence_interval":{"confidence_level":0.95,"lower_bound":256.42690952900233,"upper_bound":577.9947613909228},"point_estimate":460.8431392870135,"standard_error":80.98598033869054}}