{"Mean":{"confidence_interval":{"confidence_level":0.95,"lower_bound":695.3759312793509,"upper_bound":740.0943425316725},"point_estimate":718.4350409537004,"standard_error":11.482281423617906},"Median":{"confidence_interval":{"confidence_level":0.95,"lower_bound":684.3654085673902,"upper_bound":754.6631820535426},"point_estimate":726.3010215934058,"standard_error":20.488146389274153},"MedianAbsDev":{"confidence_interval":{"confidence_level":0.95,"lower_bound":5.642265261515879,"upper_bound":63.05665312293206},"point_estimate":45.706785089713726,"standard_error":16.16632160782134},"Slope":{"confidence_interval":{"confidence_level":0.95,"lower_bound":726.5471602239808,"upper_bound":753.1257242371207},"point_estimate":745.1514737498112,"standard_error":6.943168996334727},"StdDev":{"confidence_interval":{"confidence_level":0.95,"lower_bound":23.230002485026798,"upper_bound":46.01149427687936},"point_estimate":38.44974866446624,"standard_error":5.837763541553056}}