{"Mean":{"confidence_interval":{"confidence_level":0.95,"lower_bound":1113724.0717317841,"upper_bound":1137089.2871368807},"point_estimate":1125542.239192006,"standard_error":5981.117109810495},"Median":{"confidence_interval":{"confidence_level":0.95,"lower_bound":1103504.7289156627,"upper_bound":1143673.5431726908},"point_estimate":1129076.5467202142,"standard_error":12761.841432799538},"MedianAbsDev":{"confidence_interval":{"confidence_level":0.95,"lower_bound":1360.091219528413,"upper_bound":30743.830155393156},"point_estimate":27981.869954427464,"standard_error":8728.028823575365},"Slope":{"confidence_interval":{"confidence_level":0.95,"lower_bound":1128965.9081258955,"upper_bound":1143886.6628650173},"point_estimate":1138307.2962290721,"standard_error":3810.805388262252},"StdDev":{"confidence_interval":{"confidence_level":0.95,"lower_bound":13531.583860547224,"upper_bound":22441.471122133928},"point_estimate":19932.95693958002,"standard_error":2292.111904813022}}