{"Mean":{"confidence_interval":{"confidence_level":0.95,"lower_bound":2122.86727460239,"upper_bound":2195.195578713516},"point_estimate":2159.4303377824094,"standard_error":18.50879436669103},"Median":{"confidence_interval":{"confidence_level":0.95,"lower_bound":2107.6631669688977,"upper_bound":2216.8194410100014},"point_estimate":2166.2750662847566,"standard_error":26.72868381326851},"MedianAbsDev":{"confidence_interval":{"confidence_level":0.95,"lower_bound":12.547039982487947,"upper_bound":108.46257963556498},"point_estimate":69.693451365109,"standard_error":24.12132882982178},"Slope":{"confidence_interval":{"confidence_level":0.95,"lower_bound":2120.716670472444,"upper_bound":2216.126544749286},"point_estimate":2159.755234198706,"standard_error":24.407406040263954},"StdDev":{"confidence_interval":{"confidence_level":0.95,"lower_bound":36.43016886350082,"upper_bound":76.51559747909532},"point_estimate":61.71934985352941,"standard_error":10.229291436124322}}