{"Mean":{"confidence_interval":{"confidence_level":0.95,"lower_bound":45274.298525305414,"upper_bound":46099.99387390925},"point_estimate":45650.51819182664,"standard_error":213.73500642870266},"Median":{"confidence_interval":{"confidence_level":0.95,"lower_bound":45134.68298429319,"upper_bound":46051.40744982548},"point_estimate":45396.56230366492,"standard_error":241.1329309603356},"MedianAbsDev":{"confidence_interval":{"confidence_level":0.95,"lower_bound":107.46173970648614,"upper_bound":1084.5245005233226},"point_estimate":414.48262177758926,"standard_error":255.48751341785294},"Slope":{"confidence_interval":{"confidence_level":0.95,"lower_bound":45371.99947904457,"upper_bound":46422.81707973352},"point_estimate":45910.026005303596,"standard_error":262.96016948099367},"StdDev":{"confidence_interval":{"confidence_level":0.95,"lower_bound":247.53909534156622,"upper_bound":952.0358610231381},"point_estimate":714.4246125357355,"standard_error":184.9597444864898}}