{"Mean":{"confidence_interval":{"confidence_level":0.95,"lower_bound":539.5028072940061,"upper_bound":547.5691023181},"point_estimate":543.0423229376863,"standard_error":2.090131613322342},"Median":{"confidence_interval":{"confidence_level":0.95,"lower_bound":538.8678442851308,"upper_bound":544.7919666011228},"point_estimate":541.7487686776287,"standard_error":1.435699268656034},"MedianAbsDev":{"confidence_interval":{"confidence_level":0.95,"lower_bound":0.6533510207166504,"upper_bound":8.649953955748463},"point_estimate":3.9995334701204746,"standard_error":2.2220584998303186},"Slope":{"confidence_interval":{"confidence_level":0.95,"lower_bound":541.0031580002383,"upper_bound":545.3514128716199},"point_estimate":543.5742005109536,"standard_error":1.1343726194710075},"StdDev":{"confidence_interval":{"confidence_level":0.95,"lower_bound":2.34867752911939,"upper_bound":10.062447184755154},"point_estimate":6.981255137041929,"standard_error":2.3057832088693884}}