{"Mean":{"confidence_interval":{"confidence_level":0.95,"lower_bound":107226.84893723627,"upper_bound":107503.88447614452},"point_estimate":107366.48440321333,"standard_error":70.87759746582717},"Median":{"confidence_interval":{"confidence_level":0.95,"lower_bound":107181.57103658536,"upper_bound":107558.10695121951},"point_estimate":107391.55985772358,"standard_error":115.1980374049897},"MedianAbsDev":{"confidence_interval":{"confidence_level":0.95,"lower_bound":14.962808758759635,"upper_bound":385.0729274318699},"point_estimate":272.10990526056014,"standard_error":95.29536074318978},"Slope":{"confidence_interval":{"confidence_level":0.95,"lower_bound":107147.90391166213,"upper_bound":107402.1686883523},"point_estimate":107256.50742477035,"standard_error":64.2760886837499},"StdDev":{"confidence_interval":{"confidence_level":0.95,"lower_bound":143.28530131133286,"upper_bound":295.6854620805253},"point_estimate":237.07205239645918,"standard_error":39.187108466707436}}