{"Mean":{"confidence_interval":{"confidence_level":0.95,"lower_bound":164.19271716783194,"upper_bound":174.1777229237536},"point_estimate":168.98893723811108,"standard_error":2.564511961773019},"Median":{"confidence_interval":{"confidence_level":0.95,"lower_bound":160.64757275083562,"upper_bound":174.33826814956666},"point_estimate":168.7131708535768,"standard_error":3.1053334355978337},"MedianAbsDev":{"confidence_interval":{"confidence_level":0.95,"lower_bound":1.3453801683788775,"upper_bound":14.070746857025334},"point_estimate":10.148912318900107,"standard_error":3.7690203832949725},"Slope":{"confidence_interval":{"confidence_level":0.95,"lower_bound":162.70461860882054,"upper_bound":170.1401508251836},"point_estimate":166.21400260881737,"standard_error":1.8854939544067024},"StdDev":{"confidence_interval":{"confidence_level":0.95,"lower_bound":4.574215507999141,"upper_bound":11.052557535533598},"point_estimate":8.572397669018873,"standard_error":1.716387603213602}}