{"Mean":{"confidence_interval":{"confidence_level":0.95,"lower_bound":35394.930599691754,"upper_bound":36317.07014863187},"point_estimate":35859.902898777,"standard_error":235.80855155125218},"Median":{"confidence_interval":{"confidence_level":0.95,"lower_bound":35233.20434356172,"upper_bound":36498.200264216655},"point_estimate":35758.98535799356,"standard_error":342.7024902282727},"MedianAbsDev":{"confidence_interval":{"confidence_level":0.95,"lower_bound":41.92645694165756,"upper_bound":1332.410306073865},"point_estimate":1054.9650273088705,"standard_error":355.33757525974175},"Slope":{"confidence_interval":{"confidence_level":0.95,"lower_bound":35623.31632898207,"upper_bound":36501.75863527508},"point_estimate":36092.616210019485,"standard_error":223.4505013027445},"StdDev":{"confidence_interval":{"confidence_level":0.95,"lower_bound":445.6831801835041,"upper_bound":980.6095877221205},"point_estimate":783.5053689619056,"standard_error":136.0129995740714}}