{"Mean":{"confidence_interval":{"confidence_level":0.95,"lower_bound":238097.0317883598,"upper_bound":249284.8649453263},"point_estimate":243443.08370723104,"standard_error":2859.8306049831717},"Median":{"confidence_interval":{"confidence_level":0.95,"lower_bound":233929.0977777778,"upper_bound":250342.9311111111},"point_estimate":242974.79422222223,"standard_error":4430.888107175918},"MedianAbsDev":{"confidence_interval":{"confidence_level":0.95,"lower_bound":1390.383353538007,"upper_bound":17742.963411666122},"point_estimate":11626.018515656146,"standard_error":3794.2515971745465},"Slope":{"confidence_interval":{"confidence_level":0.95,"lower_bound":243719.5589656336,"upper_bound":256068.11867098167},"point_estimate":250903.3843116883,"standard_error":3258.802609730214},"StdDev":{"confidence_interval":{"confidence_level":0.95,"lower_bound":5507.791068258295,"upper_bound":12155.07896828696},"point_estimate":9530.208645706749,"standard_error":1803.355833611796}}