{"Mean":{"confidence_interval":{"confidence_level":0.95,"lower_bound":94116.53299618767,"upper_bound":99639.51239358218},"point_estimate":97330.72024838618,"standard_error":1455.1817996239956},"Median":{"confidence_interval":{"confidence_level":0.95,"lower_bound":96291.14100944897,"upper_bound":100503.31172233137},"point_estimate":98133.62107072692,"standard_error":1064.5043083662006},"MedianAbsDev":{"confidence_interval":{"confidence_level":0.95,"lower_bound":547.4628356636924,"upper_bound":4879.491380758735},"point_estimate":2958.3328248759476,"standard_error":1202.768829604264},"Slope":{"confidence_interval":{"confidence_level":0.95,"lower_bound":97247.72916534635,"upper_bound":100725.94867781324},"point_estimate":99316.50743244967,"standard_error":893.1263431119504},"StdDev":{"confidence_interval":{"confidence_level":0.95,"lower_bound":1380.2987433580213,"upper_bound":7150.526498918811},"point_estimate":4842.701715928244,"standard_error":1814.7262128543828}}