{"Mean":{"confidence_interval":{"confidence_level":0.95,"lower_bound":31378.387831965236,"upper_bound":35028.27791539629},"point_estimate":33281.34030764986,"standard_error":937.6377177524424},"Median":{"confidence_interval":{"confidence_level":0.95,"lower_bound":30350.20292129406,"upper_bound":35878.89984134649},"point_estimate":34692.169917914056,"standard_error":1779.6655573480248},"MedianAbsDev":{"confidence_interval":{"confidence_level":0.95,"lower_bound":235.50750820422493,"upper_bound":4737.769476756916},"point_estimate":2301.556449593084,"standard_error":1380.2242695454381},"Slope":{"confidence_interval":{"confidence_level":0.95,"lower_bound":34073.08301091831,"upper_bound":35997.83333483556},"point_estimate":35430.97648667122,"standard_error":502.14006582613115},"StdDev":{"confidence_interval":{"confidence_level":0.95,"lower_bound":1824.9146119253076,"upper_bound":3696.4059764887716},"point_estimate":3132.6008423384183,"standard_error":469.00807484283183}}