{"Mean":{"confidence_interval":{"confidence_level":0.95,"lower_bound":269.16827338319484,"upper_bound":270.33793330902},"point_estimate":269.6999346967812,"standard_error":0.30173915489559994},"Median":{"confidence_interval":{"confidence_level":0.95,"lower_bound":268.91532655940506,"upper_bound":270.2899552093708},"point_estimate":269.3744677012447,"standard_error":0.34717253482613397},"MedianAbsDev":{"confidence_interval":{"confidence_level":0.95,"lower_bound":0.06872440534880533,"upper_bound":1.527498253183689},"point_estimate":0.7107846182411027,"standard_error":0.3813764768108041},"Slope":{"confidence_interval":{"confidence_level":0.95,"lower_bound":269.10420151068615,"upper_bound":270.8243243015294},"point_estimate":269.8656085858091,"standard_error":0.44310981877480243},"StdDev":{"confidence_interval":{"confidence_level":0.95,"lower_bound":0.2770396315996108,"upper_bound":1.3211806794516194},"point_estimate":1.0074792548655427,"standard_error":0.2514490463359496}}