{"Mean":{"confidence_interval":{"confidence_level":0.95,"lower_bound":55344.181383745905,"upper_bound":55959.83815330317},"point_estimate":55678.44119982237,"standard_error":158.00715652129728},"Median":{"confidence_interval":{"confidence_level":0.95,"lower_bound":55463.8525265669,"upper_bound":56088.77582592352},"point_estimate":55734.64387954271,"standard_error":152.96984722778473},"MedianAbsDev":{"confidence_interval":{"confidence_level":0.95,"lower_bound":68.57999819690826,"upper_bound":779.240205684263},"point_estimate":292.6790286750897,"standard_error":181.28027357149128},"Slope":{"confidence_interval":{"confidence_level":0.95,"lower_bound":55421.45927022748,"upper_bound":55950.95977850785},"point_estimate":55718.56993130487,"standard_error":134.44762535020712},"StdDev":{"confidence_interval":{"confidence_level":0.95,"lower_bound":214.10505566251078,"upper_bound":733.1541011865922},"point_estimate":525.7291345788494,"standard_error":148.4294205450249}}