{"Mean":{"confidence_interval":{"confidence_level":0.95,"lower_bound":172340.32472327168,"upper_bound":174629.65580723982},"point_estimate":173476.3521678068,"standard_error":587.9120185137584},"Median":{"confidence_interval":{"confidence_level":0.95,"lower_bound":171635.00636660447,"upper_bound":175152.3594009121},"point_estimate":173525.93509017414,"standard_error":925.0168299085374},"MedianAbsDev":{"confidence_interval":{"confidence_level":0.95,"lower_bound":547.5402440727496,"upper_bound":3363.04246548059},"point_estimate":2339.6651559439815,"standard_error":722.8415681722772},"Slope":{"confidence_interval":{"confidence_level":0.95,"lower_bound":171363.0512677941,"upper_bound":174079.75357826197},"point_estimate":172571.8289687924,"standard_error":704.8512457269701},"StdDev":{"confidence_interval":{"confidence_level":0.95,"lower_bound":1200.447873235011,"upper_bound":2360.374524373266},"point_estimate":1963.3622141678554,"standard_error":294.4525623585229}}