{"Mean":{"confidence_interval":{"confidence_level":0.95,"lower_bound":67982.01118287836,"upper_bound":68924.76371443908},"point_estimate":68429.90273994837,"standard_error":240.9685959584315},"Median":{"confidence_interval":{"confidence_level":0.95,"lower_bound":67954.2086352657,"upper_bound":68913.40436571838},"point_estimate":68276.21952495974,"standard_error":218.8491176875601},"MedianAbsDev":{"confidence_interval":{"confidence_level":0.95,"lower_bound":44.39973808854357,"upper_bound":1305.2748724856178},"point_estimate":507.03012795628297,"standard_error":313.61581455569774},"Slope":{"confidence_interval":{"confidence_level":0.95,"lower_bound":68303.6050065049,"upper_bound":68776.35671846414},"point_estimate":68516.41426898383,"standard_error":119.40385097681043},"StdDev":{"confidence_interval":{"confidence_level":0.95,"lower_bound":323.8672853468406,"upper_bound":1089.863288291724},"point_estimate":802.3313458074945,"standard_error":198.79306839904174}}