{"Mean":{"confidence_interval":{"confidence_level":0.95,"lower_bound":4717938.2869599,"upper_bound":4748036.167366384},"point_estimate":4733045.966610275,"standard_error":7698.840888069064},"Median":{"confidence_interval":{"confidence_level":0.95,"lower_bound":4714152.957236841,"upper_bound":4759230.00877193},"point_estimate":4732205.787218045,"standard_error":11501.960491005853},"MedianAbsDev":{"confidence_interval":{"confidence_level":0.95,"lower_bound":6315.284148407343,"upper_bound":45066.04494662787},"point_estimate":30562.529050828398,"standard_error":9875.019141092605},"Slope":{"confidence_interval":{"confidence_level":0.95,"lower_bound":4718169.013441878,"upper_bound":4751454.795706371},"point_estimate":4733597.760082023,"standard_error":8714.962097111113},"StdDev":{"confidence_interval":{"confidence_level":0.95,"lower_bound":15505.806672170625,"upper_bound":31877.784204672982},"point_estimate":25703.131377776772,"standard_error":4247.52022244117}}