{"Mean":{"confidence_interval":{"confidence_level":0.95,"lower_bound":58781.21221073158,"upper_bound":63141.75184877145},"point_estimate":61143.94007101329,"standard_error":1122.2685382842217},"Median":{"confidence_interval":{"confidence_level":0.95,"lower_bound":58738.772751937984,"upper_bound":63534.75627906977},"point_estimate":61974.577470930235,"standard_error":1007.5905534568376},"MedianAbsDev":{"confidence_interval":{"confidence_level":0.95,"lower_bound":163.90909868305022,"upper_bound":5814.1771619027195},"point_estimate":2256.2465977575703,"standard_error":1470.2541179112352},"Slope":{"confidence_interval":{"confidence_level":0.95,"lower_bound":61269.327551557704,"upper_bound":64177.75049960209},"point_estimate":63117.65869525823,"standard_error":744.92919897115},"StdDev":{"confidence_interval":{"confidence_level":0.95,"lower_bound":1319.4933969720275,"upper_bound":4843.419747972144},"point_estimate":3748.25227997692,"standard_error":919.9819469093993}}