{"Mean":{"confidence_interval":{"confidence_level":0.95,"lower_bound":296080.01314356434,"upper_bound":303775.0696381423},"point_estimate":300010.8766032139,"standard_error":1979.6056917594588},"Median":{"confidence_interval":{"confidence_level":0.95,"lower_bound":293075.8780940594,"upper_bound":306201.10332783277},"point_estimate":301743.00701320136,"standard_error":3953.721811226793},"MedianAbsDev":{"confidence_interval":{"confidence_level":0.95,"lower_bound":694.322322442289,"upper_bound":10483.906421134148},"point_estimate":7610.801282900976,"standard_error":2770.6580712414834},"Slope":{"confidence_interval":{"confidence_level":0.95,"lower_bound":301420.0235462633,"upper_bound":305945.7841340316},"point_estimate":304625.41185547126,"standard_error":1175.270343941362},"StdDev":{"confidence_interval":{"confidence_level":0.95,"lower_bound":4144.559651799556,"upper_bound":7483.392427722218},"point_estimate":6602.652234820551,"standard_error":829.1035042361856}}