{"Mean":{"confidence_interval":{"confidence_level":0.95,"lower_bound":39051.052208333334,"upper_bound":41255.510869215024},"point_estimate":40228.905516245046,"standard_error":564.7467307706881},"Median":{"confidence_interval":{"confidence_level":0.95,"lower_bound":38773.80520833333,"upper_bound":41655.72092447917},"point_estimate":40931.57563244048,"standard_error":771.2780866740591},"MedianAbsDev":{"confidence_interval":{"confidence_level":0.95,"lower_bound":330.317096635705,"upper_bound":3060.212763795368},"point_estimate":1210.0738214934538,"standard_error":712.3931886475386},"Slope":{"confidence_interval":{"confidence_level":0.95,"lower_bound":40701.478197194716,"upper_bound":41731.28069956641},"point_estimate":41361.356374458876,"standard_error":263.45000112036666},"StdDev":{"confidence_interval":{"confidence_level":0.95,"lower_bound":669.4569640105476,"upper_bound":2269.9502011949307},"point_estimate":1878.2377808247902,"standard_error":372.02000305912895}}