{"Mean":{"confidence_interval":{"confidence_level":0.95,"lower_bound":733792.1964846745,"upper_bound":840714.0726875343},"point_estimate":793287.9485645869,"standard_error":27181.48341264273},"Median":{"confidence_interval":{"confidence_level":0.95,"lower_bound":736757.6795977012,"upper_bound":845241.0852011493},"point_estimate":840165.0276409414,"standard_error":26644.985948693917},"MedianAbsDev":{"confidence_interval":{"confidence_level":0.95,"lower_bound":408.3325905954057,"upper_bound":126064.41067570243},"point_estimate":11228.24893669318,"standard_error":28096.403172579994},"Slope":{"confidence_interval":{"confidence_level":0.95,"lower_bound":825717.6115273518,"upper_bound":845806.9057745206},"point_estimate":839327.0682191371,"standard_error":5249.1937894945595},"StdDev":{"confidence_interval":{"confidence_level":0.95,"lower_bound":7182.617372012639,"upper_bound":114429.6916292535},"point_estimate":90826.04160658343,"standard_error":26533.66998173081}}