{"Mean":{"confidence_interval":{"confidence_level":0.95,"lower_bound":645788.7945555304,"upper_bound":693897.7664438668},"point_estimate":671111.3960367691,"standard_error":12333.00232134131},"Median":{"confidence_interval":{"confidence_level":0.95,"lower_bound":638764.0052742616,"upper_bound":699774.1048824593},"point_estimate":677777.6142405064,"standard_error":13348.31000539364},"MedianAbsDev":{"confidence_interval":{"confidence_level":0.95,"lower_bound":4018.215796700422,"upper_bound":71194.60509534685},"point_estimate":32380.736789683928,"standard_error":16139.935420583603},"Slope":{"confidence_interval":{"confidence_level":0.95,"lower_bound":676831.3029808085,"upper_bound":712304.772646529},"point_estimate":695674.6395199737,"standard_error":9606.883884699448},"StdDev":{"confidence_interval":{"confidence_level":0.95,"lower_bound":16769.74793508154,"upper_bound":52290.06530559217},"point_estimate":41063.912187363516,"standard_error":8770.69728555859}}