{"Mean":{"confidence_interval":{"confidence_level":0.95,"lower_bound":4901.714203109174,"upper_bound":4988.238283914967},"point_estimate":4945.929108003196,"standard_error":22.164479225080438},"Median":{"confidence_interval":{"confidence_level":0.95,"lower_bound":4873.6778636543795,"upper_bound":4991.248165763862},"point_estimate":4966.135001415549,"standard_error":26.92599816711737},"MedianAbsDev":{"confidence_interval":{"confidence_level":0.95,"lower_bound":8.051226795231054,"upper_bound":131.036775093371},"point_estimate":67.34083081397381,"standard_error":33.10418991422238},"Slope":{"confidence_interval":{"confidence_level":0.95,"lower_bound":4931.70648188946,"upper_bound":5024.776574590689},"point_estimate":4984.696539987955,"standard_error":24.527473616952392},"StdDev":{"confidence_interval":{"confidence_level":0.95,"lower_bound":35.61517967329216,"upper_bound":95.4116644358827},"point_estimate":74.412112593262,"standard_error":14.674629054746411}}