{"Mean":{"confidence_interval":{"confidence_level":0.95,"lower_bound":2696894.4351515146,"upper_bound":2950194.8895454546},"point_estimate":2819898.766439394,"standard_error":65046.460115115806},"Median":{"confidence_interval":{"confidence_level":0.95,"lower_bound":2598678.090909091,"upper_bound":2984291.6818181816},"point_estimate":2773995.862878788,"standard_error":111113.65858605062},"MedianAbsDev":{"confidence_interval":{"confidence_level":0.95,"lower_bound":16561.180833252838,"upper_bound":371672.9099019414},"point_estimate":279593.6899634927,"standard_error":91713.85630724445},"Slope":{"confidence_interval":{"confidence_level":0.95,"lower_bound":2833186.27200004,"upper_bound":3062067.7185206097},"point_estimate":2964348.1252656435,"standard_error":56941.63121534699},"StdDev":{"confidence_interval":{"confidence_level":0.95,"lower_bound":128150.96888718892,"upper_bound":272688.03193172807},"point_estimate":217457.96270528127,"standard_error":38516.90339316163}}