{"Mean":{"confidence_interval":{"confidence_level":0.95,"lower_bound":774.0148314734463,"upper_bound":810.701962013602},"point_estimate":792.771099491303,"standard_error":9.602884641810144},"Median":{"confidence_interval":{"confidence_level":0.95,"lower_bound":767.9068182281163,"upper_bound":804.3158057304081},"point_estimate":802.0483462690215,"standard_error":7.847388136446248},"MedianAbsDev":{"confidence_interval":{"confidence_level":0.95,"lower_bound":0.5206414877927867,"upper_bound":64.1235287982359},"point_estimate":8.229439742824423,"standard_error":15.42118498518228},"Slope":{"confidence_interval":{"confidence_level":0.95,"lower_bound":796.8841702727244,"upper_bound":820.2748583817042},"point_estimate":806.5393876111056,"standard_error":6.110504948728471},"StdDev":{"confidence_interval":{"confidence_level":0.95,"lower_bound":5.8956282300605904,"upper_bound":43.124315892000574},"point_estimate":32.011229788889196,"standard_error":7.924225377550406}}