{"Mean":{"confidence_interval":{"confidence_level":0.95,"lower_bound":51186.39195412939,"upper_bound":52137.93213000103},"point_estimate":51673.879043762216,"standard_error":244.17602223544947},"Median":{"confidence_interval":{"confidence_level":0.95,"lower_bound":51027.30831533477,"upper_bound":52222.29189164867},"point_estimate":51917.800555384136,"standard_error":338.5083781665851},"MedianAbsDev":{"confidence_interval":{"confidence_level":0.95,"lower_bound":121.4589779462632,"upper_bound":1361.6359200215948},"point_estimate":726.9465725152846,"standard_error":340.2977800951699},"Slope":{"confidence_interval":{"confidence_level":0.95,"lower_bound":51830.388247245304,"upper_bound":52578.13333249129},"point_estimate":52243.54459061457,"standard_error":200.79078218873403},"StdDev":{"confidence_interval":{"confidence_level":0.95,"lower_bound":438.6461205976703,"upper_bound":1035.0154184464557},"point_estimate":817.2342641027418,"standard_error":152.082487110295}}