{"Mean":{"confidence_interval":{"confidence_level":0.95,"lower_bound":7108.1445793006005,"upper_bound":7490.680940313592},"point_estimate":7292.004478702349,"standard_error":97.7168236672314},"Median":{"confidence_interval":{"confidence_level":0.95,"lower_bound":7050.838949723302,"upper_bound":7466.369559244868},"point_estimate":7305.816054397739,"standard_error":116.67708006476961},"MedianAbsDev":{"confidence_interval":{"confidence_level":0.95,"lower_bound":65.94839151727827,"upper_bound":576.3307869304525},"point_estimate":265.5954558463772,"standard_error":121.83465480093177},"Slope":{"confidence_interval":{"confidence_level":0.95,"lower_bound":7236.6041020622515,"upper_bound":7448.61382265601},"point_estimate":7374.610233637785,"standard_error":53.9410163856741},"StdDev":{"confidence_interval":{"confidence_level":0.95,"lower_bound":164.3596841694529,"upper_bound":435.6765335265273},"point_estimate":325.8544932958165,"standard_error":72.48255457511172}}