{"Mean":{"confidence_interval":{"confidence_level":0.95,"lower_bound":9623.754980082436,"upper_bound":9729.549192623837},"point_estimate":9679.38087622018,"standard_error":27.036811465706986},"Median":{"confidence_interval":{"confidence_level":0.95,"lower_bound":9634.282662565154,"upper_bound":9734.071632019466},"point_estimate":9679.704558660173,"standard_error":25.940666787991574},"MedianAbsDev":{"confidence_interval":{"confidence_level":0.95,"lower_bound":11.177230368086056,"upper_bound":142.71381480098046},"point_estimate":72.21457149158265,"standard_error":30.462629380820072},"Slope":{"confidence_interval":{"confidence_level":0.95,"lower_bound":9687.130245628638,"upper_bound":9779.555120176756},"point_estimate":9741.30016612457,"standard_error":24.34462711091069},"StdDev":{"confidence_interval":{"confidence_level":0.95,"lower_bound":36.67708402006489,"upper_bound":125.44395195858193},"point_estimate":89.85205604637464,"standard_error":23.599080338397336}}