{"Mean":{"confidence_interval":{"confidence_level":0.95,"lower_bound":23218.983920759092,"upper_bound":23499.710894538603},"point_estimate":23355.249024699406,"standard_error":72.03700778373366},"Median":{"confidence_interval":{"confidence_level":0.95,"lower_bound":23132.19991308127,"upper_bound":23626.831232797336},"point_estimate":23307.77495291902,"standard_error":126.42869716727822},"MedianAbsDev":{"confidence_interval":{"confidence_level":0.95,"lower_bound":34.52033115593866,"upper_bound":377.8141885064979},"point_estimate":265.58266721021226,"standard_error":99.51469875277286},"Slope":{"confidence_interval":{"confidence_level":0.95,"lower_bound":23232.397304305225,"upper_bound":23586.576767385697},"point_estimate":23458.628543208204,"standard_error":89.18158224771881},"StdDev":{"confidence_interval":{"confidence_level":0.95,"lower_bound":140.71425991285366,"upper_bound":279.2913172779178},"point_estimate":239.87818286077874,"standard_error":34.32571790957026}}