{"Mean":{"confidence_interval":{"confidence_level":0.95,"lower_bound":705905.8745401235,"upper_bound":807105.3169207672},"point_estimate":761889.9961186068,"standard_error":25976.333753551742},"Median":{"confidence_interval":{"confidence_level":0.95,"lower_bound":711575.2555555556,"upper_bound":813647.3544444444},"point_estimate":807686.2612962963,"standard_error":26030.09083786838},"MedianAbsDev":{"confidence_interval":{"confidence_level":0.95,"lower_bound":2442.7210089663317,"upper_bound":120896.40742699301},"point_estimate":11550.252624136498,"standard_error":28721.39116597261},"Slope":{"confidence_interval":{"confidence_level":0.95,"lower_bound":793332.6829412987,"upper_bound":812486.7796063813},"point_estimate":807404.5581529582,"standard_error":5202.807887423981},"StdDev":{"confidence_interval":{"confidence_level":0.95,"lower_bound":8086.004684300985,"upper_bound":111325.31333443991},"point_estimate":86651.76089064218,"standard_error":25136.67517614156}}