{"Mean":{"confidence_interval":{"confidence_level":0.95,"lower_bound":87023410.36208335,"upper_bound":88998198.51856646},"point_estimate":88024881.5603373,"standard_error":506552.257910959},"Median":{"confidence_interval":{"confidence_level":0.95,"lower_bound":86437135.1875,"upper_bound":89413750.35},"point_estimate":88380764.25,"standard_error":723956.3668469437},"MedianAbsDev":{"confidence_interval":{"confidence_level":0.95,"lower_bound":309355.3816178574,"upper_bound":2874325.093920529},"point_estimate":1954180.2212713638,"standard_error":667178.6249572306},"Slope":{"confidence_interval":{"confidence_level":0.95,"lower_bound":86295038.53529412,"upper_bound":88455697.20333333},"point_estimate":87249256.66623376,"standard_error":546891.7843466611},"StdDev":{"confidence_interval":{"confidence_level":0.95,"lower_bound":979689.0597485473,"upper_bound":2057593.0306138631},"point_estimate":1683805.9536265885,"standard_error":272059.34942452726}}