{"Mean":{"confidence_interval":{"confidence_level":0.95,"lower_bound":175384.28497345277,"upper_bound":186972.53360920303},"point_estimate":181139.47681820692,"standard_error":2963.9692260419283},"Median":{"confidence_interval":{"confidence_level":0.95,"lower_bound":172202.4907084785,"upper_bound":191091.31862175764},"point_estimate":181001.88379790942,"standard_error":4854.80785650168},"MedianAbsDev":{"confidence_interval":{"confidence_level":0.95,"lower_bound":2306.31135340438,"upper_bound":16976.62179181608},"point_estimate":12860.504022696672,"standard_error":3686.97272270182},"Slope":{"confidence_interval":{"confidence_level":0.95,"lower_bound":181944.6836717982,"upper_bound":191663.4975312197},"point_estimate":188482.14074845015,"standard_error":2507.5492620958394},"StdDev":{"confidence_interval":{"confidence_level":0.95,"lower_bound":6142.057773416621,"upper_bound":11735.477802727324},"point_estimate":9838.541916441825,"standard_error":1415.6472271284792}}