{"Mean":{"confidence_interval":{"confidence_level":0.95,"lower_bound":2549.9058442231903,"upper_bound":2649.603887367766},"point_estimate":2596.9651676000835,"standard_error":25.546417595356242},"Median":{"confidence_interval":{"confidence_level":0.95,"lower_bound":2533.929324828874,"upper_bound":2641.916365899191},"point_estimate":2591.4748911014312,"standard_error":30.481076671322263},"MedianAbsDev":{"confidence_interval":{"confidence_level":0.95,"lower_bound":9.533262369642838,"upper_bound":147.08119046283792},"point_estimate":75.4478704526918,"standard_error":32.21568309120332},"Slope":{"confidence_interval":{"confidence_level":0.95,"lower_bound":2599.023979366764,"upper_bound":2719.4213947699745},"point_estimate":2660.606526640752,"standard_error":33.510830980577346},"StdDev":{"confidence_interval":{"confidence_level":0.95,"lower_bound":41.119667671376774,"upper_bound":115.47585124036294},"point_estimate":85.25907897851148,"standard_error":20.542346062488058}}