{"Mean":{"confidence_interval":{"confidence_level":0.95,"lower_bound":198175.47588324366,"upper_bound":200203.87175052875},"point_estimate":199131.2441179196,"standard_error":519.9661155904786},"Median":{"confidence_interval":{"confidence_level":0.95,"lower_bound":197556.90710659898,"upper_bound":200328.3005499154},"point_estimate":198833.08570522116,"standard_error":667.2761459373934},"MedianAbsDev":{"confidence_interval":{"confidence_level":0.95,"lower_bound":398.97734697764974,"upper_bound":2876.354851261088},"point_estimate":1728.6487281428392,"standard_error":636.1130725296604},"Slope":{"confidence_interval":{"confidence_level":0.95,"lower_bound":197869.79535751505,"upper_bound":199676.00681852503},"point_estimate":198824.8422242732,"standard_error":468.1994459298202},"StdDev":{"confidence_interval":{"confidence_level":0.95,"lower_bound":895.0603568341128,"upper_bound":2278.6626316091497},"point_estimate":1735.2276360651078,"standard_error":374.6206210265998}}