{"Mean":{"confidence_interval":{"confidence_level":0.95,"lower_bound":49726.44631046677,"upper_bound":51837.05563947823},"point_estimate":50760.54975829012,"standard_error":536.894094506693},"Median":{"confidence_interval":{"confidence_level":0.95,"lower_bound":49542.60712871287,"upper_bound":51713.452553826806},"point_estimate":50947.57772277227,"standard_error":690.442751959087},"MedianAbsDev":{"confidence_interval":{"confidence_level":0.95,"lower_bound":270.695517108382,"upper_bound":3106.665999664133},"point_estimate":1590.2074059727956,"standard_error":729.6443635860729},"Slope":{"confidence_interval":{"confidence_level":0.95,"lower_bound":50579.91820829142,"upper_bound":52217.97865116152},"point_estimate":51506.978984184134,"standard_error":405.5365533833437},"StdDev":{"confidence_interval":{"confidence_level":0.95,"lower_bound":882.6561520403743,"upper_bound":2395.978437352684},"point_estimate":1792.3392830660837,"standard_error":400.1097636666385}}