{"Mean":{"confidence_interval":{"confidence_level":0.95,"lower_bound":5326.456492114543,"upper_bound":5860.732335903006},"point_estimate":5614.316932046591,"standard_error":137.20240792941507},"Median":{"confidence_interval":{"confidence_level":0.95,"lower_bound":5252.13864516639,"upper_bound":5957.293822622718},"point_estimate":5747.489365959213,"standard_error":155.8198516785859},"MedianAbsDev":{"confidence_interval":{"confidence_level":0.95,"lower_bound":31.554254871979875,"upper_bound":755.2609189485642},"point_estimate":360.45951884570326,"standard_error":181.4702974080104},"Slope":{"confidence_interval":{"confidence_level":0.95,"lower_bound":5706.3832851163,"upper_bound":5969.105125506417},"point_estimate":5868.471035604187,"standard_error":66.68880593737659},"StdDev":{"confidence_interval":{"confidence_level":0.95,"lower_bound":188.03719065651975,"upper_bound":606.7419170443011},"point_estimate":456.7527414405783,"standard_error":110.40652326899597}}