{"Mean":{"confidence_interval":{"confidence_level":0.95,"lower_bound":1481678.3594887957,"upper_bound":1493314.5144024275},"point_estimate":1487843.7748482726,"standard_error":2992.3632457468693},"Median":{"confidence_interval":{"confidence_level":0.95,"lower_bound":1479101.2549019607,"upper_bound":1494866.7426470588},"point_estimate":1491244.4800420168,"standard_error":3782.0671784963},"MedianAbsDev":{"confidence_interval":{"confidence_level":0.95,"lower_bound":598.0165107065125,"upper_bound":15913.775706444634},"point_estimate":5747.677234722918,"standard_error":4282.53613121243},"Slope":{"confidence_interval":{"confidence_level":0.95,"lower_bound":1490302.0754563895,"upper_bound":1496365.1542251417},"point_estimate":1493488.5589763178,"standard_error":1571.9308235527503},"StdDev":{"confidence_interval":{"confidence_level":0.95,"lower_bound":3792.676220731338,"upper_bound":12168.43849703883},"point_estimate":9977.943999940595,"standard_error":1935.4985770936223}}