{"Mean":{"confidence_interval":{"confidence_level":0.95,"lower_bound":166921.655862069,"upper_bound":183466.68734058566},"point_estimate":175483.44050994347,"standard_error":4247.075122641287},"Median":{"confidence_interval":{"confidence_level":0.95,"lower_bound":162196.40996168583,"upper_bound":186579.08182813355},"point_estimate":178764.48036398468,"standard_error":6560.473111346707},"MedianAbsDev":{"confidence_interval":{"confidence_level":0.95,"lower_bound":802.3358159281265,"upper_bound":23150.931606421756},"point_estimate":11724.631969145017,"standard_error":5831.749114111214},"Slope":{"confidence_interval":{"confidence_level":0.95,"lower_bound":161876.1097737938,"upper_bound":186304.51571504222},"point_estimate":173935.92499378018,"standard_error":6716.557995449044},"StdDev":{"confidence_interval":{"confidence_level":0.95,"lower_bound":7668.305013149748,"upper_bound":17456.501305236543},"point_estimate":14185.586045154967,"standard_error":2441.605102694777}}