{"Mean":{"confidence_interval":{"confidence_level":0.95,"lower_bound":627.704428656004,"upper_bound":693.7067895312177},"point_estimate":661.9693110643681,"standard_error":16.905970406128063},"Median":{"confidence_interval":{"confidence_level":0.95,"lower_bound":609.8374553295307,"upper_bound":705.2151011957941},"point_estimate":683.72442296553,"standard_error":25.35455785977672},"MedianAbsDev":{"confidence_interval":{"confidence_level":0.95,"lower_bound":7.928127196544159,"upper_bound":90.814288753936},"point_estimate":54.60034711239696,"standard_error":23.14456090700358},"Slope":{"confidence_interval":{"confidence_level":0.95,"lower_bound":674.9752438292301,"upper_bound":718.1494726506684},"point_estimate":702.5051737417966,"standard_error":11.099727296884318},"StdDev":{"confidence_interval":{"confidence_level":0.95,"lower_bound":30.173525041213065,"upper_bound":68.7472726667573},"point_estimate":56.33761415159779,"standard_error":9.64151632504084}}