{"Mean":{"confidence_interval":{"confidence_level":0.95,"lower_bound":65828.46914294115,"upper_bound":66645.63696454291},"point_estimate":66283.02332210045,"standard_error":211.83676917585183},"Median":{"confidence_interval":{"confidence_level":0.95,"lower_bound":65978.1794532628,"upper_bound":66787.38016240447},"point_estimate":66423.77899029982,"standard_error":216.66844031568584},"MedianAbsDev":{"confidence_interval":{"confidence_level":0.95,"lower_bound":74.28317546691417,"upper_bound":929.1647718109233},"point_estimate":505.1609772220812,"standard_error":218.49554365575855},"Slope":{"confidence_interval":{"confidence_level":0.95,"lower_bound":66414.99019787749,"upper_bound":66852.06638224058},"point_estimate":66704.3757850615,"standard_error":112.40254644621261},"StdDev":{"confidence_interval":{"confidence_level":0.95,"lower_bound":265.81055638113605,"upper_bound":998.0372039131009},"point_estimate":707.6778730452288,"standard_error":215.58638045245434}}