{"Mean":{"confidence_interval":{"confidence_level":0.95,"lower_bound":51076.906229768094,"upper_bound":51512.51962351069},"point_estimate":51260.15868396552,"standard_error":114.53087116373415},"Median":{"confidence_interval":{"confidence_level":0.95,"lower_bound":51070.57027618266,"upper_bound":51376.86428424939},"point_estimate":51123.33434964908,"standard_error":78.92008411847027},"MedianAbsDev":{"confidence_interval":{"confidence_level":0.95,"lower_bound":12.349239519617385,"upper_bound":418.1837756383732},"point_estimate":168.24441945974056,"standard_error":106.60962950363414},"Slope":{"confidence_interval":{"confidence_level":0.95,"lower_bound":51097.27649796912,"upper_bound":51223.1543952061},"point_estimate":51150.051255553306,"standard_error":32.119084760456836},"StdDev":{"confidence_interval":{"confidence_level":0.95,"lower_bound":96.00439351944615,"upper_bound":560.3477740707531},"point_estimate":381.30040500545687,"standard_error":140.06415972082115}}