{"Mean":{"confidence_interval":{"confidence_level":0.95,"lower_bound":1674637.8013199668,"upper_bound":1697921.1885964912},"point_estimate":1686673.9530743528,"standard_error":5985.278053998257},"Median":{"confidence_interval":{"confidence_level":0.95,"lower_bound":1665032.0701754387,"upper_bound":1702308.2631578948},"point_estimate":1697139.7105263157,"standard_error":11163.934350146157},"MedianAbsDev":{"confidence_interval":{"confidence_level":0.95,"lower_bound":2319.9362408305524,"upper_bound":31543.10971184009},"point_estimate":13436.1988167231,"standard_error":8460.747788610312},"Slope":{"confidence_interval":{"confidence_level":0.95,"lower_bound":1676850.2359849135,"upper_bound":1702382.5421552486},"point_estimate":1692729.91114149,"standard_error":6503.996938196332},"StdDev":{"confidence_interval":{"confidence_level":0.95,"lower_bound":11873.447724305817,"upper_bound":22689.6595994061},"point_estimate":19915.428495900826,"standard_error":2825.3627463234343}}