{"Mean":{"confidence_interval":{"confidence_level":0.95,"lower_bound":59416.00027330627,"upper_bound":66493.29796369791},"point_estimate":63030.31308575058,"standard_error":1815.5084596413665},"Median":{"confidence_interval":{"confidence_level":0.95,"lower_bound":57345.29261954262,"upper_bound":68838.58431508431},"point_estimate":64272.806254331255,"standard_error":3392.180045011337},"MedianAbsDev":{"confidence_interval":{"confidence_level":0.95,"lower_bound":1117.8072733167694,"upper_bound":9797.655057325055},"point_estimate":7599.667411778521,"standard_error":2369.5970646159385},"Slope":{"confidence_interval":{"confidence_level":0.95,"lower_bound":64449.708927563195,"upper_bound":68839.88757430548},"point_estimate":67501.78834678835,"standard_error":1140.2227087380488},"StdDev":{"confidence_interval":{"confidence_level":0.95,"lower_bound":3824.779126606804,"upper_bound":7069.212841010709},"point_estimate":6062.762690119848,"standard_error":822.6856637659777}}