{"Mean":{"confidence_interval":{"confidence_level":0.95,"lower_bound":9151.304641447432,"upper_bound":9255.864834286102},"point_estimate":9198.292202308035,"standard_error":26.971940314878335},"Median":{"confidence_interval":{"confidence_level":0.95,"lower_bound":9145.429163263918,"upper_bound":9231.675105485232},"point_estimate":9177.820925450622,"standard_error":20.550969609427423},"MedianAbsDev":{"confidence_interval":{"confidence_level":0.95,"lower_bound":6.283417906006655,"upper_bound":131.21675695994267},"point_estimate":51.37255105814763,"standard_error":33.763551729064716},"Slope":{"confidence_interval":{"confidence_level":0.95,"lower_bound":9147.364811109273,"upper_bound":9207.172645212908},"point_estimate":9180.558979281233,"standard_error":15.109415453081427},"StdDev":{"confidence_interval":{"confidence_level":0.95,"lower_bound":32.22740218918789,"upper_bound":125.32785382468539},"point_estimate":89.6273770386533,"standard_error":26.23775419186514}}