{"Mean":{"confidence_interval":{"confidence_level":0.95,"lower_bound":66521.04644921544,"upper_bound":67579.16953633024},"point_estimate":67053.78777070963,"standard_error":270.0976432754511},"Median":{"confidence_interval":{"confidence_level":0.95,"lower_bound":66288.72688719253,"upper_bound":67727.19847328245},"point_estimate":67165.96709075489,"standard_error":357.9029536385664},"MedianAbsDev":{"confidence_interval":{"confidence_level":0.95,"lower_bound":219.19618145200045,"upper_bound":1544.6371626535433},"point_estimate":1052.7117488933156,"standard_error":347.88198608550005},"Slope":{"confidence_interval":{"confidence_level":0.95,"lower_bound":67144.0918793166,"upper_bound":68036.16325859306},"point_estimate":67704.13848187435,"standard_error":224.21939979929664},"StdDev":{"confidence_interval":{"confidence_level":0.95,"lower_bound":519.1668254131577,"upper_bound":1118.247086424468},"point_estimate":899.4955314438856,"standard_error":152.69286298432903}}