{"Mean":{"confidence_interval":{"confidence_level":0.95,"lower_bound":254.35363855084913,"upper_bound":274.9410597944315},"point_estimate":265.22713218338333,"standard_error":5.25109804238177},"Median":{"confidence_interval":{"confidence_level":0.95,"lower_bound":257.8918849464295,"upper_bound":281.4559427978621},"point_estimate":263.4839174328449,"standard_error":5.762203409391479},"MedianAbsDev":{"confidence_interval":{"confidence_level":0.95,"lower_bound":1.3896339178577306,"upper_bound":31.805828279406615},"point_estimate":9.489749792959536,"standard_error":7.425214407183825},"Slope":{"confidence_interval":{"confidence_level":0.95,"lower_bound":259.0292031717004,"upper_bound":268.7455515722417},"point_estimate":262.39180728924265,"standard_error":2.4928157119709433},"StdDev":{"confidence_interval":{"confidence_level":0.95,"lower_bound":8.34130694780913,"upper_bound":23.878890245615967},"point_estimate":17.522574856596545,"standard_error":4.288748719864461}}