{"Mean":{"confidence_interval":{"confidence_level":0.95,"lower_bound":169.67172397474002,"upper_bound":194.746008601098},"point_estimate":182.97665155295584,"standard_error":6.466060171534041},"Median":{"confidence_interval":{"confidence_level":0.95,"lower_bound":163.3791877496671,"upper_bound":200.0197530673388},"point_estimate":192.10159565024412,"standard_error":9.807961320516556},"MedianAbsDev":{"confidence_interval":{"confidence_level":0.95,"lower_bound":1.0911962676890916,"upper_bound":33.70071768414938},"point_estimate":14.38144734977147,"standard_error":9.14614147004982},"Slope":{"confidence_interval":{"confidence_level":0.95,"lower_bound":189.79927838151283,"upper_bound":200.22382909207477},"point_estimate":197.162307226728,"standard_error":2.744200139240933},"StdDev":{"confidence_interval":{"confidence_level":0.95,"lower_bound":8.81720782889604,"upper_bound":26.314787311089795},"point_estimate":21.51937417400684,"standard_error":4.15772315600769}}