{"Mean":{"confidence_interval":{"confidence_level":0.95,"lower_bound":279.27887195830857,"upper_bound":297.17197103845854},"point_estimate":285.820602899441,"standard_error":5.20105598126695},"Median":{"confidence_interval":{"confidence_level":0.95,"lower_bound":278.94476760454995,"upper_bound":282.7061586582035},"point_estimate":281.12199645154044,"standard_error":1.6184703589759142},"MedianAbsDev":{"confidence_interval":{"confidence_level":0.95,"lower_bound":0.6078936669601661,"upper_bound":5.624167794600703},"point_estimate":2.1515041181978782,"standard_error":2.006278002192204},"Slope":{"confidence_interval":{"confidence_level":0.95,"lower_bound":280.82921230005735,"upper_bound":282.727870344164},"point_estimate":282.00319092433597,"standard_error":0.4797420807629611},"StdDev":{"confidence_interval":{"confidence_level":0.95,"lower_bound":1.3812264700218169,"upper_bound":26.62921138665999},"point_estimate":17.31233751833755,"standard_error":8.908095701456052}}