{"Mean":{"confidence_interval":{"confidence_level":0.95,"lower_bound":45879.09097077531,"upper_bound":46552.33113795986},"point_estimate":46222.36976426709,"standard_error":172.49925992271446},"Median":{"confidence_interval":{"confidence_level":0.95,"lower_bound":45724.518431597025,"upper_bound":46684.27572777824},"point_estimate":46386.19124848947,"standard_error":221.7711799834025},"MedianAbsDev":{"confidence_interval":{"confidence_level":0.95,"lower_bound":24.943026031129026,"upper_bound":1013.5322255055457},"point_estimate":650.322383520297,"standard_error":269.58363052494303},"Slope":{"confidence_interval":{"confidence_level":0.95,"lower_bound":46247.94528586128,"upper_bound":46819.115311379275},"point_estimate":46569.540974880874,"standard_error":150.41906292340042},"StdDev":{"confidence_interval":{"confidence_level":0.95,"lower_bound":313.66680866459603,"upper_bound":712.712781458093},"point_estimate":573.3298895775015,"standard_error":101.28299427016448}}