{"Mean":{"confidence_interval":{"confidence_level":0.95,"lower_bound":1141276.3274568163,"upper_bound":1166753.9591846406},"point_estimate":1154447.3896265172,"standard_error":6544.315755409135},"Median":{"confidence_interval":{"confidence_level":0.95,"lower_bound":1135356.096171802,"upper_bound":1174501.9705882352},"point_estimate":1160592.7673202613,"standard_error":11760.979342770497},"MedianAbsDev":{"confidence_interval":{"confidence_level":0.95,"lower_bound":2798.0702315008725,"upper_bound":36520.06826810979},"point_estimate":23419.85463048904,"standard_error":9684.808846201002},"Slope":{"confidence_interval":{"confidence_level":0.95,"lower_bound":1151908.2469967061,"upper_bound":1171803.0064996174},"point_estimate":1165053.2808250573,"standard_error":5146.990166319524},"StdDev":{"confidence_interval":{"confidence_level":0.95,"lower_bound":12911.804973159222,"upper_bound":26142.861770355783},"point_estimate":21854.012763478113,"standard_error":3391.913376413548}}