{"Mean":{"confidence_interval":{"confidence_level":0.95,"lower_bound":889698.9337020908,"upper_bound":895262.868989547},"point_estimate":892702.9108836625,"standard_error":1436.0547904269026},"Median":{"confidence_interval":{"confidence_level":0.95,"lower_bound":889087.6524390243,"upper_bound":896072.5146341464},"point_estimate":893633.9827719706,"standard_error":1322.6237894209735},"MedianAbsDev":{"confidence_interval":{"confidence_level":0.95,"lower_bound":290.04979184245263,"upper_bound":7188.991668711308},"point_estimate":2527.2274883848104,"standard_error":1714.3611076824702},"Slope":{"confidence_interval":{"confidence_level":0.95,"lower_bound":892994.7338054025,"upper_bound":895964.0867589844},"point_estimate":894745.3511561609,"standard_error":760.5730374376844},"StdDev":{"confidence_interval":{"confidence_level":0.95,"lower_bound":1469.3630637071053,"upper_bound":6157.989303276936},"point_estimate":4787.423627849156,"standard_error":1202.2406265317702}}