{"Mean":{"confidence_interval":{"confidence_level":0.95,"lower_bound":33249.88039670677,"upper_bound":33637.31792844094},"point_estimate":33437.517884665576,"standard_error":99.2897479510593},"Median":{"confidence_interval":{"confidence_level":0.95,"lower_bound":33222.990719980065,"upper_bound":33661.233680036545},"point_estimate":33383.26806801196,"standard_error":129.9193705456617},"MedianAbsDev":{"confidence_interval":{"confidence_level":0.95,"lower_bound":40.65974892313592,"upper_bound":561.2930682674976},"point_estimate":299.79547015713985,"standard_error":134.52729173397324},"Slope":{"confidence_interval":{"confidence_level":0.95,"lower_bound":33259.19148047062,"upper_bound":33610.08327432932},"point_estimate":33465.79427231961,"standard_error":90.90392908774975},"StdDev":{"confidence_interval":{"confidence_level":0.95,"lower_bound":164.1678028441014,"upper_bound":442.70178872965806},"point_estimate":331.3774847137036,"standard_error":73.13311727600747}}