{"Mean":{"confidence_interval":{"confidence_level":0.95,"lower_bound":34661.70812054657,"upper_bound":35141.284590429845},"point_estimate":34894.85759337707,"standard_error":121.85946254330928},"Median":{"confidence_interval":{"confidence_level":0.95,"lower_bound":34692.24787104623,"upper_bound":35128.42412814274},"point_estimate":34830.88093880344,"standard_error":114.68934763648258},"MedianAbsDev":{"confidence_interval":{"confidence_level":0.95,"lower_bound":39.65877308241298,"upper_bound":666.490840806572},"point_estimate":256.180281659315,"standard_error":153.8996957014526},"Slope":{"confidence_interval":{"confidence_level":0.95,"lower_bound":34756.140751458326,"upper_bound":35118.067670551645},"point_estimate":34959.10974736942,"standard_error":95.68167969002674},"StdDev":{"confidence_interval":{"confidence_level":0.95,"lower_bound":155.02246886438036,"upper_bound":554.2791681729374},"point_estimate":406.14752941596635,"standard_error":101.88702661171718}}