{"Mean":{"confidence_interval":{"confidence_level":0.95,"lower_bound":72334.98477513228,"upper_bound":76319.02868231923},"point_estimate":74485.55869488537,"standard_error":1022.1073491868758},"Median":{"confidence_interval":{"confidence_level":0.95,"lower_bound":72284.51851851853,"upper_bound":76945.11111111111},"point_estimate":75375.20833333334,"standard_error":1269.1268648240002},"MedianAbsDev":{"confidence_interval":{"confidence_level":0.95,"lower_bound":406.85426111022537,"upper_bound":5475.2760222388715},"point_estimate":2437.791481720536,"standard_error":1280.8793467280466},"Slope":{"confidence_interval":{"confidence_level":0.95,"lower_bound":75491.9484294421,"upper_bound":76985.84925883838},"point_estimate":76435.91688311688,"standard_error":380.9745535650526},"StdDev":{"confidence_interval":{"confidence_level":0.95,"lower_bound":1460.5442941797835,"upper_bound":4498.781026235635},"point_estimate":3409.7522475748638,"standard_error":809.3714438331401}}