{"Mean":{"confidence_interval":{"confidence_level":0.95,"lower_bound":3879.855156844904,"upper_bound":4249.767124607385},"point_estimate":4083.693117037658,"standard_error":95.11171724352273},"Median":{"confidence_interval":{"confidence_level":0.95,"lower_bound":3868.1892916465736,"upper_bound":4300.719968080465},"point_estimate":4226.743090718713,"standard_error":109.42590699925363},"MedianAbsDev":{"confidence_interval":{"confidence_level":0.95,"lower_bound":37.81016524900554,"upper_bound":456.7107563669282},"point_estimate":186.41099441444942,"standard_error":121.48430497520965},"Slope":{"confidence_interval":{"confidence_level":0.95,"lower_bound":4186.2361850120615,"upper_bound":4284.961824293292},"point_estimate":4246.245888141757,"standard_error":25.31135154847171},"StdDev":{"confidence_interval":{"confidence_level":0.95,"lower_bound":109.6911454774327,"upper_bound":425.78752343542396},"point_estimate":317.62702700827964,"standard_error":84.53654815314894}}