{"Mean":{"confidence_interval":{"confidence_level":0.95,"lower_bound":22288.24025927999,"upper_bound":22522.094791755124},"point_estimate":22404.61244914502,"standard_error":60.04532547196648},"Median":{"confidence_interval":{"confidence_level":0.95,"lower_bound":22196.509231739168,"upper_bound":22577.036476627938},"point_estimate":22409.159002071512,"standard_error":108.94856650559586},"MedianAbsDev":{"confidence_interval":{"confidence_level":0.95,"lower_bound":23.792762317394793,"upper_bound":316.1465464002453},"point_estimate":252.41439001212785,"standard_error":78.9219743119557},"Slope":{"confidence_interval":{"confidence_level":0.95,"lower_bound":22438.74606688689,"upper_bound":22616.019790297178},"point_estimate":22548.041307895022,"standard_error":44.7145370704178},"StdDev":{"confidence_interval":{"confidence_level":0.95,"lower_bound":128.55223498820942,"upper_bound":237.31229167599597},"point_estimate":199.74572205694824,"standard_error":27.86766641044186}}