{"Mean":{"confidence_interval":{"confidence_level":0.95,"lower_bound":93835.35170907932,"upper_bound":97023.41158822582},"point_estimate":95441.46661605593,"standard_error":817.8839103876545},"Median":{"confidence_interval":{"confidence_level":0.95,"lower_bound":92293.33984375,"upper_bound":98070.67247178819},"point_estimate":95443.04606584822,"standard_error":1571.6061438406816},"MedianAbsDev":{"confidence_interval":{"confidence_level":0.95,"lower_bound":307.5665389080932,"upper_bound":4436.519870584987},"point_estimate":3909.130470050553,"standard_error":1169.924521128899},"Slope":{"confidence_interval":{"confidence_level":0.95,"lower_bound":95950.68505651595,"upper_bound":97906.3103829764},"point_estimate":97271.49329342533,"standard_error":505.0634262499558},"StdDev":{"confidence_interval":{"confidence_level":0.95,"lower_bound":1766.6794612832769,"upper_bound":3131.6047373572487},"point_estimate":2725.751629799926,"standard_error":348.3373460129368}}