{"Mean":{"confidence_interval":{"confidence_level":0.95,"lower_bound":3572845.5134285716,"upper_bound":3670272.166910431},"point_estimate":3621157.133735828,"standard_error":24863.562664502828},"Median":{"confidence_interval":{"confidence_level":0.95,"lower_bound":3543345.0,"upper_bound":3687507.2724489793},"point_estimate":3633417.3357142857,"standard_error":40523.2261158246},"MedianAbsDev":{"confidence_interval":{"confidence_level":0.95,"lower_bound":7232.95096087511,"upper_bound":142469.72586351377},"point_estimate":109840.41526494258,"standard_error":33510.59080784297},"Slope":{"confidence_interval":{"confidence_level":0.95,"lower_bound":3603856.912860378,"upper_bound":3711441.345412917},"point_estimate":3673247.5545454547,"standard_error":27159.499858836505},"StdDev":{"confidence_interval":{"confidence_level":0.95,"lower_bound":51226.373750413586,"upper_bound":100810.3412810865},"point_estimate":82625.97931307729,"standard_error":12819.169335635877}}