{"Mean":{"confidence_interval":{"confidence_level":0.95,"lower_bound":25461341.556825396,"upper_bound":31100038.807261895},"point_estimate":28508605.428121697,"standard_error":1469845.8798052466},"Median":{"confidence_interval":{"confidence_level":0.95,"lower_bound":21758597.444444444,"upper_bound":31960098.222222224},"point_estimate":31675428.85,"standard_error":2613874.8172501745},"MedianAbsDev":{"confidence_interval":{"confidence_level":0.95,"lower_bound":46326.852366421655,"upper_bound":7608575.949620774},"point_estimate":515912.37681183533,"standard_error":2109207.250339788},"Slope":{"confidence_interval":{"confidence_level":0.95,"lower_bound":30217297.34024976,"upper_bound":31895548.350128446},"point_estimate":31456909.144588746,"standard_error":452452.07658924954},"StdDev":{"confidence_interval":{"confidence_level":0.95,"lower_bound":1248134.7760916576,"upper_bound":5505000.415737728},"point_estimate":4912926.171251434,"standard_error":901913.1814631411}}