{"Mean":{"confidence_interval":{"confidence_level":0.95,"lower_bound":8036.713467879284,"upper_bound":8284.683435540888},"point_estimate":8168.186159600322,"standard_error":63.96434623546149},"Median":{"confidence_interval":{"confidence_level":0.95,"lower_bound":7985.560741153525,"upper_bound":8349.698331707996},"point_estimate":8238.98595709111,"standard_error":92.18165026085623},"MedianAbsDev":{"confidence_interval":{"confidence_level":0.95,"lower_bound":20.998425149750233,"upper_bound":347.1485531208043},"point_estimate":182.65821957863804,"standard_error":83.01611384410305},"Slope":{"confidence_interval":{"confidence_level":0.95,"lower_bound":8221.552613727172,"upper_bound":8349.91162485743},"point_estimate":8312.210283948429,"standard_error":33.53323891691813},"StdDev":{"confidence_interval":{"confidence_level":0.95,"lower_bound":96.53075228709635,"upper_bound":264.39978295773614},"point_estimate":213.0768854453103,"standard_error":41.01014626623379}}