{"Mean":{"confidence_interval":{"confidence_level":0.95,"lower_bound":17732.706118291004,"upper_bound":17843.36958340329},"point_estimate":17783.81611491497,"standard_error":28.4416738035678},"Median":{"confidence_interval":{"confidence_level":0.95,"lower_bound":17707.5191301234,"upper_bound":17857.278206258263},"point_estimate":17749.884058427248,"standard_error":39.98492548315424},"MedianAbsDev":{"confidence_interval":{"confidence_level":0.95,"lower_bound":6.293158987360878,"upper_bound":159.78701613853528},"point_estimate":77.41372472964181,"standard_error":39.415482508441926},"Slope":{"confidence_interval":{"confidence_level":0.95,"lower_bound":17713.258779335207,"upper_bound":17890.54600067421},"point_estimate":17789.913403696348,"standard_error":52.15390162234932},"StdDev":{"confidence_interval":{"confidence_level":0.95,"lower_bound":42.55595319405058,"upper_bound":121.49546910910288},"point_estimate":95.0138195664227,"standard_error":20.514813759937375}}