{"Mean":{"confidence_interval":{"confidence_level":0.95,"lower_bound":277511.7248044646,"upper_bound":280282.75964193104},"point_estimate":278898.26831906685,"standard_error":712.0799140215506},"Median":{"confidence_interval":{"confidence_level":0.95,"lower_bound":276775.5467438738,"upper_bound":281153.2303625378},"point_estimate":278752.01767371607,"standard_error":1335.202179627228},"MedianAbsDev":{"confidence_interval":{"confidence_level":0.95,"lower_bound":491.7539998798987,"upper_bound":3821.1141130907617},"point_estimate":3130.2992495317394,"standard_error":874.6639639101533},"Slope":{"confidence_interval":{"confidence_level":0.95,"lower_bound":276291.2040432219,"upper_bound":279718.74080155225},"point_estimate":277441.012704516,"standard_error":887.7638340931572},"StdDev":{"confidence_interval":{"confidence_level":0.95,"lower_bound":1566.1767161397138,"upper_bound":2771.8385583754634},"point_estimate":2376.0340450917656,"standard_error":308.1094275901449}}