{"Mean":{"confidence_interval":{"confidence_level":0.95,"lower_bound":47241.82178912853,"upper_bound":49238.321150845186},"point_estimate":48017.02363481755,"standard_error":550.2264232608436},"Median":{"confidence_interval":{"confidence_level":0.95,"lower_bound":47168.865367965365,"upper_bound":48035.24981962482},"point_estimate":47490.17006802721,"standard_error":229.79052607214095},"MedianAbsDev":{"confidence_interval":{"confidence_level":0.95,"lower_bound":66.82370108637792,"upper_bound":1213.8356731470756},"point_estimate":462.38458315467346,"standard_error":324.2893051514663},"Slope":{"confidence_interval":{"confidence_level":0.95,"lower_bound":47424.72278463259,"upper_bound":51071.57919084618},"point_estimate":48947.98078371845,"standard_error":1128.03540759974},"StdDev":{"confidence_interval":{"confidence_level":0.95,"lower_bound":274.40355811593804,"upper_bound":2783.3578964361027},"point_estimate":1827.498063600491,"standard_error":827.2200190543439}}