{"Mean":{"confidence_interval":{"confidence_level":0.95,"lower_bound":205075.25542246585,"upper_bound":207546.17198281395},"point_estimate":206255.52052744708,"standard_error":630.8363627746196},"Median":{"confidence_interval":{"confidence_level":0.95,"lower_bound":204650.0600490196,"upper_bound":208229.6833639706},"point_estimate":205023.24468954248,"standard_error":1159.7640798725322},"MedianAbsDev":{"confidence_interval":{"confidence_level":0.95,"lower_bound":86.51528032677041,"upper_bound":3153.890167414138},"point_estimate":1169.6681180822852,"standard_error":917.3597532838827},"Slope":{"confidence_interval":{"confidence_level":0.95,"lower_bound":205788.18309477365,"upper_bound":208737.1547998756},"point_estimate":207636.80440539852,"standard_error":744.2152911752838},"StdDev":{"confidence_interval":{"confidence_level":0.95,"lower_bound":1144.2525266201512,"upper_bound":2523.6756859501425},"point_estimate":2106.4954010490246,"standard_error":339.7191121087901}}