{"Mean":{"confidence_interval":{"confidence_level":0.95,"lower_bound":5091.038285449431,"upper_bound":5214.315751250901},"point_estimate":5152.506738105175,"standard_error":31.497118888454118},"Median":{"confidence_interval":{"confidence_level":0.95,"lower_bound":5069.438577482423,"upper_bound":5236.263806221708},"point_estimate":5156.218618575235,"standard_error":37.84775890233474},"MedianAbsDev":{"confidence_interval":{"confidence_level":0.95,"lower_bound":21.368346748954444,"upper_bound":191.55041729274134},"point_estimate":81.42712040291445,"standard_error":43.086199275431206},"Slope":{"confidence_interval":{"confidence_level":0.95,"lower_bound":5136.166103360097,"upper_bound":5256.751587575488},"point_estimate":5207.545482062963,"standard_error":30.55537061836264},"StdDev":{"confidence_interval":{"confidence_level":0.95,"lower_bound":58.17711811247777,"upper_bound":133.5777369638036},"point_estimate":105.09175919920345,"standard_error":19.40929703941841}}