{"Mean":{"confidence_interval":{"confidence_level":0.95,"lower_bound":7355.985237093026,"upper_bound":7800.019114315018},"point_estimate":7577.1407742916,"standard_error":113.77062149079497},"Median":{"confidence_interval":{"confidence_level":0.95,"lower_bound":7220.169916879795,"upper_bound":7945.84703446596},"point_estimate":7556.845801364024,"standard_error":188.69205038359016},"MedianAbsDev":{"confidence_interval":{"confidence_level":0.95,"lower_bound":109.39091527020024,"upper_bound":637.5385000353297},"point_estimate":468.80574665625426,"standard_error":136.11548154026042},"Slope":{"confidence_interval":{"confidence_level":0.95,"lower_bound":7562.062877507964,"upper_bound":7997.991995986883},"point_estimate":7853.95384351369,"standard_error":111.35407368007793},"StdDev":{"confidence_interval":{"confidence_level":0.95,"lower_bound":238.34878793802108,"upper_bound":452.20607658604627},"point_estimate":379.5561354534356,"standard_error":54.347308649789866}}