{"Mean":{"confidence_interval":{"confidence_level":0.95,"lower_bound":61462.54557637907,"upper_bound":68271.94809587263},"point_estimate":64961.732725994036,"standard_error":1750.3123842727346},"Median":{"confidence_interval":{"confidence_level":0.95,"lower_bound":58824.18217821782,"upper_bound":70061.44565456545},"point_estimate":67633.09495049505,"standard_error":3563.282467183522},"MedianAbsDev":{"confidence_interval":{"confidence_level":0.95,"lower_bound":790.8500926724845,"upper_bound":9072.841484352259},"point_estimate":4485.999990110043,"standard_error":2413.2405777056165},"Slope":{"confidence_interval":{"confidence_level":0.95,"lower_bound":66487.36344638719,"upper_bound":70073.93570459157},"point_estimate":69035.82744245853,"standard_error":946.9085589626536},"StdDev":{"confidence_interval":{"confidence_level":0.95,"lower_bound":3588.736759821335,"upper_bound":6656.322569633758},"point_estimate":5831.041489739183,"standard_error":769.0696226310357}}