{"Mean":{"confidence_interval":{"confidence_level":0.95,"lower_bound":8415.35592918193,"upper_bound":8428.450023912394},"point_estimate":8421.824442576313,"standard_error":3.351861879686876},"Median":{"confidence_interval":{"confidence_level":0.95,"lower_bound":8413.062085470086,"upper_bound":8429.564253479854},"point_estimate":8422.704316239317,"standard_error":3.561496757455714},"MedianAbsDev":{"confidence_interval":{"confidence_level":0.95,"lower_bound":1.9670933702070041,"upper_bound":20.45119692307272},"point_estimate":8.224362207834703,"standard_error":5.178554288171876},"Slope":{"confidence_interval":{"confidence_level":0.95,"lower_bound":8412.630158028394,"upper_bound":8425.947927738927},"point_estimate":8418.502984215784,"standard_error":3.3786055302042572},"StdDev":{"confidence_interval":{"confidence_level":0.95,"lower_bound":5.898558219103725,"upper_bound":14.410222890552145},"point_estimate":11.165701464934466,"standard_error":2.2043845318676567}}