{"Mean":{"confidence_interval":{"confidence_level":0.95,"lower_bound":36553.64251488744,"upper_bound":36877.108386095555},"point_estimate":36714.11185102189,"standard_error":82.83751296738575},"Median":{"confidence_interval":{"confidence_level":0.95,"lower_bound":36452.728758169935,"upper_bound":36958.40540616246},"point_estimate":36708.353467683366,"standard_error":113.96989278306998},"MedianAbsDev":{"confidence_interval":{"confidence_level":0.95,"lower_bound":67.90988500351023,"upper_bound":479.3226657517638},"point_estimate":311.9838516180429,"standard_error":108.53107830584547},"Slope":{"confidence_interval":{"confidence_level":0.95,"lower_bound":36714.398522804964,"upper_bound":37030.15915627336},"point_estimate":36920.73451829216,"standard_error":79.60959413111738},"StdDev":{"confidence_interval":{"confidence_level":0.95,"lower_bound":158.83335616925874,"upper_bound":341.04446820150497},"point_estimate":274.7262879881332,"standard_error":46.730568768017925}}