{"Mean":{"confidence_interval":{"confidence_level":0.95,"lower_bound":1132.3491935816205,"upper_bound":1219.1475393116175},"point_estimate":1174.527937411906,"standard_error":22.303871119809852},"Median":{"confidence_interval":{"confidence_level":0.95,"lower_bound":1101.91228450277,"upper_bound":1248.4080906249033},"point_estimate":1161.0862401601205,"standard_error":39.16177307213599},"MedianAbsDev":{"confidence_interval":{"confidence_level":0.95,"lower_bound":11.747792592202442,"upper_bound":121.7499167176632},"point_estimate":93.605201396147,"standard_error":29.1459713683741},"Slope":{"confidence_interval":{"confidence_level":0.95,"lower_bound":1171.2191475204245,"upper_bound":1258.6954933932702},"point_estimate":1229.0626872091045,"standard_error":22.300223632245494},"StdDev":{"confidence_interval":{"confidence_level":0.95,"lower_bound":46.29429239538823,"upper_bound":88.34577060946026},"point_estimate":74.44030455498294,"standard_error":10.836680736950791}}