{"Mean":{"confidence_interval":{"confidence_level":0.95,"lower_bound":5522.730937927339,"upper_bound":5604.889402636344},"point_estimate":5565.8462050989165,"standard_error":20.99196450724209},"Median":{"confidence_interval":{"confidence_level":0.95,"lower_bound":5531.178717250766,"upper_bound":5604.077102472496},"point_estimate":5566.909659100115,"standard_error":16.765252055988338},"MedianAbsDev":{"confidence_interval":{"confidence_level":0.95,"lower_bound":3.8688390942948168,"upper_bound":112.25999144012705},"point_estimate":51.07447189862266,"standard_error":25.950129893628816},"Slope":{"confidence_interval":{"confidence_level":0.95,"lower_bound":5557.5872222367625,"upper_bound":5644.696294888608},"point_estimate":5607.7646509326,"standard_error":23.033528226137882},"StdDev":{"confidence_interval":{"confidence_level":0.95,"lower_bound":26.665649498459096,"upper_bound":97.49902783686993},"point_estimate":69.82907959469613,"standard_error":18.330100249716455}}