{"Mean":{"confidence_interval":{"confidence_level":0.95,"lower_bound":937901.1146,"upper_bound":952156.9481923808},"point_estimate":943886.2959238095,"standard_error":3728.160881190547},"Median":{"confidence_interval":{"confidence_level":0.95,"lower_bound":936715.475,"upper_bound":945253.660952381},"point_estimate":942961.1716666666,"standard_error":2328.1109441038134},"MedianAbsDev":{"confidence_interval":{"confidence_level":0.95,"lower_bound":678.0501539621778,"upper_bound":12491.729103827536},"point_estimate":5313.9817746579965,"standard_error":3051.0320579830673},"Slope":{"confidence_interval":{"confidence_level":0.95,"lower_bound":942513.5669610992,"upper_bound":952017.7722318968},"point_estimate":945953.8097662338,"standard_error":2496.6673417851857},"StdDev":{"confidence_interval":{"confidence_level":0.95,"lower_bound":3214.488689006221,"upper_bound":18399.718892325363},"point_estimate":12396.997286988693,"standard_error":4733.638006879725}}