{"Mean":{"confidence_interval":{"confidence_level":0.95,"lower_bound":250726.15822052152,"upper_bound":260768.53257653062},"point_estimate":255297.37865787983,"standard_error":2580.878595972498},"Median":{"confidence_interval":{"confidence_level":0.95,"lower_bound":248813.97597789115,"upper_bound":259573.10714285713},"point_estimate":253335.5709325397,"standard_error":3006.3949308101314},"MedianAbsDev":{"confidence_interval":{"confidence_level":0.95,"lower_bound":1390.4254242733462,"upper_bound":13178.956502038662},"point_estimate":8046.960226483143,"standard_error":2825.8217212976183},"Slope":{"confidence_interval":{"confidence_level":0.95,"lower_bound":250253.98449710986,"upper_bound":257752.27883341658},"point_estimate":254091.7140847248,"standard_error":1949.3904515799484},"StdDev":{"confidence_interval":{"confidence_level":0.95,"lower_bound":3840.4488915141833,"upper_bound":11857.432127709475},"point_estimate":8586.302322993748,"standard_error":2322.612641056935}}