{"Mean":{"confidence_interval":{"confidence_level":0.95,"lower_bound":7508.579072774436,"upper_bound":7692.3920521749815},"point_estimate":7605.946614298446,"standard_error":47.39071003664455},"Median":{"confidence_interval":{"confidence_level":0.95,"lower_bound":7409.034660555714,"upper_bound":7725.848877271714},"point_estimate":7679.6733994557435,"standard_error":77.49095447805011},"MedianAbsDev":{"confidence_interval":{"confidence_level":0.95,"lower_bound":14.333035397213777,"upper_bound":238.36977793652406},"point_estimate":99.70741407773374,"standard_error":60.432502063046734},"Slope":{"confidence_interval":{"confidence_level":0.95,"lower_bound":7649.342928980742,"upper_bound":7737.248124803478},"point_estimate":7704.203656898816,"standard_error":22.76882662194052},"StdDev":{"confidence_interval":{"confidence_level":0.95,"lower_bound":60.7696748242817,"upper_bound":185.12895950379416},"point_estimate":158.13576591072666,"standard_error":27.52468349543396}}