{"Mean":{"confidence_interval":{"confidence_level":0.95,"lower_bound":93755.2302199225,"upper_bound":95573.79204528985},"point_estimate":94696.05110665051,"standard_error":466.45519352295975},"Median":{"confidence_interval":{"confidence_level":0.95,"lower_bound":93133.66922940969,"upper_bound":96111.39660657477},"point_estimate":95099.76012725345,"standard_error":831.9270339358998},"MedianAbsDev":{"confidence_interval":{"confidence_level":0.95,"lower_bound":252.4295468440334,"upper_bound":2546.835584901287},"point_estimate":1823.3213754715632,"standard_error":661.7550770089794},"Slope":{"confidence_interval":{"confidence_level":0.95,"lower_bound":93222.60370284895,"upper_bound":95280.8941205514},"point_estimate":94107.33375934776,"standard_error":525.0169888194512},"StdDev":{"confidence_interval":{"confidence_level":0.95,"lower_bound":921.0427590084264,"upper_bound":1841.5577533696655},"point_estimate":1555.101627918249,"standard_error":233.23041619010814}}