{"Mean":{"confidence_interval":{"confidence_level":0.95,"lower_bound":1657706.0263565893,"upper_bound":1670298.475141888},"point_estimate":1664318.9538482835,"standard_error":3220.0181364164728},"Median":{"confidence_interval":{"confidence_level":0.95,"lower_bound":1659026.1162790698,"upper_bound":1669558.9976744186},"point_estimate":1666144.869047619,"standard_error":2743.6181445345314},"MedianAbsDev":{"confidence_interval":{"confidence_level":0.95,"lower_bound":1743.304835329226,"upper_bound":17481.560978245103},"point_estimate":6100.583900762916,"standard_error":4122.723520349552},"Slope":{"confidence_interval":{"confidence_level":0.95,"lower_bound":1665454.8929769755,"upper_bound":1674817.8601482795},"point_estimate":1670316.9168227122,"standard_error":2344.3226896068168},"StdDev":{"confidence_interval":{"confidence_level":0.95,"lower_bound":4278.309974671268,"upper_bound":14714.526086555425},"point_estimate":10719.56820657712,"standard_error":2765.6273900712085}}