{"Mean":{"confidence_interval":{"confidence_level":0.95,"lower_bound":2451.426080086388,"upper_bound":2500.40523570029},"point_estimate":2478.4407499233193,"standard_error":12.570690154890814},"Median":{"confidence_interval":{"confidence_level":0.95,"lower_bound":2468.6787691558156,"upper_bound":2499.450685243537},"point_estimate":2479.972935727573,"standard_error":8.302071767500609},"MedianAbsDev":{"confidence_interval":{"confidence_level":0.95,"lower_bound":2.00051638002087,"upper_bound":53.843452751615835},"point_estimate":19.7346555491883,"standard_error":12.287162743426936},"Slope":{"confidence_interval":{"confidence_level":0.95,"lower_bound":2472.0925389883273,"upper_bound":2517.9567274388796},"point_estimate":2494.6103418846824,"standard_error":12.760235118281908},"StdDev":{"confidence_interval":{"confidence_level":0.95,"lower_bound":12.048261612855452,"upper_bound":60.783307553412136},"point_estimate":42.06024016539723,"standard_error":13.842998023502748}}