{"Mean":{"confidence_interval":{"confidence_level":0.95,"lower_bound":27438.851301817394,"upper_bound":28286.309398482415},"point_estimate":27838.14379046383,"standard_error":218.04269123628742},"Median":{"confidence_interval":{"confidence_level":0.95,"lower_bound":27264.606231068803,"upper_bound":28470.059281696234},"point_estimate":27609.7644598298,"standard_error":294.0078160505493},"MedianAbsDev":{"confidence_interval":{"confidence_level":0.95,"lower_bound":158.17263128101354,"upper_bound":1160.2284650790245},"point_estimate":605.7165346704386,"standard_error":271.7732531523388},"Slope":{"confidence_interval":{"confidence_level":0.95,"lower_bound":27728.9154330825,"upper_bound":28833.694833816673},"point_estimate":28404.74374392375,"standard_error":280.34163264815453},"StdDev":{"confidence_interval":{"confidence_level":0.95,"lower_bound":337.14752801578453,"upper_bound":932.2651216310194},"point_estimate":727.8214887836444,"standard_error":150.6682560529197}}