{"Mean":{"confidence_interval":{"confidence_level":0.95,"lower_bound":101919.77098829276,"upper_bound":102707.96784530992},"point_estimate":102298.98573188248,"standard_error":201.87064069054205},"Median":{"confidence_interval":{"confidence_level":0.95,"lower_bound":101863.2441822883,"upper_bound":102798.60859728507},"point_estimate":102215.88518099548,"standard_error":211.91844525170467},"MedianAbsDev":{"confidence_interval":{"confidence_level":0.95,"lower_bound":28.33981650290489,"upper_bound":1153.6011443384953},"point_estimate":548.9540119283361,"standard_error":289.81142673622446},"Slope":{"confidence_interval":{"confidence_level":0.95,"lower_bound":101673.8584063968,"upper_bound":102688.86541120752},"point_estimate":102209.81085385203,"standard_error":263.8101318736572},"StdDev":{"confidence_interval":{"confidence_level":0.95,"lower_bound":315.0885055219235,"upper_bound":894.2730065478783},"point_estimate":676.0950071816292,"standard_error":149.03972503348152}}