{"Mean":{"confidence_interval":{"confidence_level":0.95,"lower_bound":12224.861866690539,"upper_bound":12771.227812319916},"point_estimate":12489.457399681176,"standard_error":140.0716075484561},"Median":{"confidence_interval":{"confidence_level":0.95,"lower_bound":12073.126172574293,"upper_bound":12763.047613932791},"point_estimate":12533.883348549945,"standard_error":204.372081620783},"MedianAbsDev":{"confidence_interval":{"confidence_level":0.95,"lower_bound":76.38034489084633,"upper_bound":877.4591046099574},"point_estimate":440.41389215423857,"standard_error":192.40978029671277},"Slope":{"confidence_interval":{"confidence_level":0.95,"lower_bound":12550.691719497061,"upper_bound":12894.937006726908},"point_estimate":12718.612841379887,"standard_error":86.30150655781338},"StdDev":{"confidence_interval":{"confidence_level":0.95,"lower_bound":262.40522263365233,"upper_bound":609.4148397986856},"point_estimate":467.33321947572745,"standard_error":94.14801221178348}}