{"Mean":{"confidence_interval":{"confidence_level":0.95,"lower_bound":143413.2402300967,"upper_bound":145240.2835192419},"point_estimate":144232.91618799604,"standard_error":468.57311585963015},"Median":{"confidence_interval":{"confidence_level":0.95,"lower_bound":143230.57667824073,"upper_bound":144660.4677166005},"point_estimate":144258.00746527777,"standard_error":413.8190148418898},"MedianAbsDev":{"confidence_interval":{"confidence_level":0.95,"lower_bound":188.8493890951722,"upper_bound":2119.9564158354647},"point_estimate":914.895455632366,"standard_error":493.74574883548195},"Slope":{"confidence_interval":{"confidence_level":0.95,"lower_bound":143908.94566231343,"upper_bound":144573.6017235986},"point_estimate":144327.79086399713,"standard_error":170.3293768543797},"StdDev":{"confidence_interval":{"confidence_level":0.95,"lower_bound":569.2005365636074,"upper_bound":2224.5205144175507},"point_estimate":1559.1662117161618,"standard_error":484.91607128922635}}