{"Mean":{"confidence_interval":{"confidence_level":0.95,"lower_bound":36161.76689316415,"upper_bound":36940.106835077866},"point_estimate":36513.651481297384,"standard_error":199.4448259561295},"Median":{"confidence_interval":{"confidence_level":0.95,"lower_bound":36004.43585755219,"upper_bound":37066.885437986086},"point_estimate":36339.29889480147,"standard_error":231.24186797577403},"MedianAbsDev":{"confidence_interval":{"confidence_level":0.95,"lower_bound":25.141620441899253,"upper_bound":863.8726601646292},"point_estimate":470.3087493580785,"standard_error":225.32296419847248},"Slope":{"confidence_interval":{"confidence_level":0.95,"lower_bound":36260.99462081548,"upper_bound":37266.60155341674},"point_estimate":36718.301430538355,"standard_error":257.60592054218483},"StdDev":{"confidence_interval":{"confidence_level":0.95,"lower_bound":202.99336014960556,"upper_bound":830.8132530100082},"point_estimate":663.4468622756522,"standard_error":167.0056059261639}}