{"Mean":{"confidence_interval":{"confidence_level":0.95,"lower_bound":49869.65846592075,"upper_bound":49972.28089853962},"point_estimate":49920.2057984466,"standard_error":26.343221741741488},"Median":{"confidence_interval":{"confidence_level":0.95,"lower_bound":49845.51299419149,"upper_bound":50002.447067641},"point_estimate":49910.373433108485,"standard_error":35.277386264338745},"MedianAbsDev":{"confidence_interval":{"confidence_level":0.95,"lower_bound":21.021869913473402,"upper_bound":158.14337215022337},"point_estimate":98.68697866766871,"standard_error":37.83675607021498},"Slope":{"confidence_interval":{"confidence_level":0.95,"lower_bound":49849.79156529313,"upper_bound":49922.67343947616},"point_estimate":49885.85931392947,"standard_error":18.30419081903617},"StdDev":{"confidence_interval":{"confidence_level":0.95,"lower_bound":50.315283796465565,"upper_bound":108.6027525340762},"point_estimate":88.17468800385504,"standard_error":14.710518249843982}}