{"Mean":{"confidence_interval":{"confidence_level":0.95,"lower_bound":8936.872277432714,"upper_bound":9172.979454554541},"point_estimate":9058.996607304103,"standard_error":60.60953199753602},"Median":{"confidence_interval":{"confidence_level":0.95,"lower_bound":8901.930963023162,"upper_bound":9203.606809078772},"point_estimate":9098.08294956883,"standard_error":89.26699196571693},"MedianAbsDev":{"confidence_interval":{"confidence_level":0.95,"lower_bound":26.56999229206928,"upper_bound":341.7302657297701},"point_estimate":178.8796440890829,"standard_error":82.4324320111594},"Slope":{"confidence_interval":{"confidence_level":0.95,"lower_bound":8988.623112813111,"upper_bound":9258.041590592853},"point_estimate":9161.74569518251,"standard_error":68.69059572852015},"StdDev":{"confidence_interval":{"confidence_level":0.95,"lower_bound":110.05533566422838,"upper_bound":254.769047477172},"point_estimate":202.19205069843943,"standard_error":37.04217471762236}}