{"Mean":{"confidence_interval":{"confidence_level":0.95,"lower_bound":104256.74376257547,"upper_bound":110887.8629306793},"point_estimate":107641.6241783239,"standard_error":1695.4188383387204},"Median":{"confidence_interval":{"confidence_level":0.95,"lower_bound":101498.76592890677,"upper_bound":112410.34410630449},"point_estimate":109317.4330842196,"standard_error":2992.770101354376},"MedianAbsDev":{"confidence_interval":{"confidence_level":0.95,"lower_bound":1313.372025274529,"upper_bound":9134.948318279994},"point_estimate":6900.137239822017,"standard_error":2132.720993779747},"Slope":{"confidence_interval":{"confidence_level":0.95,"lower_bound":108866.03041567793,"upper_bound":113023.3217632793},"point_estimate":111513.92931093051,"standard_error":1077.5313803183567},"StdDev":{"confidence_interval":{"confidence_level":0.95,"lower_bound":3530.3610216852353,"upper_bound":6559.481549753023},"point_estimate":5638.074542453349,"standard_error":779.5761578270052}}