{"Mean":{"confidence_interval":{"confidence_level":0.95,"lower_bound":1234979.07872807,"upper_bound":1248663.8382466582},"point_estimate":1242225.579192774,"standard_error":3519.8081555856857},"Median":{"confidence_interval":{"confidence_level":0.95,"lower_bound":1234171.3585526315,"upper_bound":1250233.4851973685},"point_estimate":1246332.1571637425,"standard_error":4370.663151817297},"MedianAbsDev":{"confidence_interval":{"confidence_level":0.95,"lower_bound":1872.1821076614622,"upper_bound":19203.463944596642},"point_estimate":8179.704010702214,"standard_error":4519.514268883796},"Slope":{"confidence_interval":{"confidence_level":0.95,"lower_bound":1245434.316587511,"upper_bound":1251230.2652367754},"point_estimate":1248666.823444976,"standard_error":1453.675761599917},"StdDev":{"confidence_interval":{"confidence_level":0.95,"lower_bound":5107.79554409905,"upper_bound":14846.185196187253},"point_estimate":11738.180134014941,"standard_error":2431.137963975242}}