{"Mean":{"confidence_interval":{"confidence_level":0.95,"lower_bound":5635437.2451020405,"upper_bound":5670747.112862811},"point_estimate":5653197.2547647385,"standard_error":9034.985967465429},"Median":{"confidence_interval":{"confidence_level":0.95,"lower_bound":5627407.571428572,"upper_bound":5688249.491071428},"point_estimate":5650989.017857143,"standard_error":13106.789654228618},"MedianAbsDev":{"confidence_interval":{"confidence_level":0.95,"lower_bound":2721.475367100764,"upper_bound":54083.65853982391},"point_estimate":38783.60628645292,"standard_error":14170.354989267205},"Slope":{"confidence_interval":{"confidence_level":0.95,"lower_bound":5653636.468887658,"upper_bound":5685464.950150232},"point_estimate":5675393.850834879,"standard_error":7888.950879075024},"StdDev":{"confidence_interval":{"confidence_level":0.95,"lower_bound":18072.14728975472,"upper_bound":36789.74732968997},"point_estimate":30043.832842053012,"standard_error":4840.639209998999}}