{"Mean":{"confidence_interval":{"confidence_level":0.95,"lower_bound":7223.091968358451,"upper_bound":7982.219185671737},"point_estimate":7606.981600918618,"standard_error":195.05554190589197},"Median":{"confidence_interval":{"confidence_level":0.95,"lower_bound":7047.9175472024945,"upper_bound":8223.377466840711},"point_estimate":7602.505208152896,"standard_error":332.9919342299367},"MedianAbsDev":{"confidence_interval":{"confidence_level":0.95,"lower_bound":182.009730588186,"upper_bound":1118.4861293352633},"point_estimate":770.4238796521109,"standard_error":243.2686633432415},"Slope":{"confidence_interval":{"confidence_level":0.95,"lower_bound":7697.968172839524,"upper_bound":8264.284398402619},"point_estimate":8080.206317361834,"standard_error":145.33842989912563},"StdDev":{"confidence_interval":{"confidence_level":0.95,"lower_bound":405.14242568840797,"upper_bound":782.616892357599},"point_estimate":649.6669650421288,"standard_error":96.84238727596762}}