{"Mean":{"confidence_interval":{"confidence_level":0.95,"lower_bound":569483.3005818829,"upper_bound":573899.3932319544},"point_estimate":571453.7863504621,"standard_error":1141.6755311558873},"Median":{"confidence_interval":{"confidence_level":0.95,"lower_bound":568964.93407173,"upper_bound":573940.0101717901},"point_estimate":570212.9750791139,"standard_error":978.2210676036693},"MedianAbsDev":{"confidence_interval":{"confidence_level":0.95,"lower_bound":475.042508417523,"upper_bound":4845.120711687595},"point_estimate":1464.5681382180846,"standard_error":1133.5724037797802},"Slope":{"confidence_interval":{"confidence_level":0.95,"lower_bound":569851.4586725966,"upper_bound":573406.31110937},"point_estimate":571396.9332566168,"standard_error":899.1470762732117},"StdDev":{"confidence_interval":{"confidence_level":0.95,"lower_bound":970.1219755124262,"upper_bound":5044.010738345017},"point_estimate":3800.4412488540784,"standard_error":1090.4144221964225}}