{"Mean":{"confidence_interval":{"confidence_level":0.95,"lower_bound":645.9603755882797,"upper_bound":664.9754976061158},"point_estimate":656.9936956849318,"standard_error":4.839485794221919},"Median":{"confidence_interval":{"confidence_level":0.95,"lower_bound":646.2768628264574,"upper_bound":665.6748732872379},"point_estimate":663.8080540442645,"standard_error":4.0077153537842145},"MedianAbsDev":{"confidence_interval":{"confidence_level":0.95,"lower_bound":0.37276335227519286,"upper_bound":25.251704815891532},"point_estimate":2.2982967867263,"standard_error":4.2661148036812975},"Slope":{"confidence_interval":{"confidence_level":0.95,"lower_bound":633.8118860935807,"upper_bound":664.0534848947318},"point_estimate":646.3520916389634,"standard_error":8.118615670993405},"StdDev":{"confidence_interval":{"confidence_level":0.95,"lower_bound":1.3646598968309978,"upper_bound":20.50654731105918},"point_estimate":16.163757772576023,"standard_error":5.238025641927353}}