{"Mean":{"confidence_interval":{"confidence_level":0.95,"lower_bound":5069.103666260245,"upper_bound":5167.735067348192},"point_estimate":5118.845893295893,"standard_error":25.304741734799507},"Median":{"confidence_interval":{"confidence_level":0.95,"lower_bound":5066.16249160986,"upper_bound":5202.686279581017},"point_estimate":5093.569830596147,"standard_error":40.97232984327889},"MedianAbsDev":{"confidence_interval":{"confidence_level":0.95,"lower_bound":3.2426801732592283,"upper_bound":165.00982538744316},"point_estimate":95.14099836263597,"standard_error":41.26928083774763},"Slope":{"confidence_interval":{"confidence_level":0.95,"lower_bound":5081.391158331103,"upper_bound":5179.791915503096},"point_estimate":5127.476798876799,"standard_error":26.12829682583185},"StdDev":{"confidence_interval":{"confidence_level":0.95,"lower_bound":51.370039262094586,"upper_bound":106.36173567849733},"point_estimate":84.31429364461604,"standard_error":14.665266130118328}}