{"Mean":{"confidence_interval":{"confidence_level":0.95,"lower_bound":472495.0660940198,"upper_bound":482054.3901695812},"point_estimate":476733.2834556707,"standard_error":2477.6944642339727},"Median":{"confidence_interval":{"confidence_level":0.95,"lower_bound":469673.30569948186,"upper_bound":480000.8492227979},"point_estimate":475874.2262521589,"standard_error":2582.4248378976567},"MedianAbsDev":{"confidence_interval":{"confidence_level":0.95,"lower_bound":572.5114851726709,"upper_bound":11729.069085355484},"point_estimate":6885.0391040873665,"standard_error":2710.264407036277},"Slope":{"confidence_interval":{"confidence_level":0.95,"lower_bound":475650.51902829995,"upper_bound":488553.4503708219},"point_estimate":482104.6874772895,"standard_error":3429.7505359510646},"StdDev":{"confidence_interval":{"confidence_level":0.95,"lower_bound":3298.5281594841886,"upper_bound":11699.213891949696},"point_estimate":8250.682658768952,"standard_error":2536.4619981362093}}