{"Mean":{"confidence_interval":{"confidence_level":0.95,"lower_bound":848143.5585396824,"upper_bound":853109.1389239599},"point_estimate":850462.0762249259,"standard_error":1277.7260323199093},"Median":{"confidence_interval":{"confidence_level":0.95,"lower_bound":847180.887912088,"upper_bound":854283.6043956043},"point_estimate":848844.7414529915,"standard_error":1762.4051286678148},"MedianAbsDev":{"confidence_interval":{"confidence_level":0.95,"lower_bound":803.9452664963707,"upper_bound":6840.129755486593},"point_estimate":3022.257508651858,"standard_error":1598.1502950930658},"Slope":{"confidence_interval":{"confidence_level":0.95,"lower_bound":847525.6591811086,"upper_bound":851717.898749277},"point_estimate":849545.7549022406,"standard_error":1057.5716089766543},"StdDev":{"confidence_interval":{"confidence_level":0.95,"lower_bound":1760.4852069576077,"upper_bound":5400.2954965407835},"point_estimate":4247.005403310983,"standard_error":897.2310815045225}}