{"Mean":{"confidence_interval":{"confidence_level":0.95,"lower_bound":64426.10629154796,"upper_bound":65709.82325261158},"point_estimate":65048.86618776284,"standard_error":328.4312212461085},"Median":{"confidence_interval":{"confidence_level":0.95,"lower_bound":64081.642094017094,"upper_bound":65853.11121794871},"point_estimate":65010.25480769231,"standard_error":534.2298804838751},"MedianAbsDev":{"confidence_interval":{"confidence_level":0.95,"lower_bound":191.62129467496783,"upper_bound":1918.351312096299},"point_estimate":1280.950537514998,"standard_error":430.9375332608694},"Slope":{"confidence_interval":{"confidence_level":0.95,"lower_bound":64710.81828373958,"upper_bound":66159.64808516124},"point_estimate":65565.04263514263,"standard_error":363.5819193526877},"StdDev":{"confidence_interval":{"confidence_level":0.95,"lower_bound":647.5690766998388,"upper_bound":1362.92314088241},"point_estimate":1096.0337681571714,"standard_error":187.14347120631658}}