{"Mean":{"confidence_interval":{"confidence_level":0.95,"lower_bound":1355144.2596252589,"upper_bound":1425645.5964389234},"point_estimate":1393568.0850793652,"standard_error":18199.223213965557},"Median":{"confidence_interval":{"confidence_level":0.95,"lower_bound":1367715.3405797102,"upper_bound":1429829.7756038648},"point_estimate":1409072.8079710144,"standard_error":16204.417642856508},"MedianAbsDev":{"confidence_interval":{"confidence_level":0.95,"lower_bound":5784.60092121595,"upper_bound":90328.27366925094},"point_estimate":31832.76728572505,"standard_error":21914.968989047004},"Slope":{"confidence_interval":{"confidence_level":0.95,"lower_bound":1315375.1010130679,"upper_bound":1427471.4504027737},"point_estimate":1366405.0966309053,"standard_error":29345.508629111046},"StdDev":{"confidence_interval":{"confidence_level":0.95,"lower_bound":22214.60172085449,"upper_bound":83863.81461042752},"point_estimate":60775.15691802634,"standard_error":17001.134136615332}}