{"Mean":{"confidence_interval":{"confidence_level":0.95,"lower_bound":27099.425794206458,"upper_bound":27377.720736738982},"point_estimate":27238.11582413117,"standard_error":71.11195390232754},"Median":{"confidence_interval":{"confidence_level":0.95,"lower_bound":27037.418599119992,"upper_bound":27476.554718159114},"point_estimate":27258.30516113688,"standard_error":106.09619698898652},"MedianAbsDev":{"confidence_interval":{"confidence_level":0.95,"lower_bound":16.692706018308108,"upper_bound":415.4311889380979},"point_estimate":325.5315992643597,"standard_error":103.12585716265156},"Slope":{"confidence_interval":{"confidence_level":0.95,"lower_bound":27243.02265004208,"upper_bound":27499.48808703946},"point_estimate":27418.083769245382,"standard_error":62.948355716163526},"StdDev":{"confidence_interval":{"confidence_level":0.95,"lower_bound":142.1247219459305,"upper_bound":287.57006574308934},"point_estimate":236.76190009412616,"standard_error":36.67256862269401}}