{"Mean":{"confidence_interval":{"confidence_level":0.95,"lower_bound":82418.60270810635,"upper_bound":84725.82687281538},"point_estimate":83569.07653422761,"standard_error":590.5436744323365},"Median":{"confidence_interval":{"confidence_level":0.95,"lower_bound":81877.217349857,"upper_bound":85391.70225611693},"point_estimate":83569.24385128694,"standard_error":1036.480276170027},"MedianAbsDev":{"confidence_interval":{"confidence_level":0.95,"lower_bound":511.58582981171503,"upper_bound":3294.9888353630763},"point_estimate":2497.824085778687,"standard_error":704.9008005435758},"Slope":{"confidence_interval":{"confidence_level":0.95,"lower_bound":81668.8382729036,"upper_bound":83475.99355424178},"point_estimate":82466.94330036028,"standard_error":459.1815200349144},"StdDev":{"confidence_interval":{"confidence_level":0.95,"lower_bound":1260.061824097656,"upper_bound":2353.0304277220853},"point_estimate":1972.279857219294,"standard_error":278.0554677293761}}