{"Mean":{"confidence_interval":{"confidence_level":0.95,"lower_bound":140.16071141714772,"upper_bound":150.1003079784751},"point_estimate":144.4982996000475,"standard_error":2.579664703541618},"Median":{"confidence_interval":{"confidence_level":0.95,"lower_bound":139.04341737378076,"upper_bound":147.93519842296075},"point_estimate":141.35651398857883,"standard_error":2.4170711990171445},"MedianAbsDev":{"confidence_interval":{"confidence_level":0.95,"lower_bound":0.5235135229906924,"upper_bound":11.442620836908272},"point_estimate":3.5059526319957173,"standard_error":2.834052312646137},"Slope":{"confidence_interval":{"confidence_level":0.95,"lower_bound":139.13507290315462,"upper_bound":144.7050066983608},"point_estimate":140.8908525019269,"standard_error":1.4781756660975018},"StdDev":{"confidence_interval":{"confidence_level":0.95,"lower_bound":2.2043183318737056,"upper_bound":12.019631047379088},"point_estimate":8.572576043418502,"standard_error":2.6690946803239557}}