{"Mean":{"confidence_interval":{"confidence_level":0.95,"lower_bound":3493480.152970535,"upper_bound":3579956.699},"point_estimate":3536968.7021349207,"standard_error":22267.54250810548},"Median":{"confidence_interval":{"confidence_level":0.95,"lower_bound":3473362.795,"upper_bound":3606389.286507936},"point_estimate":3536094.6729166666,"standard_error":37184.29638066618},"MedianAbsDev":{"confidence_interval":{"confidence_level":0.95,"lower_bound":14246.941488732817,"upper_bound":120929.1378805785},"point_estimate":88962.25313935429,"standard_error":27690.45330043614},"Slope":{"confidence_interval":{"confidence_level":0.95,"lower_bound":3547595.411590616,"upper_bound":3614988.8627834865},"point_estimate":3593305.1625974025,"standard_error":17168.715519563983},"StdDev":{"confidence_interval":{"confidence_level":0.95,"lower_bound":46357.33168349795,"upper_bound":88248.19403320744},"point_estimate":74116.26465084779,"standard_error":10648.38417565201}}