{"Mean":{"confidence_interval":{"confidence_level":0.95,"lower_bound":96042.69866241435,"upper_bound":98037.03799995386},"point_estimate":96834.90187713408,"standard_error":540.1716107641086},"Median":{"confidence_interval":{"confidence_level":0.95,"lower_bound":95896.96453488372,"upper_bound":97123.94920865633},"point_estimate":96256.68052325581,"standard_error":286.22494982205944},"MedianAbsDev":{"confidence_interval":{"confidence_level":0.95,"lower_bound":99.72084867290933,"upper_bound":1264.6388918771356},"point_estimate":434.8431782465555,"standard_error":335.58232055471206},"Slope":{"confidence_interval":{"confidence_level":0.95,"lower_bound":95969.1970231007,"upper_bound":96552.16687164277},"point_estimate":96235.39868619753,"standard_error":148.1857292965168},"StdDev":{"confidence_interval":{"confidence_level":0.95,"lower_bound":248.21410073501877,"upper_bound":2701.983982535465},"point_estimate":1800.2062219725613,"standard_error":765.5625919457772}}