{"Mean":{"confidence_interval":{"confidence_level":0.95,"lower_bound":54873.760014395404,"upper_bound":91214.28518326135},"point_estimate":71647.13450789082,"standard_error":9367.428293399787},"Median":{"confidence_interval":{"confidence_level":0.95,"lower_bound":48700.35674984005,"upper_bound":98622.15642994242},"point_estimate":53698.18366122841,"standard_error":13915.805060471841},"MedianAbsDev":{"confidence_interval":{"confidence_level":0.95,"lower_bound":1359.3434604733532,"upper_bound":49583.59971376503},"point_estimate":9361.435848479794,"standard_error":14209.927475991442},"Slope":{"confidence_interval":{"confidence_level":0.95,"lower_bound":49962.388872575255,"upper_bound":70145.50949590626},"point_estimate":55590.75209013635,"standard_error":5399.673583073498},"StdDev":{"confidence_interval":{"confidence_level":0.95,"lower_bound":11127.771262720977,"upper_bound":38837.47270241557},"point_estimate":31184.84001841602,"standard_error":6620.709076205824}}