{"Mean":{"confidence_interval":{"confidence_level":0.95,"lower_bound":126608.309465534,"upper_bound":160581.49404157468},"point_estimate":141185.93374198469,"standard_error":8850.073757198872},"Median":{"confidence_interval":{"confidence_level":0.95,"lower_bound":119213.60331125828,"upper_bound":151682.0518763797},"point_estimate":136352.15695364238,"standard_error":8148.738300137297},"MedianAbsDev":{"confidence_interval":{"confidence_level":0.95,"lower_bound":2915.155938924448,"upper_bound":36189.702988762634},"point_estimate":22783.953362755652,"standard_error":7883.486543823225},"Slope":{"confidence_interval":{"confidence_level":0.95,"lower_bound":120763.075751631,"upper_bound":150122.39626919015},"point_estimate":130199.61856884837,"standard_error":7587.024440419654},"StdDev":{"confidence_interval":{"confidence_level":0.95,"lower_bound":10233.366278781332,"upper_bound":43006.22998002066},"point_estimate":29467.590979373068,"standard_error":10230.949401892884}}