{"Mean":{"confidence_interval":{"confidence_level":0.95,"lower_bound":4095506.9201695523,"upper_bound":4134883.029630592},"point_estimate":4114548.5944119766,"standard_error":10102.049311505072},"Median":{"confidence_interval":{"confidence_level":0.95,"lower_bound":4083543.051948052,"upper_bound":4141942.5946969697},"point_estimate":4115605.920454546,"standard_error":13638.499166708321},"MedianAbsDev":{"confidence_interval":{"confidence_level":0.95,"lower_bound":7138.415614176817,"upper_bound":61151.883474791655},"point_estimate":38902.37955252732,"standard_error":15080.870463977431},"Slope":{"confidence_interval":{"confidence_level":0.95,"lower_bound":4086533.464217665,"upper_bound":4150343.2800756395},"point_estimate":4117034.803896104,"standard_error":16655.24614918842},"StdDev":{"confidence_interval":{"confidence_level":0.95,"lower_bound":18372.902539953066,"upper_bound":41900.262881297516},"point_estimate":33644.47209759115,"standard_error":6086.676746088712}}