{"Mean":{"confidence_interval":{"confidence_level":0.95,"lower_bound":329259.15842043294,"upper_bound":333887.7544743846},"point_estimate":331537.9221483224,"standard_error":1182.0458074944497},"Median":{"confidence_interval":{"confidence_level":0.95,"lower_bound":327766.4958083832,"upper_bound":334499.7270459082},"point_estimate":331420.62250499,"standard_error":1652.0966807483428},"MedianAbsDev":{"confidence_interval":{"confidence_level":0.95,"lower_bound":1176.8040057542441,"upper_bound":6808.409557070677},"point_estimate":4989.139008266425,"standard_error":1535.6705753224069},"Slope":{"confidence_interval":{"confidence_level":0.95,"lower_bound":327849.3689963822,"upper_bound":332362.4169172545},"point_estimate":329628.72795707284,"standard_error":1177.3339299886704},"StdDev":{"confidence_interval":{"confidence_level":0.95,"lower_bound":2313.8835316860755,"upper_bound":4890.374857571745},"point_estimate":3952.6134302687356,"standard_error":658.5683245959111}}