{"Mean":{"confidence_interval":{"confidence_level":0.95,"lower_bound":413190.5046127946,"upper_bound":420150.1533754209},"point_estimate":416627.48228956235,"standard_error":1785.6199579877527},"Median":{"confidence_interval":{"confidence_level":0.95,"lower_bound":410863.547979798,"upper_bound":422184.3232323232},"point_estimate":416025.36186868686,"standard_error":3175.54523035514},"MedianAbsDev":{"confidence_interval":{"confidence_level":0.95,"lower_bound":1549.6464391549812,"upper_bound":9671.20928890775},"point_estimate":8349.30125033085,"standard_error":2216.876243870739},"Slope":{"confidence_interval":{"confidence_level":0.95,"lower_bound":417008.004548581,"upper_bound":423328.83094180713},"point_estimate":421162.64231929684,"standard_error":1619.1563354840325},"StdDev":{"confidence_interval":{"confidence_level":0.95,"lower_bound":3826.586286542842,"upper_bound":6990.623971636262},"point_estimate":5958.799981340745,"standard_error":809.7811743773589}}