{"Mean":{"confidence_interval":{"confidence_level":0.95,"lower_bound":1655.2987025079,"upper_bound":1694.4448956551082},"point_estimate":1675.120654819853,"standard_error":10.037313564070113},"Median":{"confidence_interval":{"confidence_level":0.95,"lower_bound":1647.023738368539,"upper_bound":1711.7223391971745},"point_estimate":1671.8799087029365,"standard_error":17.516807060547293},"MedianAbsDev":{"confidence_interval":{"confidence_level":0.95,"lower_bound":3.7589784034587503,"upper_bound":57.31610878121968},"point_estimate":47.59990928873694,"standard_error":14.615230967827506},"Slope":{"confidence_interval":{"confidence_level":0.95,"lower_bound":1678.701627263729,"upper_bound":1708.4979343283496},"point_estimate":1699.2866926118777,"standard_error":7.790917427710984},"StdDev":{"confidence_interval":{"confidence_level":0.95,"lower_bound":21.166583414775605,"upper_bound":39.66279031729764},"point_estimate":33.41014725838635,"standard_error":4.72816949038285}}