{"Mean":{"confidence_interval":{"confidence_level":0.95,"lower_bound":3504461.048901099,"upper_bound":3528778.7121790294},"point_estimate":3514715.279322344,"standard_error":6357.661592469045},"Median":{"confidence_interval":{"confidence_level":0.95,"lower_bound":3498940.4945054944,"upper_bound":3519807.8397435895},"point_estimate":3510817.221153846,"standard_error":5449.269642119975},"MedianAbsDev":{"confidence_interval":{"confidence_level":0.95,"lower_bound":2470.630663829534,"upper_bound":24658.74464106541},"point_estimate":15468.962750370947,"standard_error":5376.946788777455},"Slope":{"confidence_interval":{"confidence_level":0.95,"lower_bound":3501992.5541089345,"upper_bound":3520239.653317836},"point_estimate":3511039.178921079,"standard_error":4770.53659287796},"StdDev":{"confidence_interval":{"confidence_level":0.95,"lower_bound":6957.168008603673,"upper_bound":31067.840919350765},"point_estimate":21098.51529521789,"standard_error":7601.180077305874}}