{"Mean":{"confidence_interval":{"confidence_level":0.95,"lower_bound":487.44598775341575,"upper_bound":518.0220309222154},"point_estimate":503.287075121127,"standard_error":7.801572526517369},"Median":{"confidence_interval":{"confidence_level":0.95,"lower_bound":480.85403230125394,"upper_bound":521.7106291170328},"point_estimate":505.47092324271625,"standard_error":9.838012544099646},"MedianAbsDev":{"confidence_interval":{"confidence_level":0.95,"lower_bound":3.442486783543771,"upper_bound":44.715490328843224},"point_estimate":21.663307326386658,"standard_error":10.991327523059987},"Slope":{"confidence_interval":{"confidence_level":0.95,"lower_bound":503.8224235610445,"upper_bound":519.5833618655298},"point_estimate":513.1025819620944,"standard_error":4.016661240727611},"StdDev":{"confidence_interval":{"confidence_level":0.95,"lower_bound":12.143103541833536,"upper_bound":33.195121849959975},"point_estimate":26.098259149647458,"standard_error":5.1473814427915086}}