{"Mean":{"confidence_interval":{"confidence_level":0.95,"lower_bound":979.0454890583412,"upper_bound":1003.6352538073598},"point_estimate":992.0367155780025,"standard_error":6.285020298583657},"Median":{"confidence_interval":{"confidence_level":0.95,"lower_bound":973.2229402552056,"upper_bound":1008.0547731649079},"point_estimate":995.8012405110957,"standard_error":7.912042455680653},"MedianAbsDev":{"confidence_interval":{"confidence_level":0.95,"lower_bound":2.456448279324438,"upper_bound":36.35488550748967},"point_estimate":15.398942462961669,"standard_error":8.34169519062093},"Slope":{"confidence_interval":{"confidence_level":0.95,"lower_bound":988.2867627948948,"upper_bound":999.7363206168349},"point_estimate":992.9895657758248,"standard_error":2.9021624548807003},"StdDev":{"confidence_interval":{"confidence_level":0.95,"lower_bound":9.145476353404021,"upper_bound":26.301157163712176},"point_estimate":21.005669845752678,"standard_error":4.368720408675917}}