{"Mean":{"confidence_interval":{"confidence_level":0.95,"lower_bound":201.8844590721562,"upper_bound":222.43682533025384},"point_estimate":213.5503019245281,"standard_error":5.303467604371295},"Median":{"confidence_interval":{"confidence_level":0.95,"lower_bound":209.74765428893468,"upper_bound":224.5444050285377},"point_estimate":215.62811820112015,"standard_error":3.172273424627482},"MedianAbsDev":{"confidence_interval":{"confidence_level":0.95,"lower_bound":1.3151548887373559,"upper_bound":22.10576577216772},"point_estimate":7.587033393119123,"standard_error":5.2155021421404895},"Slope":{"confidence_interval":{"confidence_level":0.95,"lower_bound":210.78583240861286,"upper_bound":216.88721197921802},"point_estimate":214.1342960563277,"standard_error":1.546466831626906},"StdDev":{"confidence_interval":{"confidence_level":0.95,"lower_bound":4.2713066872804255,"upper_bound":25.76945359281617},"point_estimate":17.66080217148745,"standard_error":6.21245184025224}}