{"Mean":{"confidence_interval":{"confidence_level":0.95,"lower_bound":4931618.291111112,"upper_bound":5014038.660773358},"point_estimate":4971618.496143578,"standard_error":21090.070375870437},"Median":{"confidence_interval":{"confidence_level":0.95,"lower_bound":4901460.0227272725,"upper_bound":5034210.402597402},"point_estimate":4966222.160984848,"standard_error":36344.931758151295},"MedianAbsDev":{"confidence_interval":{"confidence_level":0.95,"lower_bound":5666.412860764259,"upper_bound":121078.39240194502},"point_estimate":98407.85485063853,"standard_error":29634.80419199122},"Slope":{"confidence_interval":{"confidence_level":0.95,"lower_bound":4952092.629054363,"upper_bound":5016862.514261885},"point_estimate":4994170.382526564,"standard_error":16188.57085138144},"StdDev":{"confidence_interval":{"confidence_level":0.95,"lower_bound":42724.78765018285,"upper_bound":86912.4918442674},"point_estimate":70402.6014275353,"standard_error":11550.216858737955}}