{"Mean":{"confidence_interval":{"confidence_level":0.95,"lower_bound":22375.795244325505,"upper_bound":22842.907935217638},"point_estimate":22604.896918319813,"standard_error":119.65819047011534},"Median":{"confidence_interval":{"confidence_level":0.95,"lower_bound":22223.78334076717,"upper_bound":22954.895049063336},"point_estimate":22554.227523257294,"standard_error":216.6112980581766},"MedianAbsDev":{"confidence_interval":{"confidence_level":0.95,"lower_bound":89.21122119495367,"upper_bound":669.4903695325488},"point_estimate":481.67741459154223,"standard_error":155.18990180117456},"Slope":{"confidence_interval":{"confidence_level":0.95,"lower_bound":22559.70133768912,"upper_bound":23034.618594023537},"point_estimate":22866.907802634476,"standard_error":119.65565806372793},"StdDev":{"confidence_interval":{"confidence_level":0.95,"lower_bound":251.3436342351009,"upper_bound":474.36315323468955},"point_estimate":399.99379067100824,"standard_error":57.10943609823128}}