{"Mean":{"confidence_interval":{"confidence_level":0.95,"lower_bound":38685.66215756767,"upper_bound":39322.77254203802},"point_estimate":39009.83476154597,"standard_error":163.42057744142895},"Median":{"confidence_interval":{"confidence_level":0.95,"lower_bound":38502.86663652803,"upper_bound":39446.173598553345},"point_estimate":39100.524751356235,"standard_error":211.03122684875876},"MedianAbsDev":{"confidence_interval":{"confidence_level":0.95,"lower_bound":89.38151342220137,"upper_bound":975.0169632807082},"point_estimate":519.5794433600154,"standard_error":229.2992319561717},"Slope":{"confidence_interval":{"confidence_level":0.95,"lower_bound":39036.80208930235,"upper_bound":39461.107478207196},"point_estimate":39295.93260374345,"standard_error":108.57010127153877},"StdDev":{"confidence_interval":{"confidence_level":0.95,"lower_bound":296.12932694008396,"upper_bound":685.4395652334329},"point_estimate":544.7041048941765,"standard_error":97.60894633915963}}