{"Mean":{"confidence_interval":{"confidence_level":0.95,"lower_bound":268494.7272871573,"upper_bound":270849.84388682747},"point_estimate":269652.76971191505,"standard_error":604.7336333950052},"Median":{"confidence_interval":{"confidence_level":0.95,"lower_bound":267798.6233766234,"upper_bound":271474.20265151514},"point_estimate":269444.1944805195,"standard_error":1007.1547632576908},"MedianAbsDev":{"confidence_interval":{"confidence_level":0.95,"lower_bound":389.6473299005661,"upper_bound":3433.485513740454},"point_estimate":2169.281314442046,"standard_error":742.2906407565705},"Slope":{"confidence_interval":{"confidence_level":0.95,"lower_bound":267543.8110217342,"upper_bound":270704.2564862164},"point_estimate":268765.63803339517,"standard_error":813.2976018275803},"StdDev":{"confidence_interval":{"confidence_level":0.95,"lower_bound":1240.4688985713944,"upper_bound":2417.56929422074},"point_estimate":2015.9891866241767,"standard_error":298.46557085413554}}