{"Mean":{"confidence_interval":{"confidence_level":0.95,"lower_bound":36660.190127094655,"upper_bound":37223.715258799166},"point_estimate":36946.520778877675,"standard_error":144.121997926396},"Median":{"confidence_interval":{"confidence_level":0.95,"lower_bound":36539.253057065216,"upper_bound":37383.4602392814},"point_estimate":36978.11980676329,"standard_error":259.1298411761048},"MedianAbsDev":{"confidence_interval":{"confidence_level":0.95,"lower_bound":115.94596546871591,"upper_bound":767.2740796979161},"point_estimate":592.6908488164094,"standard_error":175.14749544221328},"Slope":{"confidence_interval":{"confidence_level":0.95,"lower_bound":37014.348353713765,"upper_bound":37447.43413178647},"point_estimate":37298.94621094485,"standard_error":111.07505812848565},"StdDev":{"confidence_interval":{"confidence_level":0.95,"lower_bound":306.98822793480247,"upper_bound":576.7109015391097},"point_estimate":480.6228773204668,"standard_error":69.17329425507046}}