{"Mean":{"confidence_interval":{"confidence_level":0.95,"lower_bound":600.542430554865,"upper_bound":626.0262381406294},"point_estimate":614.2557262027246,"standard_error":6.558063917110262},"Median":{"confidence_interval":{"confidence_level":0.95,"lower_bound":600.2637567978835,"upper_bound":627.2702803163268},"point_estimate":625.1702619076439,"standard_error":7.4893917129294},"MedianAbsDev":{"confidence_interval":{"confidence_level":0.95,"lower_bound":0.7209026097578558,"upper_bound":33.50999340465503},"point_estimate":4.1360096535426525,"standard_error":7.870539856861616},"Slope":{"confidence_interval":{"confidence_level":0.95,"lower_bound":619.172978944354,"upper_bound":626.3525092163425},"point_estimate":624.1361529501183,"standard_error":1.9285842969013667},"StdDev":{"confidence_interval":{"confidence_level":0.95,"lower_bound":2.7984206398102205,"upper_bound":26.894333869037396},"point_estimate":21.787256902604383,"standard_error":5.611047947675741}}