{"Mean":{"confidence_interval":{"confidence_level":0.95,"lower_bound":8715.264044294976,"upper_bound":9807.3739522383},"point_estimate":9266.191600723492,"standard_error":281.04027286757224},"Median":{"confidence_interval":{"confidence_level":0.95,"lower_bound":8408.674429120507,"upper_bound":10029.788669078302},"point_estimate":9398.859326249152,"standard_error":467.19767726833516},"MedianAbsDev":{"confidence_interval":{"confidence_level":0.95,"lower_bound":145.35144661687485,"upper_bound":1586.7872314716717},"point_estimate":1049.9458258589448,"standard_error":351.69822117331},"Slope":{"confidence_interval":{"confidence_level":0.95,"lower_bound":9419.249489442296,"upper_bound":10246.409965848376},"point_estimate":9951.340112340746,"standard_error":209.38646047450894},"StdDev":{"confidence_interval":{"confidence_level":0.95,"lower_bound":577.1638110019163,"upper_bound":1121.899571934357},"point_estimate":932.2372558710377,"standard_error":138.50848187229147}}