{"Mean":{"confidence_interval":{"confidence_level":0.95,"lower_bound":4934305.073148148,"upper_bound":5011664.391938493},"point_estimate":4975903.1139418,"standard_error":20057.600422459942},"Median":{"confidence_interval":{"confidence_level":0.95,"lower_bound":4887922.222222222,"upper_bound":5025621.37037037},"point_estimate":5021124.926190477,"standard_error":38172.775532762826},"MedianAbsDev":{"confidence_interval":{"confidence_level":0.95,"lower_bound":1424.294376380251,"upper_bound":102595.4651618998},"point_estimate":11473.662342967365,"standard_error":32042.26484921084},"Slope":{"confidence_interval":{"confidence_level":0.95,"lower_bound":4975285.154515611,"upper_bound":5023257.308156393},"point_estimate":5002241.389610389,"standard_error":13251.862389734973},"StdDev":{"confidence_interval":{"confidence_level":0.95,"lower_bound":31668.253890912718,"upper_bound":74782.21640025078},"point_estimate":66758.85333175189,"standard_error":10785.838529637518}}