{"Mean":{"confidence_interval":{"confidence_level":0.95,"lower_bound":71181.51833097481,"upper_bound":73852.96998917226},"point_estimate":72777.09252183694,"standard_error":714.4083866388231},"Median":{"confidence_interval":{"confidence_level":0.95,"lower_bound":72701.8235614667,"upper_bound":73923.24106400665},"point_estimate":73282.96130507067,"standard_error":364.66924236782995},"MedianAbsDev":{"confidence_interval":{"confidence_level":0.95,"lower_bound":183.48660423762024,"upper_bound":1907.249175255659},"point_estimate":894.4675644192753,"standard_error":442.2674453165153},"Slope":{"confidence_interval":{"confidence_level":0.95,"lower_bound":72430.19942085409,"upper_bound":73471.84006554769},"point_estimate":73082.07060055489,"standard_error":265.3312523767996},"StdDev":{"confidence_interval":{"confidence_level":0.95,"lower_bound":476.02322060652926,"upper_bound":3599.1450218418627},"point_estimate":2380.8289251081137,"standard_error":1006.0820770748389}}