{"Mean":{"confidence_interval":{"confidence_level":0.95,"lower_bound":393791.86351553164,"upper_bound":448246.8054716249},"point_estimate":421838.6183945639,"standard_error":13443.666346784305},"Median":{"confidence_interval":{"confidence_level":0.95,"lower_bound":389851.211469534,"upper_bound":449046.44086021505},"point_estimate":448453.00761648745,"standard_error":17287.792346731836},"MedianAbsDev":{"confidence_interval":{"confidence_level":0.95,"lower_bound":152.23203016025604,"upper_bound":72209.05261749543},"point_estimate":1044.272446635195,"standard_error":18618.030906848537},"Slope":{"confidence_interval":{"confidence_level":0.95,"lower_bound":438028.06273877213,"upper_bound":448498.9141090138},"point_estimate":445634.8991202346,"standard_error":2811.7269542723675},"StdDev":{"confidence_interval":{"confidence_level":0.95,"lower_bound":971.0579941553418,"upper_bound":54459.510146207984},"point_estimate":44949.33680665499,"standard_error":11030.24181288034}}