{"Mean":{"confidence_interval":{"confidence_level":0.95,"lower_bound":18294.929110368284,"upper_bound":18713.04574514231},"point_estimate":18499.309718768734,"standard_error":106.66020721070952},"Median":{"confidence_interval":{"confidence_level":0.95,"lower_bound":18235.205972906406,"upper_bound":18778.752271483303},"point_estimate":18466.45726144864,"standard_error":184.9919678025189},"MedianAbsDev":{"confidence_interval":{"confidence_level":0.95,"lower_bound":28.612610603134673,"upper_bound":621.1576649082106},"point_estimate":338.9418279125222,"standard_error":165.55475397141566},"Slope":{"confidence_interval":{"confidence_level":0.95,"lower_bound":18279.93223649007,"upper_bound":18614.61486795967},"point_estimate":18392.473746614633,"standard_error":87.09132984126391},"StdDev":{"confidence_interval":{"confidence_level":0.95,"lower_bound":215.92564000492789,"upper_bound":445.19652349702454},"point_estimate":356.4736234766294,"standard_error":59.77289995529761}}