{"Mean":{"confidence_interval":{"confidence_level":0.95,"lower_bound":16325.225603711533,"upper_bound":17293.458296295597},"point_estimate":16791.997933963106,"standard_error":247.0911617215036},"Median":{"confidence_interval":{"confidence_level":0.95,"lower_bound":16036.085447498239,"upper_bound":17261.193136794296},"point_estimate":16827.53365926709,"standard_error":366.09521356901126},"MedianAbsDev":{"confidence_interval":{"confidence_level":0.95,"lower_bound":82.29199952798474,"upper_bound":1563.8053646787637},"point_estimate":656.9953510474145,"standard_error":368.09130217397785},"Slope":{"confidence_interval":{"confidence_level":0.95,"lower_bound":16834.102952412744,"upper_bound":17497.1068827813},"point_estimate":17192.929527836506,"standard_error":164.75935334541543},"StdDev":{"confidence_interval":{"confidence_level":0.95,"lower_bound":464.49873469488193,"upper_bound":1076.5569995885037},"point_estimate":824.2676116753236,"standard_error":166.95420758586874}}