{"Mean":{"confidence_interval":{"confidence_level":0.95,"lower_bound":1003.0216275575839,"upper_bound":1020.5419262688007},"point_estimate":1012.7552649290316,"standard_error":4.534981889940793},"Median":{"confidence_interval":{"confidence_level":0.95,"lower_bound":1002.5500497358294,"upper_bound":1021.2026384449807},"point_estimate":1017.5452000847955,"standard_error":3.6812750240184364},"MedianAbsDev":{"confidence_interval":{"confidence_level":0.95,"lower_bound":1.1243198888841601,"upper_bound":19.56611173191597},"point_estimate":4.409679099196077,"standard_error":4.606328064930487},"Slope":{"confidence_interval":{"confidence_level":0.95,"lower_bound":1015.9667734146303,"upper_bound":1021.5231710990887},"point_estimate":1018.6550846387973,"standard_error":1.4414987166592084},"StdDev":{"confidence_interval":{"confidence_level":0.95,"lower_bound":3.349327724941279,"upper_bound":19.628050586618947},"point_estimate":15.10844496604771,"standard_error":4.30605121015485}}