{"Mean":{"confidence_interval":{"confidence_level":0.95,"lower_bound":109965.07881322215,"upper_bound":110571.70818310502},"point_estimate":110259.65740998482,"standard_error":155.41961592299896},"Median":{"confidence_interval":{"confidence_level":0.95,"lower_bound":109875.0225840336,"upper_bound":110670.45986519608},"point_estimate":110195.33065257352,"standard_error":187.33324426449025},"MedianAbsDev":{"confidence_interval":{"confidence_level":0.95,"lower_bound":131.74621641103403,"upper_bound":935.1617206126435},"point_estimate":499.72626452881315,"standard_error":208.64022213864604},"Slope":{"confidence_interval":{"confidence_level":0.95,"lower_bound":110085.89489695526,"upper_bound":110751.7989125508},"point_estimate":110450.75818372803,"standard_error":172.10753808790597},"StdDev":{"confidence_interval":{"confidence_level":0.95,"lower_bound":273.79921538777234,"upper_bound":649.6896054418183},"point_estimate":518.7235541852252,"standard_error":95.07136900034897}}