{"Mean":{"confidence_interval":{"confidence_level":0.95,"lower_bound":10147394.89525529,"upper_bound":10223567.100277778},"point_estimate":10183002.384298941,"standard_error":19224.30435844014},"Median":{"confidence_interval":{"confidence_level":0.95,"lower_bound":10143804.968253968,"upper_bound":10220771.0},"point_estimate":10148890.266666666,"standard_error":22861.909049423775},"MedianAbsDev":{"confidence_interval":{"confidence_level":0.95,"lower_bound":2061.0257634120426,"upper_bound":100902.94138694862},"point_estimate":8146.56052648041,"standard_error":24818.01933762711},"Slope":{"confidence_interval":{"confidence_level":0.95,"lower_bound":10146513.05670272,"upper_bound":10239909.144194756},"point_estimate":10180182.784126984,"standard_error":25627.26908934099},"StdDev":{"confidence_interval":{"confidence_level":0.95,"lower_bound":5785.127622895566,"upper_bound":79704.62834400558},"point_estimate":64109.04896796322,"standard_error":16190.131381028299}}