{"Mean":{"confidence_interval":{"confidence_level":0.95,"lower_bound":12283.275541019908,"upper_bound":12942.812497360892},"point_estimate":12558.718913948085,"standard_error":175.5755111645613},"Median":{"confidence_interval":{"confidence_level":0.95,"lower_bound":12240.913599052881,"upper_bound":12781.217249846532},"point_estimate":12304.58569290976,"standard_error":137.2844965731814},"MedianAbsDev":{"confidence_interval":{"confidence_level":0.95,"lower_bound":19.416879234010008,"upper_bound":682.6675890703756},"point_estimate":129.4768789154153,"standard_error":159.18908849171933},"Slope":{"confidence_interval":{"confidence_level":0.95,"lower_bound":12277.111289258608,"upper_bound":13478.869660241118},"point_estimate":12856.05543947765,"standard_error":345.9778567493173},"StdDev":{"confidence_interval":{"confidence_level":0.95,"lower_bound":69.94313851661904,"upper_bound":862.3223095804187},"point_estimate":584.9797913425849,"standard_error":222.2709223432789}}