{"Mean":{"confidence_interval":{"confidence_level":0.95,"lower_bound":4218.716808779258,"upper_bound":4683.184695937307},"point_estimate":4441.939677146252,"standard_error":119.03005930292262},"Median":{"confidence_interval":{"confidence_level":0.95,"lower_bound":4105.523351834304,"upper_bound":4682.636952303596},"point_estimate":4448.277462337311,"standard_error":173.58054477562922},"MedianAbsDev":{"confidence_interval":{"confidence_level":0.95,"lower_bound":42.4867374118562,"upper_bound":735.2774638380523},"point_estimate":355.58281381619815,"standard_error":161.8371000653913},"Slope":{"confidence_interval":{"confidence_level":0.95,"lower_bound":4434.587341779739,"upper_bound":4975.888805490886},"point_estimate":4728.880155204211,"standard_error":145.0754391645492},"StdDev":{"confidence_interval":{"confidence_level":0.95,"lower_bound":221.12530193458971,"upper_bound":516.3453570680167},"point_estimate":396.270871089857,"standard_error":80.25287796073337}}