{"Mean":{"confidence_interval":{"confidence_level":0.95,"lower_bound":544.6839049879029,"upper_bound":589.1107990448716},"point_estimate":566.8355028341531,"standard_error":11.351270343339134},"Median":{"confidence_interval":{"confidence_level":0.95,"lower_bound":529.5659447348768,"upper_bound":603.2285436663765},"point_estimate":567.9621728621103,"standard_error":25.473485817202377},"MedianAbsDev":{"confidence_interval":{"confidence_level":0.95,"lower_bound":3.611025422532952,"upper_bound":58.882749084714554},"point_estimate":54.293472525221055,"standard_error":16.32598481732191},"Slope":{"confidence_interval":{"confidence_level":0.95,"lower_bound":568.0973332841016,"upper_bound":605.1116296425224},"point_estimate":593.9184925315836,"standard_error":9.633191080163071},"StdDev":{"confidence_interval":{"confidence_level":0.95,"lower_bound":26.259930575766052,"upper_bound":41.63436586050423},"point_estimate":37.791048556555694,"standard_error":3.96497381512861}}