{"Mean":{"confidence_interval":{"confidence_level":0.95,"lower_bound":229.2450305333647,"upper_bound":232.11122177847565},"point_estimate":230.5120666675923,"standard_error":0.7414430816003824},"Median":{"confidence_interval":{"confidence_level":0.95,"lower_bound":228.72097400969062,"upper_bound":231.7602481579749},"point_estimate":229.68922825543643,"standard_error":0.8369167917282337},"MedianAbsDev":{"confidence_interval":{"confidence_level":0.95,"lower_bound":0.269270701845242,"upper_bound":3.4790915947499386},"point_estimate":1.600489942983326,"standard_error":0.8806055869717695},"Slope":{"confidence_interval":{"confidence_level":0.95,"lower_bound":229.2487371342219,"upper_bound":231.5517849126895},"point_estimate":230.60681120344861,"standard_error":0.571025656067836},"StdDev":{"confidence_interval":{"confidence_level":0.95,"lower_bound":0.8814246659556577,"upper_bound":3.4221816556697497},"point_estimate":2.4698392545428494,"standard_error":0.7119059455744676}}