{"Mean":{"confidence_interval":{"confidence_level":0.95,"lower_bound":7769590.476289682,"upper_bound":7810617.380261409},"point_estimate":7789224.6540674595,"standard_error":10485.19975423203},"Median":{"confidence_interval":{"confidence_level":0.95,"lower_bound":7758913.425,"upper_bound":7807798.496031746},"point_estimate":7789352.34375,"standard_error":12267.76014129961},"MedianAbsDev":{"confidence_interval":{"confidence_level":0.95,"lower_bound":8464.237379729471,"upper_bound":62038.107889852865},"point_estimate":30276.657231232082,"standard_error":13631.338060123502},"Slope":{"confidence_interval":{"confidence_level":0.95,"lower_bound":7759326.572730285,"upper_bound":7793657.838082901},"point_estimate":7773714.698268399,"standard_error":8803.648116981612},"StdDev":{"confidence_interval":{"confidence_level":0.95,"lower_bound":17965.378864077447,"upper_bound":46801.36373559217},"point_estimate":35016.966356857185,"standard_error":7897.009751435907}}