{"Mean":{"confidence_interval":{"confidence_level":0.95,"lower_bound":117.59800346018787,"upper_bound":122.92573941191067},"point_estimate":120.3521393800432,"standard_error":1.367283003655708},"Median":{"confidence_interval":{"confidence_level":0.95,"lower_bound":115.83202292624065,"upper_bound":124.45633891666085},"point_estimate":121.68793926272039,"standard_error":2.3395538443382162},"MedianAbsDev":{"confidence_interval":{"confidence_level":0.95,"lower_bound":0.6688460078255926,"upper_bound":7.63472989072877},"point_estimate":5.2943383312076095,"standard_error":1.8039937944685758},"Slope":{"confidence_interval":{"confidence_level":0.95,"lower_bound":121.48384777099274,"upper_bound":124.59010358650107},"point_estimate":123.61163755416534,"standard_error":0.8023872749915567},"StdDev":{"confidence_interval":{"confidence_level":0.95,"lower_bound":2.6448100704933046,"upper_bound":5.383506590900585},"point_estimate":4.557667474917829,"standard_error":0.6859938298179997}}