{"Mean":{"confidence_interval":{"confidence_level":0.95,"lower_bound":356739.46898573433,"upper_bound":359362.48034164653},"point_estimate":358005.69195197907,"standard_error":670.605497426716},"Median":{"confidence_interval":{"confidence_level":0.95,"lower_bound":355961.40189873416,"upper_bound":360138.1126230661},"point_estimate":357378.82097649184,"standard_error":1007.6727918300483},"MedianAbsDev":{"confidence_interval":{"confidence_level":0.95,"lower_bound":511.80474882504245,"upper_bound":3815.1998478363075},"point_estimate":2406.2998979969634,"standard_error":867.8073999429229},"Slope":{"confidence_interval":{"confidence_level":0.95,"lower_bound":357699.8220458093,"upper_bound":360260.30810720474},"point_estimate":359214.1484629295,"standard_error":651.5239512560876},"StdDev":{"confidence_interval":{"confidence_level":0.95,"lower_bound":1238.1355142471562,"upper_bound":2751.271226167819},"point_estimate":2241.085995294323,"standard_error":380.18352957260805}}