{"Mean":{"confidence_interval":{"confidence_level":0.95,"lower_bound":507.7787881277835,"upper_bound":524.7868299488389},"point_estimate":516.203697167331,"standard_error":4.374823061421165},"Median":{"confidence_interval":{"confidence_level":0.95,"lower_bound":503.90497547781877,"upper_bound":527.4752821334725},"point_estimate":516.4425028928144,"standard_error":6.683091088221503},"MedianAbsDev":{"confidence_interval":{"confidence_level":0.95,"lower_bound":1.5674198598758027,"upper_bound":24.561534410435904},"point_estimate":13.038669398159637,"standard_error":5.9202102548352995},"Slope":{"confidence_interval":{"confidence_level":0.95,"lower_bound":516.4790410136691,"upper_bound":531.9648326567966},"point_estimate":524.9825200160825,"standard_error":3.943859175323493},"StdDev":{"confidence_interval":{"confidence_level":0.95,"lower_bound":8.680626506165998,"upper_bound":18.218425984932125},"point_estimate":14.635006133691425,"standard_error":2.4578732673529693}}