{"Mean":{"confidence_interval":{"confidence_level":0.95,"lower_bound":36168.34010649724,"upper_bound":36768.67354955339},"point_estimate":36436.07778564339,"standard_error":155.04457577031835},"Median":{"confidence_interval":{"confidence_level":0.95,"lower_bound":36124.77105487027,"upper_bound":36687.37626541897},"point_estimate":36314.42967531546,"standard_error":110.74837234839438},"MedianAbsDev":{"confidence_interval":{"confidence_level":0.95,"lower_bound":24.965549935328646,"upper_bound":771.0178235894538},"point_estimate":225.12320473359213,"standard_error":187.32777857565003},"Slope":{"confidence_interval":{"confidence_level":0.95,"lower_bound":36205.79883574372,"upper_bound":36979.1478856319},"point_estimate":36511.59227076624,"standard_error":211.25796654160618},"StdDev":{"confidence_interval":{"confidence_level":0.95,"lower_bound":146.49698873718182,"upper_bound":711.3244237286262},"point_estimate":514.7713742540245,"standard_error":152.8891492491832}}