{"Mean":{"confidence_interval":{"confidence_level":0.95,"lower_bound":4143.559141133376,"upper_bound":4385.810023701789},"point_estimate":4274.3411546476,"standard_error":62.24727259063291},"Median":{"confidence_interval":{"confidence_level":0.95,"lower_bound":4123.994518632969,"upper_bound":4407.576005683699},"point_estimate":4319.71756507481,"standard_error":63.3426672280203},"MedianAbsDev":{"confidence_interval":{"confidence_level":0.95,"lower_bound":23.961933027024386,"upper_bound":337.00128290346754},"point_estimate":119.07776332022618,"standard_error":76.49146287829824},"Slope":{"confidence_interval":{"confidence_level":0.95,"lower_bound":4310.490261885908,"upper_bound":4424.183950263032},"point_estimate":4380.2527309132765,"standard_error":28.708126942838486},"StdDev":{"confidence_interval":{"confidence_level":0.95,"lower_bound":74.77350486380205,"upper_bound":271.2160013637544},"point_estimate":207.04809138503714,"standard_error":49.85924630122687}}