{"Mean":{"confidence_interval":{"confidence_level":0.95,"lower_bound":6455.248661980117,"upper_bound":6577.286610515807},"point_estimate":6518.094435293934,"standard_error":31.158920454428742},"Median":{"confidence_interval":{"confidence_level":0.95,"lower_bound":6438.496118571897,"upper_bound":6594.609799787095},"point_estimate":6535.091541984465,"standard_error":36.73421775054941},"MedianAbsDev":{"confidence_interval":{"confidence_level":0.95,"lower_bound":9.823874635204694,"upper_bound":169.65918882876042},"point_estimate":111.40992969747931,"standard_error":43.426927973836854},"Slope":{"confidence_interval":{"confidence_level":0.95,"lower_bound":6506.304428875734,"upper_bound":6625.479465892753},"point_estimate":6579.896155155032,"standard_error":30.58454270109526},"StdDev":{"confidence_interval":{"confidence_level":0.95,"lower_bound":54.15145631482578,"upper_bound":135.27531188817204},"point_estimate":104.0434199272419,"standard_error":21.341543885083198}}