{"Mean":{"confidence_interval":{"confidence_level":0.95,"lower_bound":7441981.235614316,"upper_bound":7481516.350555554},"point_estimate":7460301.832231378,"standard_error":10152.185121354183},"Median":{"confidence_interval":{"confidence_level":0.95,"lower_bound":7435016.487179487,"upper_bound":7480332.32760989},"point_estimate":7451587.125,"standard_error":12683.57953895209},"MedianAbsDev":{"confidence_interval":{"confidence_level":0.95,"lower_bound":8010.338764198215,"upper_bound":55063.980660495996},"point_estimate":29379.02288130296,"standard_error":11593.027432870866},"Slope":{"confidence_interval":{"confidence_level":0.95,"lower_bound":7444859.864463937,"upper_bound":7475592.212752389},"point_estimate":7462426.155644355,"standard_error":7843.073400465995},"StdDev":{"confidence_interval":{"confidence_level":0.95,"lower_bound":16018.485041312952,"upper_bound":45305.37868588708},"point_estimate":33860.56087178559,"standard_error":8108.707791808552}}