{"Mean":{"confidence_interval":{"confidence_level":0.95,"lower_bound":258.6277789840518,"upper_bound":277.49382737154986},"point_estimate":268.507390223028,"standard_error":4.855224011442214},"Median":{"confidence_interval":{"confidence_level":0.95,"lower_bound":254.49296681901907,"upper_bound":281.33046179790324},"point_estimate":274.57878175968847,"standard_error":7.6408135789736695},"MedianAbsDev":{"confidence_interval":{"confidence_level":0.95,"lower_bound":2.611982037608277,"upper_bound":26.28253245440558},"point_estimate":13.751958041509267,"standard_error":6.491561788318289},"Slope":{"confidence_interval":{"confidence_level":0.95,"lower_bound":273.1775419826646,"upper_bound":283.059385307485},"point_estimate":279.8847723109907,"standard_error":2.5483380346214073},"StdDev":{"confidence_interval":{"confidence_level":0.95,"lower_bound":8.110683487172176,"upper_bound":19.29440121522742},"point_estimate":16.154213756662656,"standard_error":2.75579152938882}}