{"Mean":{"confidence_interval":{"confidence_level":0.95,"lower_bound":14147.646071912855,"upper_bound":14178.791523951248},"point_estimate":14163.303417078307,"standard_error":7.987398601060165},"Median":{"confidence_interval":{"confidence_level":0.95,"lower_bound":14141.343518186168,"upper_bound":14188.210795046662},"point_estimate":14160.318492975079,"standard_error":13.014371265730203},"MedianAbsDev":{"confidence_interval":{"confidence_level":0.95,"lower_bound":5.700506431459095,"upper_bound":46.01536739914566},"point_estimate":37.27524799446141,"standard_error":11.20057375262963},"Slope":{"confidence_interval":{"confidence_level":0.95,"lower_bound":14151.182856744037,"upper_bound":14189.270447770563},"point_estimate":14176.458275608096,"standard_error":9.64445903146738},"StdDev":{"confidence_interval":{"confidence_level":0.95,"lower_bound":16.3831851780088,"upper_bound":31.668522886944956},"point_estimate":26.567421628332422,"standard_error":3.882967180748646}}