{"Mean":{"confidence_interval":{"confidence_level":0.95,"lower_bound":899.8285503420566,"upper_bound":955.960383182251},"point_estimate":928.3829875868548,"standard_error":14.416087531425967},"Median":{"confidence_interval":{"confidence_level":0.95,"lower_bound":897.8716328797557,"upper_bound":972.3618069697718},"point_estimate":918.288186041796,"standard_error":20.536404199488118},"MedianAbsDev":{"confidence_interval":{"confidence_level":0.95,"lower_bound":1.3491115376516563,"upper_bound":91.15958418954844},"point_estimate":52.486276932317296,"standard_error":21.24959263605139},"Slope":{"confidence_interval":{"confidence_level":0.95,"lower_bound":910.9328811556276,"upper_bound":975.348910444095},"point_estimate":953.082690113737,"standard_error":16.04941249069904},"StdDev":{"confidence_interval":{"confidence_level":0.95,"lower_bound":28.240797071741298,"upper_bound":61.081622817530906},"point_estimate":47.9854007211769,"standard_error":8.712968939969898}}