{"Mean":{"confidence_interval":{"confidence_level":0.95,"lower_bound":196696.61599767083,"upper_bound":198223.56219666582},"point_estimate":197462.5793128882,"standard_error":389.47687945394614},"Median":{"confidence_interval":{"confidence_level":0.95,"lower_bound":196822.1041666667,"upper_bound":198421.5881642512},"point_estimate":197243.56123835404,"standard_error":408.7573200580534},"MedianAbsDev":{"confidence_interval":{"confidence_level":0.95,"lower_bound":73.72637964217638,"upper_bound":2477.7074676061006},"point_estimate":647.0916906404443,"standard_error":650.4844371695102},"Slope":{"confidence_interval":{"confidence_level":0.95,"lower_bound":197061.9226509181,"upper_bound":197941.0670467293},"point_estimate":197466.49009975532,"standard_error":234.21697494622504},"StdDev":{"confidence_interval":{"confidence_level":0.95,"lower_bound":646.5233426081676,"upper_bound":1717.5009667745205},"point_estimate":1299.5736607299725,"standard_error":275.9623030646129}}