{"Mean":{"confidence_interval":{"confidence_level":0.95,"lower_bound":162.41260408356703,"upper_bound":165.31213295992012},"point_estimate":164.00153830372625,"standard_error":0.7477263115379443},"Median":{"confidence_interval":{"confidence_level":0.95,"lower_bound":162.1903084395538,"upper_bound":165.51759326591934},"point_estimate":164.79823541383678,"standard_error":0.670841191863958},"MedianAbsDev":{"confidence_interval":{"confidence_level":0.95,"lower_bound":0.31025368657370633,"upper_bound":3.506327680159335},"point_estimate":1.1232685937950704,"standard_error":0.7628320835939272},"Slope":{"confidence_interval":{"confidence_level":0.95,"lower_bound":164.013321385839,"upper_bound":165.30132419234639},"point_estimate":164.79047785358173,"standard_error":0.3332058428574095},"StdDev":{"confidence_interval":{"confidence_level":0.95,"lower_bound":0.6128884651653679,"upper_bound":3.1776116819242217},"point_estimate":2.4977524469445984,"standard_error":0.6708738671985597}}