{"Mean":{"confidence_interval":{"confidence_level":0.95,"lower_bound":2448608.4576552385,"upper_bound":2481241.3002669844},"point_estimate":2464774.28748254,"standard_error":8382.354179533946},"Median":{"confidence_interval":{"confidence_level":0.95,"lower_bound":2435878.3466666667,"upper_bound":2489675.842222222},"point_estimate":2462885.1708571427,"standard_error":16384.163417001673},"MedianAbsDev":{"confidence_interval":{"confidence_level":0.95,"lower_bound":3172.628038674409,"upper_bound":44282.78654262331},"point_estimate":39817.39677309974,"standard_error":11131.02111449281},"Slope":{"confidence_interval":{"confidence_level":0.95,"lower_bound":2465896.3443076923,"upper_bound":2495578.719474233},"point_estimate":2485751.039168831,"standard_error":7622.085642903338},"StdDev":{"confidence_interval":{"confidence_level":0.95,"lower_bound":18486.307538771245,"upper_bound":32053.427177760466},"point_estimate":27863.527312668015,"standard_error":3490.015820814554}}