{"Mean":{"confidence_interval":{"confidence_level":0.95,"lower_bound":147.05138191264447,"upper_bound":152.3111505149227},"point_estimate":149.52795766054163,"standard_error":1.3539294863798246},"Median":{"confidence_interval":{"confidence_level":0.95,"lower_bound":146.0546004286343,"upper_bound":152.22296741819204},"point_estimate":149.31807167039926,"standard_error":1.485239071964421},"MedianAbsDev":{"confidence_interval":{"confidence_level":0.95,"lower_bound":0.8537197225860824,"upper_bound":7.309356036815551},"point_estimate":3.9464533305424423,"standard_error":1.702451816438973},"Slope":{"confidence_interval":{"confidence_level":0.95,"lower_bound":146.71334699504155,"upper_bound":151.2664748830954},"point_estimate":148.79322701198217,"standard_error":1.1575344246382322},"StdDev":{"confidence_interval":{"confidence_level":0.95,"lower_bound":2.0590647730448994,"upper_bound":5.990740385532046},"point_estimate":4.501749404366448,"standard_error":1.034406657929023}}