{"Mean":{"confidence_interval":{"confidence_level":0.95,"lower_bound":36554.48251767098,"upper_bound":37202.25655748098},"point_estimate":36813.59370260234,"standard_error":174.15713050491664},"Median":{"confidence_interval":{"confidence_level":0.95,"lower_bound":36496.76851829489,"upper_bound":36824.99073682727},"point_estimate":36728.75918392505,"standard_error":112.68237847542498},"MedianAbsDev":{"confidence_interval":{"confidence_level":0.95,"lower_bound":16.426614501264083,"upper_bound":473.13552860459953},"point_estimate":224.0408678103031,"standard_error":117.68642384272529},"Slope":{"confidence_interval":{"confidence_level":0.95,"lower_bound":36645.65914797872,"upper_bound":36910.52024857782},"point_estimate":36776.48906039016,"standard_error":66.27672118759617},"StdDev":{"confidence_interval":{"confidence_level":0.95,"lower_bound":133.67700365028816,"upper_bound":879.7473026532494},"point_estimate":580.6298340329598,"standard_error":247.1448206334545}}