{"Mean":{"confidence_interval":{"confidence_level":0.95,"lower_bound":502371.9445902778,"upper_bound":512447.63830864197},"point_estimate":506237.7224753086,"standard_error":2812.164964913683},"Median":{"confidence_interval":{"confidence_level":0.95,"lower_bound":501960.0888888889,"upper_bound":506312.84814814816},"point_estimate":503416.575154321,"standard_error":1178.1349524559548},"MedianAbsDev":{"confidence_interval":{"confidence_level":0.95,"lower_bound":149.3884206811261,"upper_bound":5185.862211543685},"point_estimate":2084.692288452279,"standard_error":1424.667713301785},"Slope":{"confidence_interval":{"confidence_level":0.95,"lower_bound":502929.7997885922,"upper_bound":521935.6099757206},"point_estimate":510866.838961039,"standard_error":5888.312231583645},"StdDev":{"confidence_interval":{"confidence_level":0.95,"lower_bound":1031.0093905456572,"upper_bound":14315.004577962904},"point_estimate":9395.989801138148,"standard_error":4376.24133622559}}