{"Mean":{"confidence_interval":{"confidence_level":0.95,"lower_bound":501.51263990133066,"upper_bound":515.2761324225239},"point_estimate":508.86918231746296,"standard_error":3.5416078801424877},"Median":{"confidence_interval":{"confidence_level":0.95,"lower_bound":501.23836694769204,"upper_bound":516.8123899576133},"point_estimate":511.4072759867587,"standard_error":3.8635806262744885},"MedianAbsDev":{"confidence_interval":{"confidence_level":0.95,"lower_bound":2.506225250887921,"upper_bound":19.354296777357643},"point_estimate":9.17645365171833,"standard_error":4.123161461699241},"Slope":{"confidence_interval":{"confidence_level":0.95,"lower_bound":507.17892015935524,"upper_bound":513.5733751121844},"point_estimate":510.9768617753293,"standard_error":1.6329070135167894},"StdDev":{"confidence_interval":{"confidence_level":0.95,"lower_bound":5.16991096525636,"upper_bound":15.801698787839591},"point_estimate":11.782027909622288,"standard_error":2.880690709512237}}