{"Mean":{"confidence_interval":{"confidence_level":0.95,"lower_bound":1228553.1375132275,"upper_bound":1473383.9526012638},"point_estimate":1351992.4896942975,"standard_error":62913.26247944961},"Median":{"confidence_interval":{"confidence_level":0.95,"lower_bound":1128754.7777777778,"upper_bound":1553147.1687242799},"point_estimate":1407467.1080246912,"standard_error":127300.681217054},"MedianAbsDev":{"confidence_interval":{"confidence_level":0.95,"lower_bound":22362.851614091196,"upper_bound":310986.5875288843},"point_estimate":266342.2094851845,"standard_error":84545.94279406819},"Slope":{"confidence_interval":{"confidence_level":0.95,"lower_bound":1378704.6248748112,"upper_bound":1557025.8064536727},"point_estimate":1492593.2802308802,"standard_error":45936.1491814549},"StdDev":{"confidence_interval":{"confidence_level":0.95,"lower_bound":137931.72788047764,"upper_bound":236971.35321825885},"point_estimate":208795.66898459085,"standard_error":25485.633699132013}}