{"Mean":{"confidence_interval":{"confidence_level":0.95,"lower_bound":4780502.351782527,"upper_bound":4813347.606133787},"point_estimate":4796211.5775822,"standard_error":8384.593219678542},"Median":{"confidence_interval":{"confidence_level":0.95,"lower_bound":4772191.21875,"upper_bound":4816518.799319727},"point_estimate":4794873.835714286,"standard_error":10562.677169218108},"MedianAbsDev":{"confidence_interval":{"confidence_level":0.95,"lower_bound":4839.275905514343,"upper_bound":49902.86529261849},"point_estimate":27081.015210882168,"standard_error":11289.256855876198},"Slope":{"confidence_interval":{"confidence_level":0.95,"lower_bound":4789850.510638298,"upper_bound":4831628.704704537},"point_estimate":4812446.704823747,"standard_error":11021.464225483664},"StdDev":{"confidence_interval":{"confidence_level":0.95,"lower_bound":14464.669575604754,"upper_bound":35351.89922103244},"point_estimate":27919.205120210117,"standard_error":5368.515235361167}}