{"Mean":{"confidence_interval":{"confidence_level":0.95,"lower_bound":7091.962218012222,"upper_bound":7327.837381674878},"point_estimate":7210.540385500058,"standard_error":60.67202651929259},"Median":{"confidence_interval":{"confidence_level":0.95,"lower_bound":7006.771688078464,"upper_bound":7417.819367315928},"point_estimate":7226.966426894007,"standard_error":118.96162767861945},"MedianAbsDev":{"confidence_interval":{"confidence_level":0.95,"lower_bound":17.095131387342253,"upper_bound":309.6382999087249},"point_estimate":283.65604591312444,"standard_error":90.04850670758258},"Slope":{"confidence_interval":{"confidence_level":0.95,"lower_bound":7011.615773313837,"upper_bound":7300.049900718453},"point_estimate":7110.18152539545,"standard_error":74.01026518095415},"StdDev":{"confidence_interval":{"confidence_level":0.95,"lower_bound":132.4372540248275,"upper_bound":231.7930530336665},"point_estimate":202.72006834957,"standard_error":25.33673703760652}}