{"Mean":{"confidence_interval":{"confidence_level":0.95,"lower_bound":9997.327771956087,"upper_bound":10161.899113478994},"point_estimate":10081.66335383994,"standard_error":42.201085109075485},"Median":{"confidence_interval":{"confidence_level":0.95,"lower_bound":9903.090568862275,"upper_bound":10188.345637296836},"point_estimate":10120.941856287425,"standard_error":70.33642059472736},"MedianAbsDev":{"confidence_interval":{"confidence_level":0.95,"lower_bound":15.236688807339126,"upper_bound":233.96625107181782},"point_estimate":109.84029449455629,"standard_error":60.18677149389985},"Slope":{"confidence_interval":{"confidence_level":0.95,"lower_bound":10113.94918456635,"upper_bound":10221.339168513367},"point_estimate":10178.645016719807,"standard_error":27.278143898632464},"StdDev":{"confidence_interval":{"confidence_level":0.95,"lower_bound":81.07309210870056,"upper_bound":168.2407752336135},"point_estimate":140.9773552149222,"standard_error":21.82602846216496}}