{"Mean":{"confidence_interval":{"confidence_level":0.95,"lower_bound":1702.934535113749,"upper_bound":1901.075780691574},"point_estimate":1800.5104761904763,"standard_error":51.13618788599758},"Median":{"confidence_interval":{"confidence_level":0.95,"lower_bound":1638.3705145834842,"upper_bound":1985.9595968734168},"point_estimate":1757.5007719958505,"standard_error":116.28925850935704},"MedianAbsDev":{"confidence_interval":{"confidence_level":0.95,"lower_bound":6.407072517792593,"upper_bound":259.84268414528367},"point_estimate":207.10137905463324,"standard_error":79.20574058899373},"Slope":{"confidence_interval":{"confidence_level":0.95,"lower_bound":1804.3023067489491,"upper_bound":1972.9025773628596},"point_estimate":1922.9863311617817,"standard_error":43.880525392497965},"StdDev":{"confidence_interval":{"confidence_level":0.95,"lower_bound":115.4982490499454,"upper_bound":186.59739462950304},"point_estimate":170.43570399701778,"standard_error":18.459663091727986}}