{"Mean":{"confidence_interval":{"confidence_level":0.95,"lower_bound":1156.247137028184,"upper_bound":1224.3546938028474},"point_estimate":1190.7070974052008,"standard_error":17.451257893498948},"Median":{"confidence_interval":{"confidence_level":0.95,"lower_bound":1134.4342668284585,"upper_bound":1246.6692070790934},"point_estimate":1199.7856505726572,"standard_error":35.55112860257407},"MedianAbsDev":{"confidence_interval":{"confidence_level":0.95,"lower_bound":3.6458709415744694,"upper_bound":93.7398793375087},"point_estimate":72.42872390687265,"standard_error":26.27123385564216},"Slope":{"confidence_interval":{"confidence_level":0.95,"lower_bound":1204.2458855966045,"upper_bound":1244.5107927068225},"point_estimate":1232.8987203752947,"standard_error":10.512879954240743},"StdDev":{"confidence_interval":{"confidence_level":0.95,"lower_bound":38.37844533521159,"upper_bound":66.05553591865556},"point_estimate":58.14563302426152,"standard_error":7.18394804424339}}