{"Mean":{"confidence_interval":{"confidence_level":0.95,"lower_bound":2615.006400316184,"upper_bound":2648.014081706195},"point_estimate":2628.9980380685356,"standard_error":8.632157549946813},"Median":{"confidence_interval":{"confidence_level":0.95,"lower_bound":2611.0869500298627,"upper_bound":2636.6262272119675},"point_estimate":2621.0031521666997,"standard_error":6.629204028268123},"MedianAbsDev":{"confidence_interval":{"confidence_level":0.95,"lower_bound":2.0392759741484983,"upper_bound":30.613756143735728},"point_estimate":17.152088967173288,"standard_error":6.899160443306861},"Slope":{"confidence_interval":{"confidence_level":0.95,"lower_bound":2621.819134633746,"upper_bound":2676.1122931706377},"point_estimate":2647.3505664850777,"standard_error":15.653271539028932},"StdDev":{"confidence_interval":{"confidence_level":0.95,"lower_bound":8.892143721500982,"upper_bound":42.45900501461687},"point_estimate":28.778575642297753,"standard_error":10.49712933192168}}