{"Mean":{"confidence_interval":{"confidence_level":0.95,"lower_bound":7587.543297031382,"upper_bound":7703.6834507694175},"point_estimate":7645.635727105296,"standard_error":29.623397846936577},"Median":{"confidence_interval":{"confidence_level":0.95,"lower_bound":7595.297353689568,"upper_bound":7708.571969465649},"point_estimate":7634.600483460559,"standard_error":29.34479604413747},"MedianAbsDev":{"confidence_interval":{"confidence_level":0.95,"lower_bound":6.151803646509058,"upper_bound":175.86824939476318},"point_estimate":63.43791989665185,"standard_error":40.494251126163945},"Slope":{"confidence_interval":{"confidence_level":0.95,"lower_bound":7620.986850022939,"upper_bound":7751.590890083286},"point_estimate":7702.1268745910575,"standard_error":32.7116651727908},"StdDev":{"confidence_interval":{"confidence_level":0.95,"lower_bound":43.80500702395847,"upper_bound":132.9573432967231},"point_estimate":98.91452804951452,"standard_error":22.446558859111992}}