{"Mean":{"confidence_interval":{"confidence_level":0.95,"lower_bound":702608.3989110349,"upper_bound":709071.7824423078},"point_estimate":705618.8894777166,"standard_error":1660.4479709898878},"Median":{"confidence_interval":{"confidence_level":0.95,"lower_bound":701520.1472649572,"upper_bound":710158.6129807692},"point_estimate":703819.8821428572,"standard_error":2083.595393030432},"MedianAbsDev":{"confidence_interval":{"confidence_level":0.95,"lower_bound":1070.2868844601312,"upper_bound":9039.632291149052},"point_estimate":4761.338310219361,"standard_error":2060.9754228262227},"Slope":{"confidence_interval":{"confidence_level":0.95,"lower_bound":701320.5044751496,"upper_bound":705580.6082121569},"point_estimate":703001.2875724275,"standard_error":1102.215893158683},"StdDev":{"confidence_interval":{"confidence_level":0.95,"lower_bound":2351.4092849632216,"upper_bound":6998.503982996714},"point_estimate":5530.344853054924,"standard_error":1191.7869468196452}}