{"Mean":{"confidence_interval":{"confidence_level":0.95,"lower_bound":39388.92850309621,"upper_bound":39926.97145665307},"point_estimate":39657.55141141821,"standard_error":138.02571536706236},"Median":{"confidence_interval":{"confidence_level":0.95,"lower_bound":39241.43452650657,"upper_bound":40049.80176710467},"point_estimate":39601.90341338166,"standard_error":221.86233514333415},"MedianAbsDev":{"confidence_interval":{"confidence_level":0.95,"lower_bound":155.69863651990212,"upper_bound":773.2586485374378},"point_estimate":568.5072816378259,"standard_error":160.38035484193412},"Slope":{"confidence_interval":{"confidence_level":0.95,"lower_bound":39235.62568917082,"upper_bound":39933.36059694212},"point_estimate":39548.93650309817,"standard_error":183.2400843834769},"StdDev":{"confidence_interval":{"confidence_level":0.95,"lower_bound":282.0581119688795,"upper_bound":558.7433261187632},"point_estimate":458.0629709431725,"standard_error":70.83784487180229}}