{"Mean":{"confidence_interval":{"confidence_level":0.95,"lower_bound":56688.112533428226,"upper_bound":60168.57315506384},"point_estimate":58202.938887594886,"standard_error":902.4009157581692},"Median":{"confidence_interval":{"confidence_level":0.95,"lower_bound":56016.781929347824,"upper_bound":59147.36684782609},"point_estimate":57925.65592650104,"standard_error":838.5143903849023},"MedianAbsDev":{"confidence_interval":{"confidence_level":0.95,"lower_bound":404.7840936062189,"upper_bound":3998.4746879032923},"point_estimate":1839.6749430638774,"standard_error":875.64526047678},"Slope":{"confidence_interval":{"confidence_level":0.95,"lower_bound":57451.88357234778,"upper_bound":58873.78190732174},"point_estimate":58417.832587521174,"standard_error":362.9101464674621},"StdDev":{"confidence_interval":{"confidence_level":0.95,"lower_bound":1127.3763456005863,"upper_bound":4356.945389643618},"point_estimate":3009.4507062816633,"standard_error":995.5105355935796}}