{"Mean":{"confidence_interval":{"confidence_level":0.95,"lower_bound":1309.429143692665,"upper_bound":1361.6066528662934},"point_estimate":1336.567961972342,"standard_error":13.369369326693388},"Median":{"confidence_interval":{"confidence_level":0.95,"lower_bound":1288.19252050952,"upper_bound":1378.285400295875},"point_estimate":1345.5379682286564,"standard_error":19.719194202693064},"MedianAbsDev":{"confidence_interval":{"confidence_level":0.95,"lower_bound":8.27601377697,"upper_bound":73.59737758443019},"point_estimate":49.19213040036864,"standard_error":17.97949876325999},"Slope":{"confidence_interval":{"confidence_level":0.95,"lower_bound":1340.2447208235799,"upper_bound":1374.1121666299512},"point_estimate":1357.1904514552098,"standard_error":8.749339678573607},"StdDev":{"confidence_interval":{"confidence_level":0.95,"lower_bound":22.16959154911421,"upper_bound":54.39154634896892},"point_estimate":44.66369503768004,"standard_error":7.645148603549802}}