{"Mean":{"confidence_interval":{"confidence_level":0.95,"lower_bound":23770.618349444074,"upper_bound":24570.67779591072},"point_estimate":24185.489679267106,"standard_error":204.73751677842418},"Median":{"confidence_interval":{"confidence_level":0.95,"lower_bound":23610.926694329184,"upper_bound":24852.328607653297},"point_estimate":24269.780610921756,"standard_error":296.57069861431415},"MedianAbsDev":{"confidence_interval":{"confidence_level":0.95,"lower_bound":117.38800574789629,"upper_bound":1165.0850502764429},"point_estimate":905.6246315663093,"standard_error":278.45980912490984},"Slope":{"confidence_interval":{"confidence_level":0.95,"lower_bound":24288.07585988674,"upper_bound":24837.958476655996},"point_estimate":24659.03345637765,"standard_error":139.93391159599227},"StdDev":{"confidence_interval":{"confidence_level":0.95,"lower_bound":368.02900752640574,"upper_bound":821.4826350451197},"point_estimate":680.5995625354333,"standard_error":111.19674788377426}}