{"Mean":{"confidence_interval":{"confidence_level":0.95,"lower_bound":123.388896810286,"upper_bound":133.2467070834914},"point_estimate":127.3020073393568,"standard_error":2.6642990716652166},"Median":{"confidence_interval":{"confidence_level":0.95,"lower_bound":122.625200207898,"upper_bound":127.80522928381765},"point_estimate":125.31930345919177,"standard_error":1.2636670742551586},"MedianAbsDev":{"confidence_interval":{"confidence_level":0.95,"lower_bound":0.5270463603832837,"upper_bound":6.586034794222869},"point_estimate":2.847168464572988,"standard_error":1.7178284884192785},"Slope":{"confidence_interval":{"confidence_level":0.95,"lower_bound":122.69321288040834,"upper_bound":126.38269068116111},"point_estimate":124.3132917932222,"standard_error":0.9468173839134689},"StdDev":{"confidence_interval":{"confidence_level":0.95,"lower_bound":1.7740462383835416,"upper_bound":13.459142107589171},"point_estimate":8.885603941306165,"standard_error":3.828543572403649}}