{"Mean":{"confidence_interval":{"confidence_level":0.95,"lower_bound":18921.769379353238,"upper_bound":19364.201220948828},"point_estimate":19135.454960998577,"standard_error":113.50402405080125},"Median":{"confidence_interval":{"confidence_level":0.95,"lower_bound":18840.955907960197,"upper_bound":19495.36243558991},"point_estimate":18989.20950456053,"standard_error":191.30664379720227},"MedianAbsDev":{"confidence_interval":{"confidence_level":0.95,"lower_bound":59.597937300132685,"upper_bound":591.5956065766768},"point_estimate":398.5698987585473,"standard_error":153.60878013439762},"Slope":{"confidence_interval":{"confidence_level":0.95,"lower_bound":19065.956533963446,"upper_bound":19550.895743608166},"point_estimate":19374.398205724625,"standard_error":123.56341147595941},"StdDev":{"confidence_interval":{"confidence_level":0.95,"lower_bound":221.6261790971909,"upper_bound":450.4388492548983},"point_estimate":377.80205259848054,"standard_error":57.5793133054082}}