{"Mean":{"confidence_interval":{"confidence_level":0.95,"lower_bound":19582.27676920696,"upper_bound":19873.76413971903},"point_estimate":19729.424578747963,"standard_error":74.51327388521602},"Median":{"confidence_interval":{"confidence_level":0.95,"lower_bound":19500.73657920077,"upper_bound":19973.439455946078},"point_estimate":19721.26155727698,"standard_error":112.77487900955222},"MedianAbsDev":{"confidence_interval":{"confidence_level":0.95,"lower_bound":58.91364757708601,"upper_bound":452.7529957848428},"point_estimate":248.27976998731492,"standard_error":95.62303230446284},"Slope":{"confidence_interval":{"confidence_level":0.95,"lower_bound":19636.81437299119,"upper_bound":19952.121424030247},"point_estimate":19818.64652939742,"standard_error":81.92790158439266},"StdDev":{"confidence_interval":{"confidence_level":0.95,"lower_bound":150.08662813732872,"upper_bound":302.5703451483352},"point_estimate":247.56803083556605,"standard_error":39.13849346002774}}