{"Mean":{"confidence_interval":{"confidence_level":0.95,"lower_bound":13949.853622501963,"upper_bound":14319.14167359006},"point_estimate":14137.209247007439,"standard_error":94.91208132874772},"Median":{"confidence_interval":{"confidence_level":0.95,"lower_bound":13795.287133715055,"upper_bound":14396.731613578406},"point_estimate":14201.41456158078,"standard_error":151.96760977739504},"MedianAbsDev":{"confidence_interval":{"confidence_level":0.95,"lower_bound":42.33297039472922,"upper_bound":527.8692798419873},"point_estimate":352.50029067518005,"standard_error":122.16056182753542},"Slope":{"confidence_interval":{"confidence_level":0.95,"lower_bound":14115.389695502132,"upper_bound":14464.234627362412},"point_estimate":14339.218984047277,"standard_error":89.80190665590538},"StdDev":{"confidence_interval":{"confidence_level":0.95,"lower_bound":189.913851141248,"upper_bound":382.721713815857},"point_estimate":316.55576184439377,"standard_error":48.67964839189413}}