{"Mean":{"confidence_interval":{"confidence_level":0.95,"lower_bound":402313.3933281505,"upper_bound":403923.39032459946},"point_estimate":403053.30079290905,"standard_error":412.540646872926},"Median":{"confidence_interval":{"confidence_level":0.95,"lower_bound":402115.3324766355,"upper_bound":403910.41939252336},"point_estimate":402780.46904205607,"standard_error":393.72691477562233},"MedianAbsDev":{"confidence_interval":{"confidence_level":0.95,"lower_bound":301.60430808002815,"upper_bound":2150.079991501325},"point_estimate":879.0520074077237,"standard_error":492.8767646684086},"Slope":{"confidence_interval":{"confidence_level":0.95,"lower_bound":401842.88791492104,"upper_bound":403040.5782701339},"point_estimate":402267.2378686734,"standard_error":301.24482519586337},"StdDev":{"confidence_interval":{"confidence_level":0.95,"lower_bound":527.6289535599614,"upper_bound":1841.6446334362854},"point_estimate":1380.4099794789686,"standard_error":350.3726180812767}}