{"Mean":{"confidence_interval":{"confidence_level":0.95,"lower_bound":27583.723663948644,"upper_bound":28035.390779714333},"point_estimate":27814.65751161372,"standard_error":116.01306028472138},"Median":{"confidence_interval":{"confidence_level":0.95,"lower_bound":27519.79407616361,"upper_bound":28091.211755882417},"point_estimate":27863.603226375177,"standard_error":138.51103591671264},"MedianAbsDev":{"confidence_interval":{"confidence_level":0.95,"lower_bound":70.23120337232852,"upper_bound":672.2821201238469},"point_estimate":413.9586023563391,"standard_error":165.22010566485085},"Slope":{"confidence_interval":{"confidence_level":0.95,"lower_bound":27786.25954870765,"upper_bound":28221.652686241825},"point_estimate":28068.461174509554,"standard_error":111.48210042334723},"StdDev":{"confidence_interval":{"confidence_level":0.95,"lower_bound":202.94828045307557,"upper_bound":482.9345147354226},"point_estimate":386.4662458911875,"standard_error":70.18758724603771}}