{"Mean":{"confidence_interval":{"confidence_level":0.95,"lower_bound":98403.92385356456,"upper_bound":99009.51225658318},"point_estimate":98708.90753494206,"standard_error":154.9516951706841},"Median":{"confidence_interval":{"confidence_level":0.95,"lower_bound":98364.72928709057,"upper_bound":99254.91425818883},"point_estimate":98649.19193503991,"standard_error":194.09819385573982},"MedianAbsDev":{"confidence_interval":{"confidence_level":0.95,"lower_bound":42.18586618746273,"upper_bound":958.6504284718837},"point_estimate":558.7530490685892,"standard_error":260.5323315292366},"Slope":{"confidence_interval":{"confidence_level":0.95,"lower_bound":98689.59151490245,"upper_bound":99272.92077344106},"point_estimate":99053.24642794585,"standard_error":148.05980836289945},"StdDev":{"confidence_interval":{"confidence_level":0.95,"lower_bound":297.69997002636165,"upper_bound":648.037511066015},"point_estimate":516.7190495404793,"standard_error":91.22573395720151}}