{"Mean":{"confidence_interval":{"confidence_level":0.95,"lower_bound":20573.244647549982,"upper_bound":20712.484732103454},"point_estimate":20638.49626813131,"standard_error":35.66501173865874},"Median":{"confidence_interval":{"confidence_level":0.95,"lower_bound":20561.574050828807,"upper_bound":20687.85042529289},"point_estimate":20635.897167388863,"standard_error":31.992548817426446},"MedianAbsDev":{"confidence_interval":{"confidence_level":0.95,"lower_bound":17.700663768562745,"upper_bound":178.83637627254063},"point_estimate":90.88819963219906,"standard_error":40.871754021883994},"Slope":{"confidence_interval":{"confidence_level":0.95,"lower_bound":20543.60607960268,"upper_bound":20777.149762231827},"point_estimate":20662.302387934647,"standard_error":59.6199230828728},"StdDev":{"confidence_interval":{"confidence_level":0.95,"lower_bound":49.270379438388645,"upper_bound":164.79612862935568},"point_estimate":118.88258778942925,"standard_error":31.631064860870232}}