{"Mean":{"confidence_interval":{"confidence_level":0.95,"lower_bound":18141.33595043452,"upper_bound":18865.54924142199},"point_estimate":18451.37232483483,"standard_error":188.58288766767387},"Median":{"confidence_interval":{"confidence_level":0.95,"lower_bound":17996.497236614854,"upper_bound":18621.544170984456},"point_estimate":18350.636984949422,"standard_error":192.01028368656264},"MedianAbsDev":{"confidence_interval":{"confidence_level":0.95,"lower_bound":42.00987995365868,"upper_bound":804.8328781569542},"point_estimate":433.98108213985495,"standard_error":177.21801254608397},"Slope":{"confidence_interval":{"confidence_level":0.95,"lower_bound":18265.67993333082,"upper_bound":19439.418619024036},"point_estimate":18837.448865262544,"standard_error":335.15638434751276},"StdDev":{"confidence_interval":{"confidence_level":0.95,"lower_bound":226.66882282208104,"upper_bound":914.2877686930251},"point_estimate":626.1406258685352,"standard_error":218.02324021976148}}