{"Mean":{"confidence_interval":{"confidence_level":0.95,"lower_bound":899414.5650803571,"upper_bound":966194.9157638889},"point_estimate":931225.3327281747,"standard_error":17065.71625647584},"Median":{"confidence_interval":{"confidence_level":0.95,"lower_bound":885906.8812500001,"upper_bound":970250.9944444445},"point_estimate":933714.275,"standard_error":18869.35911258081},"MedianAbsDev":{"confidence_interval":{"confidence_level":0.95,"lower_bound":4567.1121539175165,"upper_bound":98570.5027533571},"point_estimate":53150.050775147974,"standard_error":25462.4919106033},"Slope":{"confidence_interval":{"confidence_level":0.95,"lower_bound":888600.6721211574,"upper_bound":992546.2823369565},"point_estimate":948230.33,"standard_error":25676.605626532903},"StdDev":{"confidence_interval":{"confidence_level":0.95,"lower_bound":28178.013206722764,"upper_bound":73726.4672499432},"point_estimate":56822.68967553823,"standard_error":11966.66364790141}}