{"Mean":{"confidence_interval":{"confidence_level":0.95,"lower_bound":5714.235496325675,"upper_bound":5895.810140630166},"point_estimate":5805.902144209921,"standard_error":46.73722749210936},"Median":{"confidence_interval":{"confidence_level":0.95,"lower_bound":5675.395303288646,"upper_bound":5932.215588189406},"point_estimate":5802.080678420054,"standard_error":57.032681084855355},"MedianAbsDev":{"confidence_interval":{"confidence_level":0.95,"lower_bound":33.95328085286035,"upper_bound":301.39891094132315},"point_estimate":147.5623360035773,"standard_error":71.27976478508498},"Slope":{"confidence_interval":{"confidence_level":0.95,"lower_bound":5774.837629711274,"upper_bound":5928.444440354223},"point_estimate":5867.83915697377,"standard_error":39.28118041404256},"StdDev":{"confidence_interval":{"confidence_level":0.95,"lower_bound":86.81008630665772,"upper_bound":195.0831491939161},"point_estimate":155.72917793388493,"standard_error":27.907292635991823}}