{"Mean":{"confidence_interval":{"confidence_level":0.95,"lower_bound":269654.78132086166,"upper_bound":271995.57171130955},"point_estimate":270837.47908056976,"standard_error":600.5685919718109},"Median":{"confidence_interval":{"confidence_level":0.95,"lower_bound":268462.3353174603,"upper_bound":272247.2114955357},"point_estimate":271278.01324404764,"standard_error":824.4725166298302},"MedianAbsDev":{"confidence_interval":{"confidence_level":0.95,"lower_bound":282.2623249888391,"upper_bound":3840.1977993229257},"point_estimate":1685.7749114777564,"standard_error":1005.0781478111712},"Slope":{"confidence_interval":{"confidence_level":0.95,"lower_bound":269966.6892997909,"upper_bound":271982.27551921364},"point_estimate":271234.5211502783,"standard_error":511.5454103284806},"StdDev":{"confidence_interval":{"confidence_level":0.95,"lower_bound":1128.743289284323,"upper_bound":2468.435876996072},"point_estimate":2003.7674709952832,"standard_error":339.44745015885496}}