{"Mean":{"confidence_interval":{"confidence_level":0.95,"lower_bound":28215087.5578588,"upper_bound":28493215.52660053},"point_estimate":28353140.777791005,"standard_error":71650.90176680652},"Median":{"confidence_interval":{"confidence_level":0.95,"lower_bound":28134812.0,"upper_bound":28548486.9375},"point_estimate":28376727.699074075,"standard_error":125491.71754459194},"MedianAbsDev":{"confidence_interval":{"confidence_level":0.95,"lower_bound":37273.09872160478,"upper_bound":389626.0087544203},"point_estimate":315292.88151909783,"standard_error":90934.93853313358},"Slope":{"confidence_interval":{"confidence_level":0.95,"lower_bound":28295287.253883198,"upper_bound":28540266.020498484},"point_estimate":28443814.05021645,"standard_error":61409.02101822229},"StdDev":{"confidence_interval":{"confidence_level":0.95,"lower_bound":152337.88198710533,"upper_bound":289139.3371052334},"point_estimate":239335.12708437626,"standard_error":35249.91114845415}}