{"Mean":{"confidence_interval":{"confidence_level":0.95,"lower_bound":66.63452508042592,"upper_bound":67.00843281767777},"point_estimate":66.81575074528806,"standard_error":0.09578725984962698},"Median":{"confidence_interval":{"confidence_level":0.95,"lower_bound":66.54156443983658,"upper_bound":67.12080501098545},"point_estimate":66.67643467796248,"standard_error":0.19094506799619468},"MedianAbsDev":{"confidence_interval":{"confidence_level":0.95,"lower_bound":0.027520792686798252,"upper_bound":0.4858389697533535},"point_estimate":0.2477738567428002,"standard_error":0.1340740701503308},"Slope":{"confidence_interval":{"confidence_level":0.95,"lower_bound":66.54992583416163,"upper_bound":66.78318259771902},"point_estimate":66.64216559922009,"standard_error":0.060272270322380694},"StdDev":{"confidence_interval":{"confidence_level":0.95,"lower_bound":0.18641543922930884,"upper_bound":0.37596948580534323},"point_estimate":0.3200458346189768,"standard_error":0.0469420891293817}}