{"Mean":{"confidence_interval":{"confidence_level":0.95,"lower_bound":14067.00808489853,"upper_bound":14380.447433507328},"point_estimate":14231.819714511881,"standard_error":80.27649228611259},"Median":{"confidence_interval":{"confidence_level":0.95,"lower_bound":14019.21068113126,"upper_bound":14414.91337435233},"point_estimate":14285.495616672835,"standard_error":96.07045647870576},"MedianAbsDev":{"confidence_interval":{"confidence_level":0.95,"lower_bound":46.84425373441087,"upper_bound":450.0106754411967},"point_estimate":209.65657486701366,"standard_error":103.41813433062285},"Slope":{"confidence_interval":{"confidence_level":0.95,"lower_bound":14217.798390223545,"upper_bound":14478.830596956892},"point_estimate":14377.290857782114,"standard_error":67.6618536938954},"StdDev":{"confidence_interval":{"confidence_level":0.95,"lower_bound":113.51424739352332,"upper_bound":336.6231073282808},"point_estimate":267.75774916634145,"standard_error":55.21073183104851}}