{"Mean":{"confidence_interval":{"confidence_level":0.95,"lower_bound":2464.4175504129175,"upper_bound":2496.186234509162},"point_estimate":2478.5105119493755,"standard_error":8.211429446981361},"Median":{"confidence_interval":{"confidence_level":0.95,"lower_bound":2458.6904266775596,"upper_bound":2491.543185030543},"point_estimate":2471.4975386664937,"standard_error":8.025635250280027},"MedianAbsDev":{"confidence_interval":{"confidence_level":0.95,"lower_bound":4.565886195583724,"upper_bound":36.18381568079891},"point_estimate":19.835872947654373,"standard_error":8.437503699899207},"Slope":{"confidence_interval":{"confidence_level":0.95,"lower_bound":2456.8919895026575,"upper_bound":2487.9939803132575},"point_estimate":2468.10942875035,"standard_error":8.1611772915025},"StdDev":{"confidence_interval":{"confidence_level":0.95,"lower_bound":10.075859227446871,"upper_bound":38.48189291370126},"point_estimate":27.426468525389986,"standard_error":8.200675300138526}}