{"Mean":{"confidence_interval":{"confidence_level":0.95,"lower_bound":1855.6152421626084,"upper_bound":1912.7862186103764},"point_estimate":1885.5386867939876,"standard_error":14.73360701925149},"Median":{"confidence_interval":{"confidence_level":0.95,"lower_bound":1833.4406338524366,"upper_bound":1927.2963130724875},"point_estimate":1908.690196404691,"standard_error":25.11820230632024},"MedianAbsDev":{"confidence_interval":{"confidence_level":0.95,"lower_bound":7.2154914913292325,"upper_bound":82.06852434256986},"point_estimate":34.80091957326495,"standard_error":20.489540160601237},"Slope":{"confidence_interval":{"confidence_level":0.95,"lower_bound":1900.641977376735,"upper_bound":1926.6804597120645},"point_estimate":1918.507669794508,"standard_error":6.761229050076586},"StdDev":{"confidence_interval":{"confidence_level":0.95,"lower_bound":24.718153848260194,"upper_bound":57.285076610401795},"point_estimate":49.26161865642297,"standard_error":7.9029892046810275}}