{"Mean":{"confidence_interval":{"confidence_level":0.95,"lower_bound":6787675.386256944,"upper_bound":7007871.719111772},"point_estimate":6902368.221402116,"standard_error":56553.192198911056},"Median":{"confidence_interval":{"confidence_level":0.95,"lower_bound":6740013.558333334,"upper_bound":7065929.8},"point_estimate":6939133.368055556,"standard_error":89306.27566503991},"MedianAbsDev":{"confidence_interval":{"confidence_level":0.95,"lower_bound":27807.420068819905,"upper_bound":325260.0552021464},"point_estimate":190522.74099921234,"standard_error":77146.60542271202},"Slope":{"confidence_interval":{"confidence_level":0.95,"lower_bound":6891184.97815534,"upper_bound":7070849.742396594},"point_estimate":7011739.857142857,"standard_error":46029.49442066727},"StdDev":{"confidence_interval":{"confidence_level":0.95,"lower_bound":104256.7388385759,"upper_bound":230924.59084345668},"point_estimate":188298.24631337053,"standard_error":32333.268383057413}}