{"Mean":{"confidence_interval":{"confidence_level":0.95,"lower_bound":2038272.358791209,"upper_bound":2100738.8073316165},"point_estimate":2071018.9146352257,"standard_error":15998.189243592527},"Median":{"confidence_interval":{"confidence_level":0.95,"lower_bound":2022297.6538461538,"upper_bound":2112582.4759615385},"point_estimate":2088910.370879121,"standard_error":22322.70832136162},"MedianAbsDev":{"confidence_interval":{"confidence_level":0.95,"lower_bound":10769.198901116135,"upper_bound":85795.02399798762},"point_estimate":42037.49108820446,"standard_error":20318.172302997125},"Slope":{"confidence_interval":{"confidence_level":0.95,"lower_bound":2077013.236134557,"upper_bound":2118064.956043956},"point_estimate":2104833.7634365633,"standard_error":10660.112394750235},"StdDev":{"confidence_interval":{"confidence_level":0.95,"lower_bound":22298.31227563432,"upper_bound":64331.244219154025},"point_estimate":53188.94144707149,"standard_error":9721.138299276812}}