{"Mean":{"confidence_interval":{"confidence_level":0.95,"lower_bound":821.4719904063044,"upper_bound":855.2493630097493},"point_estimate":836.5062359956122,"standard_error":8.728006577032312},"Median":{"confidence_interval":{"confidence_level":0.95,"lower_bound":820.0052697200122,"upper_bound":848.8646925141011},"point_estimate":827.7053435676518,"standard_error":8.185479168957237},"MedianAbsDev":{"confidence_interval":{"confidence_level":0.95,"lower_bound":2.717531828787197,"upper_bound":38.33487167230319},"point_estimate":20.787735267546545,"standard_error":9.305046340817661},"Slope":{"confidence_interval":{"confidence_level":0.95,"lower_bound":822.5073947232912,"upper_bound":834.8549603698117},"point_estimate":827.8058118892225,"standard_error":3.088178492474658},"StdDev":{"confidence_interval":{"confidence_level":0.95,"lower_bound":10.949265857780636,"upper_bound":41.21239197389515},"point_estimate":29.07975204209845,"standard_error":8.888088282934755}}