{"Mean":{"confidence_interval":{"confidence_level":0.95,"lower_bound":21332.99420769676,"upper_bound":22554.97378714043},"point_estimate":21852.649418897567,"standard_error":317.9698390211996},"Median":{"confidence_interval":{"confidence_level":0.95,"lower_bound":21239.925442302614,"upper_bound":22234.895695801424},"point_estimate":21425.42899895633,"standard_error":238.89154495635148},"MedianAbsDev":{"confidence_interval":{"confidence_level":0.95,"lower_bound":70.58955882072024,"upper_bound":1198.5827471743833},"point_estimate":336.98623151135814,"standard_error":295.55372777173386},"Slope":{"confidence_interval":{"confidence_level":0.95,"lower_bound":21204.13378297158,"upper_bound":21529.89517442089},"point_estimate":21322.454686058594,"standard_error":83.93762115950493},"StdDev":{"confidence_interval":{"confidence_level":0.95,"lower_bound":162.48686028546302,"upper_bound":1496.030147386426},"point_estimate":1058.2924029006106,"standard_error":364.53585227143714}}