{"Mean":{"confidence_interval":{"confidence_level":0.95,"lower_bound":32662.39804100959,"upper_bound":32952.44407792971},"point_estimate":32803.53345433208,"standard_error":74.45575440208648},"Median":{"confidence_interval":{"confidence_level":0.95,"lower_bound":32564.617715112076,"upper_bound":33027.839944220636},"point_estimate":32792.42995300073,"standard_error":128.99252094949838},"MedianAbsDev":{"confidence_interval":{"confidence_level":0.95,"lower_bound":21.378410889440698,"upper_bound":422.5967135771862},"point_estimate":341.3786366725042,"standard_error":116.35686230974754},"Slope":{"confidence_interval":{"confidence_level":0.95,"lower_bound":32679.673771285663,"upper_bound":32993.53639071454},"point_estimate":32827.34807636326,"standard_error":82.11227270655384},"StdDev":{"confidence_interval":{"confidence_level":0.95,"lower_bound":147.55804489555635,"upper_bound":302.98607491693116},"point_estimate":248.7499635024337,"standard_error":39.95368892104259}}