{"Mean":{"confidence_interval":{"confidence_level":0.95,"lower_bound":33034.4775057456,"upper_bound":33538.99030921127},"point_estimate":33285.2782981652,"standard_error":128.54683196297245},"Median":{"confidence_interval":{"confidence_level":0.95,"lower_bound":33083.379673826574,"upper_bound":33538.45411694511},"point_estimate":33274.33078648458,"standard_error":108.33342524919674},"MedianAbsDev":{"confidence_interval":{"confidence_level":0.95,"lower_bound":40.0359492295537,"upper_bound":722.6035612165709},"point_estimate":262.2518463584186,"standard_error":170.51871597267757},"Slope":{"confidence_interval":{"confidence_level":0.95,"lower_bound":33189.99126235364,"upper_bound":33745.51195590408},"point_estimate":33508.655776999454,"standard_error":140.60900620085},"StdDev":{"confidence_interval":{"confidence_level":0.95,"lower_bound":152.92946552420463,"upper_bound":586.900137904495},"point_estimate":426.5751699608151,"standard_error":104.95643849167928}}