{"Mean":{"confidence_interval":{"confidence_level":0.95,"lower_bound":9757.12161594858,"upper_bound":10424.633109083343},"point_estimate":10107.425770742766,"standard_error":171.7585497889322},"Median":{"confidence_interval":{"confidence_level":0.95,"lower_bound":9518.509189514914,"upper_bound":10525.343376519031},"point_estimate":10331.385665504527,"standard_error":243.65033174706846},"MedianAbsDev":{"confidence_interval":{"confidence_level":0.95,"lower_bound":55.56068076262191,"upper_bound":923.2218530220084},"point_estimate":431.525798491342,"standard_error":231.98315581178116},"Slope":{"confidence_interval":{"confidence_level":0.95,"lower_bound":10200.244899133691,"upper_bound":10645.365910013077},"point_estimate":10463.263547540137,"standard_error":116.48014445600461},"StdDev":{"confidence_interval":{"confidence_level":0.95,"lower_bound":267.25019698599016,"upper_bound":696.4957594277265},"point_estimate":571.6406398111695,"standard_error":102.56846473136369}}