{"Mean":{"confidence_interval":{"confidence_level":0.95,"lower_bound":20448.236157378444,"upper_bound":21043.89557850902},"point_estimate":20703.598573574393,"standard_error":152.64621725008757},"Median":{"confidence_interval":{"confidence_level":0.95,"lower_bound":20550.21131632394,"upper_bound":20719.634171109417},"point_estimate":20612.329377168484,"standard_error":53.73868251167124},"MedianAbsDev":{"confidence_interval":{"confidence_level":0.95,"lower_bound":26.71293980754904,"upper_bound":514.2279947726345},"point_estimate":99.60686608704152,"standard_error":107.77756883605451},"Slope":{"confidence_interval":{"confidence_level":0.95,"lower_bound":20220.638052999308,"upper_bound":20676.710313596785},"point_estimate":20466.86176859444,"standard_error":131.4702751136653},"StdDev":{"confidence_interval":{"confidence_level":0.95,"lower_bound":63.50009997493522,"upper_bound":750.8997252414833},"point_estimate":509.10509008799255,"standard_error":203.83138094241315}}