{"Mean":{"confidence_interval":{"confidence_level":0.95,"lower_bound":8415.207107860886,"upper_bound":8689.334455084383},"point_estimate":8544.900862013865,"standard_error":70.49094905158272},"Median":{"confidence_interval":{"confidence_level":0.95,"lower_bound":8380.250304565274,"upper_bound":8725.94408822775},"point_estimate":8484.456588583967,"standard_error":82.08001053691329},"MedianAbsDev":{"confidence_interval":{"confidence_level":0.95,"lower_bound":29.43456753249082,"upper_bound":373.93801091064466},"point_estimate":180.31619825595897,"standard_error":98.50519268670593},"Slope":{"confidence_interval":{"confidence_level":0.95,"lower_bound":8438.369833856477,"upper_bound":8596.936225689735},"point_estimate":8504.765756787454,"standard_error":40.126155445154986},"StdDev":{"confidence_interval":{"confidence_level":0.95,"lower_bound":107.88675175547642,"upper_bound":303.32744424387306},"point_estimate":235.74636113921656,"standard_error":49.14011873458616}}