{"Mean":{"confidence_interval":{"confidence_level":0.95,"lower_bound":97833.44344549628,"upper_bound":99378.47562740245},"point_estimate":98512.33078686173,"standard_error":402.06893892115465},"Median":{"confidence_interval":{"confidence_level":0.95,"lower_bound":97792.19787005163,"upper_bound":99327.9953815261},"point_estimate":98051.3313253012,"standard_error":323.2809437901051},"MedianAbsDev":{"confidence_interval":{"confidence_level":0.95,"lower_bound":29.44598357361757,"upper_bound":1684.9563524716004},"point_estimate":338.93600615135495,"standard_error":365.1002805253836},"Slope":{"confidence_interval":{"confidence_level":0.95,"lower_bound":97880.53993739255,"upper_bound":98881.00605552645},"point_estimate":98257.17196682835,"standard_error":259.8814245776925},"StdDev":{"confidence_interval":{"confidence_level":0.95,"lower_bound":206.83792325494042,"upper_bound":1777.3146220670424},"point_estimate":1341.4210445545846,"standard_error":415.0034014957305}}