{"Mean":{"confidence_interval":{"confidence_level":0.95,"lower_bound":955.153861051455,"upper_bound":978.7673885581318},"point_estimate":968.0649770754299,"standard_error":6.100220866815214},"Median":{"confidence_interval":{"confidence_level":0.95,"lower_bound":955.838448964279,"upper_bound":984.2438556154032},"point_estimate":975.0635470237617,"standard_error":6.769910409276638},"MedianAbsDev":{"confidence_interval":{"confidence_level":0.95,"lower_bound":2.009967226421689,"upper_bound":31.188538455484334},"point_estimate":13.838841142847537,"standard_error":7.378495578376503},"Slope":{"confidence_interval":{"confidence_level":0.95,"lower_bound":972.2730715871171,"upper_bound":979.9805008733175},"point_estimate":976.0507477216087,"standard_error":1.9514277391217796},"StdDev":{"confidence_interval":{"confidence_level":0.95,"lower_bound":6.130151900779677,"upper_bound":27.358278936844957},"point_estimate":20.36536823880192,"standard_error":5.37021438526211}}