{"Mean":{"confidence_interval":{"confidence_level":0.95,"lower_bound":19377.533786245636,"upper_bound":20476.068269307816},"point_estimate":19967.140823676265,"standard_error":281.116595654903},"Median":{"confidence_interval":{"confidence_level":0.95,"lower_bound":19437.615834218916,"upper_bound":20837.13310308183},"point_estimate":19923.43758160012,"standard_error":370.4498662782794},"MedianAbsDev":{"confidence_interval":{"confidence_level":0.95,"lower_bound":136.04495589502693,"upper_bound":1622.7146912601313},"point_estimate":819.4796944842723,"standard_error":366.88825274606796},"Slope":{"confidence_interval":{"confidence_level":0.95,"lower_bound":20066.378358349015,"upper_bound":20829.179212609797},"point_estimate":20578.310737402873,"standard_error":198.07677827833245},"StdDev":{"confidence_interval":{"confidence_level":0.95,"lower_bound":472.9096290532653,"upper_bound":1264.0745831147087},"point_estimate":932.7490810088141,"standard_error":228.6692439319739}}