{"Mean":{"confidence_interval":{"confidence_level":0.95,"lower_bound":2536.631502977417,"upper_bound":2610.2234498496578},"point_estimate":2575.0712508142524,"standard_error":18.98027733914177},"Median":{"confidence_interval":{"confidence_level":0.95,"lower_bound":2529.705933250927,"upper_bound":2618.066103557204},"point_estimate":2593.137234019071,"standard_error":21.776477455956556},"MedianAbsDev":{"confidence_interval":{"confidence_level":0.95,"lower_bound":7.051155239465039,"upper_bound":106.76599742714542},"point_estimate":54.23013499272329,"standard_error":23.748870824524154},"Slope":{"confidence_interval":{"confidence_level":0.95,"lower_bound":2581.2594676906083,"upper_bound":2639.5356876325354},"point_estimate":2614.433486587578,"standard_error":15.426126917272988},"StdDev":{"confidence_interval":{"confidence_level":0.95,"lower_bound":29.703706100057897,"upper_bound":83.3440949891192},"point_estimate":63.458041867162024,"standard_error":13.9891573428349}}