{"Mean":{"confidence_interval":{"confidence_level":0.95,"lower_bound":52542.286568481635,"upper_bound":52880.35623181121},"point_estimate":52718.99307116233,"standard_error":86.75190378856264},"Median":{"confidence_interval":{"confidence_level":0.95,"lower_bound":52424.063389242336,"upper_bound":52948.01845559411},"point_estimate":52883.63219036603,"standard_error":159.3881232669005},"MedianAbsDev":{"confidence_interval":{"confidence_level":0.95,"lower_bound":28.502564085742716,"upper_bound":455.53520162923263},"point_estimate":142.73933335173052,"standard_error":130.51325009222958},"Slope":{"confidence_interval":{"confidence_level":0.95,"lower_bound":52740.50442553555,"upper_bound":52927.37035551728},"point_estimate":52863.525367865215,"standard_error":48.451968199301696},"StdDev":{"confidence_interval":{"confidence_level":0.95,"lower_bound":161.52173035806442,"upper_bound":333.04441636646413},"point_estimate":289.17027028690177,"standard_error":44.435179875815074}}