{"Mean":{"confidence_interval":{"confidence_level":0.95,"lower_bound":18515.312005385487,"upper_bound":19818.09310109937},"point_estimate":19201.54922821509,"standard_error":333.70454827386465},"Median":{"confidence_interval":{"confidence_level":0.95,"lower_bound":18083.376558956916,"upper_bound":20157.284863945577},"point_estimate":19663.311862244896,"standard_error":510.9153710451137},"MedianAbsDev":{"confidence_interval":{"confidence_level":0.95,"lower_bound":126.82697689377932,"upper_bound":1803.9480548782824},"point_estimate":961.1201114188518,"standard_error":459.68140996172735},"Slope":{"confidence_interval":{"confidence_level":0.95,"lower_bound":19433.291046628012,"upper_bound":20159.50977375799},"point_estimate":19903.076838722503,"standard_error":187.0622030132175},"StdDev":{"confidence_interval":{"confidence_level":0.95,"lower_bound":541.9160856454743,"upper_bound":1350.6537843073997},"point_estimate":1114.9235489783705,"standard_error":201.06438976735532}}