{"Mean":{"confidence_interval":{"confidence_level":0.95,"lower_bound":167983.2802620135,"upper_bound":168707.5644726144},"point_estimate":168311.75753269345,"standard_error":185.90489213612867},"Median":{"confidence_interval":{"confidence_level":0.95,"lower_bound":167962.5939334638,"upper_bound":168575.72250489236},"point_estimate":168179.20993150683,"standard_error":177.34252162901745},"MedianAbsDev":{"confidence_interval":{"confidence_level":0.95,"lower_bound":101.50775943074908,"upper_bound":873.7999368157308},"point_estimate":437.8337501036053,"standard_error":193.33127303764846},"Slope":{"confidence_interval":{"confidence_level":0.95,"lower_bound":167730.37267856445,"upper_bound":168451.05345356243},"point_estimate":168080.57519505935,"standard_error":189.30430584565292},"StdDev":{"confidence_interval":{"confidence_level":0.95,"lower_bound":238.1672232996416,"upper_bound":871.7609931738486},"point_estimate":619.4368868198802,"standard_error":180.92062402629588}}