{"Mean":{"confidence_interval":{"confidence_level":0.95,"lower_bound":882.8655323574318,"upper_bound":924.4177712047955},"point_estimate":902.0468307076046,"standard_error":10.6508080433936},"Median":{"confidence_interval":{"confidence_level":0.95,"lower_bound":877.7082219433685,"upper_bound":913.8294266523603},"point_estimate":901.3873790623238,"standard_error":9.185667604748549},"MedianAbsDev":{"confidence_interval":{"confidence_level":0.95,"lower_bound":2.933700971567506,"upper_bound":53.55329715079024},"point_estimate":17.366826117923466,"standard_error":12.837511212440381},"Slope":{"confidence_interval":{"confidence_level":0.95,"lower_bound":891.2352406791839,"upper_bound":908.3508144602667},"point_estimate":898.8024625891503,"standard_error":4.334074088307881},"StdDev":{"confidence_interval":{"confidence_level":0.95,"lower_bound":11.71234378093354,"upper_bound":50.129873837657776},"point_estimate":35.612915017226875,"standard_error":10.138719240680732}}