{"Mean":{"confidence_interval":{"confidence_level":0.95,"lower_bound":1267.8027427199168,"upper_bound":1298.6395239479612},"point_estimate":1284.159715580105,"standard_error":7.937673584614473},"Median":{"confidence_interval":{"confidence_level":0.95,"lower_bound":1267.3154904668459,"upper_bound":1301.3861902512294},"point_estimate":1293.1572130060324,"standard_error":9.533863773827724},"MedianAbsDev":{"confidence_interval":{"confidence_level":0.95,"lower_bound":2.1528782423589443,"upper_bound":43.67828932103768},"point_estimate":17.714528465212183,"standard_error":10.468060011222144},"Slope":{"confidence_interval":{"confidence_level":0.95,"lower_bound":1285.7930354228365,"upper_bound":1299.6998713445414},"point_estimate":1292.062905885451,"standard_error":3.530222058263782},"StdDev":{"confidence_interval":{"confidence_level":0.95,"lower_bound":11.629687777171233,"upper_bound":34.67953197494613},"point_estimate":26.42309146792385,"standard_error":6.000939368682059}}