{"Mean":{"confidence_interval":{"confidence_level":0.95,"lower_bound":17919583.419735312,"upper_bound":18003787.57006349},"point_estimate":17959523.40056349,"standard_error":21626.75405904762},"Median":{"confidence_interval":{"confidence_level":0.95,"lower_bound":17917220.73142857,"upper_bound":18008823.71666667},"point_estimate":17931216.868055556,"standard_error":26671.196739632625},"MedianAbsDev":{"confidence_interval":{"confidence_level":0.95,"lower_bound":2083.03884301951,"upper_bound":118751.2022257445},"point_estimate":43902.96575056752,"standard_error":32901.665575630344},"Slope":{"confidence_interval":{"confidence_level":0.95,"lower_bound":17918431.161728393,"upper_bound":17977646.497159004},"point_estimate":17938930.005194806,"standard_error":15325.054047792824},"StdDev":{"confidence_interval":{"confidence_level":0.95,"lower_bound":32905.124113850005,"upper_bound":94076.18193849614},"point_estimate":72286.60140023069,"standard_error":15953.06334973859}}