{"Mean":{"confidence_interval":{"confidence_level":0.95,"lower_bound":81038.44720393603,"upper_bound":98326.91512171514},"point_estimate":89497.45936267203,"standard_error":4444.043374859193},"Median":{"confidence_interval":{"confidence_level":0.95,"lower_bound":75597.96500326158,"upper_bound":103263.57607632094},"point_estimate":89513.8566361476,"standard_error":8086.956965805723},"MedianAbsDev":{"confidence_interval":{"confidence_level":0.95,"lower_bound":1644.2935205144158,"upper_bound":24071.235157973053},"point_estimate":19458.900497808434,"standard_error":6609.465324666575},"Slope":{"confidence_interval":{"confidence_level":0.95,"lower_bound":76068.40787077362,"upper_bound":90713.75243016644},"point_estimate":81394.95352123414,"standard_error":3744.5686772005197},"StdDev":{"confidence_interval":{"confidence_level":0.95,"lower_bound":9206.475064885179,"upper_bound":17572.06102146212},"point_estimate":14793.923215199256,"standard_error":2158.643826429058}}