{"Mean":{"confidence_interval":{"confidence_level":0.95,"lower_bound":14751.8237096352,"upper_bound":15761.812736582197},"point_estimate":15199.491379993191,"standard_error":260.1021996809041},"Median":{"confidence_interval":{"confidence_level":0.95,"lower_bound":14545.978492527614,"upper_bound":15545.031393762183},"point_estimate":15017.714063244532,"standard_error":267.6829745153826},"MedianAbsDev":{"confidence_interval":{"confidence_level":0.95,"lower_bound":204.01582203881586,"upper_bound":1200.7144721690884},"point_estimate":733.503235379275,"standard_error":255.2873939788489},"Slope":{"confidence_interval":{"confidence_level":0.95,"lower_bound":14735.53379461585,"upper_bound":15304.053044375645},"point_estimate":14968.066287942078,"standard_error":144.35787663405682},"StdDev":{"confidence_interval":{"confidence_level":0.95,"lower_bound":341.77987933955035,"upper_bound":1215.7516434966708},"point_estimate":863.8173069276675,"standard_error":254.9430794315192}}