{"Mean":{"confidence_interval":{"confidence_level":0.95,"lower_bound":4535456.268833334,"upper_bound":4586530.921594792},"point_estimate":4557310.184708334,"standard_error":13392.929867581044},"Median":{"confidence_interval":{"confidence_level":0.95,"lower_bound":4534102.675,"upper_bound":4574689.070833333},"point_estimate":4541378.423333334,"standard_error":8951.643831657502},"MedianAbsDev":{"confidence_interval":{"confidence_level":0.95,"lower_bound":2386.2100636361556,"upper_bound":50769.45318637252},"point_estimate":13596.74119573529,"standard_error":12605.58991846722},"Slope":{"confidence_interval":{"confidence_level":0.95,"lower_bound":4534384.699836786,"upper_bound":4547167.118925121},"point_estimate":4540500.610649351,"standard_error":3204.9599058731233},"StdDev":{"confidence_interval":{"confidence_level":0.95,"lower_bound":8452.939391071668,"upper_bound":63161.215384816205},"point_estimate":44752.54337469606,"standard_error":15210.800399808979}}