{"Mean":{"confidence_interval":{"confidence_level":0.95,"lower_bound":2075715.30125,"upper_bound":2153248.130128205},"point_estimate":2116073.697074176,"standard_error":19806.398040237655},"Median":{"confidence_interval":{"confidence_level":0.95,"lower_bound":2060344.653846154,"upper_bound":2169163.537820513},"point_estimate":2131138.739102564,"standard_error":31768.207341574467},"MedianAbsDev":{"confidence_interval":{"confidence_level":0.95,"lower_bound":5248.651719606339,"upper_bound":112916.69100494335},"point_estimate":70349.7726645035,"standard_error":26187.341126808347},"Slope":{"confidence_interval":{"confidence_level":0.95,"lower_bound":2109532.2965260544,"upper_bound":2176125.564271255},"point_estimate":2148042.8110889113,"standard_error":16941.013545522685},"StdDev":{"confidence_interval":{"confidence_level":0.95,"lower_bound":37066.2625339377,"upper_bound":82124.0589780115},"point_estimate":65724.87410291265,"standard_error":11691.000501451395}}