{"Mean":{"confidence_interval":{"confidence_level":0.95,"lower_bound":59176.73684187401,"upper_bound":64009.54383688783},"point_estimate":61729.30882240653,"standard_error":1241.4671765408154},"Median":{"confidence_interval":{"confidence_level":0.95,"lower_bound":59154.2324249605,"upper_bound":64906.215771458665},"point_estimate":62670.438783570295,"standard_error":1465.3688369587207},"MedianAbsDev":{"confidence_interval":{"confidence_level":0.95,"lower_bound":867.2018261917659,"upper_bound":6983.564961680441},"point_estimate":3386.3186510182663,"standard_error":1460.279306961052},"Slope":{"confidence_interval":{"confidence_level":0.95,"lower_bound":62064.867328224194,"upper_bound":66033.99219732874},"point_estimate":64492.570237582324,"standard_error":1019.975472747107},"StdDev":{"confidence_interval":{"confidence_level":0.95,"lower_bound":1982.6034700640935,"upper_bound":5517.283186022839},"point_estimate":4132.816227319217,"standard_error":947.8188895159494}}