{"Mean":{"confidence_interval":{"confidence_level":0.95,"lower_bound":11475876.957833994,"upper_bound":11978144.629007936},"point_estimate":11728312.540859789,"standard_error":128696.7266041977},"Median":{"confidence_interval":{"confidence_level":0.95,"lower_bound":11287637.916666668,"upper_bound":12087922.251984127},"point_estimate":11810056.564814813,"standard_error":238171.4780756304},"MedianAbsDev":{"confidence_interval":{"confidence_level":0.95,"lower_bound":101302.22615152644,"upper_bound":700315.96097524},"point_estimate":653656.1952952819,"standard_error":171972.7365830742},"Slope":{"confidence_interval":{"confidence_level":0.95,"lower_bound":11714057.41375969,"upper_bound":12179207.146977289},"point_estimate":12005605.758008659,"standard_error":119511.06638226131},"StdDev":{"confidence_interval":{"confidence_level":0.95,"lower_bound":282577.9371256455,"upper_bound":500139.4949485313},"point_estimate":429320.0412315968,"standard_error":56095.28281346192}}