{"Mean":{"confidence_interval":{"confidence_level":0.95,"lower_bound":34455.899469128075,"upper_bound":34605.72198442498},"point_estimate":34528.022872224545,"standard_error":38.50899489103674},"Median":{"confidence_interval":{"confidence_level":0.95,"lower_bound":34407.71360033375,"upper_bound":34619.33212348769},"point_estimate":34532.759484077316,"standard_error":59.632573422407994},"MedianAbsDev":{"confidence_interval":{"confidence_level":0.95,"lower_bound":28.076950907468063,"upper_bound":233.8039644140247},"point_estimate":152.88407638464147,"standard_error":51.58815236185654},"Slope":{"confidence_interval":{"confidence_level":0.95,"lower_bound":34434.690446355184,"upper_bound":34671.72147638252},"point_estimate":34563.81993184121,"standard_error":60.814693661576726},"StdDev":{"confidence_interval":{"confidence_level":0.95,"lower_bound":74.6685160948424,"upper_bound":164.76932195799262},"point_estimate":129.18408020752216,"standard_error":24.36778760751918}}