{"Mean":{"confidence_interval":{"confidence_level":0.95,"lower_bound":6672.299611772627,"upper_bound":7385.567957730882},"point_estimate":7049.500658710752,"standard_error":183.00094125766674},"Median":{"confidence_interval":{"confidence_level":0.95,"lower_bound":6583.277131618116,"upper_bound":7584.956740378482},"point_estimate":7109.732861117018,"standard_error":217.81524157641675},"MedianAbsDev":{"confidence_interval":{"confidence_level":0.95,"lower_bound":116.18377447171898,"upper_bound":1040.9523726737177},"point_estimate":539.4439400008848,"standard_error":250.8188719843453},"Slope":{"confidence_interval":{"confidence_level":0.95,"lower_bound":7194.723553653492,"upper_bound":7594.909240269881},"point_estimate":7463.54794618522,"standard_error":104.80153727406281},"StdDev":{"confidence_interval":{"confidence_level":0.95,"lower_bound":278.8778623359256,"upper_bound":775.3509195784674},"point_estimate":612.8862232421644,"standard_error":128.42245182396775}}