{"Mean":{"confidence_interval":{"confidence_level":0.95,"lower_bound":905307.6226545479,"upper_bound":931315.6926742919},"point_estimate":917668.3145697167,"standard_error":6694.2677308589555},"Median":{"confidence_interval":{"confidence_level":0.95,"lower_bound":900341.6797385621,"upper_bound":935027.9227941176},"point_estimate":912939.8869825709,"standard_error":7381.796085648144},"MedianAbsDev":{"confidence_interval":{"confidence_level":0.95,"lower_bound":4832.022245096799,"upper_bound":39307.19439235388},"point_estimate":16678.690498828597,"standard_error":8859.335042130911},"Slope":{"confidence_interval":{"confidence_level":0.95,"lower_bound":912969.9100154585,"upper_bound":947500.9309129599},"point_estimate":931961.9823274765,"standard_error":9191.101191759964},"StdDev":{"confidence_interval":{"confidence_level":0.95,"lower_bound":10345.73250585471,"upper_bound":28621.29172843454},"point_estimate":22208.69092718591,"standard_error":4710.1663614497775}}