{"Mean":{"confidence_interval":{"confidence_level":0.95,"lower_bound":188721.54665072725,"upper_bound":190494.3465670452},"point_estimate":189589.3236730424,"standard_error":454.85926823600715},"Median":{"confidence_interval":{"confidence_level":0.95,"lower_bound":188316.12238493725,"upper_bound":191259.11297071129},"point_estimate":189001.36874875473,"standard_error":928.6879492800998},"MedianAbsDev":{"confidence_interval":{"confidence_level":0.95,"lower_bound":166.77088871287765,"upper_bound":2362.0863128762717},"point_estimate":1557.8634125097365,"standard_error":623.5032427870974},"Slope":{"confidence_interval":{"confidence_level":0.95,"lower_bound":188986.2642604023,"upper_bound":190986.02930964195},"point_estimate":190313.7630821062,"standard_error":489.9514841521967},"StdDev":{"confidence_interval":{"confidence_level":0.95,"lower_bound":990.3467762508681,"upper_bound":1708.412039304311},"point_estimate":1515.590211792837,"standard_error":186.19443588047193}}