{"Mean":{"confidence_interval":{"confidence_level":0.95,"lower_bound":14527.544151232098,"upper_bound":14715.649271772976},"point_estimate":14627.962646828575,"standard_error":48.388906695590435},"Median":{"confidence_interval":{"confidence_level":0.95,"lower_bound":14477.916151587937,"upper_bound":14763.30712836936},"point_estimate":14681.815112089673,"standard_error":67.32059165952751},"MedianAbsDev":{"confidence_interval":{"confidence_level":0.95,"lower_bound":12.26884121533173,"upper_bound":280.0503599515202},"point_estimate":135.03547070592344,"standard_error":66.74949382638258},"Slope":{"confidence_interval":{"confidence_level":0.95,"lower_bound":14627.014030248589,"upper_bound":14747.794036001002},"point_estimate":14689.005216016969,"standard_error":31.948014830170997},"StdDev":{"confidence_interval":{"confidence_level":0.95,"lower_bound":68.49028800025012,"upper_bound":197.8101033852911},"point_estimate":161.30038169168674,"standard_error":33.18908204861074}}