{"Mean":{"confidence_interval":{"confidence_level":0.95,"lower_bound":26076.42825801375,"upper_bound":26800.474089501084},"point_estimate":26377.19040123748,"standard_error":190.1029383740831},"Median":{"confidence_interval":{"confidence_level":0.95,"lower_bound":26122.637812053228,"upper_bound":26407.172682283075},"point_estimate":26263.380876773343,"standard_error":107.7606815276267},"MedianAbsDev":{"confidence_interval":{"confidence_level":0.95,"lower_bound":21.0077388880112,"upper_bound":585.2446734897372},"point_estimate":207.42978294556067,"standard_error":139.54785487777366},"Slope":{"confidence_interval":{"confidence_level":0.95,"lower_bound":25847.89535965645,"upper_bound":26360.074115869473},"point_estimate":26117.26285697147,"standard_error":143.7760846488598},"StdDev":{"confidence_interval":{"confidence_level":0.95,"lower_bound":121.03505202648486,"upper_bound":944.1337881933214},"point_estimate":632.6501911087873,"standard_error":254.73557470978798}}