{"Mean":{"confidence_interval":{"confidence_level":0.95,"lower_bound":329749.25548909925,"upper_bound":357845.4893867971},"point_estimate":342924.3888841079,"standard_error":7222.920549279731},"Median":{"confidence_interval":{"confidence_level":0.95,"lower_bound":323253.5873493976,"upper_bound":358740.3925702811},"point_estimate":335681.516315261,"standard_error":9112.002741329923},"MedianAbsDev":{"confidence_interval":{"confidence_level":0.95,"lower_bound":4734.821079343728,"upper_bound":38730.5156828176},"point_estimate":18976.287913856522,"standard_error":8780.067917226328},"Slope":{"confidence_interval":{"confidence_level":0.95,"lower_bound":323802.12394257885,"upper_bound":350198.673001182},"point_estimate":335446.1133625411,"standard_error":6883.342696419576},"StdDev":{"confidence_interval":{"confidence_level":0.95,"lower_bound":11283.038028143254,"upper_bound":30995.475411130745},"point_estimate":24077.108054257063,"standard_error":5103.275815993986}}