{"Mean":{"confidence_interval":{"confidence_level":0.95,"lower_bound":278246.11894938233,"upper_bound":287905.7547493734},"point_estimate":282949.75570831844,"standard_error":2468.0292229321244},"Median":{"confidence_interval":{"confidence_level":0.95,"lower_bound":274709.2077067669,"upper_bound":288341.44809941517},"point_estimate":284375.83539205155,"standard_error":3955.170506142532},"MedianAbsDev":{"confidence_interval":{"confidence_level":0.95,"lower_bound":612.4809996525804,"upper_bound":15789.384932050843},"point_estimate":9623.709395811658,"standard_error":3787.197360243242},"Slope":{"confidence_interval":{"confidence_level":0.95,"lower_bound":282097.87577639753,"upper_bound":287934.85316231754},"point_estimate":285921.94340396445,"standard_error":1495.2815519466621},"StdDev":{"confidence_interval":{"confidence_level":0.95,"lower_bound":4954.047509703075,"upper_bound":10406.427433180561},"point_estimate":8209.310365076879,"standard_error":1461.3182838911139}}