{"Mean":{"confidence_interval":{"confidence_level":0.95,"lower_bound":260276.5397413244,"upper_bound":262512.5491858826},"point_estimate":261406.84934108792,"standard_error":569.7915192347455},"Median":{"confidence_interval":{"confidence_level":0.95,"lower_bound":259437.46329194523,"upper_bound":262636.16905444127},"point_estimate":262231.72263610316,"standard_error":1088.5811999816017},"MedianAbsDev":{"confidence_interval":{"confidence_level":0.95,"lower_bound":48.143959775648796,"upper_bound":3280.489487834169},"point_estimate":2124.643149185492,"standard_error":968.7729552437687},"Slope":{"confidence_interval":{"confidence_level":0.95,"lower_bound":259757.889486285,"upper_bound":262551.22521567345},"point_estimate":260697.06139991814,"standard_error":707.5882810308168},"StdDev":{"confidence_interval":{"confidence_level":0.95,"lower_bound":1229.7928626107323,"upper_bound":2269.3537698858167},"point_estimate":1894.5154646355907,"standard_error":273.8986618886394}}