{"Mean":{"confidence_interval":{"confidence_level":0.95,"lower_bound":1037591.1965886753,"upper_bound":1080681.0624900796},"point_estimate":1061557.9331990234,"standard_error":11132.767958691253},"Median":{"confidence_interval":{"confidence_level":0.95,"lower_bound":1037041.0697115385,"upper_bound":1084538.0247252746},"point_estimate":1071205.4331196581,"standard_error":8990.131413165089},"MedianAbsDev":{"confidence_interval":{"confidence_level":0.95,"lower_bound":1661.726482838129,"upper_bound":47458.12851177677},"point_estimate":13073.448833348546,"standard_error":11962.642578274064},"Slope":{"confidence_interval":{"confidence_level":0.95,"lower_bound":1069278.165688112,"upper_bound":1084101.4494741184},"point_estimate":1077340.2425074924,"standard_error":3873.659366283163},"StdDev":{"confidence_interval":{"confidence_level":0.95,"lower_bound":8409.04834114608,"upper_bound":48211.210202376256},"point_estimate":37054.35869072592,"standard_error":10525.497917882269}}