{"Mean":{"confidence_interval":{"confidence_level":0.95,"lower_bound":19622.74735298391,"upper_bound":20173.77566168024},"point_estimate":19884.188126157787,"standard_error":141.43578028961855},"Median":{"confidence_interval":{"confidence_level":0.95,"lower_bound":19575.917143401985,"upper_bound":20226.185545385204},"point_estimate":19830.2316252588,"standard_error":160.02568013274558},"MedianAbsDev":{"confidence_interval":{"confidence_level":0.95,"lower_bound":30.514990553785115,"upper_bound":814.4488421005185},"point_estimate":353.85313595183266,"standard_error":195.27786021925164},"Slope":{"confidence_interval":{"confidence_level":0.95,"lower_bound":19574.141391964047,"upper_bound":19903.023200438904},"point_estimate":19724.101202611273,"standard_error":84.91886284629305},"StdDev":{"confidence_interval":{"confidence_level":0.95,"lower_bound":193.21106470285827,"upper_bound":617.1917033693019},"point_estimate":472.0155247317102,"standard_error":104.97209866709358}}