{"Mean":{"confidence_interval":{"confidence_level":0.95,"lower_bound":39312.741099087805,"upper_bound":40156.77256680552},"point_estimate":39746.799069097295,"standard_error":216.9827359903871},"Median":{"confidence_interval":{"confidence_level":0.95,"lower_bound":39162.99352477478,"upper_bound":40488.550071123755},"point_estimate":39750.18686496647,"standard_error":295.16319955751743},"MedianAbsDev":{"confidence_interval":{"confidence_level":0.95,"lower_bound":144.99176893607765,"upper_bound":1327.724456821735},"point_estimate":834.5653318549138,"standard_error":324.94070051855124},"Slope":{"confidence_interval":{"confidence_level":0.95,"lower_bound":39731.29491811327,"upper_bound":40385.211484837746},"point_estimate":40082.823230681126,"standard_error":166.04456258707222},"StdDev":{"confidence_interval":{"confidence_level":0.95,"lower_bound":402.74808499956936,"upper_bound":895.7556736330887},"point_estimate":724.8737572548368,"standard_error":127.17586747877064}}