{"Mean":{"confidence_interval":{"confidence_level":0.95,"lower_bound":42334.50274288246,"upper_bound":42910.92623725154},"point_estimate":42640.353486999324,"standard_error":147.5781194588168},"Median":{"confidence_interval":{"confidence_level":0.95,"lower_bound":42342.21846959123,"upper_bound":42998.33974327019},"point_estimate":42756.13977511908,"standard_error":161.06896683177155},"MedianAbsDev":{"confidence_interval":{"confidence_level":0.95,"lower_bound":92.7352364144472,"upper_bound":806.6320783414473},"point_estimate":422.9441518672892,"standard_error":195.9010442001762},"Slope":{"confidence_interval":{"confidence_level":0.95,"lower_bound":42689.021358416074,"upper_bound":43004.51547492706},"point_estimate":42842.46603436444,"standard_error":79.68243012957747},"StdDev":{"confidence_interval":{"confidence_level":0.95,"lower_bound":224.7792007665471,"upper_bound":639.4757283750748},"point_estimate":493.02849899266073,"standard_error":106.78688036393048}}