{"Mean":{"confidence_interval":{"confidence_level":0.95,"lower_bound":357573.42426640925,"upper_bound":360040.5735557057},"point_estimate":358788.53397211496,"standard_error":632.6876944839206},"Median":{"confidence_interval":{"confidence_level":0.95,"lower_bound":357131.3581081081,"upper_bound":360588.2810810811},"point_estimate":358779.47876447876,"standard_error":831.4351406573383},"MedianAbsDev":{"confidence_interval":{"confidence_level":0.95,"lower_bound":535.8721652161119,"upper_bound":3582.460411263477},"point_estimate":2508.300702225516,"standard_error":789.2765079110981},"Slope":{"confidence_interval":{"confidence_level":0.95,"lower_bound":358532.00890302064,"upper_bound":361274.7120540541},"point_estimate":360174.65714285715,"standard_error":711.1357670330382},"StdDev":{"confidence_interval":{"confidence_level":0.95,"lower_bound":1210.1851418561873,"upper_bound":2653.5661619226194},"point_estimate":2112.843115151746,"standard_error":370.1626324962258}}