{"Mean":{"confidence_interval":{"confidence_level":0.95,"lower_bound":252530.664618937,"upper_bound":254067.77009292558},"point_estimate":253244.88204842107,"standard_error":396.4443461595335},"Median":{"confidence_interval":{"confidence_level":0.95,"lower_bound":252116.71515679444,"upper_bound":254252.58954703834},"point_estimate":252884.40965654555,"standard_error":539.4829845728069},"MedianAbsDev":{"confidence_interval":{"confidence_level":0.95,"lower_bound":165.28779869156025,"upper_bound":2249.005305722604},"point_estimate":1162.89567425867,"standard_error":501.7111804596574},"Slope":{"confidence_interval":{"confidence_level":0.95,"lower_bound":252488.82189353087,"upper_bound":254991.32454722977},"point_estimate":253726.32192406897,"standard_error":688.6785546361618},"StdDev":{"confidence_interval":{"confidence_level":0.95,"lower_bound":601.1525975381695,"upper_bound":1758.4682776319796},"point_estimate":1316.8367031929472,"standard_error":315.4349026538222}}