{"Mean":{"confidence_interval":{"confidence_level":0.95,"lower_bound":700.7309070481948,"upper_bound":721.7964054919566},"point_estimate":711.8844633098242,"standard_error":5.419356831384245},"Median":{"confidence_interval":{"confidence_level":0.95,"lower_bound":698.8219103892743,"upper_bound":724.5364923277457},"point_estimate":715.9907674171195,"standard_error":6.13711205608489},"MedianAbsDev":{"confidence_interval":{"confidence_level":0.95,"lower_bound":0.4288805289165146,"upper_bound":29.615120976857323},"point_estimate":14.257900512793686,"standard_error":7.463884694378004},"Slope":{"confidence_interval":{"confidence_level":0.95,"lower_bound":715.5508389689281,"upper_bound":727.4683217625765},"point_estimate":723.0171243954871,"standard_error":2.9323236870913787},"StdDev":{"confidence_interval":{"confidence_level":0.95,"lower_bound":7.222229398328371,"upper_bound":22.558495587781167},"point_estimate":18.038166653872235,"standard_error":3.777490089363841}}