{"Mean":{"confidence_interval":{"confidence_level":0.95,"lower_bound":823.9817576591335,"upper_bound":834.4877632221455},"point_estimate":828.7763743209258,"standard_error":2.684381969289037},"Median":{"confidence_interval":{"confidence_level":0.95,"lower_bound":822.5296947734639,"upper_bound":833.9016618242189},"point_estimate":826.6671944688162,"standard_error":3.2256953355648},"MedianAbsDev":{"confidence_interval":{"confidence_level":0.95,"lower_bound":0.43186604985621824,"upper_bound":13.746948696073428},"point_estimate":6.675649666371894,"standard_error":3.3027602095414217},"Slope":{"confidence_interval":{"confidence_level":0.95,"lower_bound":822.623841799812,"upper_bound":833.5469293374015},"point_estimate":827.3605320193443,"standard_error":2.7688260093682673},"StdDev":{"confidence_interval":{"confidence_level":0.95,"lower_bound":3.8725860393943736,"upper_bound":12.149734525178404},"point_estimate":8.946039887578037,"standard_error":2.305392935530695}}