{"Mean":{"confidence_interval":{"confidence_level":0.95,"lower_bound":21299.1441084237,"upper_bound":21706.595004084964},"point_estimate":21460.328004218845,"standard_error":111.18207347025735},"Median":{"confidence_interval":{"confidence_level":0.95,"lower_bound":21281.696943483275,"upper_bound":21485.064895112457},"point_estimate":21326.146209218983,"standard_error":61.68069334917992},"MedianAbsDev":{"confidence_interval":{"confidence_level":0.95,"lower_bound":5.5317480851836525,"upper_bound":273.3297527743011},"point_estimate":70.51526615186648,"standard_error":74.06834788184305},"Slope":{"confidence_interval":{"confidence_level":0.95,"lower_bound":21332.61984104998,"upper_bound":22081.914471995875},"point_estimate":21669.23827012088,"standard_error":222.32255327918455},"StdDev":{"confidence_interval":{"confidence_level":0.95,"lower_bound":58.9641454710298,"upper_bound":561.7817174419941},"point_estimate":371.3804978678983,"standard_error":160.99807986088993}}