{"Mean":{"confidence_interval":{"confidence_level":0.95,"lower_bound":414.34492597634875,"upper_bound":418.74362110764355},"point_estimate":416.43855232872795,"standard_error":1.1258021771984295},"Median":{"confidence_interval":{"confidence_level":0.95,"lower_bound":413.6278313359572,"upper_bound":418.58915015172477},"point_estimate":415.8162696482358,"standard_error":1.28721266898919},"MedianAbsDev":{"confidence_interval":{"confidence_level":0.95,"lower_bound":0.7690335820662006,"upper_bound":6.172959579524923},"point_estimate":3.542777382967574,"standard_error":1.433641539646228},"Slope":{"confidence_interval":{"confidence_level":0.95,"lower_bound":416.22680288946293,"upper_bound":421.66274334498786},"point_estimate":419.16616377622876,"standard_error":1.4691541577121463},"StdDev":{"confidence_interval":{"confidence_level":0.95,"lower_bound":1.7684380512246427,"upper_bound":5.068472582694973},"point_estimate":3.765640209324724,"standard_error":0.8780297246309586}}