{"Mean":{"confidence_interval":{"confidence_level":0.95,"lower_bound":52460.80874424265,"upper_bound":54803.816947836116},"point_estimate":53718.33350596934,"standard_error":601.6960925447803},"Median":{"confidence_interval":{"confidence_level":0.95,"lower_bound":52045.89743589744,"upper_bound":55235.50481617148},"point_estimate":54199.33653846154,"standard_error":772.6630075042318},"MedianAbsDev":{"confidence_interval":{"confidence_level":0.95,"lower_bound":398.3777104772314,"upper_bound":3328.7809484535924},"point_estimate":1748.8085956262296,"standard_error":754.5274554818101},"Slope":{"confidence_interval":{"confidence_level":0.95,"lower_bound":54268.79796848373,"upper_bound":55457.92116420461},"point_estimate":55073.54343434343,"standard_error":306.31792241920175},"StdDev":{"confidence_interval":{"confidence_level":0.95,"lower_bound":833.9427699502104,"upper_bound":2648.6540520502026},"point_estimate":2006.785206899719,"standard_error":471.07730242461565}}