{"Mean":{"confidence_interval":{"confidence_level":0.95,"lower_bound":3900745.208478519,"upper_bound":3934195.199646221},"point_estimate":3917001.0128881983,"standard_error":8596.137056887066},"Median":{"confidence_interval":{"confidence_level":0.95,"lower_bound":3889949.7391304346,"upper_bound":3949205.086956522},"point_estimate":3911171.11552795,"standard_error":14350.412494976285},"MedianAbsDev":{"confidence_interval":{"confidence_level":0.95,"lower_bound":6459.0757070672535,"upper_bound":46410.25402931382},"point_estimate":33525.256911764205,"standard_error":11239.706137181518},"Slope":{"confidence_interval":{"confidence_level":0.95,"lower_bound":3889880.1737132967,"upper_bound":3914266.303403978},"point_estimate":3898040.7869000565,"standard_error":6320.701726638106},"StdDev":{"confidence_interval":{"confidence_level":0.95,"lower_bound":16736.975609775887,"upper_bound":33388.63677549273},"point_estimate":28504.183016264324,"standard_error":4139.210679192248}}