{"Mean":{"confidence_interval":{"confidence_level":0.95,"lower_bound":1438749.7633154124,"upper_bound":1453982.1655235537},"point_estimate":1444714.974705581,"standard_error":4179.668983545295},"Median":{"confidence_interval":{"confidence_level":0.95,"lower_bound":1438192.505376344,"upper_bound":1445822.1088709678},"point_estimate":1440709.509408602,"standard_error":1886.833023838113},"MedianAbsDev":{"confidence_interval":{"confidence_level":0.95,"lower_bound":59.27490491518747,"upper_bound":9377.22795677373},"point_estimate":4836.310860105823,"standard_error":2785.3231917483167},"Slope":{"confidence_interval":{"confidence_level":0.95,"lower_bound":1437588.6151308888,"upper_bound":1459660.7602498336},"point_estimate":1445745.9604524507,"standard_error":5825.524374705152},"StdDev":{"confidence_interval":{"confidence_level":0.95,"lower_bound":2503.3099421182505,"upper_bound":21160.528084804795},"point_estimate":13904.026616692989,"standard_error":6222.369081476432}}