{"Mean":{"confidence_interval":{"confidence_level":0.95,"lower_bound":1146008.3495518207,"upper_bound":1159264.181763597},"point_estimate":1152569.8862301589,"standard_error":3398.4565844683907},"Median":{"confidence_interval":{"confidence_level":0.95,"lower_bound":1140933.7294117648,"upper_bound":1160242.0514705884},"point_estimate":1154189.7405462186,"standard_error":4310.975045421778},"MedianAbsDev":{"confidence_interval":{"confidence_level":0.95,"lower_bound":857.8536632013286,"upper_bound":22135.36057201856},"point_estimate":9763.69119724806,"standard_error":5785.716705885711},"Slope":{"confidence_interval":{"confidence_level":0.95,"lower_bound":1148341.8931088964,"upper_bound":1164622.7022178667},"point_estimate":1157402.5495416347,"standard_error":4346.857843794596},"StdDev":{"confidence_interval":{"confidence_level":0.95,"lower_bound":6516.192317114365,"upper_bound":14296.134641986413},"point_estimate":11282.753113567576,"standard_error":2056.4632059083247}}