{"Mean":{"confidence_interval":{"confidence_level":0.95,"lower_bound":998697.1640567514,"upper_bound":1004603.9985746902},"point_estimate":1001338.5876157861,"standard_error":1522.8752626898645},"Median":{"confidence_interval":{"confidence_level":0.95,"lower_bound":997882.7380136986,"upper_bound":1003933.7205479452},"point_estimate":999718.4680365296,"standard_error":2032.5742757135292},"MedianAbsDev":{"confidence_interval":{"confidence_level":0.95,"lower_bound":74.5209582660509,"upper_bound":7836.32423074048},"point_estimate":3599.033196378371,"standard_error":2018.362679243876},"Slope":{"confidence_interval":{"confidence_level":0.95,"lower_bound":997909.0952593801,"upper_bound":1003643.0647668247},"point_estimate":999878.5707169543,"standard_error":1448.857015266708},"StdDev":{"confidence_interval":{"confidence_level":0.95,"lower_bound":2230.924898140455,"upper_bound":7109.896188399599},"point_estimate":5076.557698543032,"standard_error":1453.0934131462243}}