{"Mean":{"confidence_interval":{"confidence_level":0.95,"lower_bound":85973.4202244837,"upper_bound":101989.12199943107},"point_estimate":93560.87019229676,"standard_error":4016.3277942342693},"Median":{"confidence_interval":{"confidence_level":0.95,"lower_bound":85162.97479091995,"upper_bound":107346.22939068101},"point_estimate":86061.33134209478,"standard_error":5785.40429113809},"MedianAbsDev":{"confidence_interval":{"confidence_level":0.95,"lower_bound":283.6926413194931,"upper_bound":20112.756169307126},"point_estimate":2171.953468321845,"standard_error":5377.3324506401095},"Slope":{"confidence_interval":{"confidence_level":0.95,"lower_bound":85350.48257217738,"upper_bound":93401.52196759597},"point_estimate":87638.75837639063,"standard_error":2163.8346812080936},"StdDev":{"confidence_interval":{"confidence_level":0.95,"lower_bound":1894.033330257359,"upper_bound":15838.334412947172},"point_estimate":13381.737365862782,"standard_error":2827.8910711071217}}