{"Mean":{"confidence_interval":{"confidence_level":0.95,"lower_bound":27546.146697681706,"upper_bound":28165.009338970798},"point_estimate":27849.429299955616,"standard_error":158.55823991049252},"Median":{"confidence_interval":{"confidence_level":0.95,"lower_bound":27397.865371436405,"upper_bound":28330.430820540936},"point_estimate":27856.336809210523,"standard_error":229.24602578762142},"MedianAbsDev":{"confidence_interval":{"confidence_level":0.95,"lower_bound":51.58569356443705,"upper_bound":931.0342626361384},"point_estimate":504.41408291245403,"standard_error":225.6901219543463},"Slope":{"confidence_interval":{"confidence_level":0.95,"lower_bound":27701.709108245283,"upper_bound":28146.87124976633},"point_estimate":27943.11752050581,"standard_error":111.34451071536449},"StdDev":{"confidence_interval":{"confidence_level":0.95,"lower_bound":305.2674228261286,"upper_bound":649.7512389938167},"point_estimate":527.5547911528246,"standard_error":88.18526182664793}}