{"Mean":{"confidence_interval":{"confidence_level":0.95,"lower_bound":91157.20153926482,"upper_bound":91817.91567186716},"point_estimate":91483.66858688388,"standard_error":168.79037767672853},"Median":{"confidence_interval":{"confidence_level":0.95,"lower_bound":91057.11729323308,"upper_bound":91846.31287593985},"point_estimate":91503.31781954887,"standard_error":219.55859421928918},"MedianAbsDev":{"confidence_interval":{"confidence_level":0.95,"lower_bound":115.93539159087224,"upper_bound":985.0427667225235},"point_estimate":551.3987477545769,"standard_error":214.65175272543135},"Slope":{"confidence_interval":{"confidence_level":0.95,"lower_bound":91490.05763643165,"upper_bound":91994.43567442962},"point_estimate":91733.74871203984,"standard_error":127.12814967094526},"StdDev":{"confidence_interval":{"confidence_level":0.95,"lower_bound":311.0388088275506,"upper_bound":726.5464984052982},"point_estimate":563.6675584992772,"standard_error":107.85488326135983}}