{"Mean":{"confidence_interval":{"confidence_level":0.95,"lower_bound":170736.69170908688,"upper_bound":172695.4063485309},"point_estimate":171669.04522146235,"standard_error":502.7059062891561},"Median":{"confidence_interval":{"confidence_level":0.95,"lower_bound":170610.88250591015,"upper_bound":173262.12127659575},"point_estimate":171155.8822606383,"standard_error":664.0589980123507},"MedianAbsDev":{"confidence_interval":{"confidence_level":0.95,"lower_bound":182.5266681212035,"upper_bound":2775.2311355879765},"point_estimate":911.9535145666874,"standard_error":749.4844878777275},"Slope":{"confidence_interval":{"confidence_level":0.95,"lower_bound":170617.2344865708,"upper_bound":172073.60766156137},"point_estimate":171117.7987012987,"standard_error":381.1073674822147},"StdDev":{"confidence_interval":{"confidence_level":0.95,"lower_bound":769.2701835617454,"upper_bound":2072.0237703073817},"point_estimate":1682.8556636485707,"standard_error":313.72047517945396}}