{"Mean":{"confidence_interval":{"confidence_level":0.95,"lower_bound":26658375.133333333,"upper_bound":27093741.436666667},"point_estimate":26883695.638888888,"standard_error":111367.26040187663},"Median":{"confidence_interval":{"confidence_level":0.95,"lower_bound":26677130.694444444,"upper_bound":27258093.5},"point_estimate":26861669.5,"standard_error":149433.52810280863},"MedianAbsDev":{"confidence_interval":{"confidence_level":0.95,"lower_bound":71641.08397811651,"upper_bound":694212.6116752625},"point_estimate":329435.6909513483,"standard_error":152027.13960553886},"Slope":{"confidence_interval":{"confidence_level":0.95,"lower_bound":26799108.306880057,"upper_bound":27151814.730859548},"point_estimate":26973874.002597403,"standard_error":89305.12193668929},"StdDev":{"confidence_interval":{"confidence_level":0.95,"lower_bound":206353.85477511215,"upper_bound":486924.60077124153},"point_estimate":372927.575764488,"standard_error":76694.49011520915}}