{"Mean":{"confidence_interval":{"confidence_level":0.95,"lower_bound":1009716.879001634,"upper_bound":1045460.8535078197},"point_estimate":1027761.4210527545,"standard_error":9171.116376796459},"Median":{"confidence_interval":{"confidence_level":0.95,"lower_bound":1000631.5163398692,"upper_bound":1057740.9796918768},"point_estimate":1026856.8718954248,"standard_error":18505.007861262788},"MedianAbsDev":{"confidence_interval":{"confidence_level":0.95,"lower_bound":5831.520530048407,"upper_bound":47638.968801298244},"point_estimate":42370.44512341152,"standard_error":12237.000518173816},"Slope":{"confidence_interval":{"confidence_level":0.95,"lower_bound":1032173.4561623804,"upper_bound":1056576.4053338312},"point_estimate":1047624.2105423987,"standard_error":6343.266968381198},"StdDev":{"confidence_interval":{"confidence_level":0.95,"lower_bound":20613.167890335204,"upper_bound":35058.523729477914},"point_estimate":30482.052679075172,"standard_error":3717.136961099636}}