{"Mean":{"confidence_interval":{"confidence_level":0.95,"lower_bound":2306.305816569011,"upper_bound":2323.8250035813107},"point_estimate":2315.0714870179195,"standard_error":4.481072360029678},"Median":{"confidence_interval":{"confidence_level":0.95,"lower_bound":2297.3361300223214,"upper_bound":2327.5315987723216},"point_estimate":2316.7901165674602,"standard_error":6.409350868880665},"MedianAbsDev":{"confidence_interval":{"confidence_level":0.95,"lower_bound":2.165701154910341,"upper_bound":28.737317196841737},"point_estimate":16.020023651948474,"standard_error":6.890626702623604},"Slope":{"confidence_interval":{"confidence_level":0.95,"lower_bound":2305.1510916259454,"upper_bound":2325.061784117391},"point_estimate":2314.8283928571427,"standard_error":5.328863393332264},"StdDev":{"confidence_interval":{"confidence_level":0.95,"lower_bound":8.573797598550323,"upper_bound":18.599389159822277},"point_estimate":14.958760330998489,"standard_error":2.5303394025857595}}