{"Mean":{"confidence_interval":{"confidence_level":0.95,"lower_bound":449372.2253475529,"upper_bound":455352.73024140217},"point_estimate":452513.3950344861,"standard_error":1533.5924685227305},"Median":{"confidence_interval":{"confidence_level":0.95,"lower_bound":448901.33052248677,"upper_bound":456550.525},"point_estimate":453705.6060090703,"standard_error":1721.8573529542957},"MedianAbsDev":{"confidence_interval":{"confidence_level":0.95,"lower_bound":944.1863655289845,"upper_bound":8592.76158869802},"point_estimate":4529.8800539039285,"standard_error":2053.9415415974513},"Slope":{"confidence_interval":{"confidence_level":0.95,"lower_bound":451989.79486817616,"upper_bound":456752.0694964528},"point_estimate":454335.6568491033,"standard_error":1206.408040728634},"StdDev":{"confidence_interval":{"confidence_level":0.95,"lower_bound":2491.2341610612134,"upper_bound":6640.603314210889},"point_estimate":5116.133947116935,"standard_error":1087.1938624484237}}