{"Mean":{"confidence_interval":{"confidence_level":0.95,"lower_bound":950510.4311342591,"upper_bound":1074549.9571527776},"point_estimate":1018764.2309788357,"standard_error":31846.295419998933},"Median":{"confidence_interval":{"confidence_level":0.95,"lower_bound":952260.8246527778,"upper_bound":1085100.3159722222},"point_estimate":1070922.8578703704,"standard_error":32715.240902617054},"MedianAbsDev":{"confidence_interval":{"confidence_level":0.95,"lower_bound":4174.459670888375,"upper_bound":148200.3762572506},"point_estimate":26320.220676819852,"standard_error":34256.1283924946},"Slope":{"confidence_interval":{"confidence_level":0.95,"lower_bound":1056835.345482252,"upper_bound":1086539.9094785147},"point_estimate":1078169.933982684,"standard_error":7820.8060937118535},"StdDev":{"confidence_interval":{"confidence_level":0.95,"lower_bound":14418.079847262245,"upper_bound":134599.7437156213},"point_estimate":106223.76222037172,"standard_error":29458.60353546546}}