{"Mean":{"confidence_interval":{"confidence_level":0.95,"lower_bound":3187040.251374008,"upper_bound":3230936.782666667},"point_estimate":3208409.65696627,"standard_error":11206.584335299247},"Median":{"confidence_interval":{"confidence_level":0.95,"lower_bound":3183352.2875,"upper_bound":3235939.7819444444},"point_estimate":3208341.3745535715,"standard_error":12043.907795583546},"MedianAbsDev":{"confidence_interval":{"confidence_level":0.95,"lower_bound":3927.417523149346,"upper_bound":63120.94876992077},"point_estimate":30865.46982515355,"standard_error":15862.559930898922},"Slope":{"confidence_interval":{"confidence_level":0.95,"lower_bound":3201994.5892766803,"upper_bound":3256665.6789264414},"point_estimate":3234702.418961039,"standard_error":14340.403889004974},"StdDev":{"confidence_interval":{"confidence_level":0.95,"lower_bound":16231.095547550016,"upper_bound":48812.59680647728},"point_estimate":37350.51389935225,"standard_error":8066.812943079617}}