{"Mean":{"confidence_interval":{"confidence_level":0.95,"lower_bound":12641691.706010418,"upper_bound":12691032.893854167},"point_estimate":12664750.2925,"standard_error":12707.173954146063},"Median":{"confidence_interval":{"confidence_level":0.95,"lower_bound":12629221.05,"upper_bound":12703321.625},"point_estimate":12653311.3125,"standard_error":15146.310313485674},"MedianAbsDev":{"confidence_interval":{"confidence_level":0.95,"lower_bound":5419.875860027969,"upper_bound":69672.33947306816},"point_estimate":35414.318862519605,"standard_error":15609.84923675363},"Slope":{"confidence_interval":{"confidence_level":0.95,"lower_bound":12643893.609671947,"upper_bound":12702025.689457847},"point_estimate":12671148.455194805,"standard_error":15680.658330261056},"StdDev":{"confidence_interval":{"confidence_level":0.95,"lower_bound":17170.394387367498,"upper_bound":52646.70347108267},"point_estimate":42261.58973616043,"standard_error":9168.677364090036}}