{"Mean":{"confidence_interval":{"confidence_level":0.95,"lower_bound":14823891.032592118,"upper_bound":14982622.699459184},"point_estimate":14899216.300464854,"standard_error":40697.365505685935},"Median":{"confidence_interval":{"confidence_level":0.95,"lower_bound":14805693.857142856,"upper_bound":14977539.785714285},"point_estimate":14888562.30357143,"standard_error":39767.55857367313},"MedianAbsDev":{"confidence_interval":{"confidence_level":0.95,"lower_bound":6437.431435712418,"upper_bound":226747.94276608698},"point_estimate":127389.38458838673,"standard_error":61238.89079027923},"Slope":{"confidence_interval":{"confidence_level":0.95,"lower_bound":14813993.437238282,"upper_bound":15029941.012987014},"point_estimate":14907527.564007422,"standard_error":54696.1829025282},"StdDev":{"confidence_interval":{"confidence_level":0.95,"lower_bound":65910.19337316611,"upper_bound":180740.43335210747},"point_estimate":135433.8144240517,"standard_error":31302.192801464567}}