{"Mean":{"confidence_interval":{"confidence_level":0.95,"lower_bound":43.165793980986635,"upper_bound":46.613227338745475},"point_estimate":44.982152148336056,"standard_error":0.8836143451892692},"Median":{"confidence_interval":{"confidence_level":0.95,"lower_bound":42.41695486388224,"upper_bound":47.59686197570276},"point_estimate":45.79311171706423,"standard_error":1.214734778303895},"MedianAbsDev":{"confidence_interval":{"confidence_level":0.95,"lower_bound":0.52927367243379,"upper_bound":4.829583876082703},"point_estimate":2.6930866784063454,"standard_error":1.1047092462194892},"Slope":{"confidence_interval":{"confidence_level":0.95,"lower_bound":45.61965359004578,"upper_bound":47.67804001996939},"point_estimate":46.998448024884574,"standard_error":0.524296496718977},"StdDev":{"confidence_interval":{"confidence_level":0.95,"lower_bound":1.4896205580561064,"upper_bound":3.777061336997035},"point_estimate":2.949058968588938,"standard_error":0.6007820798812817}}