{"Mean":{"confidence_interval":{"confidence_level":0.95,"lower_bound":35573.01484703742,"upper_bound":35927.17552880436},"point_estimate":35748.15737823105,"standard_error":90.3263127003229},"Median":{"confidence_interval":{"confidence_level":0.95,"lower_bound":35490.45905834186,"upper_bound":35880.26313544865},"point_estimate":35819.50861480723,"standard_error":102.63087031842466},"MedianAbsDev":{"confidence_interval":{"confidence_level":0.95,"lower_bound":31.183791820991715,"upper_bound":546.7397226373416},"point_estimate":162.90877448752263,"standard_error":140.88312657909907},"Slope":{"confidence_interval":{"confidence_level":0.95,"lower_bound":35387.458201154775,"upper_bound":35762.52780100732},"point_estimate":35531.98762844116,"standard_error":96.07958713310543},"StdDev":{"confidence_interval":{"confidence_level":0.95,"lower_bound":139.08900552349388,"upper_bound":407.59168361002907},"point_estimate":301.4603941582306,"standard_error":68.97089545610487}}