{"Mean":{"confidence_interval":{"confidence_level":0.95,"lower_bound":788853.8222673913,"upper_bound":798585.6707449621},"point_estimate":793591.2502332643,"standard_error":2497.7735135237313},"Median":{"confidence_interval":{"confidence_level":0.95,"lower_bound":785133.2826086957,"upper_bound":800607.379710145},"point_estimate":792290.6852173912,"standard_error":4684.6001389703615},"MedianAbsDev":{"confidence_interval":{"confidence_level":0.95,"lower_bound":365.489900902446,"upper_bound":14188.551652334712},"point_estimate":10799.568265051863,"standard_error":3679.2930241782087},"Slope":{"confidence_interval":{"confidence_level":0.95,"lower_bound":793628.0958151153,"upper_bound":803152.3087693441},"point_estimate":798968.9815923207,"standard_error":2443.474786074756},"StdDev":{"confidence_interval":{"confidence_level":0.95,"lower_bound":5186.113225002674,"upper_bound":10147.024962189034},"point_estimate":8316.743290405548,"standard_error":1300.7179219179718}}