{"Mean":{"confidence_interval":{"confidence_level":0.95,"lower_bound":11918.897247589945,"upper_bound":12424.17099782427},"point_estimate":12179.59740797136,"standard_error":129.39164116193987},"Median":{"confidence_interval":{"confidence_level":0.95,"lower_bound":11837.590748241313,"upper_bound":12498.149168620763},"point_estimate":12252.020406350559,"standard_error":163.71460410909214},"MedianAbsDev":{"confidence_interval":{"confidence_level":0.95,"lower_bound":103.41938115264023,"upper_bound":751.3848301904178},"point_estimate":426.57251555266856,"standard_error":175.31936078510395},"Slope":{"confidence_interval":{"confidence_level":0.95,"lower_bound":12226.471925494452,"upper_bound":12628.695040174862},"point_estimate":12448.5837921192,"standard_error":106.86620775950205},"StdDev":{"confidence_interval":{"confidence_level":0.95,"lower_bound":228.98072827073784,"upper_bound":537.5683309876674},"point_estimate":431.92949837493177,"standard_error":77.06212671039957}}