{"Mean":{"confidence_interval":{"confidence_level":0.95,"lower_bound":138345.68953869687,"upper_bound":139529.48257296465},"point_estimate":138917.73901024068,"standard_error":303.88007438964115},"Median":{"confidence_interval":{"confidence_level":0.95,"lower_bound":137993.93064516128,"upper_bound":139939.16523297492},"point_estimate":138470.0728110599,"standard_error":577.1794869913308},"MedianAbsDev":{"confidence_interval":{"confidence_level":0.95,"lower_bound":124.97265610385726,"upper_bound":1590.345535475398},"point_estimate":830.9010187323988,"standard_error":405.0850756407251},"Slope":{"confidence_interval":{"confidence_level":0.95,"lower_bound":138407.70102639296,"upper_bound":139974.39887798036},"point_estimate":139421.80764139086,"standard_error":387.7457618164032},"StdDev":{"confidence_interval":{"confidence_level":0.95,"lower_bound":619.9149429800628,"upper_bound":1163.088271180192},"point_estimate":1010.0285561478834,"standard_error":139.96782125784713}}