{"Mean":{"confidence_interval":{"confidence_level":0.95,"lower_bound":204.83959969268258,"upper_bound":222.20346827608918},"point_estimate":215.0846192901303,"standard_error":4.57429844959227},"Median":{"confidence_interval":{"confidence_level":0.95,"lower_bound":214.9711419657502,"upper_bound":221.54883864973675},"point_estimate":217.08356729932603,"standard_error":1.7918320600444453},"MedianAbsDev":{"confidence_interval":{"confidence_level":0.95,"lower_bound":0.469500705198299,"upper_bound":13.107081833508326},"point_estimate":4.230158352483057,"standard_error":3.1496773875895308},"Slope":{"confidence_interval":{"confidence_level":0.95,"lower_bound":214.98786842654732,"upper_bound":218.16293633946407},"point_estimate":216.75257870033343,"standard_error":0.7909573124466711},"StdDev":{"confidence_interval":{"confidence_level":0.95,"lower_bound":2.4058709984069306,"upper_bound":23.00048857187958},"point_estimate":15.348963794558665,"standard_error":6.366090537191401}}