{"Mean":{"confidence_interval":{"confidence_level":0.95,"lower_bound":2004301.0775753208,"upper_bound":2078445.0009401708},"point_estimate":2040480.0405982907,"standard_error":19013.834845557994},"Median":{"confidence_interval":{"confidence_level":0.95,"lower_bound":1994014.5384615385,"upper_bound":2108492.7298076926},"point_estimate":2007440.639423077,"standard_error":39211.87297705029},"MedianAbsDev":{"confidence_interval":{"confidence_level":0.95,"lower_bound":4736.018306303633,"upper_bound":91261.26239068629},"point_estimate":52355.216811855316,"standard_error":27903.95899748246},"Slope":{"confidence_interval":{"confidence_level":0.95,"lower_bound":2029890.5610754986,"upper_bound":2106722.415039094},"point_estimate":2079797.3857142858,"standard_error":19636.040346034486},"StdDev":{"confidence_interval":{"confidence_level":0.95,"lower_bound":40775.336488151195,"upper_bound":72614.9595889612},"point_estimate":63756.42767033787,"standard_error":7936.15909919203}}