{"Mean":{"confidence_interval":{"confidence_level":0.95,"lower_bound":1293.5127206158336,"upper_bound":1313.2757951076214},"point_estimate":1303.0601980645097,"standard_error":5.05754266175413},"Median":{"confidence_interval":{"confidence_level":0.95,"lower_bound":1287.4850007435891,"upper_bound":1314.2500318681084},"point_estimate":1304.226312966071,"standard_error":7.371785483851491},"MedianAbsDev":{"confidence_interval":{"confidence_level":0.95,"lower_bound":0.5059011359333323,"upper_bound":28.322057116670702},"point_estimate":22.72157378546174,"standard_error":7.6492321176901035},"Slope":{"confidence_interval":{"confidence_level":0.95,"lower_bound":1301.1193461626915,"upper_bound":1322.408656069182},"point_estimate":1311.9581754114504,"standard_error":5.5446151577495},"StdDev":{"confidence_interval":{"confidence_level":0.95,"lower_bound":9.339601244478153,"upper_bound":20.90639637502497},"point_estimate":16.822943539612872,"standard_error":2.9597342818574357}}