{"Mean":{"confidence_interval":{"confidence_level":0.95,"lower_bound":79573.60183521413,"upper_bound":82257.49250358072},"point_estimate":81048.0539521846,"standard_error":678.7530294384337},"Median":{"confidence_interval":{"confidence_level":0.95,"lower_bound":80713.57825520834,"upper_bound":81885.2160011574},"point_estimate":81271.82630750869,"standard_error":332.7790050904411},"MedianAbsDev":{"confidence_interval":{"confidence_level":0.95,"lower_bound":164.0735927251335,"upper_bound":2989.8374578182033},"point_estimate":707.0284802960507,"standard_error":614.8920292518758},"Slope":{"confidence_interval":{"confidence_level":0.95,"lower_bound":79737.61569405618,"upper_bound":81616.48048590691},"point_estimate":80831.91132305194,"standard_error":476.09715583612785},"StdDev":{"confidence_interval":{"confidence_level":0.95,"lower_bound":407.53400370286573,"upper_bound":3357.4658197374097},"point_estimate":2263.4443169667397,"standard_error":792.0144515737018}}