{"Mean":{"confidence_interval":{"confidence_level":0.95,"lower_bound":15930.989392350608,"upper_bound":16172.283464744232},"point_estimate":16042.675437588221,"standard_error":62.221215719926505},"Median":{"confidence_interval":{"confidence_level":0.95,"lower_bound":15903.729952275324,"upper_bound":16203.902601330914},"point_estimate":15971.538625058816,"standard_error":75.88079300900638},"MedianAbsDev":{"confidence_interval":{"confidence_level":0.95,"lower_bound":16.42616031132137,"upper_bound":340.6666661872869},"point_estimate":101.19933232313493,"standard_error":84.69658874663236},"Slope":{"confidence_interval":{"confidence_level":0.95,"lower_bound":15851.190409516503,"upper_bound":16011.263047384029},"point_estimate":15920.367846994708,"standard_error":42.43540763561602},"StdDev":{"confidence_interval":{"confidence_level":0.95,"lower_bound":89.6070333592922,"upper_bound":273.88128558226026},"point_estimate":207.74925120142973,"standard_error":48.579134266154085}}