{"Mean":{"confidence_interval":{"confidence_level":0.95,"lower_bound":196987.1218297706,"upper_bound":198060.63667912903},"point_estimate":197538.65262006145,"standard_error":275.0932791811356},"Median":{"confidence_interval":{"confidence_level":0.95,"lower_bound":196737.37481751826,"upper_bound":198087.09694343066},"point_estimate":197677.7347497393,"standard_error":251.0246262352346},"MedianAbsDev":{"confidence_interval":{"confidence_level":0.95,"lower_bound":74.09993785722035,"upper_bound":1692.77238550385},"point_estimate":375.5177989171416,"standard_error":426.78332228828936},"Slope":{"confidence_interval":{"confidence_level":0.95,"lower_bound":197506.01663842544,"upper_bound":198553.67390788035},"point_estimate":198100.0770309982,"standard_error":278.68606113726787},"StdDev":{"confidence_interval":{"confidence_level":0.95,"lower_bound":357.2776982506512,"upper_bound":1201.9362473466688},"point_estimate":918.0989953050164,"standard_error":203.3739618959664}}