{"Mean":{"confidence_interval":{"confidence_level":0.95,"lower_bound":4977.294865851132,"upper_bound":5405.160099179524},"point_estimate":5205.025797910391,"standard_error":110.2066613260493},"Median":{"confidence_interval":{"confidence_level":0.95,"lower_bound":4922.298836447067,"upper_bound":5503.750701045195},"point_estimate":5308.069303975277,"standard_error":148.41147338212727},"MedianAbsDev":{"confidence_interval":{"confidence_level":0.95,"lower_bound":69.45198008662963,"upper_bound":605.5473446355977},"point_estimate":312.3373496198773,"standard_error":141.73732022750923},"Slope":{"confidence_interval":{"confidence_level":0.95,"lower_bound":5290.179185992636,"upper_bound":5509.568339062655},"point_estimate":5436.971040365731,"standard_error":56.75051936930228},"StdDev":{"confidence_interval":{"confidence_level":0.95,"lower_bound":139.6719609245029,"upper_bound":451.20632640761295},"point_estimate":366.15077266557546,"standard_error":72.93471282219551}}