{"Mean":{"confidence_interval":{"confidence_level":0.95,"lower_bound":156525.2861847133,"upper_bound":158083.1600281568},"point_estimate":157262.99365620842,"standard_error":401.0886482679123},"Median":{"confidence_interval":{"confidence_level":0.95,"lower_bound":156090.01601689408,"upper_bound":158152.2662280702},"point_estimate":157252.067251462,"standard_error":537.0728050324483},"MedianAbsDev":{"confidence_interval":{"confidence_level":0.95,"lower_bound":248.05357039147836,"upper_bound":2252.1145974601172},"point_estimate":1525.447601475411,"standard_error":551.4171743712657},"Slope":{"confidence_interval":{"confidence_level":0.95,"lower_bound":155998.33839007435,"upper_bound":157764.1807241826},"point_estimate":156634.82768537506,"standard_error":470.22649699261797},"StdDev":{"confidence_interval":{"confidence_level":0.95,"lower_bound":697.2487090741938,"upper_bound":1720.9234742466554},"point_estimate":1334.6508414314067,"standard_error":273.82460285722954}}