{"Mean":{"confidence_interval":{"confidence_level":0.95,"lower_bound":468656.9860820896,"upper_bound":470907.5340927653},"point_estimate":469643.9952280265,"standard_error":584.612233347907},"Median":{"confidence_interval":{"confidence_level":0.95,"lower_bound":468475.1194029851,"upper_bound":470575.49925373134},"point_estimate":469173.39365671645,"standard_error":474.54996466702863},"MedianAbsDev":{"confidence_interval":{"confidence_level":0.95,"lower_bound":50.71327870159857,"upper_bound":2507.6574248831475},"point_estimate":1009.9047508517523,"standard_error":589.3770037100103},"Slope":{"confidence_interval":{"confidence_level":0.95,"lower_bound":468817.6060315854,"upper_bound":471554.75959983363},"point_estimate":469824.9974995154,"standard_error":719.6114782726161},"StdDev":{"confidence_interval":{"confidence_level":0.95,"lower_bound":470.88593367069103,"upper_bound":2694.6762689956277},"point_estimate":1948.1145575666455,"standard_error":608.768517405652}}