{"Mean":{"confidence_interval":{"confidence_level":0.95,"lower_bound":78224.15833268172,"upper_bound":78961.10075055507},"point_estimate":78633.28709007351,"standard_error":189.83151802182957},"Median":{"confidence_interval":{"confidence_level":0.95,"lower_bound":78373.73747465972,"upper_bound":79125.25879669853},"point_estimate":78729.2077324066,"standard_error":214.8916171554126},"MedianAbsDev":{"confidence_interval":{"confidence_level":0.95,"lower_bound":104.04876310498122,"upper_bound":889.0217205546866},"point_estimate":510.76630163365496,"standard_error":200.14945825059291},"Slope":{"confidence_interval":{"confidence_level":0.95,"lower_bound":78039.73048674535,"upper_bound":79070.88975758044},"point_estimate":78690.91723064077,"standard_error":269.2350258454201},"StdDev":{"confidence_interval":{"confidence_level":0.95,"lower_bound":258.8747665218411,"upper_bound":891.6812936412447},"point_estimate":633.2958487830118,"standard_error":189.3780139569099}}