{"Mean":{"confidence_interval":{"confidence_level":0.95,"lower_bound":543.610062028815,"upper_bound":549.6089002932184},"point_estimate":546.6725234393892,"standard_error":1.534193971238406},"Median":{"confidence_interval":{"confidence_level":0.95,"lower_bound":542.0706541212217,"upper_bound":551.0354807051165},"point_estimate":547.9472016396028,"standard_error":2.5232165710352508},"MedianAbsDev":{"confidence_interval":{"confidence_level":0.95,"lower_bound":1.1655668155474097,"upper_bound":8.334588329809447},"point_estimate":6.427553483984755,"standard_error":1.8287541700991747},"Slope":{"confidence_interval":{"confidence_level":0.95,"lower_bound":546.8069717433723,"upper_bound":551.3302896648297},"point_estimate":549.5431189566314,"standard_error":1.1413639471911106},"StdDev":{"confidence_interval":{"confidence_level":0.95,"lower_bound":3.1076090827106175,"upper_bound":6.174187235810164},"point_estimate":5.122746984709643,"standard_error":0.7784922479561047}}