{"Mean":{"confidence_interval":{"confidence_level":0.95,"lower_bound":275.1210399628151,"upper_bound":280.2712141123703},"point_estimate":277.39110558286205,"standard_error":1.3262241378871327},"Median":{"confidence_interval":{"confidence_level":0.95,"lower_bound":274.06774809064154,"upper_bound":279.3385921974743},"point_estimate":276.4550241396928,"standard_error":1.5808434209070141},"MedianAbsDev":{"confidence_interval":{"confidence_level":0.95,"lower_bound":0.15975372574110508,"upper_bound":6.2734742681261375},"point_estimate":3.5845291269490835,"standard_error":1.6730489614463346},"Slope":{"confidence_interval":{"confidence_level":0.95,"lower_bound":275.34229215441013,"upper_bound":281.1048483400791},"point_estimate":277.7876024423906,"standard_error":1.45499053789085},"StdDev":{"confidence_interval":{"confidence_level":0.95,"lower_bound":1.7088167450261753,"upper_bound":6.119155541071552},"point_estimate":4.393417276179475,"standard_error":1.2560016215565055}}