{"Mean":{"confidence_interval":{"confidence_level":0.95,"lower_bound":121.4868796359768,"upper_bound":130.84638143663494},"point_estimate":127.11978797972638,"standard_error":2.5267313328120027},"Median":{"confidence_interval":{"confidence_level":0.95,"lower_bound":126.74914467808505,"upper_bound":131.70565360274017},"point_estimate":129.0492896758919,"standard_error":1.486630872461023},"MedianAbsDev":{"confidence_interval":{"confidence_level":0.95,"lower_bound":0.7464940049721036,"upper_bound":6.2251211195522265},"point_estimate":3.6742600006156896,"standard_error":1.465146171283737},"Slope":{"confidence_interval":{"confidence_level":0.95,"lower_bound":127.30684623509465,"upper_bound":130.31137266665084},"point_estimate":128.51009237239214,"standard_error":0.7678362463450688},"StdDev":{"confidence_interval":{"confidence_level":0.95,"lower_bound":1.7832684445878924,"upper_bound":12.802453337254569},"point_estimate":8.436422154096453,"standard_error":3.6524726744424156}}