{"Mean":{"confidence_interval":{"confidence_level":0.95,"lower_bound":2470622.2647333336,"upper_bound":2524386.330833333},"point_estimate":2501550.046361111,"standard_error":14021.690851915648},"Median":{"confidence_interval":{"confidence_level":0.95,"lower_bound":2483870.0,"upper_bound":2532431.0625},"point_estimate":2510316.788888889,"standard_error":12586.733542973805},"MedianAbsDev":{"confidence_interval":{"confidence_level":0.95,"lower_bound":7161.474723692002,"upper_bound":56321.427870094594},"point_estimate":35978.85277874752,"standard_error":11937.00750345678},"Slope":{"confidence_interval":{"confidence_level":0.95,"lower_bound":2506720.85399576,"upper_bound":2526885.408986928},"point_estimate":2518100.3335064934,"standard_error":5124.221109322046},"StdDev":{"confidence_interval":{"confidence_level":0.95,"lower_bound":15493.541732701182,"upper_bound":67979.86749509738},"point_estimate":46583.53985137386,"standard_error":16285.39618266626}}