{"Mean":{"confidence_interval":{"confidence_level":0.95,"lower_bound":2458.74158820659,"upper_bound":2564.6456762209436},"point_estimate":2509.0568481839405,"standard_error":27.11628441392615},"Median":{"confidence_interval":{"confidence_level":0.95,"lower_bound":2451.788513068119,"upper_bound":2565.780527335366},"point_estimate":2495.1302989444484,"standard_error":25.836161667041424},"MedianAbsDev":{"confidence_interval":{"confidence_level":0.95,"lower_bound":13.551859327940328,"upper_bound":153.6890285030148},"point_estimate":62.00700379071139,"standard_error":35.399249561998325},"Slope":{"confidence_interval":{"confidence_level":0.95,"lower_bound":2487.13123436916,"upper_bound":2591.3164836686396},"point_estimate":2529.7641664907246,"standard_error":26.49743870268062},"StdDev":{"confidence_interval":{"confidence_level":0.95,"lower_bound":38.148594665481085,"upper_bound":118.88763919378746},"point_estimate":90.28603979186666,"standard_error":20.747580669627528}}