{"Mean":{"confidence_interval":{"confidence_level":0.95,"lower_bound":4751.386165758759,"upper_bound":4849.198435204927},"point_estimate":4795.376011196278,"standard_error":25.058813410227387},"Median":{"confidence_interval":{"confidence_level":0.95,"lower_bound":4741.405147259483,"upper_bound":4811.1291223208855},"point_estimate":4794.519842019558,"standard_error":17.96078220448936},"MedianAbsDev":{"confidence_interval":{"confidence_level":0.95,"lower_bound":3.415839597080755,"upper_bound":103.76099372418894},"point_estimate":25.70604131892792,"standard_error":27.39058269426843},"Slope":{"confidence_interval":{"confidence_level":0.95,"lower_bound":4775.765469759846,"upper_bound":4806.671888345153},"point_estimate":4794.650646651667,"standard_error":8.00234280993899},"StdDev":{"confidence_interval":{"confidence_level":0.95,"lower_bound":23.481221865909173,"upper_bound":120.85771371694567},"point_estimate":83.58066950997409,"standard_error":27.337158142769155}}