{"Mean":{"confidence_interval":{"confidence_level":0.95,"lower_bound":1332791.1267142857,"upper_bound":1439342.1476513606},"point_estimate":1383838.1503656462,"standard_error":27420.683460066248},"Median":{"confidence_interval":{"confidence_level":0.95,"lower_bound":1291722.5857142857,"upper_bound":1453808.0238095238},"point_estimate":1389972.2985714287,"standard_error":42773.43736615379},"MedianAbsDev":{"confidence_interval":{"confidence_level":0.95,"lower_bound":2767.940020859345,"upper_bound":166233.85407475923},"point_estimate":105498.82642327138,"standard_error":41574.15175697016},"Slope":{"confidence_interval":{"confidence_level":0.95,"lower_bound":1381659.770226786,"upper_bound":1508098.2725958866},"point_estimate":1454089.2385528756,"standard_error":33348.12054683231},"StdDev":{"confidence_interval":{"confidence_level":0.95,"lower_bound":51218.604296361926,"upper_bound":118185.62795509495},"point_estimate":91571.23473745077,"standard_error":18333.976238897365}}