{"Mean":{"confidence_interval":{"confidence_level":0.95,"lower_bound":7706.669214596747,"upper_bound":7805.884285438154},"point_estimate":7757.576200432301,"standard_error":25.29341138287038},"Median":{"confidence_interval":{"confidence_level":0.95,"lower_bound":7698.6676935343585,"upper_bound":7810.614611857436},"point_estimate":7770.531734526226,"standard_error":23.202743805013856},"MedianAbsDev":{"confidence_interval":{"confidence_level":0.95,"lower_bound":6.109020780045274,"upper_bound":150.52422093353667},"point_estimate":50.5704183237095,"standard_error":41.117968363262754},"Slope":{"confidence_interval":{"confidence_level":0.95,"lower_bound":7749.489551195287,"upper_bound":7793.111279646389},"point_estimate":7773.676616222282,"standard_error":10.88070856396749},"StdDev":{"confidence_interval":{"confidence_level":0.95,"lower_bound":40.68356434528866,"upper_bound":109.6851587356545},"point_estimate":84.14628121827248,"standard_error":17.673807333200987}}