{"Mean":{"confidence_interval":{"confidence_level":0.95,"lower_bound":1627.4085229983057,"upper_bound":1659.4102981000378},"point_estimate":1644.8726126654499,"standard_error":8.219925045461284},"Median":{"confidence_interval":{"confidence_level":0.95,"lower_bound":1624.2389054218438,"upper_bound":1666.6403792683986},"point_estimate":1651.2100683885074,"standard_error":7.9647780083311694},"MedianAbsDev":{"confidence_interval":{"confidence_level":0.95,"lower_bound":2.7861106883287134,"upper_bound":37.39293151302613},"point_estimate":16.413873776933368,"standard_error":9.245884332075299},"Slope":{"confidence_interval":{"confidence_level":0.95,"lower_bound":1646.130897986138,"upper_bound":1660.2856282875143},"point_estimate":1653.167598649504,"standard_error":3.5200280563190565},"StdDev":{"confidence_interval":{"confidence_level":0.95,"lower_bound":8.543974496130392,"upper_bound":34.91598352522782},"point_estimate":27.50942960797344,"standard_error":6.9597054755525605}}