{"Mean":{"confidence_interval":{"confidence_level":0.95,"lower_bound":379881.65572590707,"upper_bound":382319.0296989166},"point_estimate":381066.65955803305,"standard_error":624.9752869517372},"Median":{"confidence_interval":{"confidence_level":0.95,"lower_bound":378951.4947089947,"upper_bound":382676.8071302595},"point_estimate":380869.3940329218,"standard_error":920.5242608975684},"MedianAbsDev":{"confidence_interval":{"confidence_level":0.95,"lower_bound":347.28217827893735,"upper_bound":3608.4203240859138},"point_estimate":2528.245278725775,"standard_error":825.0771973854396},"Slope":{"confidence_interval":{"confidence_level":0.95,"lower_bound":380199.6784173732,"upper_bound":381777.0303606897},"point_estimate":380993.0051398337,"standard_error":404.2830863472651},"StdDev":{"confidence_interval":{"confidence_level":0.95,"lower_bound":1177.4722316360078,"upper_bound":2578.4851255966305},"point_estimate":2085.8846931460016,"standard_error":357.330863749248}}