{"Mean":{"confidence_interval":{"confidence_level":0.95,"lower_bound":10467450.479245834,"upper_bound":10899022.710430952},"point_estimate":10686280.510753969,"standard_error":110533.97647882652},"Median":{"confidence_interval":{"confidence_level":0.95,"lower_bound":10416088.36,"upper_bound":11024044.97},"point_estimate":10657160.883333333,"standard_error":201948.90031437532},"MedianAbsDev":{"confidence_interval":{"confidence_level":0.95,"lower_bound":57656.53879839235,"upper_bound":650402.7090780437},"point_estimate":426439.9339091789,"standard_error":156445.21634748846},"Slope":{"confidence_interval":{"confidence_level":0.95,"lower_bound":10505376.547128988,"upper_bound":11034349.49452954},"point_estimate":10846777.78077922,"standard_error":128631.04727805353},"StdDev":{"confidence_interval":{"confidence_level":0.95,"lower_bound":234806.39464119548,"upper_bound":453287.47062837123},"point_estimate":368969.9091857022,"standard_error":57401.59899050696}}