{"Mean":{"confidence_interval":{"confidence_level":0.95,"lower_bound":9797202.250697916,"upper_bound":9869430.945833335},"point_estimate":9834177.34361111,"standard_error":18474.031286517136},"Median":{"confidence_interval":{"confidence_level":0.95,"lower_bound":9803909.6375,"upper_bound":9890024.5},"point_estimate":9820965.40625,"standard_error":23564.079487619812},"MedianAbsDev":{"confidence_interval":{"confidence_level":0.95,"lower_bound":6726.546814330474,"upper_bound":121635.05520721246},"point_estimate":41360.12235321059,"standard_error":28955.83582075368},"Slope":{"confidence_interval":{"confidence_level":0.95,"lower_bound":9808213.350818487,"upper_bound":9895666.991321556},"point_estimate":9859525.17987013,"standard_error":23192.809561499682},"StdDev":{"confidence_interval":{"confidence_level":0.95,"lower_bound":32403.71984268344,"upper_bound":81809.17400677897},"point_estimate":61614.070660579644,"standard_error":13231.048341336846}}