{"Mean":{"confidence_interval":{"confidence_level":0.95,"lower_bound":2989.355362098089,"upper_bound":3238.4511010789283},"point_estimate":3114.4757293531447,"standard_error":63.96928293219432},"Median":{"confidence_interval":{"confidence_level":0.95,"lower_bound":2906.5109554188502,"upper_bound":3322.2912964228753},"point_estimate":3125.6482806041076,"standard_error":105.52036669497947},"MedianAbsDev":{"confidence_interval":{"confidence_level":0.95,"lower_bound":79.23736932121197,"upper_bound":354.2151049252547},"point_estimate":291.72067570779893,"standard_error":74.66049245918589},"Slope":{"confidence_interval":{"confidence_level":0.95,"lower_bound":3139.341622009569,"upper_bound":3354.1766577144},"point_estimate":3277.4876479865543,"standard_error":55.1126084629946},"StdDev":{"confidence_interval":{"confidence_level":0.95,"lower_bound":132.00174128844128,"upper_bound":259.75993758937204},"point_estimate":213.93429871532877,"standard_error":32.500829715328905}}