{"Mean":{"confidence_interval":{"confidence_level":0.95,"lower_bound":129949.97357760342,"upper_bound":132567.46571619267},"point_estimate":131268.4563080709,"standard_error":670.8646621538974},"Median":{"confidence_interval":{"confidence_level":0.95,"lower_bound":129374.14874141876,"upper_bound":133427.41057353528},"point_estimate":131057.44477498093,"standard_error":1145.4013652897643},"MedianAbsDev":{"confidence_interval":{"confidence_level":0.95,"lower_bound":441.0813108095827,"upper_bound":3833.4115097465287},"point_estimate":3149.967149551714,"standard_error":924.4018795762686},"Slope":{"confidence_interval":{"confidence_level":0.95,"lower_bound":131421.42306127638,"upper_bound":133581.14215786228},"point_estimate":132898.97012095456,"standard_error":555.7316190167119},"StdDev":{"confidence_interval":{"confidence_level":0.95,"lower_bound":1399.0793722237813,"upper_bound":2658.960386364058},"point_estimate":2240.320031377929,"standard_error":318.8884823364549}}