{"Mean":{"confidence_interval":{"confidence_level":0.95,"lower_bound":148964.1673226164,"upper_bound":151735.34487030582},"point_estimate":150272.007093144,"standard_error":710.2121819202519},"Median":{"confidence_interval":{"confidence_level":0.95,"lower_bound":148384.0199556541,"upper_bound":152250.19987329745},"point_estimate":149843.03381374723,"standard_error":1007.7445883290166},"MedianAbsDev":{"confidence_interval":{"confidence_level":0.95,"lower_bound":392.8698167502145,"upper_bound":3909.715808083121},"point_estimate":2293.5098373308388,"standard_error":892.1401583872382},"Slope":{"confidence_interval":{"confidence_level":0.95,"lower_bound":149782.29349241545,"upper_bound":153222.58993113216},"point_estimate":151594.4090995479,"standard_error":889.8784288598409},"StdDev":{"confidence_interval":{"confidence_level":0.95,"lower_bound":1203.484909560527,"upper_bound":3038.48425546482},"point_estimate":2368.3896241604953,"standard_error":479.4790851220346}}