{"Mean":{"confidence_interval":{"confidence_level":0.95,"lower_bound":269102.0051382535,"upper_bound":270687.2543001007},"point_estimate":269846.7680340959,"standard_error":408.4352318757983},"Median":{"confidence_interval":{"confidence_level":0.95,"lower_bound":268747.2771903323,"upper_bound":270826.2970795569},"point_estimate":269580.9625881168,"standard_error":477.35177992873207},"MedianAbsDev":{"confidence_interval":{"confidence_level":0.95,"lower_bound":79.27878620585079,"upper_bound":2070.0027612108156},"point_estimate":1317.789278326619,"standard_error":572.4679109020099},"Slope":{"confidence_interval":{"confidence_level":0.95,"lower_bound":269459.72118581715,"upper_bound":270881.6570117381},"point_estimate":270112.1477694511,"standard_error":362.36944858845396},"StdDev":{"confidence_interval":{"confidence_level":0.95,"lower_bound":600.4082219029908,"upper_bound":1722.025804002408},"point_estimate":1362.2588547017767,"standard_error":277.856585559926}}