{"Mean":{"confidence_interval":{"confidence_level":0.95,"lower_bound":6731486.849659863,"upper_bound":7017865.854126984},"point_estimate":6876353.602199545,"standard_error":73048.59386764427},"Median":{"confidence_interval":{"confidence_level":0.95,"lower_bound":6687413.75,"upper_bound":7088918.396825396},"point_estimate":6863244.522108844,"standard_error":107491.81972374697},"MedianAbsDev":{"confidence_interval":{"confidence_level":0.95,"lower_bound":72410.33904303118,"upper_bound":403380.92943855736},"point_estimate":266010.32294403936,"standard_error":90424.71701567703},"Slope":{"confidence_interval":{"confidence_level":0.95,"lower_bound":6872101.074959261,"upper_bound":7095337.857783472},"point_estimate":6998005.756215214,"standard_error":55940.37041254573},"StdDev":{"confidence_interval":{"confidence_level":0.95,"lower_bound":144330.95269313653,"upper_bound":303365.8944184978},"point_estimate":243204.1178867718,"standard_error":41151.21186062253}}