{"Mean":{"confidence_interval":{"confidence_level":0.95,"lower_bound":1631762.6383056974,"upper_bound":1641507.0609293506},"point_estimate":1636090.88757157,"standard_error":2515.7599178522532},"Median":{"confidence_interval":{"confidence_level":0.95,"lower_bound":1629932.2990079364,"upper_bound":1639539.982142857},"point_estimate":1634592.8360969387,"standard_error":2845.173940575186},"MedianAbsDev":{"confidence_interval":{"confidence_level":0.95,"lower_bound":879.5216571979778,"upper_bound":12356.464730628973},"point_estimate":7099.807242703176,"standard_error":2626.598654369198},"Slope":{"confidence_interval":{"confidence_level":0.95,"lower_bound":1631806.151450893,"upper_bound":1638029.2938139983},"point_estimate":1635300.527179963,"standard_error":1607.12370496309},"StdDev":{"confidence_interval":{"confidence_level":0.95,"lower_bound":3488.4070508515356,"upper_bound":11907.371753083557},"point_estimate":8372.934555587819,"standard_error":2535.709582145861}}