{"Mean":{"confidence_interval":{"confidence_level":0.95,"lower_bound":9375.942029347665,"upper_bound":9535.566917830842},"point_estimate":9454.20777893567,"standard_error":40.96841415334919},"Median":{"confidence_interval":{"confidence_level":0.95,"lower_bound":9311.051873633416,"upper_bound":9575.207167810198},"point_estimate":9441.637903512457,"standard_error":79.18471845913265},"MedianAbsDev":{"confidence_interval":{"confidence_level":0.95,"lower_bound":6.116493410973822,"upper_bound":227.10096361630946},"point_estimate":195.81831609677863,"standard_error":58.42987450575965},"Slope":{"confidence_interval":{"confidence_level":0.95,"lower_bound":9457.140598552498,"upper_bound":9614.406328679119},"point_estimate":9555.864143682602,"standard_error":40.50310085328632},"StdDev":{"confidence_interval":{"confidence_level":0.95,"lower_bound":88.16708798572509,"upper_bound":162.81782302480363},"point_estimate":136.76957674519792,"standard_error":19.226853110879013}}