{"Mean":{"confidence_interval":{"confidence_level":0.95,"lower_bound":2400.1859313976793,"upper_bound":2581.2144938714637},"point_estimate":2499.9944141771916,"standard_error":46.90515454125293},"Median":{"confidence_interval":{"confidence_level":0.95,"lower_bound":2417.927179941278,"upper_bound":2582.764901896817},"point_estimate":2537.398803420795,"standard_error":37.163421969040954},"MedianAbsDev":{"confidence_interval":{"confidence_level":0.95,"lower_bound":7.885311293572031,"upper_bound":236.07786693591777},"point_estimate":62.14636807433917,"standard_error":55.150241469396114},"Slope":{"confidence_interval":{"confidence_level":0.95,"lower_bound":2518.8846694121535,"upper_bound":2580.196857625504},"point_estimate":2550.364077354346,"standard_error":15.76424727362847},"StdDev":{"confidence_interval":{"confidence_level":0.95,"lower_bound":36.25870639519407,"upper_bound":213.32535228755768},"point_estimate":155.63018211038985,"standard_error":45.453338039780675}}