{"Mean":{"confidence_interval":{"confidence_level":0.95,"lower_bound":25277.75119412796,"upper_bound":25508.273096698802},"point_estimate":25384.402796523515,"standard_error":59.4621842368436},"Median":{"confidence_interval":{"confidence_level":0.95,"lower_bound":25231.82880514169,"upper_bound":25509.632486123286},"point_estimate":25324.2847063979,"standard_error":81.99571421157124},"MedianAbsDev":{"confidence_interval":{"confidence_level":0.95,"lower_bound":32.6342809390328,"upper_bound":333.27739681320406},"point_estimate":177.67951494371866,"standard_error":73.6965452376564},"Slope":{"confidence_interval":{"confidence_level":0.95,"lower_bound":25297.449678225494,"upper_bound":25661.06558487661},"point_estimate":25512.027862321727,"standard_error":92.66586055845187},"StdDev":{"confidence_interval":{"confidence_level":0.95,"lower_bound":95.7931384367462,"upper_bound":262.7394220509648},"point_estimate":198.3716424475007,"standard_error":46.14494560161192}}