{"Mean":{"confidence_interval":{"confidence_level":0.95,"lower_bound":48949.032450124694,"upper_bound":50099.49176366129},"point_estimate":49507.03424439893,"standard_error":295.0564666648122},"Median":{"confidence_interval":{"confidence_level":0.95,"lower_bound":48692.21789276808,"upper_bound":50259.08309583185},"point_estimate":49320.983712593516,"standard_error":569.0412576021967},"MedianAbsDev":{"confidence_interval":{"confidence_level":0.95,"lower_bound":59.58244859931224,"upper_bound":1786.9503500614455},"point_estimate":1024.4676467746553,"standard_error":493.0272220018703},"Slope":{"confidence_interval":{"confidence_level":0.95,"lower_bound":49523.789458576866,"upper_bound":50666.37089535451},"point_estimate":50153.75134728115,"standard_error":293.7996497392184},"StdDev":{"confidence_interval":{"confidence_level":0.95,"lower_bound":620.5090486122987,"upper_bound":1201.6317356778995},"point_estimate":982.2003554923049,"standard_error":155.8076380213666}}