{"Mean":{"confidence_interval":{"confidence_level":0.95,"lower_bound":4019160.9767222228,"upper_bound":4106426.4562999993},"point_estimate":4061334.398277778,"standard_error":22341.97765139608},"Median":{"confidence_interval":{"confidence_level":0.95,"lower_bound":3996930.9644444445,"upper_bound":4107674.9263888886},"point_estimate":4062241.088888889,"standard_error":31105.207772449117},"MedianAbsDev":{"confidence_interval":{"confidence_level":0.95,"lower_bound":17840.903024594176,"upper_bound":134194.56606373657},"point_estimate":81542.2243056697,"standard_error":27951.95364228323},"Slope":{"confidence_interval":{"confidence_level":0.95,"lower_bound":4033311.1103448276,"upper_bound":4101983.567654706},"point_estimate":4078074.4453679654,"standard_error":17506.71048695789},"StdDev":{"confidence_interval":{"confidence_level":0.95,"lower_bound":40827.405941317025,"upper_bound":97432.48827499151},"point_estimate":74541.56774524067,"standard_error":15382.753010961782}}