{"Mean":{"confidence_interval":{"confidence_level":0.95,"lower_bound":625627.5943923161,"upper_bound":641751.586782197},"point_estimate":633026.5621933623,"standard_error":4143.442281109413},"Median":{"confidence_interval":{"confidence_level":0.95,"lower_bound":623756.3601010102,"upper_bound":641739.3674242424},"point_estimate":630374.6685606061,"standard_error":3749.247736690099},"MedianAbsDev":{"confidence_interval":{"confidence_level":0.95,"lower_bound":1634.3536280298858,"upper_bound":22569.947555591232},"point_estimate":7067.414238391979,"standard_error":5339.7964103494},"Slope":{"confidence_interval":{"confidence_level":0.95,"lower_bound":630962.03374623,"upper_bound":646919.7393303574},"point_estimate":637501.5082644628,"standard_error":4096.5463111045065},"StdDev":{"confidence_interval":{"confidence_level":0.95,"lower_bound":5169.971379723446,"upper_bound":18206.22385794842},"point_estimate":13780.31897215142,"standard_error":3463.837080949655}}