{"Mean":{"confidence_interval":{"confidence_level":0.95,"lower_bound":953.5526210577519,"upper_bound":979.240314665885},"point_estimate":966.6003287948822,"standard_error":6.580705623397988},"Median":{"confidence_interval":{"confidence_level":0.95,"lower_bound":941.5877597295952,"upper_bound":985.5659426706568},"point_estimate":973.0590906535608,"standard_error":13.418567377473956},"MedianAbsDev":{"confidence_interval":{"confidence_level":0.95,"lower_bound":1.348236716477476,"upper_bound":34.25184062907401},"point_estimate":28.352798497762155,"standard_error":9.265467480314168},"Slope":{"confidence_interval":{"confidence_level":0.95,"lower_bound":968.5939014512371,"upper_bound":984.5162916995562},"point_estimate":977.7111158906893,"standard_error":4.09719797592831},"StdDev":{"confidence_interval":{"confidence_level":0.95,"lower_bound":14.56466418209501,"upper_bound":24.9587773087162},"point_estimate":21.9014559628483,"standard_error":2.682781257020201}}