{"Mean":{"confidence_interval":{"confidence_level":0.95,"lower_bound":1253.6604094843733,"upper_bound":1351.5012769874131},"point_estimate":1302.354176228269,"standard_error":25.04169061107868},"Median":{"confidence_interval":{"confidence_level":0.95,"lower_bound":1243.8123585231194,"upper_bound":1382.690579381511},"point_estimate":1283.2148454106282,"standard_error":36.75657723410652},"MedianAbsDev":{"confidence_interval":{"confidence_level":0.95,"lower_bound":16.939861925344353,"upper_bound":142.45566494071304},"point_estimate":89.7837607497048,"standard_error":33.92164763630731},"Slope":{"confidence_interval":{"confidence_level":0.95,"lower_bound":1301.1836828480116,"upper_bound":1399.0146927347023},"point_estimate":1366.1094333575327,"standard_error":24.644913166485527},"StdDev":{"confidence_interval":{"confidence_level":0.95,"lower_bound":47.91850173012426,"upper_bound":104.43369210932086},"point_estimate":83.59467287309926,"standard_error":14.30730048193074}}