{"Mean":{"confidence_interval":{"confidence_level":0.95,"lower_bound":8533249.717006804,"upper_bound":8729528.627619047},"point_estimate":8643506.924217688,"standard_error":49709.515071969254},"Median":{"confidence_interval":{"confidence_level":0.95,"lower_bound":8516877.857142858,"upper_bound":8747214.0},"point_estimate":8697245.102040816,"standard_error":45847.03151523887},"MedianAbsDev":{"confidence_interval":{"confidence_level":0.95,"lower_bound":4629.826889231248,"upper_bound":243299.7388805663},"point_estimate":59467.473244241635,"standard_error":44546.35072197356},"Slope":{"confidence_interval":{"confidence_level":0.95,"lower_bound":8617697.71164021,"upper_bound":8758869.931972789},"point_estimate":8712961.414100185,"standard_error":36719.78112818234},"StdDev":{"confidence_interval":{"confidence_level":0.95,"lower_bound":33064.412472291384,"upper_bound":208169.0609345405},"point_estimate":165758.7796075156,"standard_error":47147.80516667563}}