{"Mean":{"confidence_interval":{"confidence_level":0.95,"lower_bound":203539.7969584518,"upper_bound":205117.54510572096},"point_estimate":204302.76626677447,"standard_error":403.59973267604465},"Median":{"confidence_interval":{"confidence_level":0.95,"lower_bound":203350.3432028549,"upper_bound":205258.30510018213},"point_estimate":204162.9950819672,"standard_error":463.641717213485},"MedianAbsDev":{"confidence_interval":{"confidence_level":0.95,"lower_bound":299.5413936048008,"upper_bound":2267.822195546081},"point_estimate":1089.232477588495,"standard_error":494.608085539758},"Slope":{"confidence_interval":{"confidence_level":0.95,"lower_bound":203658.55455609964,"upper_bound":206021.76397824666},"point_estimate":205081.43053620853,"standard_error":608.494381702186},"StdDev":{"confidence_interval":{"confidence_level":0.95,"lower_bound":681.484172509386,"upper_bound":1760.7025924820825},"point_estimate":1342.3188183308966,"standard_error":280.9637173821387}}