{"Mean":{"confidence_interval":{"confidence_level":0.95,"lower_bound":264.7959990687354,"upper_bound":299.1653701416387},"point_estimate":280.7751505015855,"standard_error":8.874983983393204},"Median":{"confidence_interval":{"confidence_level":0.95,"lower_bound":257.5670086685453,"upper_bound":302.8896956725316},"point_estimate":271.5673254138361,"standard_error":10.761289782737098},"MedianAbsDev":{"confidence_interval":{"confidence_level":0.95,"lower_bound":4.843463922923751,"upper_bound":47.08169636143006},"point_estimate":21.767512909343818,"standard_error":10.897507037601601},"Slope":{"confidence_interval":{"confidence_level":0.95,"lower_bound":270.1259620190588,"upper_bound":319.7436189659375},"point_estimate":300.6110920454801,"standard_error":12.45706199606637},"StdDev":{"confidence_interval":{"confidence_level":0.95,"lower_bound":10.419500668512642,"upper_bound":36.70988884999941},"point_estimate":29.635040018777822,"standard_error":6.452894978607433}}