{"Mean":{"confidence_interval":{"confidence_level":0.95,"lower_bound":540485.9564564473,"upper_bound":566665.1069321966},"point_estimate":554134.5314692339,"standard_error":6747.421722345268},"Median":{"confidence_interval":{"confidence_level":0.95,"lower_bound":533137.7037037037,"upper_bound":571972.0095238095},"point_estimate":563625.0150205761,"standard_error":10952.482474453771},"MedianAbsDev":{"confidence_interval":{"confidence_level":0.95,"lower_bound":4006.80673636492,"upper_bound":37027.05462087908},"point_estimate":20631.841608073813,"standard_error":9083.377698709366},"Slope":{"confidence_interval":{"confidence_level":0.95,"lower_bound":560294.6734951858,"upper_bound":573131.4928410839},"point_estimate":567824.8310726311,"standard_error":3307.8400072992517},"StdDev":{"confidence_interval":{"confidence_level":0.95,"lower_bound":12184.68368513454,"upper_bound":26567.253693912477},"point_estimate":22533.41069047752,"standard_error":3613.063573123326}}