{"Mean":{"confidence_interval":{"confidence_level":0.95,"lower_bound":7062.186101309502,"upper_bound":7175.007097360528},"point_estimate":7113.215461406859,"standard_error":29.04468102246223},"Median":{"confidence_interval":{"confidence_level":0.95,"lower_bound":7044.321310658444,"upper_bound":7181.088149411325},"point_estimate":7071.960544757989,"standard_error":36.443497131757795},"MedianAbsDev":{"confidence_interval":{"confidence_level":0.95,"lower_bound":6.629008058354373,"upper_bound":158.65409232605742},"point_estimate":54.035465794556664,"standard_error":37.91113720516711},"Slope":{"confidence_interval":{"confidence_level":0.95,"lower_bound":7079.648315660223,"upper_bound":7243.454109939533},"point_estimate":7177.093284177979,"standard_error":40.76647779969369},"StdDev":{"confidence_interval":{"confidence_level":0.95,"lower_bound":31.64082312351452,"upper_bound":129.1635472800755},"point_estimate":96.63777451354831,"standard_error":24.830619365683194}}