{"Mean":{"confidence_interval":{"confidence_level":0.95,"lower_bound":19785.98319943945,"upper_bound":20300.56602131202},"point_estimate":20052.84376762127,"standard_error":132.53378622005138},"Median":{"confidence_interval":{"confidence_level":0.95,"lower_bound":19586.47934877622,"upper_bound":20453.020323426572},"point_estimate":20261.223233016983,"standard_error":251.67845810342703},"MedianAbsDev":{"confidence_interval":{"confidence_level":0.95,"lower_bound":24.517582679529113,"upper_bound":738.1660421979641},"point_estimate":310.1536531664584,"standard_error":192.34074968920362},"Slope":{"confidence_interval":{"confidence_level":0.95,"lower_bound":20162.680602408156,"upper_bound":20426.116783894704},"point_estimate":20343.722072245935,"standard_error":68.71939000814774},"StdDev":{"confidence_interval":{"confidence_level":0.95,"lower_bound":247.29508640919204,"upper_bound":510.1403036918428},"point_estimate":442.5213336462655,"standard_error":63.850978252895736}}