{"Mean":{"confidence_interval":{"confidence_level":0.95,"lower_bound":731.7806853067068,"upper_bound":783.9536854360052},"point_estimate":758.683843139768,"standard_error":13.355837276975514},"Median":{"confidence_interval":{"confidence_level":0.95,"lower_bound":729.3579427399552,"upper_bound":792.9381346861311},"point_estimate":760.1156898459215,"standard_error":16.428189564678},"MedianAbsDev":{"confidence_interval":{"confidence_level":0.95,"lower_bound":7.447722988678252,"upper_bound":79.89446438719679},"point_estimate":45.7735304050779,"standard_error":17.36326966294386},"Slope":{"confidence_interval":{"confidence_level":0.95,"lower_bound":760.0505035103225,"upper_bound":806.6881984894372},"point_estimate":790.8627056259534,"standard_error":11.817460279185884},"StdDev":{"confidence_interval":{"confidence_level":0.95,"lower_bound":23.362893738302443,"upper_bound":58.65173248574078},"point_estimate":44.52070285847337,"standard_error":9.350963936059447}}