{"Mean":{"confidence_interval":{"confidence_level":0.95,"lower_bound":643416.2455882353,"upper_bound":645890.3800420167},"point_estimate":644610.375507703,"standard_error":635.6622056613033},"Median":{"confidence_interval":{"confidence_level":0.95,"lower_bound":642837.5031512605,"upper_bound":646046.4411764706},"point_estimate":644596.6268382353,"standard_error":865.9881489355729},"MedianAbsDev":{"confidence_interval":{"confidence_level":0.95,"lower_bound":428.9339262084764,"upper_bound":3581.7668672933187},"point_estimate":2241.5656635131363,"standard_error":789.8668283287066},"Slope":{"confidence_interval":{"confidence_level":0.95,"lower_bound":643946.6193539916,"upper_bound":646179.802838587},"point_estimate":645127.0052711994,"standard_error":562.6204832651902},"StdDev":{"confidence_interval":{"confidence_level":0.95,"lower_bound":1158.2736298414864,"upper_bound":2711.2601924847427},"point_estimate":2123.221599207779,"standard_error":401.9680871618553}}