{"Mean":{"confidence_interval":{"confidence_level":0.95,"lower_bound":236.2817309608595,"upper_bound":270.95816247098026},"point_estimate":254.53933371060043,"standard_error":8.925054623006393},"Median":{"confidence_interval":{"confidence_level":0.95,"lower_bound":225.11888916687516,"upper_bound":276.6917182331193},"point_estimate":273.75849422781374,"standard_error":16.10863012426005},"MedianAbsDev":{"confidence_interval":{"confidence_level":0.95,"lower_bound":1.5603024229704026,"upper_bound":44.99030572555561},"point_estimate":8.236196807593595,"standard_error":14.435907341728424},"Slope":{"confidence_interval":{"confidence_level":0.95,"lower_bound":264.20076803122055,"upper_bound":275.7208931264205},"point_estimate":272.45885619409364,"standard_error":3.035181929809813},"StdDev":{"confidence_interval":{"confidence_level":0.95,"lower_bound":15.987495785882007,"upper_bound":34.86550668547063},"point_estimate":29.697870685568553,"standard_error":4.939446459626666}}