{"Mean":{"confidence_interval":{"confidence_level":0.95,"lower_bound":10413.777569297778,"upper_bound":10520.44208197164},"point_estimate":10466.740485118138,"standard_error":27.191113744926746},"Median":{"confidence_interval":{"confidence_level":0.95,"lower_bound":10385.639003673095,"upper_bound":10546.804321625345},"point_estimate":10472.668869248035,"standard_error":48.68817691875415},"MedianAbsDev":{"confidence_interval":{"confidence_level":0.95,"lower_bound":11.929318133599098,"upper_bound":150.662872215005},"point_estimate":119.64261236417077,"standard_error":34.338949787760754},"Slope":{"confidence_interval":{"confidence_level":0.95,"lower_bound":10461.856356274384,"upper_bound":10550.857214002192},"point_estimate":10507.258945118243,"standard_error":22.524851915773485},"StdDev":{"confidence_interval":{"confidence_level":0.95,"lower_bound":58.17863435941362,"upper_bound":108.8583477961632},"point_estimate":90.70659050056216,"standard_error":13.023263531731763}}