{"Mean":{"confidence_interval":{"confidence_level":0.95,"lower_bound":5614856.961875,"upper_bound":5674502.970175265},"point_estimate":5644542.609857803,"standard_error":15278.397223470502},"Median":{"confidence_interval":{"confidence_level":0.95,"lower_bound":5597372.25,"upper_bound":5690895.606481481},"point_estimate":5639632.119791666,"standard_error":31616.578623130375},"MedianAbsDev":{"confidence_interval":{"confidence_level":0.95,"lower_bound":7658.981050138116,"upper_bound":77618.99399490283},"point_estimate":69517.17714915611,"standard_error":19988.809896227893},"Slope":{"confidence_interval":{"confidence_level":0.95,"lower_bound":5649173.66064257,"upper_bound":5699074.667821783},"point_estimate":5681481.519264069,"standard_error":12869.607179949568},"StdDev":{"confidence_interval":{"confidence_level":0.95,"lower_bound":34646.52283868832,"upper_bound":58467.209532429355},"point_estimate":51016.76107191457,"standard_error":6080.133085223503}}