{"Mean":{"confidence_interval":{"confidence_level":0.95,"lower_bound":18451.0376445274,"upper_bound":19333.515525076567},"point_estimate":18836.988793987814,"standard_error":225.96675790212913},"Median":{"confidence_interval":{"confidence_level":0.95,"lower_bound":18457.273811375537,"upper_bound":18933.41286414239},"point_estimate":18757.66119925338,"standard_error":112.24812113345058},"MedianAbsDev":{"confidence_interval":{"confidence_level":0.95,"lower_bound":21.42326982497986,"upper_bound":899.6655495923744},"point_estimate":299.0453217697514,"standard_error":207.55644729891003},"Slope":{"confidence_interval":{"confidence_level":0.95,"lower_bound":18528.581354070066,"upper_bound":20015.41646875283},"point_estimate":19186.64226869724,"standard_error":433.4536655224642},"StdDev":{"confidence_interval":{"confidence_level":0.95,"lower_bound":163.94126223479398,"upper_bound":1101.4000335242672},"point_estimate":752.3304539382314,"standard_error":270.6441625201316}}