{"Mean":{"confidence_interval":{"confidence_level":0.95,"lower_bound":11425.286384625417,"upper_bound":11674.16142977749},"point_estimate":11545.359814558946,"standard_error":63.59230434789593},"Median":{"confidence_interval":{"confidence_level":0.95,"lower_bound":11384.3401328644,"upper_bound":11670.157641873997},"point_estimate":11563.586288589293,"standard_error":80.30634276768144},"MedianAbsDev":{"confidence_interval":{"confidence_level":0.95,"lower_bound":25.168699533627642,"upper_bound":362.2317800301227},"point_estimate":230.91724727463486,"standard_error":84.53287969049416},"Slope":{"confidence_interval":{"confidence_level":0.95,"lower_bound":11421.231924034231,"upper_bound":11651.482655369224},"point_estimate":11533.88556609471,"standard_error":60.48357093887814},"StdDev":{"confidence_interval":{"confidence_level":0.95,"lower_bound":104.81630130084669,"upper_bound":282.1741413533589},"point_estimate":211.07736644776588,"standard_error":46.8645258122385}}