{"Mean":{"confidence_interval":{"confidence_level":0.95,"lower_bound":329.0575982655458,"upper_bound":375.90676209763785},"point_estimate":352.1369612464754,"standard_error":11.983964423832727},"Median":{"confidence_interval":{"confidence_level":0.95,"lower_bound":315.7296611151492,"upper_bound":386.41593717409853},"point_estimate":345.51829472553175,"standard_error":18.119903724984777},"MedianAbsDev":{"confidence_interval":{"confidence_level":0.95,"lower_bound":10.498989334194762,"upper_bound":66.6902699307389},"point_estimate":44.87862715065847,"standard_error":14.41927250632159},"Slope":{"confidence_interval":{"confidence_level":0.95,"lower_bound":354.6607773681658,"upper_bound":393.7392770648307},"point_estimate":377.855869150601,"standard_error":9.463765516757535},"StdDev":{"confidence_interval":{"confidence_level":0.95,"lower_bound":23.708130121245983,"upper_bound":49.46831037446761},"point_estimate":40.059686783782915,"standard_error":6.5592945394238775}}