{"Mean":{"confidence_interval":{"confidence_level":0.95,"lower_bound":3194.7080533370126,"upper_bound":3241.766934586405},"point_estimate":3215.0526464919762,"standard_error":12.220792678501049},"Median":{"confidence_interval":{"confidence_level":0.95,"lower_bound":3186.2649425904065,"upper_bound":3226.554335995585},"point_estimate":3209.9050287047967,"standard_error":10.280271525200037},"MedianAbsDev":{"confidence_interval":{"confidence_level":0.95,"lower_bound":4.4194181571333795,"upper_bound":50.437523309136814},"point_estimate":27.36951492347273,"standard_error":11.050991483343678},"Slope":{"confidence_interval":{"confidence_level":0.95,"lower_bound":3208.5382544864237,"upper_bound":3241.8543195025254},"point_estimate":3220.3447847784796,"standard_error":8.590971864186425},"StdDev":{"confidence_interval":{"confidence_level":0.95,"lower_bound":14.278623604610297,"upper_bound":58.97111859661404},"point_estimate":40.68216762761575,"standard_error":13.665206492483142}}