{"Mean":{"confidence_interval":{"confidence_level":0.95,"lower_bound":11918.882405495038,"upper_bound":12104.424613453151},"point_estimate":12004.074565815225,"standard_error":47.59382857090075},"Median":{"confidence_interval":{"confidence_level":0.95,"lower_bound":11896.773181798158,"upper_bound":12117.839170080613},"point_estimate":11936.04182163152,"standard_error":63.66658179965699},"MedianAbsDev":{"confidence_interval":{"confidence_level":0.95,"lower_bound":1.494584339793548,"upper_bound":238.16991214536668},"point_estimate":59.53933989578765,"standard_error":68.19382524744356},"Slope":{"confidence_interval":{"confidence_level":0.95,"lower_bound":11922.310938501749,"upper_bound":12045.285331391475},"point_estimate":11966.791447141468,"standard_error":31.5867194263871},"StdDev":{"confidence_interval":{"confidence_level":0.95,"lower_bound":50.20454477682076,"upper_bound":199.8038886659316},"point_estimate":158.45217474405163,"standard_error":35.37645421148639}}