{"Mean":{"confidence_interval":{"confidence_level":0.95,"lower_bound":684845.8093607456,"upper_bound":840776.7252279136},"point_estimate":762606.4886570594,"standard_error":39665.276245984125},"Median":{"confidence_interval":{"confidence_level":0.95,"lower_bound":693335.4276315789,"upper_bound":890201.783625731},"point_estimate":720888.4210526316,"standard_error":55471.945858685474},"MedianAbsDev":{"confidence_interval":{"confidence_level":0.95,"lower_bound":5690.34116520437,"upper_bound":237271.3107482501},"point_estimate":103357.62233915826,"standard_error":67055.49947990006},"Slope":{"confidence_interval":{"confidence_level":0.95,"lower_bound":687750.6242639774,"upper_bound":855576.4858362818},"point_estimate":760675.8074732285,"standard_error":42672.69648664921},"StdDev":{"confidence_interval":{"confidence_level":0.95,"lower_bound":70282.26952300683,"upper_bound":171689.14422420744},"point_estimate":131824.04738765451,"standard_error":25668.556711025343}}