{"Mean":{"confidence_interval":{"confidence_level":0.95,"lower_bound":12134685.146401042,"upper_bound":12211495.872827379},"point_estimate":12174724.613392856,"standard_error":19684.644032735858},"Median":{"confidence_interval":{"confidence_level":0.95,"lower_bound":12122663.985416666,"upper_bound":12235182.625},"point_estimate":12189748.395833332,"standard_error":31168.15779698597},"MedianAbsDev":{"confidence_interval":{"confidence_level":0.95,"lower_bound":12448.91322273853,"upper_bound":113942.88897085888},"point_estimate":71805.32053457758,"standard_error":25638.369895383246},"Slope":{"confidence_interval":{"confidence_level":0.95,"lower_bound":12126431.091208134,"upper_bound":12221000.555276383},"point_estimate":12167770.192532467,"standard_error":24506.894016837978},"StdDev":{"confidence_interval":{"confidence_level":0.95,"lower_bound":36540.79521740871,"upper_bound":82218.22149990826},"point_estimate":65815.15073014601,"standard_error":11894.87552238223}}