{"Mean":{"confidence_interval":{"confidence_level":0.95,"lower_bound":3573758.604974537,"upper_bound":3699245.347895586},"point_estimate":3626264.028554894,"standard_error":32870.25112808628},"Median":{"confidence_interval":{"confidence_level":0.95,"lower_bound":3566364.0104166665,"upper_bound":3653029.140625},"point_estimate":3600636.665343915,"standard_error":22937.797360320455},"MedianAbsDev":{"confidence_interval":{"confidence_level":0.95,"lower_bound":9367.604762580459,"upper_bound":115779.7453976241},"point_estimate":40781.96602014194,"standard_error":27054.23064255933},"Slope":{"confidence_interval":{"confidence_level":0.95,"lower_bound":3574450.528600823,"upper_bound":3618980.250120391},"point_estimate":3595007.94004329,"standard_error":11299.070933230258},"StdDev":{"confidence_interval":{"confidence_level":0.95,"lower_bound":29235.53408151646,"upper_bound":161059.00505718702},"point_estimate":109166.3613247324,"standard_error":40489.36724919953}}