{"Mean":{"confidence_interval":{"confidence_level":0.95,"lower_bound":4107070.961794533,"upper_bound":4367206.29919753},"point_estimate":4254038.589387126,"standard_error":67314.28431770774},"Median":{"confidence_interval":{"confidence_level":0.95,"lower_bound":4160677.201388889,"upper_bound":4377457.358024691},"point_estimate":4356490.042592593,"standard_error":56436.70081738363},"MedianAbsDev":{"confidence_interval":{"confidence_level":0.95,"lower_bound":1558.76142195528,"upper_bound":290312.1132145406},"point_estimate":31335.73930127206,"standard_error":68026.99267817917},"Slope":{"confidence_interval":{"confidence_level":0.95,"lower_bound":4337518.010424873,"upper_bound":4386102.6696828175},"point_estimate":4369850.33030303,"standard_error":12524.682082572146},"StdDev":{"confidence_interval":{"confidence_level":0.95,"lower_bound":26991.176056643526,"upper_bound":308181.24433437816},"point_estimate":224447.78494945404,"standard_error":72690.55799195278}}