{"Mean":{"confidence_interval":{"confidence_level":0.95,"lower_bound":2506.164705526566,"upper_bound":2596.5556643641708},"point_estimate":2551.4467844216115,"standard_error":23.20685935577375},"Median":{"confidence_interval":{"confidence_level":0.95,"lower_bound":2486.967696742461,"upper_bound":2626.970486391084},"point_estimate":2545.758488262262,"standard_error":42.85179736043349},"MedianAbsDev":{"confidence_interval":{"confidence_level":0.95,"lower_bound":4.391409438647192,"upper_bound":123.20569169241239},"point_estimate":96.46125234125215,"standard_error":30.592180704123166},"Slope":{"confidence_interval":{"confidence_level":0.95,"lower_bound":2556.146214558803,"upper_bound":2633.685345735148},"point_estimate":2607.9448662448663,"standard_error":19.861662400110912},"StdDev":{"confidence_interval":{"confidence_level":0.95,"lower_bound":49.854248289326485,"upper_bound":92.54563151890783},"point_estimate":77.2874903968596,"standard_error":10.95332297756763}}