{"Mean":{"confidence_interval":{"confidence_level":0.95,"lower_bound":36608.911363712294,"upper_bound":37236.22277448965},"point_estimate":36892.28920994586,"standard_error":160.8473538818775},"Median":{"confidence_interval":{"confidence_level":0.95,"lower_bound":36591.295076245704,"upper_bound":37000.77420532647},"point_estimate":36921.26376956854,"standard_error":110.84020993321741},"MedianAbsDev":{"confidence_interval":{"confidence_level":0.95,"lower_bound":21.25747766384077,"upper_bound":747.9198024441398},"point_estimate":181.66620522516828,"standard_error":192.5742729690188},"Slope":{"confidence_interval":{"confidence_level":0.95,"lower_bound":36810.809992645525,"upper_bound":37443.329425500044},"point_estimate":37069.66229414915,"standard_error":165.72077430075296},"StdDev":{"confidence_interval":{"confidence_level":0.95,"lower_bound":167.85361550902397,"upper_bound":766.8401284133424},"point_estimate":535.4292545533486,"standard_error":168.30378381403366}}