{"Mean":{"confidence_interval":{"confidence_level":0.95,"lower_bound":13697.229243198886,"upper_bound":14039.789660416864},"point_estimate":13869.270302686986,"standard_error":87.42360713028383},"Median":{"confidence_interval":{"confidence_level":0.95,"lower_bound":13514.84516765286,"upper_bound":14045.504333086785},"point_estimate":13928.87213651733,"standard_error":123.23458096393695},"MedianAbsDev":{"confidence_interval":{"confidence_level":0.95,"lower_bound":27.556684721570615,"upper_bound":601.4575641370822},"point_estimate":218.164086565669,"standard_error":143.57380083831765},"Slope":{"confidence_interval":{"confidence_level":0.95,"lower_bound":13821.594306638359,"upper_bound":14040.42076457099},"point_estimate":13964.981724045185,"standard_error":56.1430338807513},"StdDev":{"confidence_interval":{"confidence_level":0.95,"lower_bound":165.20954611445597,"upper_bound":368.67405494689604},"point_estimate":292.7736539947036,"standard_error":52.779779362068325}}