{"Mean":{"confidence_interval":{"confidence_level":0.95,"lower_bound":407.3273012980864,"upper_bound":414.1465355404067},"point_estimate":410.68179506538246,"standard_error":1.7498554144310714},"Median":{"confidence_interval":{"confidence_level":0.95,"lower_bound":405.23881664340115,"upper_bound":415.70878724374427},"point_estimate":411.10716356868215,"standard_error":2.8402548790724995},"MedianAbsDev":{"confidence_interval":{"confidence_level":0.95,"lower_bound":0.935125797078382,"upper_bound":9.939949264522033},"point_estimate":7.55445050080927,"standard_error":2.3876658989829234},"Slope":{"confidence_interval":{"confidence_level":0.95,"lower_bound":410.9931057969065,"upper_bound":417.63914717389673},"point_estimate":415.23868960075265,"standard_error":1.6999169133022316},"StdDev":{"confidence_interval":{"confidence_level":0.95,"lower_bound":3.5588793676084918,"upper_bound":7.054281526008924},"point_estimate":5.821256271562733,"standard_error":0.8989490440410444}}