{"Mean":{"confidence_interval":{"confidence_level":0.95,"lower_bound":7722262.265050505,"upper_bound":7763078.435607323},"point_estimate":7741364.190580808,"standard_error":10415.046197311955},"Median":{"confidence_interval":{"confidence_level":0.95,"lower_bound":7712619.232323232,"upper_bound":7773207.363636363},"point_estimate":7730546.627272727,"standard_error":13919.46314178503},"MedianAbsDev":{"confidence_interval":{"confidence_level":0.95,"lower_bound":1301.0174187200578,"upper_bound":61155.36945669977},"point_estimate":28880.457442420484,"standard_error":14646.703713077968},"Slope":{"confidence_interval":{"confidence_level":0.95,"lower_bound":7718496.507088531,"upper_bound":7769493.974747474},"point_estimate":7739210.555844156,"standard_error":13254.571939321746},"StdDev":{"confidence_interval":{"confidence_level":0.95,"lower_bound":12385.65541469222,"upper_bound":41834.836980344175},"point_estimate":34811.79953339385,"standard_error":6526.2925940165605}}