{"Mean":{"confidence_interval":{"confidence_level":0.95,"lower_bound":395.5577106984273,"upper_bound":415.3486332232422},"point_estimate":405.9598065857028,"standard_error":5.079503751351587},"Median":{"confidence_interval":{"confidence_level":0.95,"lower_bound":393.06618981997946,"upper_bound":419.17967292567005},"point_estimate":410.5082994290964,"standard_error":6.871801071127902},"MedianAbsDev":{"confidence_interval":{"confidence_level":0.95,"lower_bound":3.4567681903198353,"upper_bound":28.746719426337563},"point_estimate":15.807021905864458,"standard_error":6.152993407572182},"Slope":{"confidence_interval":{"confidence_level":0.95,"lower_bound":409.59267340376664,"upper_bound":421.9771013172032},"point_estimate":417.8249545978662,"standard_error":3.1777396378477665},"StdDev":{"confidence_interval":{"confidence_level":0.95,"lower_bound":8.556757529638109,"upper_bound":22.039911841854543},"point_estimate":16.966027348344454,"standard_error":3.603259007325594}}