{"Mean":{"confidence_interval":{"confidence_level":0.95,"lower_bound":1097732.2447291666,"upper_bound":1103827.0636880952},"point_estimate":1100807.1311205355,"standard_error":1563.6443431480307},"Median":{"confidence_interval":{"confidence_level":0.95,"lower_bound":1095642.5958333334,"upper_bound":1105638.3723214285},"point_estimate":1102027.3408333333,"standard_error":3067.8570627345634},"MedianAbsDev":{"confidence_interval":{"confidence_level":0.95,"lower_bound":597.0526617439924,"upper_bound":7810.764762081302},"point_estimate":7379.07648074515,"standard_error":2048.757231753276},"Slope":{"confidence_interval":{"confidence_level":0.95,"lower_bound":1097926.604615903,"upper_bound":1104568.96283807},"point_estimate":1101821.0232792208,"standard_error":1761.8941829926277},"StdDev":{"confidence_interval":{"confidence_level":0.95,"lower_bound":3403.9543932806237,"upper_bound":6054.706335917403},"point_estimate":5208.684699895761,"standard_error":673.5985422600276}}