{"Mean":{"confidence_interval":{"confidence_level":0.95,"lower_bound":310457.454728249,"upper_bound":311742.6230652778},"point_estimate":311073.6435454365,"standard_error":329.9232777729592},"Median":{"confidence_interval":{"confidence_level":0.95,"lower_bound":310120.00395833334,"upper_bound":311984.96906250005},"point_estimate":310913.2301785714,"standard_error":473.0420319176711},"MedianAbsDev":{"confidence_interval":{"confidence_level":0.95,"lower_bound":181.04851945241907,"upper_bound":1915.2111970315711},"point_estimate":1125.1180625751622,"standard_error":425.86917265687106},"Slope":{"confidence_interval":{"confidence_level":0.95,"lower_bound":310680.7022619048,"upper_bound":312097.6917953668},"point_estimate":311505.8415844156,"standard_error":356.4265920614068},"StdDev":{"confidence_interval":{"confidence_level":0.95,"lower_bound":578.4396055430594,"upper_bound":1341.4604153894968},"point_estimate":1098.2213491363152,"standard_error":190.8026483952602}}