{"Mean":{"confidence_interval":{"confidence_level":0.95,"lower_bound":4210.678096188806,"upper_bound":4307.32892843972},"point_estimate":4259.9883051675415,"standard_error":24.814481804810004},"Median":{"confidence_interval":{"confidence_level":0.95,"lower_bound":4179.569131281652,"upper_bound":4335.882167251007},"point_estimate":4271.391112471479,"standard_error":44.37156880259303},"MedianAbsDev":{"confidence_interval":{"confidence_level":0.95,"lower_bound":18.005507671768573,"upper_bound":134.28994354497712},"point_estimate":99.77864901860225,"standard_error":31.535364499467896},"Slope":{"confidence_interval":{"confidence_level":0.95,"lower_bound":4264.842197680321,"upper_bound":4340.453963284961},"point_estimate":4316.429753261931,"standard_error":19.45245965480263},"StdDev":{"confidence_interval":{"confidence_level":0.95,"lower_bound":52.01790272166801,"upper_bound":97.76103078920747},"point_estimate":82.97147867840881,"standard_error":11.584323436545661}}