{"Mean":{"confidence_interval":{"confidence_level":0.95,"lower_bound":314.7036012968128,"upper_bound":325.4073118009264},"point_estimate":319.54044776554525,"standard_error":2.742723218330547},"Median":{"confidence_interval":{"confidence_level":0.95,"lower_bound":312.73208259176494,"upper_bound":327.0332986524642},"point_estimate":316.64628189859354,"standard_error":3.0679970753361197},"MedianAbsDev":{"confidence_interval":{"confidence_level":0.95,"lower_bound":0.8707064949327555,"upper_bound":12.45656823186192},"point_estimate":5.60227329453674,"standard_error":2.974359097496554},"Slope":{"confidence_interval":{"confidence_level":0.95,"lower_bound":313.24373795458723,"upper_bound":319.69353589662836},"point_estimate":315.3191898414583,"standard_error":1.6757585629598046},"StdDev":{"confidence_interval":{"confidence_level":0.95,"lower_bound":2.776652770454943,"upper_bound":11.530129569462586},"point_estimate":9.138430942301293,"standard_error":2.3176299076384894}}