{"Mean":{"confidence_interval":{"confidence_level":0.95,"lower_bound":734.4129920384332,"upper_bound":765.6079539131243},"point_estimate":751.3084754243902,"standard_error":8.033304969987308},"Median":{"confidence_interval":{"confidence_level":0.95,"lower_bound":735.6595241675079,"upper_bound":769.2225555054378},"point_estimate":762.8970425499924,"standard_error":8.752225809308351},"MedianAbsDev":{"confidence_interval":{"confidence_level":0.95,"lower_bound":2.6652574820762984,"upper_bound":40.382344036941674},"point_estimate":10.061417695678825,"standard_error":9.602902691072208},"Slope":{"confidence_interval":{"confidence_level":0.95,"lower_bound":757.9851845103636,"upper_bound":767.2499111345716},"point_estimate":763.405747363447,"standard_error":2.3437792115491325},"StdDev":{"confidence_interval":{"confidence_level":0.95,"lower_bound":6.550476760842414,"upper_bound":34.26612364421145},"point_estimate":26.884048911091373,"standard_error":6.723897812145619}}