{"Mean":{"confidence_interval":{"confidence_level":0.95,"lower_bound":4695.276666975032,"upper_bound":4748.087621784249},"point_estimate":4726.446686147677,"standard_error":14.016933804521308},"Median":{"confidence_interval":{"confidence_level":0.95,"lower_bound":4711.639813311688,"upper_bound":4750.180862977602},"point_estimate":4744.954355031291,"standard_error":9.99305327675048},"MedianAbsDev":{"confidence_interval":{"confidence_level":0.95,"lower_bound":2.0493286156263477,"upper_bound":49.39213867659745},"point_estimate":8.99416820124043,"standard_error":12.512869286594219},"Slope":{"confidence_interval":{"confidence_level":0.95,"lower_bound":4725.425076875866,"upper_bound":4753.15686260296},"point_estimate":4743.252908282429,"standard_error":7.142668200583233},"StdDev":{"confidence_interval":{"confidence_level":0.95,"lower_bound":9.170554071453513,"upper_bound":68.90577976748867},"point_estimate":46.51805743319884,"standard_error":18.031157238812384}}