{"Mean":{"confidence_interval":{"confidence_level":0.95,"lower_bound":385506.8007141785,"upper_bound":388313.3203989704},"point_estimate":386774.7055190906,"standard_error":723.2936088908151},"Median":{"confidence_interval":{"confidence_level":0.95,"lower_bound":384916.25675675675,"upper_bound":388234.92124624626},"point_estimate":385847.1605105105,"standard_error":872.7112619193441},"MedianAbsDev":{"confidence_interval":{"confidence_level":0.95,"lower_bound":319.1040438843045,"upper_bound":3600.4372670805697},"point_estimate":1699.2619246969161,"standard_error":864.5166500171603},"Slope":{"confidence_interval":{"confidence_level":0.95,"lower_bound":385450.66850733344,"upper_bound":388081.23355623666},"point_estimate":386804.5133848134,"standard_error":701.7346767422437},"StdDev":{"confidence_interval":{"confidence_level":0.95,"lower_bound":928.2354768451052,"upper_bound":3313.6181650904505},"point_estimate":2421.919109722811,"standard_error":664.262453486953}}