{"Mean":{"confidence_interval":{"confidence_level":0.95,"lower_bound":6223.559675040697,"upper_bound":6550.244655306354},"point_estimate":6357.159854057287,"standard_error":86.69833654149863},"Median":{"confidence_interval":{"confidence_level":0.95,"lower_bound":6197.257574924388,"upper_bound":6389.969685463774},"point_estimate":6303.8882549720465,"standard_error":44.03527409885213},"MedianAbsDev":{"confidence_interval":{"confidence_level":0.95,"lower_bound":21.20353942743014,"upper_bound":270.1050255868609},"point_estimate":79.03562998809342,"standard_error":69.93447285634225},"Slope":{"confidence_interval":{"confidence_level":0.95,"lower_bound":6288.22862873997,"upper_bound":6836.334290013469},"point_estimate":6534.190128156144,"standard_error":162.42653008752816},"StdDev":{"confidence_interval":{"confidence_level":0.95,"lower_bound":66.68041501283531,"upper_bound":431.0304480494262},"point_estimate":287.7448379758807,"standard_error":115.36327424971222}}