{"Mean":{"confidence_interval":{"confidence_level":0.95,"lower_bound":6351522.39705873,"upper_bound":6447538.856426786},"point_estimate":6397829.7521825405,"standard_error":24593.086422412525},"Median":{"confidence_interval":{"confidence_level":0.95,"lower_bound":6333639.824999999,"upper_bound":6483241.9},"point_estimate":6374117.900555556,"standard_error":39539.16031456435},"MedianAbsDev":{"confidence_interval":{"confidence_level":0.95,"lower_bound":10446.15054954409,"upper_bound":132503.92189608427},"point_estimate":63323.716658279576,"standard_error":33521.132431381484},"Slope":{"confidence_interval":{"confidence_level":0.95,"lower_bound":6350603.566704858,"upper_bound":6420619.957239057},"point_estimate":6382541.518441559,"standard_error":17692.51493211278},"StdDev":{"confidence_interval":{"confidence_level":0.95,"lower_bound":43635.54868674715,"upper_bound":99221.69566983181},"point_estimate":81807.18207784832,"standard_error":13699.555415489116}}