{"Mean":{"confidence_interval":{"confidence_level":0.95,"lower_bound":4787.70815487471,"upper_bound":4970.505914155174},"point_estimate":4876.773607689339,"standard_error":46.887882848243784},"Median":{"confidence_interval":{"confidence_level":0.95,"lower_bound":4734.848731311855,"upper_bound":5012.889864971573},"point_estimate":4839.133004974732,"standard_error":85.20752877024971},"MedianAbsDev":{"confidence_interval":{"confidence_level":0.95,"lower_bound":34.260054720516045,"upper_bound":256.71674637295797},"point_estimate":183.82975295873183,"standard_error":61.908847819083825},"Slope":{"confidence_interval":{"confidence_level":0.95,"lower_bound":4819.38793005738,"upper_bound":4987.358432595903},"point_estimate":4929.81473386058,"standard_error":42.981400526479376},"StdDev":{"confidence_interval":{"confidence_level":0.95,"lower_bound":96.9772095477451,"upper_bound":188.97123045947905},"point_estimate":156.53336252178957,"standard_error":23.71486949496123}}