{"Mean":{"confidence_interval":{"confidence_level":0.95,"lower_bound":1407972.0352727273,"upper_bound":1415900.8878474026},"point_estimate":1411853.2385714285,"standard_error":2032.1504065718061},"Median":{"confidence_interval":{"confidence_level":0.95,"lower_bound":1405577.1636363636,"upper_bound":1418827.5948051948},"point_estimate":1410750.98,"standard_error":3509.731107860731},"MedianAbsDev":{"confidence_interval":{"confidence_level":0.95,"lower_bound":1333.6256326868852,"upper_bound":10884.496924216024},"point_estimate":7749.156499515811,"standard_error":2553.4502138174553},"Slope":{"confidence_interval":{"confidence_level":0.95,"lower_bound":1409745.3363636364,"upper_bound":1419198.6092480358},"point_estimate":1415869.811948052,"standard_error":2390.639126226144},"StdDev":{"confidence_interval":{"confidence_level":0.95,"lower_bound":4173.379465866149,"upper_bound":8026.605090517359},"point_estimate":6785.100037586067,"standard_error":972.916937745146}}