{"Mean":{"confidence_interval":{"confidence_level":0.95,"lower_bound":302488.9908831908,"upper_bound":344647.92238039273},"point_estimate":324300.00695767195,"standard_error":10803.92203327476},"Median":{"confidence_interval":{"confidence_level":0.95,"lower_bound":289176.74572649575,"upper_bound":356020.74358974356},"point_estimate":339268.60619658115,"standard_error":19064.91472811431},"MedianAbsDev":{"confidence_interval":{"confidence_level":0.95,"lower_bound":4899.552145750627,"upper_bound":57758.55690385418},"point_estimate":29736.270603913323,"standard_error":15190.584840596388},"Slope":{"confidence_interval":{"confidence_level":0.95,"lower_bound":334715.1226553051,"upper_bound":355669.53951624245},"point_estimate":349586.75133200135,"standard_error":5517.122265858894},"StdDev":{"confidence_interval":{"confidence_level":0.95,"lower_bound":20353.432093623607,"upper_bound":42129.49636391547},"point_estimate":36007.969682830306,"standard_error":5539.94077947028}}