{"Mean":{"confidence_interval":{"confidence_level":0.95,"lower_bound":57856.638582533764,"upper_bound":58920.138834584526},"point_estimate":58362.77411917348,"standard_error":272.30110577887734},"Median":{"confidence_interval":{"confidence_level":0.95,"lower_bound":57604.126958955225,"upper_bound":59196.267205638476},"point_estimate":58127.78167199716,"standard_error":435.4521531206433},"MedianAbsDev":{"confidence_interval":{"confidence_level":0.95,"lower_bound":91.13743959467187,"upper_bound":1494.614413806544},"point_estimate":809.8475367673891,"standard_error":354.7725151902505},"Slope":{"confidence_interval":{"confidence_level":0.95,"lower_bound":57982.584809159714,"upper_bound":59118.45688667214},"point_estimate":58709.694717968596,"standard_error":285.431224290115},"StdDev":{"confidence_interval":{"confidence_level":0.95,"lower_bound":501.31204711571394,"upper_bound":1103.1719210107808},"point_estimate":908.188193361236,"standard_error":152.13169127239001}}