{"Mean":{"confidence_interval":{"confidence_level":0.95,"lower_bound":14647426.361632654,"upper_bound":14817966.63315306},"point_estimate":14729970.58617347,"standard_error":43882.94062101579},"Median":{"confidence_interval":{"confidence_level":0.95,"lower_bound":14593794.07142857,"upper_bound":14900207.285714285},"point_estimate":14706416.204081632,"standard_error":73117.28301107377},"MedianAbsDev":{"confidence_interval":{"confidence_level":0.95,"lower_bound":20516.906785752486,"upper_bound":236026.92942968564},"point_estimate":173346.0503439205,"standard_error":62613.47372725287},"Slope":{"confidence_interval":{"confidence_level":0.95,"lower_bound":14689155.138248848,"upper_bound":14895550.313347237},"point_estimate":14827626.269758813,"standard_error":51438.338925307886},"StdDev":{"confidence_interval":{"confidence_level":0.95,"lower_bound":75232.59887631937,"upper_bound":170795.6715116653},"point_estimate":146354.13137348503,"standard_error":22034.254248107067}}