{"Mean":{"confidence_interval":{"confidence_level":0.95,"lower_bound":865569.2066574075,"upper_bound":1095778.3695621693},"point_estimate":980010.036732804,"standard_error":59116.476326732074},"Median":{"confidence_interval":{"confidence_level":0.95,"lower_bound":770929.6296296297,"upper_bound":1176514.1300925924},"point_estimate":992572.9872134039,"standard_error":118450.59834191474},"MedianAbsDev":{"confidence_interval":{"confidence_level":0.95,"lower_bound":6781.85431404258,"upper_bound":326183.0835079815},"point_estimate":313497.7222768955,"standard_error":91136.11951330524},"Slope":{"confidence_interval":{"confidence_level":0.95,"lower_bound":989211.2040935672,"upper_bound":1172593.6141776184},"point_estimate":1104666.6277056278,"standard_error":46903.32158083032},"StdDev":{"confidence_interval":{"confidence_level":0.95,"lower_bound":131346.0507853144,"upper_bound":225506.99143835634},"point_estimate":196720.20930717338,"standard_error":24452.580185060637}}