{"Mean":{"confidence_interval":{"confidence_level":0.95,"lower_bound":61271.5085453531,"upper_bound":61968.247281205164},"point_estimate":61609.21076119879,"standard_error":179.413818454256},"Median":{"confidence_interval":{"confidence_level":0.95,"lower_bound":61160.74929260322,"upper_bound":62347.17934002869},"point_estimate":61450.1612147298,"standard_error":286.71405374572424},"MedianAbsDev":{"confidence_interval":{"confidence_level":0.95,"lower_bound":83.8349662304266,"upper_bound":994.3741920773108},"point_estimate":529.3858340986612,"standard_error":243.5107084156269},"Slope":{"confidence_interval":{"confidence_level":0.95,"lower_bound":61222.35419715038,"upper_bound":61966.242199843815},"point_estimate":61513.62174066966,"standard_error":189.76260998412116},"StdDev":{"confidence_interval":{"confidence_level":0.95,"lower_bound":321.6202897442538,"upper_bound":709.2087537565783},"point_estimate":598.4133069700482,"standard_error":93.08358211121897}}