{"Mean":{"confidence_interval":{"confidence_level":0.95,"lower_bound":4680.819498646457,"upper_bound":4703.148844570987},"point_estimate":4692.345587230295,"standard_error":5.713308258515114},"Median":{"confidence_interval":{"confidence_level":0.95,"lower_bound":4679.899323127531,"upper_bound":4708.950142784846},"point_estimate":4693.445170167004,"standard_error":7.194686659039542},"MedianAbsDev":{"confidence_interval":{"confidence_level":0.95,"lower_bound":4.876415559301908,"upper_bound":32.09624328961578},"point_estimate":21.051455045458408,"standard_error":7.243019066669128},"Slope":{"confidence_interval":{"confidence_level":0.95,"lower_bound":4680.317837107863,"upper_bound":4705.478251581796},"point_estimate":4693.09145295494,"standard_error":6.36758762213423},"StdDev":{"confidence_interval":{"confidence_level":0.95,"lower_bound":10.333456793844334,"upper_bound":24.393988390028383},"point_estimate":18.986592795301753,"standard_error":3.693405469587377}}