{"Mean":{"confidence_interval":{"confidence_level":0.95,"lower_bound":948163.5967948718,"upper_bound":958905.4143108975},"point_estimate":953540.7657348899,"standard_error":2751.769848197981},"Median":{"confidence_interval":{"confidence_level":0.95,"lower_bound":947892.8461538461,"upper_bound":961873.1038461538},"point_estimate":952591.4582417583,"standard_error":3262.24596909992},"MedianAbsDev":{"confidence_interval":{"confidence_level":0.95,"lower_bound":1748.2392574240566,"upper_bound":16800.94169980075},"point_estimate":7681.915806695701,"standard_error":3881.469299058169},"Slope":{"confidence_interval":{"confidence_level":0.95,"lower_bound":951674.0941085231,"upper_bound":963332.6077710467},"point_estimate":959342.5777722278,"standard_error":2691.1209740732925},"StdDev":{"confidence_interval":{"confidence_level":0.95,"lower_bound":4785.935885239816,"upper_bound":12000.80250824273},"point_estimate":9176.60514300369,"standard_error":1852.3812598146128}}