{"Mean":{"confidence_interval":{"confidence_level":0.95,"lower_bound":2778160.9420427387,"upper_bound":2814868.419933333},"point_estimate":2794147.376195238,"standard_error":9518.176562200118},"Median":{"confidence_interval":{"confidence_level":0.95,"lower_bound":2774563.842142857,"upper_bound":2808154.333333333},"point_estimate":2782501.8608333333,"standard_error":7909.296519757733},"MedianAbsDev":{"confidence_interval":{"confidence_level":0.95,"lower_bound":2883.648300305317,"upper_bound":40504.121548908035},"point_estimate":16291.168570773883,"standard_error":9773.65147284535},"Slope":{"confidence_interval":{"confidence_level":0.95,"lower_bound":2775169.7333333334,"upper_bound":2842584.9243614064},"point_estimate":2811822.91812987,"standard_error":18038.735699049554},"StdDev":{"confidence_interval":{"confidence_level":0.95,"lower_bound":8777.800264855518,"upper_bound":44789.271366735695},"point_estimate":31747.187869837515,"standard_error":10099.829095948668}}