{"Mean":{"confidence_interval":{"confidence_level":0.95,"lower_bound":410.3912106654242,"upper_bound":434.4758469539509},"point_estimate":422.13328562537646,"standard_error":6.1806657287050735},"Median":{"confidence_interval":{"confidence_level":0.95,"lower_bound":404.95185033644935,"upper_bound":444.0400559588627},"point_estimate":412.78704496771485,"standard_error":12.449421606383671},"MedianAbsDev":{"confidence_interval":{"confidence_level":0.95,"lower_bound":2.1793373721853926,"upper_bound":32.43194142588155},"point_estimate":17.435600786047207,"standard_error":8.540381367038517},"Slope":{"confidence_interval":{"confidence_level":0.95,"lower_bound":403.87326311553693,"upper_bound":422.7878017782466},"point_estimate":409.88378966336575,"standard_error":4.8996788189676055},"StdDev":{"confidence_interval":{"confidence_level":0.95,"lower_bound":12.705757694567492,"upper_bound":23.393002597718425},"point_estimate":20.64642306897323,"standard_error":2.6463342088302704}}