{"Mean":{"confidence_interval":{"confidence_level":0.95,"lower_bound":770.0332541326977,"upper_bound":812.4431628814095},"point_estimate":793.4071581601272,"standard_error":10.97897243783137},"Median":{"confidence_interval":{"confidence_level":0.95,"lower_bound":772.9412165881706,"upper_bound":815.0508955058413},"point_estimate":804.3449569630491,"standard_error":9.291169117194356},"MedianAbsDev":{"confidence_interval":{"confidence_level":0.95,"lower_bound":1.3982454298930733,"upper_bound":51.57449742803732},"point_estimate":17.872925800497473,"standard_error":12.00439114265396},"Slope":{"confidence_interval":{"confidence_level":0.95,"lower_bound":800.8638799007632,"upper_bound":815.7179332929732},"point_estimate":809.6708578625485,"standard_error":3.8495863259889287},"StdDev":{"confidence_interval":{"confidence_level":0.95,"lower_bound":9.415781135967531,"upper_bound":48.272578767791586},"point_estimate":36.518701126813966,"standard_error":10.19589063715997}}