{"Mean":{"confidence_interval":{"confidence_level":0.95,"lower_bound":535086.8567679408,"upper_bound":542318.3280048766},"point_estimate":538607.3568669918,"standard_error":1854.4014917171978},"Median":{"confidence_interval":{"confidence_level":0.95,"lower_bound":534684.9477911647,"upper_bound":541739.9068416524},"point_estimate":538939.1874832665,"standard_error":1653.5342447551682},"MedianAbsDev":{"confidence_interval":{"confidence_level":0.95,"lower_bound":592.2307121765671,"upper_bound":10864.523866754742},"point_estimate":4306.880728658079,"standard_error":2896.6487429023073},"Slope":{"confidence_interval":{"confidence_level":0.95,"lower_bound":538140.4993553647,"upper_bound":542349.1443678275},"point_estimate":540282.7985448287,"standard_error":1052.826648676546},"StdDev":{"confidence_interval":{"confidence_level":0.95,"lower_bound":2931.588659718396,"upper_bound":8305.070285961045},"point_estimate":6188.938229167358,"standard_error":1395.0728052038191}}