{"Mean":{"confidence_interval":{"confidence_level":0.95,"lower_bound":3311757.038906526,"upper_bound":3335644.7977973246},"point_estimate":3322407.0894826567,"standard_error":6172.996077292327},"Median":{"confidence_interval":{"confidence_level":0.95,"lower_bound":3307590.1693121693,"upper_bound":3331640.296296296},"point_estimate":3316542.0287037035,"standard_error":6890.811462883309},"MedianAbsDev":{"confidence_interval":{"confidence_level":0.95,"lower_bound":4021.2115221279646,"upper_bound":29584.856913652275},"point_estimate":16435.725794318598,"standard_error":6322.687018415515},"Slope":{"confidence_interval":{"confidence_level":0.95,"lower_bound":3307874.944944945,"upper_bound":3323810.913926682},"point_estimate":3315758.7306397306,"standard_error":4114.822374234773},"StdDev":{"confidence_interval":{"confidence_level":0.95,"lower_bound":8378.265504777246,"upper_bound":28902.90143095244},"point_estimate":20615.286618819337,"standard_error":6050.118030661665}}