{"Mean":{"confidence_interval":{"confidence_level":0.95,"lower_bound":20194.35765757871,"upper_bound":20636.40874773583},"point_estimate":20377.806783271364,"standard_error":116.38209613701794},"Median":{"confidence_interval":{"confidence_level":0.95,"lower_bound":20161.961674174174,"upper_bound":20498.854371037705},"point_estimate":20248.776075182326,"standard_error":71.596376648979},"MedianAbsDev":{"confidence_interval":{"confidence_level":0.95,"lower_bound":21.910961375267668,"upper_bound":392.6770362280418},"point_estimate":122.98584312812673,"standard_error":98.42466975912087},"Slope":{"confidence_interval":{"confidence_level":0.95,"lower_bound":20205.73886322871,"upper_bound":20507.64647894822},"point_estimate":20355.353195403197,"standard_error":78.83345805905407},"StdDev":{"confidence_interval":{"confidence_level":0.95,"lower_bound":80.60521957557182,"upper_bound":566.6476364188347},"point_estimate":388.22889411480065,"standard_error":143.7239290159713}}