{"Mean":{"confidence_interval":{"confidence_level":0.95,"lower_bound":61752.86449245035,"upper_bound":70653.39274290169},"point_estimate":66174.98072161262,"standard_error":2279.675828898924},"Median":{"confidence_interval":{"confidence_level":0.95,"lower_bound":60355.97326440177,"upper_bound":71234.60812759373},"point_estimate":66803.04689807977,"standard_error":3166.3792634274237},"MedianAbsDev":{"confidence_interval":{"confidence_level":0.95,"lower_bound":2059.533126139079,"upper_bound":13159.85558053992},"point_estimate":7825.654890106742,"standard_error":2822.1386978035193},"Slope":{"confidence_interval":{"confidence_level":0.95,"lower_bound":61317.34341729172,"upper_bound":69721.91850535451},"point_estimate":64991.542983751846,"standard_error":2130.098420764851},"StdDev":{"confidence_interval":{"confidence_level":0.95,"lower_bound":4234.246507282353,"upper_bound":9854.995791079136},"point_estimate":7612.268273396891,"standard_error":1453.7030627314327}}