{"Mean":{"confidence_interval":{"confidence_level":0.95,"lower_bound":946.5409206073783,"upper_bound":981.144233078652},"point_estimate":962.377429985762,"standard_error":8.862927242175774},"Median":{"confidence_interval":{"confidence_level":0.95,"lower_bound":947.1445020463847,"upper_bound":972.3056580101345},"point_estimate":960.0478022680763,"standard_error":6.872712171891955},"MedianAbsDev":{"confidence_interval":{"confidence_level":0.95,"lower_bound":4.810897496444909,"upper_bound":41.6552890990337},"point_estimate":16.597995283629224,"standard_error":8.888295051174664},"Slope":{"confidence_interval":{"confidence_level":0.95,"lower_bound":949.3915752389994,"upper_bound":967.5436898012414},"point_estimate":956.7902555323258,"standard_error":4.6440763321909015},"StdDev":{"confidence_interval":{"confidence_level":0.95,"lower_bound":9.46233805998168,"upper_bound":42.23327106638782},"point_estimate":29.495736390468586,"standard_error":8.950818663751033}}