{"Mean":{"confidence_interval":{"confidence_level":0.95,"lower_bound":43189.60353072853,"upper_bound":44935.25811417926},"point_estimate":44047.462167355436,"standard_error":446.01691553823855},"Median":{"confidence_interval":{"confidence_level":0.95,"lower_bound":42606.528599605525,"upper_bound":45186.92393984221},"point_estimate":43999.81142575373,"standard_error":639.8302224909958},"MedianAbsDev":{"confidence_interval":{"confidence_level":0.95,"lower_bound":368.1066064168071,"upper_bound":2555.500031685378},"point_estimate":1690.893248021404,"standard_error":578.894924040574},"Slope":{"confidence_interval":{"confidence_level":0.95,"lower_bound":43532.33221850613,"upper_bound":45129.27198625188},"point_estimate":44549.74242168089,"standard_error":406.5125020428453},"StdDev":{"confidence_interval":{"confidence_level":0.95,"lower_bound":867.8892170474091,"upper_bound":1848.079566265243},"point_estimate":1483.5991136611299,"standard_error":255.41866319091926}}