{"Mean":{"confidence_interval":{"confidence_level":0.95,"lower_bound":404193.88076452806,"upper_bound":409821.01061864814},"point_estimate":407328.3589735805,"standard_error":1459.483045346257},"Median":{"confidence_interval":{"confidence_level":0.95,"lower_bound":405122.50251677854,"upper_bound":410829.49175455415},"point_estimate":408486.7201715138,"standard_error":1411.546575908087},"MedianAbsDev":{"confidence_interval":{"confidence_level":0.95,"lower_bound":617.1293250169273,"upper_bound":6506.359738627751},"point_estimate":3208.924125849024,"standard_error":1555.5245463634403},"Slope":{"confidence_interval":{"confidence_level":0.95,"lower_bound":408566.6466120519,"upper_bound":410921.04078400426},"point_estimate":410007.37744269153,"standard_error":601.4069724332182},"StdDev":{"confidence_interval":{"confidence_level":0.95,"lower_bound":1582.0454535439906,"upper_bound":6740.647223852645},"point_estimate":4862.603231741663,"standard_error":1441.8995098753778}}