{"Mean":{"confidence_interval":{"confidence_level":0.95,"lower_bound":8095666.602592592,"upper_bound":8124560.917599206},"point_estimate":8107844.546484789,"standard_error":7568.493494993296},"Median":{"confidence_interval":{"confidence_level":0.95,"lower_bound":8093045.62962963,"upper_bound":8113823.833333334},"point_estimate":8103791.946875,"standard_error":4619.176141968953},"MedianAbsDev":{"confidence_interval":{"confidence_level":0.95,"lower_bound":697.0026795003146,"upper_bound":27247.641871467218},"point_estimate":11110.799995174952,"standard_error":7769.725099760886},"Slope":{"confidence_interval":{"confidence_level":0.95,"lower_bound":8097306.318800591,"upper_bound":8114491.715927979},"point_estimate":8103131.184199134,"standard_error":4444.31944277233},"StdDev":{"confidence_interval":{"confidence_level":0.95,"lower_bound":6998.040751554683,"upper_bound":36935.644544688104},"point_estimate":25179.43738187638,"standard_error":9223.037705592362}}