{"Mean":{"confidence_interval":{"confidence_level":0.95,"lower_bound":48849.09991733173,"upper_bound":49545.53072001957},"point_estimate":49135.76839147949,"standard_error":184.9597619606656},"Median":{"confidence_interval":{"confidence_level":0.95,"lower_bound":48769.78105879223,"upper_bound":49300.9318169726},"point_estimate":48888.80327214685,"standard_error":141.87352147753992},"MedianAbsDev":{"confidence_interval":{"confidence_level":0.95,"lower_bound":36.797981469606164,"upper_bound":607.7014399374016},"point_estimate":313.15620407724117,"standard_error":152.33325125556763},"Slope":{"confidence_interval":{"confidence_level":0.95,"lower_bound":48883.71390762302,"upper_bound":49279.94687189626},"point_estimate":49115.78940516786,"standard_error":101.47880436619803},"StdDev":{"confidence_interval":{"confidence_level":0.95,"lower_bound":157.73936459808556,"upper_bound":916.5480332355932},"point_estimate":617.7842617972798,"standard_error":238.2310567600611}}