{"Mean":{"confidence_interval":{"confidence_level":0.95,"lower_bound":2497349.029227678,"upper_bound":2599414.028919753},"point_estimate":2535788.3648787476,"standard_error":28837.616793959136},"Median":{"confidence_interval":{"confidence_level":0.95,"lower_bound":2487345.433333333,"upper_bound":2529800.5694444445},"point_estimate":2511825.178626543,"standard_error":11418.585386245148},"MedianAbsDev":{"confidence_interval":{"confidence_level":0.95,"lower_bound":2145.100801500603,"upper_bound":46401.96690823771},"point_estimate":28311.16202575581,"standard_error":14514.707596978793},"Slope":{"confidence_interval":{"confidence_level":0.95,"lower_bound":2491557.6353462553,"upper_bound":2513813.3442906574},"point_estimate":2501609.4695526697,"standard_error":5764.543662512008},"StdDev":{"confidence_interval":{"confidence_level":0.95,"lower_bound":12318.871877228743,"upper_bound":147587.95802008538},"point_estimate":96281.93318773874,"standard_error":46510.83868570991}}