{"Mean":{"confidence_interval":{"confidence_level":0.95,"lower_bound":7872.675868006818,"upper_bound":8037.935417890831},"point_estimate":7959.238511702785,"standard_error":42.41614181446821},"Median":{"confidence_interval":{"confidence_level":0.95,"lower_bound":7822.571427517631,"upper_bound":8055.42296738072},"point_estimate":8043.738364799758,"standard_error":73.01080089698489},"MedianAbsDev":{"confidence_interval":{"confidence_level":0.95,"lower_bound":4.49234733076683,"upper_bound":235.8797703542106},"point_estimate":66.7125663955031,"standard_error":70.23241938800201},"Slope":{"confidence_interval":{"confidence_level":0.95,"lower_bound":8002.212654801303,"upper_bound":8062.101831808391},"point_estimate":8040.880315081926,"standard_error":15.390533671737959},"StdDev":{"confidence_interval":{"confidence_level":0.95,"lower_bound":73.44385715724556,"upper_bound":171.35104710830066},"point_estimate":141.48957493035957,"standard_error":24.68485617158214}}