{"Mean":{"confidence_interval":{"confidence_level":0.95,"lower_bound":13836.648215326259,"upper_bound":14744.7953227182},"point_estimate":14255.148929182094,"standard_error":233.32459592615905},"Median":{"confidence_interval":{"confidence_level":0.95,"lower_bound":13703.696611771058,"upper_bound":14728.60296301296},"point_estimate":14024.776907847372,"standard_error":259.21110578644885},"MedianAbsDev":{"confidence_interval":{"confidence_level":0.95,"lower_bound":175.44518065952406,"upper_bound":1244.981156197652},"point_estimate":554.6071485095865,"standard_error":277.4582844605159},"Slope":{"confidence_interval":{"confidence_level":0.95,"lower_bound":13793.192940564993,"upper_bound":14695.386977008266},"point_estimate":14146.841686768954,"standard_error":230.73504906433212},"StdDev":{"confidence_interval":{"confidence_level":0.95,"lower_bound":286.262021497149,"upper_bound":1014.4544899152047},"point_estimate":779.5758692904784,"standard_error":186.75785739634483}}