{"Mean":{"confidence_interval":{"confidence_level":0.95,"lower_bound":1253.7201831250288,"upper_bound":1313.6726346329838},"point_estimate":1284.875361169739,"standard_error":15.368661042108831},"Median":{"confidence_interval":{"confidence_level":0.95,"lower_bound":1231.096415327565,"upper_bound":1323.3793294821019},"point_estimate":1304.1349520277827,"standard_error":25.19023112324825},"MedianAbsDev":{"confidence_interval":{"confidence_level":0.95,"lower_bound":6.26819590991719,"upper_bound":78.92659157736699},"point_estimate":40.61097178965534,"standard_error":20.98744645449263},"Slope":{"confidence_interval":{"confidence_level":0.95,"lower_bound":1297.438633455952,"upper_bound":1333.316123424624},"point_estimate":1320.5260748551584,"standard_error":9.251691272949957},"StdDev":{"confidence_interval":{"confidence_level":0.95,"lower_bound":27.34840690812281,"upper_bound":61.38720428560731},"point_estimate":51.16437825207614,"standard_error":8.45264070538282}}