{"Mean":{"confidence_interval":{"confidence_level":0.95,"lower_bound":14840611.527333334,"upper_bound":15073052.358031744},"point_estimate":14948131.265126983,"standard_error":59745.63286973768},"Median":{"confidence_interval":{"confidence_level":0.95,"lower_bound":14818634.0,"upper_bound":15096708.75},"point_estimate":14874602.21,"standard_error":75856.19106264517},"MedianAbsDev":{"confidence_interval":{"confidence_level":0.95,"lower_bound":15213.877541898466,"upper_bound":329295.1503578425},"point_estimate":116160.91721773028,"standard_error":83989.28533625172},"Slope":{"confidence_interval":{"confidence_level":0.95,"lower_bound":14904306.484348504,"upper_bound":15160770.586915888},"point_estimate":15034487.352727273,"standard_error":64756.58619135438},"StdDev":{"confidence_interval":{"confidence_level":0.95,"lower_bound":88957.57701435796,"upper_bound":264772.325614969},"point_estimate":199097.17314600674,"standard_error":46943.52539759446}}