{"Mean":{"confidence_interval":{"confidence_level":0.95,"lower_bound":28359.593425382143,"upper_bound":29437.482499854526},"point_estimate":28896.92534851235,"standard_error":275.62356877804547},"Median":{"confidence_interval":{"confidence_level":0.95,"lower_bound":28175.369730941704,"upper_bound":29731.403225496477},"point_estimate":28782.126995515697,"standard_error":424.8162097075095},"MedianAbsDev":{"confidence_interval":{"confidence_level":0.95,"lower_bound":173.76969229613874,"upper_bound":1530.1284057137175},"point_estimate":1036.7370472444638,"standard_error":343.70951421437115},"Slope":{"confidence_interval":{"confidence_level":0.95,"lower_bound":28928.570572474142,"upper_bound":29930.0498900237},"point_estimate":29593.43778580164,"standard_error":249.46993678347815},"StdDev":{"confidence_interval":{"confidence_level":0.95,"lower_bound":547.7717736134027,"upper_bound":1138.2078355536428},"point_estimate":918.6475581191473,"standard_error":151.33304476023488}}