{"Mean":{"confidence_interval":{"confidence_level":0.95,"lower_bound":1249.2891953904534,"upper_bound":1298.5467536008746},"point_estimate":1270.7592402790767,"standard_error":12.81023642339206},"Median":{"confidence_interval":{"confidence_level":0.95,"lower_bound":1243.1454417232505,"upper_bound":1292.7661540889908},"point_estimate":1253.2809829706482,"standard_error":12.934994880935168},"MedianAbsDev":{"confidence_interval":{"confidence_level":0.95,"lower_bound":3.524073392599246,"upper_bound":58.54071366074928},"point_estimate":23.47367558814373,"standard_error":13.357425350707684},"Slope":{"confidence_interval":{"confidence_level":0.95,"lower_bound":1249.1763137031237,"upper_bound":1274.1948304661564},"point_estimate":1261.0791247133884,"standard_error":6.423110451190213},"StdDev":{"confidence_interval":{"confidence_level":0.95,"lower_bound":14.446684593030852,"upper_bound":61.49905122065964},"point_estimate":42.86996617890246,"standard_error":14.078304156032864}}