{"Mean":{"confidence_interval":{"confidence_level":0.95,"lower_bound":586357.5029674859,"upper_bound":588394.0760361879},"point_estimate":587364.0278023554,"standard_error":519.9854333895177},"Median":{"confidence_interval":{"confidence_level":0.95,"lower_bound":586052.1143881208,"upper_bound":588604.9274193549},"point_estimate":587412.6741935484,"standard_error":554.5105038767684},"MedianAbsDev":{"confidence_interval":{"confidence_level":0.95,"lower_bound":77.42466529214244,"upper_bound":3141.61106793488},"point_estimate":1289.715311296506,"standard_error":775.993690489329},"Slope":{"confidence_interval":{"confidence_level":0.95,"lower_bound":585466.1415154121,"upper_bound":588859.7035983485},"point_estimate":586906.2864683704,"standard_error":875.5662120445605},"StdDev":{"confidence_interval":{"confidence_level":0.95,"lower_bound":915.5714166445738,"upper_bound":2234.735686620597},"point_estimate":1739.9103316122541,"standard_error":339.79799476883056}}