{"Mean":{"confidence_interval":{"confidence_level":0.95,"lower_bound":27265378.578208335,"upper_bound":27634141.02375},"point_estimate":27461913.334166665,"standard_error":94448.01653569161},"Median":{"confidence_interval":{"confidence_level":0.95,"lower_bound":27187666.71875,"upper_bound":27718020.083333332},"point_estimate":27491859.5625,"standard_error":100915.17319027419},"MedianAbsDev":{"confidence_interval":{"confidence_level":0.95,"lower_bound":33019.03034504503,"upper_bound":502765.7558166247},"point_estimate":230214.06220663246,"standard_error":136199.10705748232},"Slope":{"confidence_interval":{"confidence_level":0.95,"lower_bound":27507630.1284153,"upper_bound":27724190.033556435},"point_estimate":27640823.909740258,"standard_error":55259.512037140164},"StdDev":{"confidence_interval":{"confidence_level":0.95,"lower_bound":131748.4315916583,"upper_bound":396779.5557488149},"point_estimate":314836.1689122611,"standard_error":69190.75527451826}}