{"Mean":{"confidence_interval":{"confidence_level":0.95,"lower_bound":2760.4747348927,"upper_bound":2846.2116444340504},"point_estimate":2804.6145086605857,"standard_error":21.94434462100589},"Median":{"confidence_interval":{"confidence_level":0.95,"lower_bound":2741.8547774966514,"upper_bound":2854.217210522399},"point_estimate":2824.1621988816364,"standard_error":30.42869851208147},"MedianAbsDev":{"confidence_interval":{"confidence_level":0.95,"lower_bound":11.1131269942488,"upper_bound":124.27414164694477},"point_estimate":54.49272041223034,"standard_error":31.002386961453112},"Slope":{"confidence_interval":{"confidence_level":0.95,"lower_bound":2819.6629046570883,"upper_bound":2884.973992662067},"point_estimate":2857.635134711991,"standard_error":17.325258026203503},"StdDev":{"confidence_interval":{"confidence_level":0.95,"lower_bound":37.896389392437484,"upper_bound":91.52884997961391},"point_estimate":73.3212315465201,"standard_error":13.11935917283165}}