{"Mean":{"confidence_interval":{"confidence_level":0.95,"lower_bound":54519.659809173674,"upper_bound":55355.6527235262},"point_estimate":54941.59968382756,"standard_error":215.80176961111383},"Median":{"confidence_interval":{"confidence_level":0.95,"lower_bound":54378.618745774176,"upper_bound":55768.890872210955},"point_estimate":54874.17941176471,"standard_error":296.0168759909502},"MedianAbsDev":{"confidence_interval":{"confidence_level":0.95,"lower_bound":72.04187841674508,"upper_bound":1344.9113666504343},"point_estimate":863.5120024924499,"standard_error":377.93916775399043},"Slope":{"confidence_interval":{"confidence_level":0.95,"lower_bound":54837.495887003875,"upper_bound":55553.606507670534},"point_estimate":55147.061930226635,"standard_error":189.67516977550892},"StdDev":{"confidence_interval":{"confidence_level":0.95,"lower_bound":431.1953198687844,"upper_bound":888.700184670151},"point_estimate":720.5113324964744,"standard_error":121.03035459469218}}