{"Mean":{"confidence_interval":{"confidence_level":0.95,"lower_bound":36534.250710717264,"upper_bound":38999.834007782876},"point_estimate":37866.87568458163,"standard_error":633.3677901738598},"Median":{"confidence_interval":{"confidence_level":0.95,"lower_bound":36454.389952817095,"upper_bound":39581.75113331483},"point_estimate":38400.8921360176,"standard_error":661.2100361847189},"MedianAbsDev":{"confidence_interval":{"confidence_level":0.95,"lower_bound":79.59235762108949,"upper_bound":3312.598451854351},"point_estimate":1754.5103933342868,"standard_error":883.3178975477374},"Slope":{"confidence_interval":{"confidence_level":0.95,"lower_bound":38279.49463068022,"upper_bound":39788.29210363423},"point_estimate":39183.312620435354,"standard_error":391.70057236048893},"StdDev":{"confidence_interval":{"confidence_level":0.95,"lower_bound":858.7659148920518,"upper_bound":2834.3451733709903},"point_estimate":2113.272518518206,"standard_error":526.4088859714908}}