{"Mean":{"confidence_interval":{"confidence_level":0.95,"lower_bound":35303.728222923244,"upper_bound":36012.733683466024},"point_estimate":35666.902459941906,"standard_error":182.2053177118389},"Median":{"confidence_interval":{"confidence_level":0.95,"lower_bound":35139.45662460568,"upper_bound":36134.47622239748},"point_estimate":35789.1050210305,"standard_error":215.29132281706887},"MedianAbsDev":{"confidence_interval":{"confidence_level":0.95,"lower_bound":33.609139610997566,"upper_bound":1132.326910465005},"point_estimate":513.2190908096778,"standard_error":270.9954965132538},"Slope":{"confidence_interval":{"confidence_level":0.95,"lower_bound":35765.546664614914,"upper_bound":36255.41029765044},"point_estimate":36050.32934163628,"standard_error":125.46930409388283},"StdDev":{"confidence_interval":{"confidence_level":0.95,"lower_bound":315.62117666592565,"upper_bound":765.8775704732401},"point_estimate":607.3512120464283,"standard_error":114.53486945463166}}