{"Mean":{"confidence_interval":{"confidence_level":0.95,"lower_bound":197158.03075268815,"upper_bound":199995.79821953404},"point_estimate":198561.07182539685,"standard_error":724.5258714252573},"Median":{"confidence_interval":{"confidence_level":0.95,"lower_bound":196824.17569124425,"upper_bound":200560.7525345622},"point_estimate":198540.45138248848,"standard_error":738.7957546657158},"MedianAbsDev":{"confidence_interval":{"confidence_level":0.95,"lower_bound":236.04511758356674,"upper_bound":4835.093978030889},"point_estimate":1533.9159243804481,"standard_error":1312.1137905069318},"Slope":{"confidence_interval":{"confidence_level":0.95,"lower_bound":198583.77331722563,"upper_bound":201443.3487843514},"point_estimate":200350.34733377222,"standard_error":742.4480362206917},"StdDev":{"confidence_interval":{"confidence_level":0.95,"lower_bound":1256.5103594766233,"upper_bound":3080.3390903690624},"point_estimate":2416.7807037731627,"standard_error":466.3499294247032}}