{"Mean":{"confidence_interval":{"confidence_level":0.95,"lower_bound":1385.2142055568536,"upper_bound":1451.9190984421728},"point_estimate":1420.132566431283,"standard_error":17.197536417870896},"Median":{"confidence_interval":{"confidence_level":0.95,"lower_bound":1357.5984737642368,"upper_bound":1469.7149152250624},"point_estimate":1444.705399919672,"standard_error":26.957172889665447},"MedianAbsDev":{"confidence_interval":{"confidence_level":0.95,"lower_bound":4.516575524427648,"upper_bound":92.79935717251824},"point_estimate":41.79458910078395,"standard_error":22.519864676981435},"Slope":{"confidence_interval":{"confidence_level":0.95,"lower_bound":1437.8284437768905,"upper_bound":1467.2634324812807},"point_estimate":1458.611439279371,"standard_error":7.717443343651532},"StdDev":{"confidence_interval":{"confidence_level":0.95,"lower_bound":23.23733516893344,"upper_bound":68.19973349780574},"point_estimate":57.445265031450475,"standard_error":10.142616211523212}}