{"Mean":{"confidence_interval":{"confidence_level":0.95,"lower_bound":3198304.552077922,"upper_bound":3237251.277445887},"point_estimate":3216573.799047618,"standard_error":9915.280610455648},"Median":{"confidence_interval":{"confidence_level":0.95,"lower_bound":3199221.909090909,"upper_bound":3228996.551298701},"point_estimate":3212589.409090909,"standard_error":7614.583976611052},"MedianAbsDev":{"confidence_interval":{"confidence_level":0.95,"lower_bound":4436.006512154169,"upper_bound":47164.6898644779},"point_estimate":16599.0343062174,"standard_error":10420.159534601898},"Slope":{"confidence_interval":{"confidence_level":0.95,"lower_bound":3213926.919410164,"upper_bound":3244636.9624734772},"point_estimate":3226781.6734356554,"standard_error":7760.727819118959},"StdDev":{"confidence_interval":{"confidence_level":0.95,"lower_bound":10846.48696646647,"upper_bound":47330.20142104592},"point_estimate":33123.19145348563,"standard_error":9719.464014345964}}