{"Mean":{"confidence_interval":{"confidence_level":0.95,"lower_bound":1430107.139186111,"upper_bound":1646185.5869095235},"point_estimate":1543812.4050158733,"standard_error":55576.71989897585},"Median":{"confidence_interval":{"confidence_level":0.95,"lower_bound":1331083.142857143,"upper_bound":1689993.1635714285},"point_estimate":1643507.807936508,"standard_error":98094.85729193356},"MedianAbsDev":{"confidence_interval":{"confidence_level":0.95,"lower_bound":5990.024535322347,"upper_bound":282592.58825297875},"point_estimate":101086.02024469778,"standard_error":81512.79294980071},"Slope":{"confidence_interval":{"confidence_level":0.95,"lower_bound":1599000.1164022463,"upper_bound":1689608.2807616876},"point_estimate":1660890.810612245,"standard_error":23626.861948528887},"StdDev":{"confidence_interval":{"confidence_level":0.95,"lower_bound":91400.32828754761,"upper_bound":215275.96697779163},"point_estimate":184976.45209616685,"standard_error":30284.874728345505}}