{"Mean":{"confidence_interval":{"confidence_level":0.95,"lower_bound":1224.568025000995,"upper_bound":1306.2786087686898},"point_estimate":1264.2555037509549,"standard_error":20.967203073858613},"Median":{"confidence_interval":{"confidence_level":0.95,"lower_bound":1197.5650727536924,"upper_bound":1328.8229112282677},"point_estimate":1252.7738769706198,"standard_error":37.976119039160096},"MedianAbsDev":{"confidence_interval":{"confidence_level":0.95,"lower_bound":7.850585688583319,"upper_bound":116.30414647065979},"point_estimate":83.1615959315495,"standard_error":31.028342794456666},"Slope":{"confidence_interval":{"confidence_level":0.95,"lower_bound":1254.4638451336014,"upper_bound":1324.3969441350262},"point_estimate":1294.3656187715305,"standard_error":17.616447087418713},"StdDev":{"confidence_interval":{"confidence_level":0.95,"lower_bound":42.31688650238517,"upper_bound":81.98507791561536},"point_estimate":69.90064958210478,"standard_error":10.074726975706195}}