{"Mean":{"confidence_interval":{"confidence_level":0.95,"lower_bound":17388413.943842594,"upper_bound":17506835.934583332},"point_estimate":17444607.658736773,"standard_error":30397.93993241304},"Median":{"confidence_interval":{"confidence_level":0.95,"lower_bound":17359557.74791667,"upper_bound":17528105.291666664},"point_estimate":17407979.63095238,"standard_error":45963.96432664779},"MedianAbsDev":{"confidence_interval":{"confidence_level":0.95,"lower_bound":21623.53529110551,"upper_bound":166506.2556194781},"point_estimate":106873.3048031746,"standard_error":39203.49335408813},"Slope":{"confidence_interval":{"confidence_level":0.95,"lower_bound":17352380.330530643,"upper_bound":17435969.667094678},"point_estimate":17379869.903030302,"standard_error":21550.299257641585},"StdDev":{"confidence_interval":{"confidence_level":0.95,"lower_bound":53169.65969032314,"upper_bound":123908.96428778576},"point_estimate":101202.76658455393,"standard_error":17896.038014687238}}