{"Mean":{"confidence_interval":{"confidence_level":0.95,"lower_bound":24498.09859147661,"upper_bound":24782.032847185004},"point_estimate":24625.61124617069,"standard_error":73.53636103352862},"Median":{"confidence_interval":{"confidence_level":0.95,"lower_bound":24468.113818257607,"upper_bound":24762.798712426473},"point_estimate":24520.708371791818,"standard_error":83.6470992566708},"MedianAbsDev":{"confidence_interval":{"confidence_level":0.95,"lower_bound":7.6597496597606005,"upper_bound":361.29563776601003},"point_estimate":177.20262724168677,"standard_error":88.67023681384852},"Slope":{"confidence_interval":{"confidence_level":0.95,"lower_bound":24510.326993800783,"upper_bound":24727.445274871472},"point_estimate":24643.887057919153,"standard_error":55.441933083232904},"StdDev":{"confidence_interval":{"confidence_level":0.95,"lower_bound":98.00846301202873,"upper_bound":344.26013411479096},"point_estimate":245.89847338023498,"standard_error":72.41323667605327}}