{"Mean":{"confidence_interval":{"confidence_level":0.95,"lower_bound":101413.92565258662,"upper_bound":102802.08477934664},"point_estimate":102102.1262777514,"standard_error":353.74418252020587},"Median":{"confidence_interval":{"confidence_level":0.95,"lower_bound":101083.44555186416,"upper_bound":102639.42072720561},"point_estimate":102404.47248062016,"standard_error":407.25882486544725},"MedianAbsDev":{"confidence_interval":{"confidence_level":0.95,"lower_bound":106.44307082345225,"upper_bound":2341.98086257437},"point_estimate":575.0076415357659,"standard_error":577.6083023813457},"Slope":{"confidence_interval":{"confidence_level":0.95,"lower_bound":100797.35302800492,"upper_bound":102458.61935245091},"point_estimate":101645.34204887028,"standard_error":434.93580122416705},"StdDev":{"confidence_interval":{"confidence_level":0.95,"lower_bound":598.1798585409948,"upper_bound":1562.9218411414122},"point_estimate":1179.9608938219749,"standard_error":250.85995116142595}}