{"Mean":{"confidence_interval":{"confidence_level":0.95,"lower_bound":40560.914840004676,"upper_bound":41458.92207968062},"point_estimate":40989.80336977473,"standard_error":230.09411646667476},"Median":{"confidence_interval":{"confidence_level":0.95,"lower_bound":40363.816934961105,"upper_bound":41445.61921636416},"point_estimate":41009.71298411326,"standard_error":283.3571399962155},"MedianAbsDev":{"confidence_interval":{"confidence_level":0.95,"lower_bound":152.20809025368806,"upper_bound":1307.0206945629639},"point_estimate":753.8397897695744,"standard_error":278.5303669993071},"Slope":{"confidence_interval":{"confidence_level":0.95,"lower_bound":40413.637795378374,"upper_bound":41104.25146443063},"point_estimate":40657.85986934414,"standard_error":174.40160868184483},"StdDev":{"confidence_interval":{"confidence_level":0.95,"lower_bound":392.8707484839229,"upper_bound":1016.4813112502591},"point_estimate":766.1371328189598,"standard_error":169.9394632565738}}