{"Mean":{"confidence_interval":{"confidence_level":0.95,"lower_bound":18562.87853058747,"upper_bound":19997.93340244632},"point_estimate":19320.545664813584,"standard_error":368.35867230849044},"Median":{"confidence_interval":{"confidence_level":0.95,"lower_bound":18635.264957264957,"upper_bound":20306.591831779333},"point_estimate":19447.221833721833,"standard_error":600.2701841368443},"MedianAbsDev":{"confidence_interval":{"confidence_level":0.95,"lower_bound":104.71192137331374,"upper_bound":2211.6100024260463},"point_estimate":1238.954590081666,"standard_error":573.5902446650401},"Slope":{"confidence_interval":{"confidence_level":0.95,"lower_bound":19518.82334459628,"upper_bound":20421.15104931306},"point_estimate":20120.43094884913,"standard_error":230.42191863551562},"StdDev":{"confidence_interval":{"confidence_level":0.95,"lower_bound":679.2644735470293,"upper_bound":1622.955329033068},"point_estimate":1225.6233139198991,"standard_error":273.2373635198874}}