{"Mean":{"confidence_interval":{"confidence_level":0.95,"lower_bound":1403865.3790027455,"upper_bound":1436718.1530084903},"point_estimate":1418198.2508573276,"standard_error":8529.79202732089},"Median":{"confidence_interval":{"confidence_level":0.95,"lower_bound":1400243.4970930233,"upper_bound":1428964.2915282394},"point_estimate":1409726.6899224808,"standard_error":7582.8227007197165},"MedianAbsDev":{"confidence_interval":{"confidence_level":0.95,"lower_bound":4679.347940955976,"upper_bound":36246.1322584408},"point_estimate":15571.470972679375,"standard_error":8345.121533436726},"Slope":{"confidence_interval":{"confidence_level":0.95,"lower_bound":1402329.1823745156,"upper_bound":1420156.0371703804},"point_estimate":1408086.3563273936,"standard_error":4617.574891812396},"StdDev":{"confidence_interval":{"confidence_level":0.95,"lower_bound":9240.962556964434,"upper_bound":40284.33858356175},"point_estimate":28369.14747774295,"standard_error":9016.042560618253}}