{"Mean":{"confidence_interval":{"confidence_level":0.95,"lower_bound":81163.89873670084,"upper_bound":82313.32708752205},"point_estimate":81634.46327322163,"standard_error":307.05099432950146},"Median":{"confidence_interval":{"confidence_level":0.95,"lower_bound":81124.54151234568,"upper_bound":81795.60995370371},"point_estimate":81315.41403586126,"standard_error":184.8123668389624},"MedianAbsDev":{"confidence_interval":{"confidence_level":0.95,"lower_bound":68.64964926733202,"upper_bound":880.9673269985792},"point_estimate":440.9516581437638,"standard_error":215.63584861316502},"Slope":{"confidence_interval":{"confidence_level":0.95,"lower_bound":81018.38036783358,"upper_bound":81667.16328477302},"point_estimate":81343.57157046656,"standard_error":166.3786364498478},"StdDev":{"confidence_interval":{"confidence_level":0.95,"lower_bound":234.36538599574118,"upper_bound":1535.4044984334164},"point_estimate":1024.166679621365,"standard_error":418.5342980798475}}