{"Mean":{"confidence_interval":{"confidence_level":0.95,"lower_bound":194.86214830220817,"upper_bound":198.4892527028507},"point_estimate":196.93097217973022,"standard_error":0.9454366484594976},"Median":{"confidence_interval":{"confidence_level":0.95,"lower_bound":195.44264660402322,"upper_bound":198.69560628905873},"point_estimate":198.2579464042804,"standard_error":0.7387628190863589},"MedianAbsDev":{"confidence_interval":{"confidence_level":0.95,"lower_bound":0.20193422620758752,"upper_bound":3.977191738586359},"point_estimate":0.6720154610343078,"standard_error":0.8600489582644195},"Slope":{"confidence_interval":{"confidence_level":0.95,"lower_bound":197.97298933822336,"upper_bound":198.9401618483249},"point_estimate":198.57240008563124,"standard_error":0.24679200229947906},"StdDev":{"confidence_interval":{"confidence_level":0.95,"lower_bound":0.5172799169006742,"upper_bound":4.332488813263492},"point_estimate":3.1447725815364533,"standard_error":1.0351513814352835}}