{"Mean":{"confidence_interval":{"confidence_level":0.95,"lower_bound":851.8072884319017,"upper_bound":955.8924646335432},"point_estimate":905.215651396187,"standard_error":26.626221308616387},"Median":{"confidence_interval":{"confidence_level":0.95,"lower_bound":821.4827280095719,"upper_bound":980.353217580212},"point_estimate":922.0799972982361,"standard_error":39.599639150513994},"MedianAbsDev":{"confidence_interval":{"confidence_level":0.95,"lower_bound":20.1357042958004,"upper_bound":152.05482393891396},"point_estimate":99.05954543256856,"standard_error":34.84751880925887},"Slope":{"confidence_interval":{"confidence_level":0.95,"lower_bound":921.6303726963473,"upper_bound":995.2637276139566},"point_estimate":971.0482022743939,"standard_error":18.6333997370956},"StdDev":{"confidence_interval":{"confidence_level":0.95,"lower_bound":50.057585627277106,"upper_bound":107.15735449920109},"point_estimate":88.99640495954996,"standard_error":14.14224536187366}}