{"Mean":{"confidence_interval":{"confidence_level":0.95,"lower_bound":2726.2057429416177,"upper_bound":2775.311312862751},"point_estimate":2747.9245282226057,"standard_error":12.740131152871736},"Median":{"confidence_interval":{"confidence_level":0.95,"lower_bound":2718.36043027549,"upper_bound":2769.156579497375},"point_estimate":2735.940441963603,"standard_error":11.962574687048162},"MedianAbsDev":{"confidence_interval":{"confidence_level":0.95,"lower_bound":3.0532852952352,"upper_bound":57.74808672121117},"point_estimate":20.68218800932817,"standard_error":13.908001591571544},"Slope":{"confidence_interval":{"confidence_level":0.95,"lower_bound":2721.2309985160177,"upper_bound":2763.4076473268997},"point_estimate":2738.780947958602,"standard_error":10.797636245619612},"StdDev":{"confidence_interval":{"confidence_level":0.95,"lower_bound":13.416272535864845,"upper_bound":59.28203967342543},"point_estimate":42.44418380407801,"standard_error":12.873388506246119}}