{"Mean":{"confidence_interval":{"confidence_level":0.95,"lower_bound":1266.0734522248888,"upper_bound":1309.103638613718},"point_estimate":1285.4557124187513,"standard_error":11.103599477604297},"Median":{"confidence_interval":{"confidence_level":0.95,"lower_bound":1263.4337782716123,"upper_bound":1302.0108139982553},"point_estimate":1273.4959729755633,"standard_error":10.387616082891293},"MedianAbsDev":{"confidence_interval":{"confidence_level":0.95,"lower_bound":3.529487589570951,"upper_bound":53.833714434836345},"point_estimate":15.357192414626532,"standard_error":13.759161111014778},"Slope":{"confidence_interval":{"confidence_level":0.95,"lower_bound":1259.6298444612914,"upper_bound":1279.9272038878823},"point_estimate":1269.7641877121694,"standard_error":5.110108534218105},"StdDev":{"confidence_interval":{"confidence_level":0.95,"lower_bound":11.70817334377948,"upper_bound":50.22479330527691},"point_estimate":37.03116984903277,"standard_error":10.16142140960316}}