{"Mean":{"confidence_interval":{"confidence_level":0.95,"lower_bound":2151.0222413034003,"upper_bound":2226.16702382798},"point_estimate":2189.471177964417,"standard_error":19.333556452846754},"Median":{"confidence_interval":{"confidence_level":0.95,"lower_bound":2134.049408236057,"upper_bound":2245.301377284255},"point_estimate":2194.9442883971033,"standard_error":29.953536650910436},"MedianAbsDev":{"confidence_interval":{"confidence_level":0.95,"lower_bound":13.861554592592006,"upper_bound":107.197966305756},"point_estimate":78.42660334368618,"standard_error":23.45660464518039},"Slope":{"confidence_interval":{"confidence_level":0.95,"lower_bound":2199.922060548027,"upper_bound":2255.0341042422406},"point_estimate":2236.023253133054,"standard_error":14.085818687115752},"StdDev":{"confidence_interval":{"confidence_level":0.95,"lower_bound":37.43349310557819,"upper_bound":79.68010731700322},"point_estimate":64.28982134123801,"standard_error":10.876109228902637}}