{"Mean":{"confidence_interval":{"confidence_level":0.95,"lower_bound":444623.3881190476,"upper_bound":449540.10176543205},"point_estimate":447146.4068589065,"standard_error":1252.2837406151693},"Median":{"confidence_interval":{"confidence_level":0.95,"lower_bound":442160.0777777778,"upper_bound":450549.2886111111},"point_estimate":449231.5334920635,"standard_error":2449.3800888556184},"MedianAbsDev":{"confidence_interval":{"confidence_level":0.95,"lower_bound":344.11268939077394,"upper_bound":6807.793086970858},"point_estimate":3700.0062770524787,"standard_error":1782.4716851048163},"Slope":{"confidence_interval":{"confidence_level":0.95,"lower_bound":448056.90885984024,"upper_bound":450746.3641391391},"point_estimate":449606.70531024534,"standard_error":685.280248044541},"StdDev":{"confidence_interval":{"confidence_level":0.95,"lower_bound":2685.60792392813,"upper_bound":4726.228788451417},"point_estimate":4175.1608857922865,"standard_error":535.679867290434}}