{"Mean":{"confidence_interval":{"confidence_level":0.95,"lower_bound":656.9261264849804,"upper_bound":679.6396039260108},"point_estimate":668.9606730892258,"standard_error":5.858189077058066},"Median":{"confidence_interval":{"confidence_level":0.95,"lower_bound":655.7086234282915,"upper_bound":679.2234134465508},"point_estimate":672.894408439563,"standard_error":4.53327536033028},"MedianAbsDev":{"confidence_interval":{"confidence_level":0.95,"lower_bound":0.5977439660515407,"upper_bound":32.507003260706774},"point_estimate":7.363733933071214,"standard_error":8.059579870334701},"Slope":{"confidence_interval":{"confidence_level":0.95,"lower_bound":671.8812669436388,"upper_bound":685.8836669866124},"point_estimate":677.3529507026382,"standard_error":3.8059575973914384},"StdDev":{"confidence_interval":{"confidence_level":0.95,"lower_bound":4.469083977018346,"upper_bound":25.547507886161053},"point_estimate":19.535315954209747,"standard_error":4.911006197246741}}