{"Mean":{"confidence_interval":{"confidence_level":0.95,"lower_bound":9397260.537319303,"upper_bound":10234711.02150723},"point_estimate":9845447.363520408,"standard_error":215310.36697653684},"Median":{"confidence_interval":{"confidence_level":0.95,"lower_bound":9428781.785714287,"upper_bound":10355186.833333332},"point_estimate":10048248.397959184,"standard_error":210826.1414411473},"MedianAbsDev":{"confidence_interval":{"confidence_level":0.95,"lower_bound":75941.65768747988,"upper_bound":1154885.4930466828},"point_estimate":532579.5095948227,"standard_error":297764.76384999073},"Slope":{"confidence_interval":{"confidence_level":0.95,"lower_bound":9985284.226301735,"upper_bound":10492074.763909774},"point_estimate":10293862.926530613,"standard_error":128692.37310205346},"StdDev":{"confidence_interval":{"confidence_level":0.95,"lower_bound":301676.60902452166,"upper_bound":946962.355733922},"point_estimate":717588.3266699854,"standard_error":170269.4828235709}}