{"Mean":{"confidence_interval":{"confidence_level":0.95,"lower_bound":245356.70942103295,"upper_bound":248699.43892894458},"point_estimate":246967.75392819825,"standard_error":856.7542928054604},"Median":{"confidence_interval":{"confidence_level":0.95,"lower_bound":244310.26227795193,"upper_bound":249561.0474399164},"point_estimate":246123.63983430364,"standard_error":1369.8392166669742},"MedianAbsDev":{"confidence_interval":{"confidence_level":0.95,"lower_bound":390.2859223813732,"upper_bound":4901.376905365637},"point_estimate":3155.2333940931385,"standard_error":1146.2497476201406},"Slope":{"confidence_interval":{"confidence_level":0.95,"lower_bound":244647.9011691401,"upper_bound":248037.67447963913},"point_estimate":245810.06061963114,"standard_error":871.9381044439165},"StdDev":{"confidence_interval":{"confidence_level":0.95,"lower_bound":1546.4927949678704,"upper_bound":3487.505000045972},"point_estimate":2869.991204873307,"standard_error":486.7284228344069}}