{"Mean":{"confidence_interval":{"confidence_level":0.95,"lower_bound":53890.102537401,"upper_bound":56383.786300283566},"point_estimate":54968.87480411329,"standard_error":644.7672578639077},"Median":{"confidence_interval":{"confidence_level":0.95,"lower_bound":53636.71731690623,"upper_bound":55679.41081451061},"point_estimate":54573.32326195365,"standard_error":495.402142606532},"MedianAbsDev":{"confidence_interval":{"confidence_level":0.95,"lower_bound":260.3738464041404,"upper_bound":2687.0649642560475},"point_estimate":1127.8008216099743,"standard_error":621.4146200957822},"Slope":{"confidence_interval":{"confidence_level":0.95,"lower_bound":54551.49392154693,"upper_bound":58100.197147440595},"point_estimate":56336.09585322275,"standard_error":942.5503344687456},"StdDev":{"confidence_interval":{"confidence_level":0.95,"lower_bound":646.5117594069279,"upper_bound":3092.184470771834},"point_estimate":2144.2763406959853,"standard_error":717.3908397472037}}