{"Mean":{"confidence_interval":{"confidence_level":0.95,"lower_bound":12160.314350511184,"upper_bound":12310.825658420323},"point_estimate":12235.35251251702,"standard_error":38.491639470153316},"Median":{"confidence_interval":{"confidence_level":0.95,"lower_bound":12104.919819399034,"upper_bound":12331.65930704759},"point_estimate":12235.136357065012,"standard_error":49.6498115260522},"MedianAbsDev":{"confidence_interval":{"confidence_level":0.95,"lower_bound":17.02879059445654,"upper_bound":236.35085246164763},"point_estimate":158.8415683409312,"standard_error":62.11845998642024},"Slope":{"confidence_interval":{"confidence_level":0.95,"lower_bound":12221.888195153411,"upper_bound":12383.105879355055},"point_estimate":12322.043380222456,"standard_error":41.277758443812004},"StdDev":{"confidence_interval":{"confidence_level":0.95,"lower_bound":75.30863309254006,"upper_bound":158.59645971614293},"point_estimate":128.39808999996703,"standard_error":21.603544737201613}}