{"Mean":{"confidence_interval":{"confidence_level":0.95,"lower_bound":166.28281105459436,"upper_bound":171.87991074936468},"point_estimate":169.18233020115844,"standard_error":1.4357781026701402},"Median":{"confidence_interval":{"confidence_level":0.95,"lower_bound":165.83398799823715,"upper_bound":171.85198039336265},"point_estimate":170.42216607148347,"standard_error":1.4428835404067923},"MedianAbsDev":{"confidence_interval":{"confidence_level":0.95,"lower_bound":0.3291844605334592,"upper_bound":8.287426753831156},"point_estimate":2.5714062744910975,"standard_error":2.250225678743199},"Slope":{"confidence_interval":{"confidence_level":0.95,"lower_bound":167.64460659011013,"upper_bound":173.64165800623832},"point_estimate":170.41270573352486,"standard_error":1.594905012442721},"StdDev":{"confidence_interval":{"confidence_level":0.95,"lower_bound":2.0137747179818604,"upper_bound":6.14022525283186},"point_estimate":4.765495534805609,"standard_error":1.006171872889255}}