{"Mean":{"confidence_interval":{"confidence_level":0.95,"lower_bound":17516704.97724306,"upper_bound":17554360.313297622},"point_estimate":17532822.68190476,"standard_error":9782.564473756314},"Median":{"confidence_interval":{"confidence_level":0.95,"lower_bound":17511715.125,"upper_bound":17542492.11904762},"point_estimate":17524865.3,"standard_error":7522.397636484552},"MedianAbsDev":{"confidence_interval":{"confidence_level":0.95,"lower_bound":152.75721729059472,"upper_bound":38989.94125445856},"point_estimate":22814.985282453305,"standard_error":9474.480346447672},"Slope":{"confidence_interval":{"confidence_level":0.95,"lower_bound":17520458.200531207,"upper_bound":17579572.79792431},"point_estimate":17547086.784415584,"standard_error":16153.686175483632},"StdDev":{"confidence_interval":{"confidence_level":0.95,"lower_bound":10704.26472070926,"upper_bound":47464.0191039476},"point_estimate":32482.68976737848,"standard_error":11339.59227759369}}