{"Mean":{"confidence_interval":{"confidence_level":0.95,"lower_bound":88212.86003296703,"upper_bound":99430.687873779},"point_estimate":93008.26667887668,"standard_error":2922.782028339596},"Median":{"confidence_interval":{"confidence_level":0.95,"lower_bound":87290.99038461539,"upper_bound":94967.32722832722},"point_estimate":91508.17735042734,"standard_error":2101.973186488671},"MedianAbsDev":{"confidence_interval":{"confidence_level":0.95,"lower_bound":1592.2515471165007,"upper_bound":10740.790547774375},"point_estimate":5386.580776163943,"standard_error":2332.6293572954182},"Slope":{"confidence_interval":{"confidence_level":0.95,"lower_bound":88420.63476946334,"upper_bound":96313.9182194617},"point_estimate":92002.03912278198,"standard_error":2028.0991332122455},"StdDev":{"confidence_interval":{"confidence_level":0.95,"lower_bound":2940.2596948648543,"upper_bound":14293.541403129146},"point_estimate":9722.062969389926,"standard_error":3501.4947568519256}}