{"Mean":{"confidence_interval":{"confidence_level":0.95,"lower_bound":596744.330259647,"upper_bound":617409.54554023},"point_estimate":607892.206776683,"standard_error":5289.236403800606},"Median":{"confidence_interval":{"confidence_level":0.95,"lower_bound":592883.2006896553,"upper_bound":618909.26},"point_estimate":612217.728448276,"standard_error":5857.647574185187},"MedianAbsDev":{"confidence_interval":{"confidence_level":0.95,"lower_bound":1654.6464982794628,"upper_bound":26189.24280935819},"point_estimate":9018.066860242172,"standard_error":6416.334491586328},"Slope":{"confidence_interval":{"confidence_level":0.95,"lower_bound":598562.5436102162,"upper_bound":620475.774546743},"point_estimate":612825.8315450067,"standard_error":5779.629885398753},"StdDev":{"confidence_interval":{"confidence_level":0.95,"lower_bound":5768.895587240035,"upper_bound":22482.678006253387},"point_estimate":17680.12034821894,"standard_error":4152.188857684354}}