{"Mean":{"confidence_interval":{"confidence_level":0.95,"lower_bound":57296.37402412111,"upper_bound":63118.4204619854},"point_estimate":60142.330408097805,"standard_error":1492.6360866013224},"Median":{"confidence_interval":{"confidence_level":0.95,"lower_bound":56041.209680523476,"upper_bound":63954.0181678214},"point_estimate":59869.35535347703,"standard_error":1740.64932494805},"MedianAbsDev":{"confidence_interval":{"confidence_level":0.95,"lower_bound":871.8482027279164,"upper_bound":8848.980233476566},"point_estimate":3329.319947022467,"standard_error":2053.5998145626204},"Slope":{"confidence_interval":{"confidence_level":0.95,"lower_bound":56512.75259075028,"upper_bound":63417.457774536415},"point_estimate":60305.44253021805,"standard_error":1818.9430766942403},"StdDev":{"confidence_interval":{"confidence_level":0.95,"lower_bound":2569.119142175545,"upper_bound":6389.2477873524285},"point_estimate":4976.576736782297,"standard_error":992.613569271179}}