{"Mean":{"confidence_interval":{"confidence_level":0.95,"lower_bound":12520656.314385416,"upper_bound":12566597.08482639},"point_estimate":12542012.108715277,"standard_error":11740.248449320768},"Median":{"confidence_interval":{"confidence_level":0.95,"lower_bound":12510392.864583332,"upper_bound":12561499.861111112},"point_estimate":12538340.159375,"standard_error":13574.182776172936},"MedianAbsDev":{"confidence_interval":{"confidence_level":0.95,"lower_bound":9733.454152196646,"upper_bound":62596.702912123874},"point_estimate":33975.992000972845,"standard_error":13239.509803123336},"Slope":{"confidence_interval":{"confidence_level":0.95,"lower_bound":12510217.897286631,"upper_bound":12562157.218171297},"point_estimate":12539808.398701299,"standard_error":13452.297792480547},"StdDev":{"confidence_interval":{"confidence_level":0.95,"lower_bound":18618.16146815237,"upper_bound":52891.086985789494},"point_estimate":39113.90768056417,"standard_error":9542.861809138974}}