{"Mean":{"confidence_interval":{"confidence_level":0.95,"lower_bound":511162.1768567082,"upper_bound":526065.9908663055},"point_estimate":519169.5123394864,"standard_error":3834.7538377330507},"Median":{"confidence_interval":{"confidence_level":0.95,"lower_bound":512891.3459269663,"upper_bound":527124.4155430712},"point_estimate":521667.89620117715,"standard_error":3727.627573763535},"MedianAbsDev":{"confidence_interval":{"confidence_level":0.95,"lower_bound":1764.3896058949667,"upper_bound":19865.887132338084},"point_estimate":8526.752647383913,"standard_error":4509.63560675643},"Slope":{"confidence_interval":{"confidence_level":0.95,"lower_bound":517698.9060371427,"upper_bound":526277.1266183454},"point_estimate":523001.7931416898,"standard_error":2206.338746916762},"StdDev":{"confidence_interval":{"confidence_level":0.95,"lower_bound":5134.807143838542,"upper_bound":17476.339708455533},"point_estimate":12789.092311605255,"standard_error":3353.213836028797}}