{"Mean":{"confidence_interval":{"confidence_level":0.95,"lower_bound":1914815.6038772992,"upper_bound":1919147.7877394478},"point_estimate":1916849.7170490616,"standard_error":1113.2069689374375},"Median":{"confidence_interval":{"confidence_level":0.95,"lower_bound":1914462.1575757575,"upper_bound":1919196.5511363635},"point_estimate":1915812.4216720778,"standard_error":1179.9625099806394},"MedianAbsDev":{"confidence_interval":{"confidence_level":0.95,"lower_bound":103.99921349439482,"upper_bound":6044.673092799469},"point_estimate":2656.329004318005,"standard_error":1633.7061696740768},"Slope":{"confidence_interval":{"confidence_level":0.95,"lower_bound":1915726.1397204257,"upper_bound":1921406.6085589943},"point_estimate":1918493.3468122787,"standard_error":1480.925640408031},"StdDev":{"confidence_interval":{"confidence_level":0.95,"lower_bound":1453.89518029655,"upper_bound":4726.261370292354},"point_estimate":3717.1311428867134,"standard_error":810.0419354807063}}