{"Mean":{"confidence_interval":{"confidence_level":0.95,"lower_bound":242965.20085323384,"upper_bound":245054.9612893864},"point_estimate":243895.73621049515,"standard_error":539.3570994705742},"Median":{"confidence_interval":{"confidence_level":0.95,"lower_bound":242823.3064676617,"upper_bound":244832.83475479746},"point_estimate":243454.77809701493,"standard_error":463.4988066629631},"MedianAbsDev":{"confidence_interval":{"confidence_level":0.95,"lower_bound":83.73542707063947,"upper_bound":2540.812343399036},"point_estimate":925.7405868483976,"standard_error":592.0248514477835},"Slope":{"confidence_interval":{"confidence_level":0.95,"lower_bound":242979.60048887078,"upper_bound":244512.54035378664},"point_estimate":243573.93590230664,"standard_error":399.6079127675503},"StdDev":{"confidence_interval":{"confidence_level":0.95,"lower_bound":505.125576085471,"upper_bound":2437.867333338566},"point_estimate":1794.860307494688,"standard_error":515.6208487449427}}