{"Mean":{"confidence_interval":{"confidence_level":0.95,"lower_bound":842189.6831813556,"upper_bound":867631.5982589287},"point_estimate":854438.0879621096,"standard_error":6507.903403050068},"Median":{"confidence_interval":{"confidence_level":0.95,"lower_bound":834094.5814516129,"upper_bound":872750.9778225806},"point_estimate":855001.1213517665,"standard_error":9177.648391281313},"MedianAbsDev":{"confidence_interval":{"confidence_level":0.95,"lower_bound":3911.0329700813027,"upper_bound":40012.897639897856},"point_estimate":25018.022364497265,"standard_error":9796.358557358875},"Slope":{"confidence_interval":{"confidence_level":0.95,"lower_bound":840574.129293457,"upper_bound":867430.1068487843},"point_estimate":850974.9660242983,"standard_error":6884.890253865056},"StdDev":{"confidence_interval":{"confidence_level":0.95,"lower_bound":11843.263159134698,"upper_bound":26956.23967800812},"point_estimate":21717.26469914798,"standard_error":3901.089690125287}}