{"Mean":{"confidence_interval":{"confidence_level":0.95,"lower_bound":1469044.2478723403,"upper_bound":1510630.6667192252},"point_estimate":1490525.4515552178,"standard_error":10708.428412231686},"Median":{"confidence_interval":{"confidence_level":0.95,"lower_bound":1458433.1914893617,"upper_bound":1515667.036474164},"point_estimate":1503139.6161347518,"standard_error":16791.77151300214},"MedianAbsDev":{"confidence_interval":{"confidence_level":0.95,"lower_bound":5952.945891654429,"upper_bound":57809.545796973034},"point_estimate":36211.75359370856,"standard_error":15014.74328193715},"Slope":{"confidence_interval":{"confidence_level":0.95,"lower_bound":1497915.1471850101,"upper_bound":1517275.7423310261},"point_estimate":1509866.8555954683,"standard_error":4923.272900025204},"StdDev":{"confidence_interval":{"confidence_level":0.95,"lower_bound":20620.008773616573,"upper_bound":44936.06284813933},"point_estimate":35776.729301303196,"standard_error":6356.592599721166}}