{"Mean":{"confidence_interval":{"confidence_level":0.95,"lower_bound":381.11626745446046,"upper_bound":411.5342570457005},"point_estimate":396.4505616723165,"standard_error":7.93591243700365},"Median":{"confidence_interval":{"confidence_level":0.95,"lower_bound":380.60376563301025,"upper_bound":403.4498104367109},"point_estimate":399.8364456121596,"standard_error":4.950334978535614},"MedianAbsDev":{"confidence_interval":{"confidence_level":0.95,"lower_bound":1.8057228340137703,"upper_bound":49.98429223562681},"point_estimate":5.825570006428789,"standard_error":12.301241481968628},"Slope":{"confidence_interval":{"confidence_level":0.95,"lower_bound":397.3161936851678,"upper_bound":404.64988264532667},"point_estimate":400.12708996119704,"standard_error":1.8619636607925767},"StdDev":{"confidence_interval":{"confidence_level":0.95,"lower_bound":3.691784233428138,"upper_bound":37.01428210683752},"point_estimate":26.51621079471753,"standard_error":7.193185037573709}}