{"Mean":{"confidence_interval":{"confidence_level":0.95,"lower_bound":1557.6967422824578,"upper_bound":1659.705513028622},"point_estimate":1606.5833894738273,"standard_error":26.218522684815586},"Median":{"confidence_interval":{"confidence_level":0.95,"lower_bound":1528.467529435309,"upper_bound":1694.5011025501335},"point_estimate":1577.7345772693075,"standard_error":47.80155221990761},"MedianAbsDev":{"confidence_interval":{"confidence_level":0.95,"lower_bound":3.4000265337951068,"upper_bound":136.96775449494547},"point_estimate":73.83163461290394,"standard_error":44.206032796322795},"Slope":{"confidence_interval":{"confidence_level":0.95,"lower_bound":1534.496135603449,"upper_bound":1596.6195483784286},"point_estimate":1552.653021256897,"standard_error":16.27872555716809},"StdDev":{"confidence_interval":{"confidence_level":0.95,"lower_bound":46.55270762086317,"upper_bound":102.37404121140843},"point_estimate":87.50356208572995,"standard_error":13.463040249126895}}