{"Mean":{"confidence_interval":{"confidence_level":0.95,"lower_bound":8040457.867575759,"upper_bound":8054461.956331168},"point_estimate":8047548.2601984115,"standard_error":3563.762946601699},"Median":{"confidence_interval":{"confidence_level":0.95,"lower_bound":8040764.4772727275,"upper_bound":8057230.316287879},"point_estimate":8047182.891774891,"standard_error":4212.400028527673},"MedianAbsDev":{"confidence_interval":{"confidence_level":0.95,"lower_bound":1507.084053244028,"upper_bound":20152.722361611286},"point_estimate":8391.253026480063,"standard_error":4901.2165626122505},"Slope":{"confidence_interval":{"confidence_level":0.95,"lower_bound":8034336.4953560345,"upper_bound":8054882.873273865},"point_estimate":8043852.379220779,"standard_error":5241.2679566054885},"StdDev":{"confidence_interval":{"confidence_level":0.95,"lower_bound":5842.510670043434,"upper_bound":15632.151393656452},"point_estimate":11903.671499914735,"standard_error":2475.9694677933217}}