{"Mean":{"confidence_interval":{"confidence_level":0.95,"lower_bound":4081555.752847986,"upper_bound":4219718.129234051},"point_estimate":4152448.1475671553,"standard_error":35416.49909880867},"Median":{"confidence_interval":{"confidence_level":0.95,"lower_bound":4052574.0923076924,"upper_bound":4250263.854395604},"point_estimate":4165558.9006410255,"standard_error":54366.365013502196},"MedianAbsDev":{"confidence_interval":{"confidence_level":0.95,"lower_bound":22920.723783076133,"upper_bound":196937.2652244345},"point_estimate":127302.85987742257,"standard_error":44609.8312995709},"Slope":{"confidence_interval":{"confidence_level":0.95,"lower_bound":4151882.0797916665,"upper_bound":4270444.294899131},"point_estimate":4229408.614985015,"standard_error":30194.88221639413},"StdDev":{"confidence_interval":{"confidence_level":0.95,"lower_bound":67926.40945129625,"upper_bound":146095.43942521958},"point_estimate":118396.4808949088,"standard_error":19789.437467945703}}