{"Mean":{"confidence_interval":{"confidence_level":0.95,"lower_bound":561.1291602855424,"upper_bound":563.6109939883015},"point_estimate":562.1503818310578,"standard_error":0.6610803256570539},"Median":{"confidence_interval":{"confidence_level":0.95,"lower_bound":560.7495154790076,"upper_bound":562.5947431021025},"point_estimate":561.526439359211,"standard_error":0.4481549963917919},"MedianAbsDev":{"confidence_interval":{"confidence_level":0.95,"lower_bound":0.27992937844233057,"upper_bound":2.0359183778653995},"point_estimate":1.0967944182270408,"standard_error":0.4740993111220695},"Slope":{"confidence_interval":{"confidence_level":0.95,"lower_bound":560.7134910138146,"upper_bound":563.5754789957366},"point_estimate":561.5798628328914,"standard_error":0.7748116416111593},"StdDev":{"confidence_interval":{"confidence_level":0.95,"lower_bound":0.5359982204783633,"upper_bound":3.2929213258973555},"point_estimate":2.2115757644569007,"standard_error":0.874322575966341}}