{"Mean":{"confidence_interval":{"confidence_level":0.95,"lower_bound":150.89096304102588,"upper_bound":171.66063749853777},"point_estimate":163.61390345324554,"standard_error":5.7148766864777905},"Median":{"confidence_interval":{"confidence_level":0.95,"lower_bound":163.8991499341379,"upper_bound":173.7509158389405},"point_estimate":167.2225477897423,"standard_error":3.03297414778049},"MedianAbsDev":{"confidence_interval":{"confidence_level":0.95,"lower_bound":0.17191064113917665,"upper_bound":11.839349174855746},"point_estimate":7.695127931231014,"standard_error":3.145339173989745},"Slope":{"confidence_interval":{"confidence_level":0.95,"lower_bound":164.10477522481528,"upper_bound":170.08488669752603},"point_estimate":166.4821624978674,"standard_error":1.5320894466437252},"StdDev":{"confidence_interval":{"confidence_level":0.95,"lower_bound":3.5332906275444818,"upper_bound":29.17597371129865},"point_estimate":19.08141199693367,"standard_error":8.717894623461405}}