{"Mean":{"confidence_interval":{"confidence_level":0.95,"lower_bound":36450.238577796554,"upper_bound":36767.8428434735},"point_estimate":36609.78484157148,"standard_error":81.49038290389548},"Median":{"confidence_interval":{"confidence_level":0.95,"lower_bound":36371.53444069069,"upper_bound":36914.99598817567},"point_estimate":36623.28436293437,"standard_error":129.7459352467057},"MedianAbsDev":{"confidence_interval":{"confidence_level":0.95,"lower_bound":47.483425951767394,"upper_bound":459.07374596297956},"point_estimate":402.8680379982821,"standard_error":110.96499057711797},"Slope":{"confidence_interval":{"confidence_level":0.95,"lower_bound":36410.72894772865,"upper_bound":36704.7050098842},"point_estimate":36517.12998859249,"standard_error":74.79233946934946},"StdDev":{"confidence_interval":{"confidence_level":0.95,"lower_bound":168.12655747831616,"upper_bound":325.78429956323447},"point_estimate":272.2113223226284,"standard_error":39.92946645630784}}