{"Mean":{"confidence_interval":{"confidence_level":0.95,"lower_bound":5647072.396354167,"upper_bound":5698839.606403646},"point_estimate":5672793.551076389,"standard_error":13277.612647307606},"Median":{"confidence_interval":{"confidence_level":0.95,"lower_bound":5631119.84375,"upper_bound":5716001.805555556},"point_estimate":5671564.96875,"standard_error":22230.50535660577},"MedianAbsDev":{"confidence_interval":{"confidence_level":0.95,"lower_bound":10950.8077243343,"upper_bound":71418.58793498269},"point_estimate":62922.99716935214,"standard_error":16073.319762952258},"Slope":{"confidence_interval":{"confidence_level":0.95,"lower_bound":5641727.417783911,"upper_bound":5718914.1542785335},"point_estimate":5691884.03814935,"standard_error":19445.392207120032},"StdDev":{"confidence_interval":{"confidence_level":0.95,"lower_bound":27932.148003851078,"upper_bound":52404.35633704632},"point_estimate":44270.87545024729,"standard_error":6223.58966751186}}