{"Mean":{"confidence_interval":{"confidence_level":0.95,"lower_bound":1294.9594877775446,"upper_bound":1354.811946585931},"point_estimate":1326.4752796194562,"standard_error":15.320741055048359},"Median":{"confidence_interval":{"confidence_level":0.95,"lower_bound":1283.5645886632556,"upper_bound":1366.4427111093346},"point_estimate":1344.8040990908676,"standard_error":23.95852611677165},"MedianAbsDev":{"confidence_interval":{"confidence_level":0.95,"lower_bound":5.878648446061085,"upper_bound":88.4386256318248},"point_estimate":48.48289335815652,"standard_error":21.57914380846342},"Slope":{"confidence_interval":{"confidence_level":0.95,"lower_bound":1340.9183214445811,"upper_bound":1366.9363684563416},"point_estimate":1358.5879786027851,"standard_error":6.732534094718298},"StdDev":{"confidence_interval":{"confidence_level":0.95,"lower_bound":26.20813493105433,"upper_bound":63.66369632283009},"point_estimate":51.005776778723146,"standard_error":9.640917837586754}}