{"Mean":{"confidence_interval":{"confidence_level":0.95,"lower_bound":264461.8031698791,"upper_bound":265548.7762230519},"point_estimate":264984.03335093067,"standard_error":277.9385183195223},"Median":{"confidence_interval":{"confidence_level":0.95,"lower_bound":264409.4044642857,"upper_bound":265863.3660714286},"point_estimate":264735.4883609694,"standard_error":353.1518958130527},"MedianAbsDev":{"confidence_interval":{"confidence_level":0.95,"lower_bound":183.1029720617901,"upper_bound":1633.5063153446495},"point_estimate":583.1827115363733,"standard_error":394.8507269698065},"Slope":{"confidence_interval":{"confidence_level":0.95,"lower_bound":264118.15198807925,"upper_bound":264934.8449158303},"point_estimate":264523.7518475572,"standard_error":208.2589328468368},"StdDev":{"confidence_interval":{"confidence_level":0.95,"lower_bound":460.63320443488414,"upper_bound":1188.5111982963815},"point_estimate":927.7749699568302,"standard_error":183.58404823129388}}