{"Mean":{"confidence_interval":{"confidence_level":0.95,"lower_bound":6575.098824219643,"upper_bound":6670.865609625493},"point_estimate":6615.243369858645,"standard_error":24.89534633430975},"Median":{"confidence_interval":{"confidence_level":0.95,"lower_bound":6570.151034014105,"upper_bound":6641.611327715042},"point_estimate":6580.398666311588,"standard_error":18.056180543782435},"MedianAbsDev":{"confidence_interval":{"confidence_level":0.95,"lower_bound":2.2093820188855653,"upper_bound":90.77389529223949},"point_estimate":15.377493180382062,"standard_error":22.805972973603964},"Slope":{"confidence_interval":{"confidence_level":0.95,"lower_bound":6567.071598589479,"upper_bound":6744.197177871487},"point_estimate":6651.82897061798,"standard_error":49.83993842490983},"StdDev":{"confidence_interval":{"confidence_level":0.95,"lower_bound":10.852969398447941,"upper_bound":118.54072240985967},"point_estimate":83.039692302582,"standard_error":29.61218730115015}}