{"Mean":{"confidence_interval":{"confidence_level":0.95,"lower_bound":277953.3737378928,"upper_bound":280333.24138517276},"point_estimate":279106.15116167645,"standard_error":609.6341775907987},"Median":{"confidence_interval":{"confidence_level":0.95,"lower_bound":277459.7629134151,"upper_bound":280709.16722408024},"point_estimate":278482.40413879603,"standard_error":899.9633640306341},"MedianAbsDev":{"confidence_interval":{"confidence_level":0.95,"lower_bound":365.94864446466175,"upper_bound":3351.241522652386},"point_estimate":2426.806245878801,"standard_error":821.4683446090481},"Slope":{"confidence_interval":{"confidence_level":0.95,"lower_bound":277789.4379219074,"upper_bound":279389.08265389135},"point_estimate":278452.147304869,"standard_error":400.1617682684092},"StdDev":{"confidence_interval":{"confidence_level":0.95,"lower_bound":1134.830540668421,"upper_bound":2582.736469763632},"point_estimate":2036.849166449377,"standard_error":379.83782277654564}}