{"Mean":{"confidence_interval":{"confidence_level":0.95,"lower_bound":2075.276421287236,"upper_bound":2171.301679637482},"point_estimate":2130.193864371683,"standard_error":24.89711727343032},"Median":{"confidence_interval":{"confidence_level":0.95,"lower_bound":2096.513219459947,"upper_bound":2182.888799421976},"point_estimate":2156.039419499408,"standard_error":24.64828524583906},"MedianAbsDev":{"confidence_interval":{"confidence_level":0.95,"lower_bound":0.8318939159767751,"upper_bound":98.94387463492656},"point_estimate":40.35621598413063,"standard_error":25.513075307020127},"Slope":{"confidence_interval":{"confidence_level":0.95,"lower_bound":2150.4472527828,"upper_bound":2192.5163619767764},"point_estimate":2176.953560941004,"standard_error":10.819056216804839},"StdDev":{"confidence_interval":{"confidence_level":0.95,"lower_bound":27.70911133750288,"upper_bound":119.78194663235105},"point_estimate":82.99401171682821,"standard_error":27.630136010571647}}