{"Mean":{"confidence_interval":{"confidence_level":0.95,"lower_bound":50.503846430149146,"upper_bound":55.934187959604394},"point_estimate":53.50577961828229,"standard_error":1.4043924107834724},"Median":{"confidence_interval":{"confidence_level":0.95,"lower_bound":50.88429644277089,"upper_bound":56.6949008141027},"point_estimate":55.68363966113614,"standard_error":1.5532936660083214},"MedianAbsDev":{"confidence_interval":{"confidence_level":0.95,"lower_bound":0.49783046216327975,"upper_bound":6.821717564482588},"point_estimate":2.3274474669362686,"standard_error":1.7270068739807716},"Slope":{"confidence_interval":{"confidence_level":0.95,"lower_bound":54.01999273080852,"upper_bound":56.50565058518006},"point_estimate":55.75037899391561,"standard_error":0.6477120055043647},"StdDev":{"confidence_interval":{"confidence_level":0.95,"lower_bound":1.5094042632924936,"upper_bound":6.34673035451789},"point_estimate":4.688619083320428,"standard_error":1.2958313346662587}}