{"Mean":{"confidence_interval":{"confidence_level":0.95,"lower_bound":14090.036794608866,"upper_bound":14245.958050457159},"point_estimate":14166.11880428379,"standard_error":39.83840051652894},"Median":{"confidence_interval":{"confidence_level":0.95,"lower_bound":14029.393766357363,"upper_bound":14242.896026647633},"point_estimate":14175.232944722024,"standard_error":51.51980185143474},"MedianAbsDev":{"confidence_interval":{"confidence_level":0.95,"lower_bound":26.562244196520332,"upper_bound":260.2493398657316},"point_estimate":110.82825765648465,"standard_error":58.85179608622085},"Slope":{"confidence_interval":{"confidence_level":0.95,"lower_bound":14110.851335046915,"upper_bound":14307.469291904523},"point_estimate":14221.324509085965,"standard_error":49.179283553695115},"StdDev":{"confidence_interval":{"confidence_level":0.95,"lower_bound":73.31539135929458,"upper_bound":173.15040644814167},"point_estimate":133.3067162413443,"standard_error":26.458109440284527}}