{"Mean":{"confidence_interval":{"confidence_level":0.95,"lower_bound":1415729.458669118,"upper_bound":1631427.5733333332},"point_estimate":1528114.3701797384,"standard_error":55390.715017259674},"Median":{"confidence_interval":{"confidence_level":0.95,"lower_bound":1308328.6176470588,"upper_bound":1678801.105882353},"point_estimate":1581605.8,"standard_error":87159.98389789893},"MedianAbsDev":{"confidence_interval":{"confidence_level":0.95,"lower_bound":35958.70177410543,"upper_bound":295084.9556970774},"point_estimate":148065.088888525,"standard_error":71917.57668599185},"Slope":{"confidence_interval":{"confidence_level":0.95,"lower_bound":1573386.9830135263,"upper_bound":1698725.0855800654},"point_estimate":1655089.6886936594,"standard_error":31984.120367288346},"StdDev":{"confidence_interval":{"confidence_level":0.95,"lower_bound":91173.02383744108,"upper_bound":219517.03727820402},"point_estimate":184007.02782907378,"standard_error":30356.32489874727}}