{"Mean":{"confidence_interval":{"confidence_level":0.95,"lower_bound":430135.19927759975,"upper_bound":468476.0742435134},"point_estimate":450159.3020238095,"standard_error":9856.727647841542},"Median":{"confidence_interval":{"confidence_level":0.95,"lower_bound":421570.8835470085,"upper_bound":474554.2424908425},"point_estimate":462321.91025641025,"standard_error":16252.940471191636},"MedianAbsDev":{"confidence_interval":{"confidence_level":0.95,"lower_bound":82.36847546073216,"upper_bound":54226.424137544935},"point_estimate":24748.625408957385,"standard_error":16348.75682547521},"Slope":{"confidence_interval":{"confidence_level":0.95,"lower_bound":458610.12432458985,"upper_bound":477742.9380142184},"point_estimate":470950.42948162946,"standard_error":4856.187824884601},"StdDev":{"confidence_interval":{"confidence_level":0.95,"lower_bound":16978.080207735653,"upper_bound":39799.44771997551},"point_estimate":32934.5480751607,"standard_error":5724.823905562021}}