{"Mean":{"confidence_interval":{"confidence_level":0.95,"lower_bound":408701.0890373364,"upper_bound":425353.8458222222},"point_estimate":416158.35836408724,"standard_error":4310.865681702848},"Median":{"confidence_interval":{"confidence_level":0.95,"lower_bound":406162.78,"upper_bound":424082.5597222222},"point_estimate":413492.4475,"standard_error":3612.803229248955},"MedianAbsDev":{"confidence_interval":{"confidence_level":0.95,"lower_bound":1261.6118067894206,"upper_bound":20191.522047716277},"point_estimate":7493.133933657773,"standard_error":5309.993418083513},"Slope":{"confidence_interval":{"confidence_level":0.95,"lower_bound":408401.8270496802,"upper_bound":437082.1091260995},"point_estimate":425041.727012987,"standard_error":7517.094929905387},"StdDev":{"confidence_interval":{"confidence_level":0.95,"lower_bound":4788.558615954525,"upper_bound":19419.539455487306},"point_estimate":14331.800120170086,"standard_error":4012.5832982831603}}