{"Mean":{"confidence_interval":{"confidence_level":0.95,"lower_bound":4872.091917814115,"upper_bound":5323.16969140598},"point_estimate":5108.325918717727,"standard_error":115.87898874564391},"Median":{"confidence_interval":{"confidence_level":0.95,"lower_bound":4700.594016064257,"upper_bound":5405.938078026391},"point_estimate":5305.562216867469,"standard_error":207.74309098940648},"MedianAbsDev":{"confidence_interval":{"confidence_level":0.95,"lower_bound":37.35992286233236,"upper_bound":588.3788611279832},"point_estimate":261.0855665852876,"standard_error":166.1323196658209},"Slope":{"confidence_interval":{"confidence_level":0.95,"lower_bound":5213.982716460648,"upper_bound":5445.873503409612},"point_estimate":5374.035978407135,"standard_error":60.11063392875604},"StdDev":{"confidence_interval":{"confidence_level":0.95,"lower_bound":223.21530548445864,"upper_bound":461.99606539955187},"point_estimate":386.4348427705079,"standard_error":62.48960523269786}}