{"Mean":{"confidence_interval":{"confidence_level":0.95,"lower_bound":36577.27223875193,"upper_bound":36808.37868781012},"point_estimate":36680.07290810715,"standard_error":59.689006333074914},"Median":{"confidence_interval":{"confidence_level":0.95,"lower_bound":36530.60584629892,"upper_bound":36747.677510608206},"point_estimate":36667.321479086684,"standard_error":56.49391794035143},"MedianAbsDev":{"confidence_interval":{"confidence_level":0.95,"lower_bound":31.457542015774628,"upper_bound":272.0481245431218},"point_estimate":131.1595193121887,"standard_error":59.124716119183866},"Slope":{"confidence_interval":{"confidence_level":0.95,"lower_bound":36617.230262205856,"upper_bound":36981.63615726468},"point_estimate":36801.52385238524,"standard_error":101.80394319591564},"StdDev":{"confidence_interval":{"confidence_level":0.95,"lower_bound":78.84161787189998,"upper_bound":283.6723688662044},"point_estimate":198.63929492708579,"standard_error":62.095296577205964}}