{"Mean":{"confidence_interval":{"confidence_level":0.95,"lower_bound":5938744.991481482,"upper_bound":5968292.01193254},"point_estimate":5953826.340719576,"standard_error":7594.642762552638},"Median":{"confidence_interval":{"confidence_level":0.95,"lower_bound":5922373.04,"upper_bound":5976967.3},"point_estimate":5956326.140740741,"standard_error":13846.617525605014},"MedianAbsDev":{"confidence_interval":{"confidence_level":0.95,"lower_bound":1998.4459245208607,"upper_bound":41196.673648612596},"point_estimate":30797.928841004366,"standard_error":11568.928745589665},"Slope":{"confidence_interval":{"confidence_level":0.95,"lower_bound":5945094.301384183,"upper_bound":5974757.716239316},"point_estimate":5963888.887619047,"standard_error":7546.884701758861},"StdDev":{"confidence_interval":{"confidence_level":0.95,"lower_bound":15011.923162095607,"upper_bound":29320.858688500208},"point_estimate":25242.546230112657,"standard_error":3511.891491541258}}