{"Mean":{"confidence_interval":{"confidence_level":0.95,"lower_bound":4580.662194877742,"upper_bound":4674.939060596649},"point_estimate":4627.888519310053,"standard_error":24.0873150583048},"Median":{"confidence_interval":{"confidence_level":0.95,"lower_bound":4560.196076783433,"upper_bound":4688.517522964272},"point_estimate":4628.846513816983,"standard_error":28.74721629984426},"MedianAbsDev":{"confidence_interval":{"confidence_level":0.95,"lower_bound":3.814048990310889,"upper_bound":142.84332445028636},"point_estimate":80.456839312209,"standard_error":35.72174880893646},"Slope":{"confidence_interval":{"confidence_level":0.95,"lower_bound":4624.466348416594,"upper_bound":4714.487380041424},"point_estimate":4673.746121316322,"standard_error":23.172588735603597},"StdDev":{"confidence_interval":{"confidence_level":0.95,"lower_bound":44.98110116009727,"upper_bound":102.13464157144247},"point_estimate":80.56939440814557,"standard_error":14.739886114103918}}