{"Mean":{"confidence_interval":{"confidence_level":0.95,"lower_bound":2210.5171947196077,"upper_bound":2247.2811288091607},"point_estimate":2228.682849812999,"standard_error":9.462310279708193},"Median":{"confidence_interval":{"confidence_level":0.95,"lower_bound":2197.4056847863585,"upper_bound":2255.6905899714707},"point_estimate":2227.6536198314525,"standard_error":19.60592087219711},"MedianAbsDev":{"confidence_interval":{"confidence_level":0.95,"lower_bound":3.208144264418105,"upper_bound":47.56104131327052},"point_estimate":42.618902066536236,"standard_error":14.099118790467385},"Slope":{"confidence_interval":{"confidence_level":0.95,"lower_bound":2227.634070871047,"upper_bound":2257.2453469620027},"point_estimate":2246.3436994329904,"standard_error":7.537854236277874},"StdDev":{"confidence_interval":{"confidence_level":0.95,"lower_bound":21.234296044686896,"upper_bound":36.786432950501975},"point_estimate":31.57065942841169,"standard_error":4.029699007622834}}