{"Mean":{"confidence_interval":{"confidence_level":0.95,"lower_bound":8523.487816600375,"upper_bound":9078.362514727061},"point_estimate":8810.183304971555,"standard_error":141.44537441587622},"Median":{"confidence_interval":{"confidence_level":0.95,"lower_bound":8315.519956110273,"upper_bound":9189.463324646826},"point_estimate":9017.494572565003,"standard_error":243.60374982062945},"MedianAbsDev":{"confidence_interval":{"confidence_level":0.95,"lower_bound":52.14701243314074,"upper_bound":756.1230235257973},"point_estimate":477.1925919341161,"standard_error":198.87995459786066},"Slope":{"confidence_interval":{"confidence_level":0.95,"lower_bound":8903.94082013631,"upper_bound":9254.699354282822},"point_estimate":9137.408015218905,"standard_error":89.6983336084832},"StdDev":{"confidence_interval":{"confidence_level":0.95,"lower_bound":281.7805047301039,"upper_bound":549.4250879356749},"point_estimate":470.2351339225939,"standard_error":68.75932595671235}}