{"Mean":{"confidence_interval":{"confidence_level":0.95,"lower_bound":17212.136642078494,"upper_bound":17288.004911077318},"point_estimate":17249.326051820524,"standard_error":19.434107559108014},"Median":{"confidence_interval":{"confidence_level":0.95,"lower_bound":17194.116212020403,"upper_bound":17306.733939528352},"point_estimate":17246.746491144695,"standard_error":29.372249686979046},"MedianAbsDev":{"confidence_interval":{"confidence_level":0.95,"lower_bound":10.935428390355064,"upper_bound":111.16168555975244},"point_estimate":79.4367476416124,"standard_error":23.901954065530887},"Slope":{"confidence_interval":{"confidence_level":0.95,"lower_bound":17223.572123294274,"upper_bound":17298.47821155729},"point_estimate":17259.429468912105,"standard_error":18.990096973941963},"StdDev":{"confidence_interval":{"confidence_level":0.95,"lower_bound":37.62266111059194,"upper_bound":81.4742029699321},"point_estimate":64.71524693609204,"standard_error":11.26024905927083}}