{"Mean":{"confidence_interval":{"confidence_level":0.95,"lower_bound":564.7875766118768,"upper_bound":593.4083446439605},"point_estimate":579.8582336963275,"standard_error":7.355993598162666},"Median":{"confidence_interval":{"confidence_level":0.95,"lower_bound":560.7806003995464,"upper_bound":596.8127891987474},"point_estimate":588.7707939636089,"standard_error":9.439695009391757},"MedianAbsDev":{"confidence_interval":{"confidence_level":0.95,"lower_bound":2.503088200661463,"upper_bound":38.93906667096684},"point_estimate":14.051763312434,"standard_error":10.238592414332178},"Slope":{"confidence_interval":{"confidence_level":0.95,"lower_bound":586.2916990454337,"upper_bound":599.9484686762817},"point_estimate":594.5696447065703,"standard_error":3.475147893683257},"StdDev":{"confidence_interval":{"confidence_level":0.95,"lower_bound":10.035880483229834,"upper_bound":30.11150446426476},"point_estimate":24.49976867437073,"standard_error":4.791942059429812}}