{"Mean":{"confidence_interval":{"confidence_level":0.95,"lower_bound":1552.409565694011,"upper_bound":1604.7243516573546},"point_estimate":1579.9922597509762,"standard_error":13.461416870596041},"Median":{"confidence_interval":{"confidence_level":0.95,"lower_bound":1542.1595713982601,"upper_bound":1622.3132046113587},"point_estimate":1593.914240163142,"standard_error":19.116835242957453},"MedianAbsDev":{"confidence_interval":{"confidence_level":0.95,"lower_bound":3.6658330316718866,"upper_bound":75.7637635086267},"point_estimate":42.14907869331992,"standard_error":17.886562092831177},"Slope":{"confidence_interval":{"confidence_level":0.95,"lower_bound":1583.783184053787,"upper_bound":1617.1778529973415},"point_estimate":1605.3821457091603,"standard_error":8.627045891116063},"StdDev":{"confidence_interval":{"confidence_level":0.95,"lower_bound":19.47604978616666,"upper_bound":55.08799000276783},"point_estimate":44.975914249166976,"standard_error":8.424297809581638}}