{"Mean":{"confidence_interval":{"confidence_level":0.95,"lower_bound":34954706.43365079,"upper_bound":35725615.30531746},"point_estimate":35335859.001428574,"standard_error":197627.63727196513},"Median":{"confidence_interval":{"confidence_level":0.95,"lower_bound":34731554.38095238,"upper_bound":36087873.75},"point_estimate":35245915.35,"standard_error":365366.74577207706},"MedianAbsDev":{"confidence_interval":{"confidence_level":0.95,"lower_bound":86987.33628233004,"upper_bound":1087421.516827751},"point_estimate":885555.0592549247,"standard_error":260543.03590900937},"Slope":{"confidence_interval":{"confidence_level":0.95,"lower_bound":34738958.36970304,"upper_bound":35499493.7211838},"point_estimate":35009751.42337662,"standard_error":193576.4360674589},"StdDev":{"confidence_interval":{"confidence_level":0.95,"lower_bound":420969.4798181547,"upper_bound":760518.817395479},"point_estimate":658706.6600700105,"standard_error":85702.51476152062}}