{"Mean":{"confidence_interval":{"confidence_level":0.95,"lower_bound":1641991.311696428,"upper_bound":1665453.3320634917},"point_estimate":1653575.8483862435,"standard_error":6016.342156212067},"Median":{"confidence_interval":{"confidence_level":0.95,"lower_bound":1634054.7023809524,"upper_bound":1675564.4047619049},"point_estimate":1647450.1137566138,"standard_error":11618.490364381798},"MedianAbsDev":{"confidence_interval":{"confidence_level":0.95,"lower_bound":3596.9316778084026,"upper_bound":30821.113390315866},"point_estimate":25113.291268038993,"standard_error":7824.334821030636},"Slope":{"confidence_interval":{"confidence_level":0.95,"lower_bound":1642580.01389149,"upper_bound":1667095.4569779849},"point_estimate":1652438.7834879407,"standard_error":6368.285356654999},"StdDev":{"confidence_interval":{"confidence_level":0.95,"lower_bound":13222.00614733628,"upper_bound":23048.79571360749},"point_estimate":20106.37967339132,"standard_error":2531.4435000418043}}