{"Mean":{"confidence_interval":{"confidence_level":0.95,"lower_bound":449.99770375074485,"upper_bound":480.8078937826896},"point_estimate":465.9460215647052,"standard_error":7.9367004972646376},"Median":{"confidence_interval":{"confidence_level":0.95,"lower_bound":444.3028031319322,"upper_bound":488.336214250016},"point_estimate":472.63327458768447,"standard_error":12.08166480717254},"MedianAbsDev":{"confidence_interval":{"confidence_level":0.95,"lower_bound":5.480658338530185,"upper_bound":42.98083963895067},"point_estimate":26.56026778016419,"standard_error":9.819257948191364},"Slope":{"confidence_interval":{"confidence_level":0.95,"lower_bound":468.7541433980192,"upper_bound":490.29320049403736},"point_estimate":482.85239016448213,"standard_error":5.530871218676854},"StdDev":{"confidence_interval":{"confidence_level":0.95,"lower_bound":14.740732991022051,"upper_bound":32.43295780036953},"point_estimate":26.464823827327425,"standard_error":4.505919408884076}}