{"Mean":{"confidence_interval":{"confidence_level":0.95,"lower_bound":117211.64920494086,"upper_bound":121074.61026617952},"point_estimate":119089.26600498725,"standard_error":986.8575427527308},"Median":{"confidence_interval":{"confidence_level":0.95,"lower_bound":116626.77479123173,"upper_bound":121139.16910229645},"point_estimate":119075.19582463466,"standard_error":1297.304987492575},"MedianAbsDev":{"confidence_interval":{"confidence_level":0.95,"lower_bound":826.7951666888811,"upper_bound":5797.229298456491},"point_estimate":3220.416240668908,"standard_error":1183.1401238028257},"Slope":{"confidence_interval":{"confidence_level":0.95,"lower_bound":117480.96917430639,"upper_bound":120230.14503113973},"point_estimate":118947.03469891277,"standard_error":700.1491284078174},"StdDev":{"confidence_interval":{"confidence_level":0.95,"lower_bound":1750.617542231796,"upper_bound":4323.218711556914},"point_estimate":3288.201656901235,"standard_error":676.1158987518867}}