{"Mean":{"confidence_interval":{"confidence_level":0.95,"lower_bound":816456.9030684157,"upper_bound":846405.0521015946},"point_estimate":831522.9227211934,"standard_error":7645.1502022398545},"Median":{"confidence_interval":{"confidence_level":0.95,"lower_bound":805612.6111111111,"upper_bound":847102.0537037037},"point_estimate":840426.736111111,"standard_error":12352.274394629714},"MedianAbsDev":{"confidence_interval":{"confidence_level":0.95,"lower_bound":342.66233444121514,"upper_bound":41666.92960123642},"point_estimate":19904.174054269184,"standard_error":12576.790007912115},"Slope":{"confidence_interval":{"confidence_level":0.95,"lower_bound":836922.9972252382,"upper_bound":850011.4445559281},"point_estimate":844661.7186628187,"standard_error":3279.9263440668888},"StdDev":{"confidence_interval":{"confidence_level":0.95,"lower_bound":14992.092729045567,"upper_bound":31905.182664569114},"point_estimate":25532.697711727775,"standard_error":4329.108044418477}}