{"Mean":{"confidence_interval":{"confidence_level":0.95,"lower_bound":153569.05426018764,"upper_bound":167693.20660684968},"point_estimate":160725.45255601627,"standard_error":3614.3489452561166},"Median":{"confidence_interval":{"confidence_level":0.95,"lower_bound":148834.3284960422,"upper_bound":171942.87572559365},"point_estimate":162877.48258575198,"standard_error":7209.44613910597},"MedianAbsDev":{"confidence_interval":{"confidence_level":0.95,"lower_bound":1537.889300902785,"upper_bound":19219.13867990026},"point_estimate":15205.12734638748,"standard_error":4937.074133970533},"Slope":{"confidence_interval":{"confidence_level":0.95,"lower_bound":162728.10927415584,"upper_bound":172308.84626403174},"point_estimate":169400.74199362643,"standard_error":2493.0987924377737},"StdDev":{"confidence_interval":{"confidence_level":0.95,"lower_bound":8045.22556895084,"upper_bound":13838.321441130376},"point_estimate":12125.073176250466,"standard_error":1495.3365916226246}}