{"Mean":{"confidence_interval":{"confidence_level":0.95,"lower_bound":9335.759625737759,"upper_bound":9537.414752724822},"point_estimate":9437.090589692969,"standard_error":51.80356289024665},"Median":{"confidence_interval":{"confidence_level":0.95,"lower_bound":9279.779091862547,"upper_bound":9592.223625763465},"point_estimate":9445.731090752051,"standard_error":94.70038825618762},"MedianAbsDev":{"confidence_interval":{"confidence_level":0.95,"lower_bound":36.26233977203285,"upper_bound":288.2887019427444},"point_estimate":220.55763883217466,"standard_error":61.7839371031962},"Slope":{"confidence_interval":{"confidence_level":0.95,"lower_bound":9407.440475180287,"upper_bound":9602.544018234412},"point_estimate":9536.229387713896,"standard_error":49.854387285280204},"StdDev":{"confidence_interval":{"confidence_level":0.95,"lower_bound":112.84194602921994,"upper_bound":200.63270570677187},"point_estimate":172.2486560109745,"standard_error":22.494305315208152}}