{"Mean":{"confidence_interval":{"confidence_level":0.95,"lower_bound":6047.29306606677,"upper_bound":6264.038456878019},"point_estimate":6157.150324265515,"standard_error":55.507842107218714},"Median":{"confidence_interval":{"confidence_level":0.95,"lower_bound":5986.140711554966,"upper_bound":6309.871819545222},"point_estimate":6187.582650646277,"standard_error":93.30405001338735},"MedianAbsDev":{"confidence_interval":{"confidence_level":0.95,"lower_bound":43.26373192807397,"upper_bound":308.00201839861046},"point_estimate":197.2647411273792,"standard_error":70.58515830850183},"Slope":{"confidence_interval":{"confidence_level":0.95,"lower_bound":6189.595937505217,"upper_bound":6353.322650601511},"point_estimate":6294.504086192344,"standard_error":41.963794329881814},"StdDev":{"confidence_interval":{"confidence_level":0.95,"lower_bound":113.2559671402474,"upper_bound":220.4396555657389},"point_estimate":184.44754486651271,"standard_error":27.098429728590094}}