{"Mean":{"confidence_interval":{"confidence_level":0.95,"lower_bound":254.7212689860216,"upper_bound":280.84350157163533},"point_estimate":268.3368791662775,"standard_error":6.815816360285959},"Median":{"confidence_interval":{"confidence_level":0.95,"lower_bound":250.39477164471842,"upper_bound":278.6218754086112},"point_estimate":273.41542300986896,"standard_error":5.491694219738596},"MedianAbsDev":{"confidence_interval":{"confidence_level":0.95,"lower_bound":1.4369075911892049,"upper_bound":39.80109487534506},"point_estimate":6.244567634051279,"standard_error":9.821789702678709},"Slope":{"confidence_interval":{"confidence_level":0.95,"lower_bound":270.9639476828656,"upper_bound":277.07665264542896},"point_estimate":273.40580810951445,"standard_error":1.5424976390894702},"StdDev":{"confidence_interval":{"confidence_level":0.95,"lower_bound":3.972242673212802,"upper_bound":30.345033757118852},"point_estimate":22.67187629539129,"standard_error":5.655852571117441}}