{"Mean":{"confidence_interval":{"confidence_level":0.95,"lower_bound":4742.485942656521,"upper_bound":4828.023783881352},"point_estimate":4787.666058460802,"standard_error":21.910604651940574},"Median":{"confidence_interval":{"confidence_level":0.95,"lower_bound":4727.162612348573,"upper_bound":4847.18157971864},"point_estimate":4791.8500540110535,"standard_error":23.118994793384967},"MedianAbsDev":{"confidence_interval":{"confidence_level":0.95,"lower_bound":3.866965744361005,"upper_bound":128.80033172945625},"point_estimate":50.19269676218356,"standard_error":36.18439665478966},"Slope":{"confidence_interval":{"confidence_level":0.95,"lower_bound":4783.4896661696575,"upper_bound":4852.47703557829},"point_estimate":4819.92754982415,"standard_error":17.91439851723929},"StdDev":{"confidence_interval":{"confidence_level":0.95,"lower_bound":33.820883871621646,"upper_bound":92.2671896522809},"point_estimate":73.01145627264681,"standard_error":15.295232899267523}}