{"Mean":{"confidence_interval":{"confidence_level":0.95,"lower_bound":42153.95984356041,"upper_bound":43248.485491419655},"point_estimate":42591.23255546889,"standard_error":297.679601911584},"Median":{"confidence_interval":{"confidence_level":0.95,"lower_bound":42033.20020800832,"upper_bound":42705.624848327265},"point_estimate":42303.41589963599,"standard_error":149.48655102932355},"MedianAbsDev":{"confidence_interval":{"confidence_level":0.95,"lower_bound":72.21404211367529,"upper_bound":726.2019329627782},"point_estimate":314.0024157982013,"standard_error":194.91131392745834},"Slope":{"confidence_interval":{"confidence_level":0.95,"lower_bound":42017.76678390514,"upper_bound":42346.33794016337},"point_estimate":42146.85072296398,"standard_error":84.62505339533286},"StdDev":{"confidence_interval":{"confidence_level":0.95,"lower_bound":168.17463450228567,"upper_bound":1497.2234848078901},"point_estimate":992.984722025789,"standard_error":425.98573073645343}}