{"Mean":{"confidence_interval":{"confidence_level":0.95,"lower_bound":9371.63570007683,"upper_bound":9607.093074577366},"point_estimate":9487.153883771909,"standard_error":60.262142697095754},"Median":{"confidence_interval":{"confidence_level":0.95,"lower_bound":9311.554067775494,"upper_bound":9640.999340725513},"point_estimate":9476.14562698561,"standard_error":93.3076999946368},"MedianAbsDev":{"confidence_interval":{"confidence_level":0.95,"lower_bound":21.183073118599026,"upper_bound":347.4599443670774},"point_estimate":186.02287195813335,"standard_error":78.57695522641548},"Slope":{"confidence_interval":{"confidence_level":0.95,"lower_bound":9401.538816654978,"upper_bound":9589.485069888622},"point_estimate":9500.018017265858,"standard_error":48.42630838122035},"StdDev":{"confidence_interval":{"confidence_level":0.95,"lower_bound":119.5016186130559,"upper_bound":246.3534041276657},"point_estimate":199.5187695286367,"standard_error":32.794276244626325}}