{"Mean":{"confidence_interval":{"confidence_level":0.95,"lower_bound":1894265.6147635933,"upper_bound":1907625.937207447},"point_estimate":1901046.372663796,"standard_error":3422.4582352047955},"Median":{"confidence_interval":{"confidence_level":0.95,"lower_bound":1892618.3321513003,"upper_bound":1911091.670212766},"point_estimate":1898549.7117527863,"standard_error":4768.709859751868},"MedianAbsDev":{"confidence_interval":{"confidence_level":0.95,"lower_bound":512.9175968333855,"upper_bound":21032.45527776956},"point_estimate":14423.327949785766,"standard_error":5362.060205601448},"Slope":{"confidence_interval":{"confidence_level":0.95,"lower_bound":1898449.8475181619,"upper_bound":1912412.03675484},"point_estimate":1905201.3578889195,"standard_error":3750.1494860002326},"StdDev":{"confidence_interval":{"confidence_level":0.95,"lower_bound":6668.922353251262,"upper_bound":14290.597897639193},"point_estimate":11418.65541022128,"standard_error":1991.3418526497705}}