{"Mean":{"confidence_interval":{"confidence_level":0.95,"lower_bound":1070334.0109416195,"upper_bound":1085087.8542978042},"point_estimate":1078975.975947673,"standard_error":3901.478724976802},"Median":{"confidence_interval":{"confidence_level":0.95,"lower_bound":1075622.2994350283,"upper_bound":1086818.3762711864},"point_estimate":1082016.097928437,"standard_error":2919.448130656279},"MedianAbsDev":{"confidence_interval":{"confidence_level":0.95,"lower_bound":919.435001897175,"upper_bound":13119.507273438081},"point_estimate":8299.651611295696,"standard_error":2858.246566584044},"Slope":{"confidence_interval":{"confidence_level":0.95,"lower_bound":1080778.990960452,"upper_bound":1087702.1216014202},"point_estimate":1085146.911424169,"standard_error":1790.8121829456475},"StdDev":{"confidence_interval":{"confidence_level":0.95,"lower_bound":3671.976426353832,"upper_bound":19360.274964001313},"point_estimate":13006.988410062595,"standard_error":5021.258924409907}}