{"Mean":{"confidence_interval":{"confidence_level":0.95,"lower_bound":413.53790106675063,"upper_bound":443.29982826785516},"point_estimate":429.0094002868178,"standard_error":7.62694820256689},"Median":{"confidence_interval":{"confidence_level":0.95,"lower_bound":405.83874834199185,"upper_bound":452.755825135404},"point_estimate":432.8975029322181,"standard_error":12.076650695392752},"MedianAbsDev":{"confidence_interval":{"confidence_level":0.95,"lower_bound":3.015470402555143,"upper_bound":44.69563470969935},"point_estimate":26.710815192307503,"standard_error":11.246482889178886},"Slope":{"confidence_interval":{"confidence_level":0.95,"lower_bound":421.73522879214175,"upper_bound":442.7573270727433},"point_estimate":431.96825108129406,"standard_error":5.328568510700406},"StdDev":{"confidence_interval":{"confidence_level":0.95,"lower_bound":14.040650373788578,"upper_bound":31.117228013764073},"point_estimate":25.51546792170871,"standard_error":4.369928962681366}}