{"Mean":{"confidence_interval":{"confidence_level":0.95,"lower_bound":27786344.534706015,"upper_bound":27870728.80231481},"point_estimate":27827809.315648146,"standard_error":21532.851002242372},"Median":{"confidence_interval":{"confidence_level":0.95,"lower_bound":27744488.5,"upper_bound":27879251.5},"point_estimate":27838642.916666664,"standard_error":32318.54305684282},"MedianAbsDev":{"confidence_interval":{"confidence_level":0.95,"lower_bound":3543.92049208578,"upper_bound":139593.3356717192},"point_estimate":77082.73380928671,"standard_error":33544.54634856578},"Slope":{"confidence_interval":{"confidence_level":0.95,"lower_bound":27772246.390457384,"upper_bound":27858763.49784933},"point_estimate":27818434.04761905,"standard_error":22054.38516044801},"StdDev":{"confidence_interval":{"confidence_level":0.95,"lower_bound":43037.37210345697,"upper_bound":90121.92874227137},"point_estimate":71799.52105953371,"standard_error":12550.367547780152}}