{"Mean":{"confidence_interval":{"confidence_level":0.95,"lower_bound":1305.679923529248,"upper_bound":1349.8162545634423},"point_estimate":1329.494012659198,"standard_error":11.341615568533218},"Median":{"confidence_interval":{"confidence_level":0.95,"lower_bound":1307.2899701808656,"upper_bound":1356.027756353984},"point_estimate":1338.5849928935709,"standard_error":11.482881384956174},"MedianAbsDev":{"confidence_interval":{"confidence_level":0.95,"lower_bound":5.2253243519899115,"upper_bound":59.46631519708355},"point_estimate":28.824439669268685,"standard_error":15.017509369057576},"Slope":{"confidence_interval":{"confidence_level":0.95,"lower_bound":1337.1112528761955,"upper_bound":1363.9536840664243},"point_estimate":1354.021898008354,"standard_error":6.833758875461817},"StdDev":{"confidence_interval":{"confidence_level":0.95,"lower_bound":15.493529201858468,"upper_bound":50.218792221066124},"point_estimate":37.787087334172874,"standard_error":9.136866670406071}}