{"Mean":{"confidence_interval":{"confidence_level":0.95,"lower_bound":538.323360047232,"upper_bound":544.8024425185504},"point_estimate":541.2684267875586,"standard_error":1.6691224093399697},"Median":{"confidence_interval":{"confidence_level":0.95,"lower_bound":536.7026238317457,"upper_bound":544.173963837145},"point_estimate":540.9885426136207,"standard_error":1.9653922948909683},"MedianAbsDev":{"confidence_interval":{"confidence_level":0.95,"lower_bound":0.1494447190227299,"upper_bound":8.397915253930899},"point_estimate":5.598946528312945,"standard_error":2.1551023280081316},"Slope":{"confidence_interval":{"confidence_level":0.95,"lower_bound":540.7023158618813,"upper_bound":545.0539034590882},"point_estimate":542.5348921355169,"standard_error":1.1006672603708443},"StdDev":{"confidence_interval":{"confidence_level":0.95,"lower_bound":2.4315725113071656,"upper_bound":7.63485509444892},"point_estimate":5.581229745450497,"standard_error":1.4917610760382105}}