{"Mean":{"confidence_interval":{"confidence_level":0.95,"lower_bound":143833.42445027706,"upper_bound":144697.07253832335},"point_estimate":144248.6677761113,"standard_error":222.62521993798165},"Median":{"confidence_interval":{"confidence_level":0.95,"lower_bound":143665.24829396326,"upper_bound":144876.09115527227},"point_estimate":144007.41141732282,"standard_error":344.0457659605512},"MedianAbsDev":{"confidence_interval":{"confidence_level":0.95,"lower_bound":182.3200726817966,"upper_bound":1245.0214024240022},"point_estimate":850.2366465587811,"standard_error":282.3452645083398},"Slope":{"confidence_interval":{"confidence_level":0.95,"lower_bound":144125.54439250546,"upper_bound":145192.9126695241},"point_estimate":144732.29054777243,"standard_error":278.0900439639123},"StdDev":{"confidence_interval":{"confidence_level":0.95,"lower_bound":406.9051975978894,"upper_bound":920.7101547450345},"point_estimate":740.0847115075003,"standard_error":131.77252466045604}}