{"Mean":{"confidence_interval":{"confidence_level":0.95,"lower_bound":1561.5763598870124,"upper_bound":1656.61620277837},"point_estimate":1604.658946806549,"standard_error":24.444249430768604},"Median":{"confidence_interval":{"confidence_level":0.95,"lower_bound":1551.0609096342312,"upper_bound":1669.0341646059815},"point_estimate":1572.0357606650182,"standard_error":26.480553674060737},"MedianAbsDev":{"confidence_interval":{"confidence_level":0.95,"lower_bound":3.6757607876325213,"upper_bound":108.87553117939912},"point_estimate":35.18851853965167,"standard_error":25.209594032300775},"Slope":{"confidence_interval":{"confidence_level":0.95,"lower_bound":1565.3879452079905,"upper_bound":1691.4484971732018},"point_estimate":1628.9661700218319,"standard_error":35.10382794899915},"StdDev":{"confidence_interval":{"confidence_level":0.95,"lower_bound":22.36011841932837,"upper_bound":101.83266138216447},"point_estimate":81.54891585266387,"standard_error":20.541861214600463}}