{"Mean":{"confidence_interval":{"confidence_level":0.95,"lower_bound":2564.158997540023,"upper_bound":2633.2451599406213},"point_estimate":2601.74783498623,"standard_error":17.651131634873565},"Median":{"confidence_interval":{"confidence_level":0.95,"lower_bound":2578.7279016339103,"upper_bound":2647.382090850902},"point_estimate":2601.590623874865,"standard_error":20.2350724511465},"MedianAbsDev":{"confidence_interval":{"confidence_level":0.95,"lower_bound":5.910550441132439,"upper_bound":90.7210421313285},"point_estimate":42.95162433780167,"standard_error":20.61429176974922},"Slope":{"confidence_interval":{"confidence_level":0.95,"lower_bound":2588.8904405514963,"upper_bound":2640.02529330911},"point_estimate":2622.440598222436,"standard_error":12.751244888629083},"StdDev":{"confidence_interval":{"confidence_level":0.95,"lower_bound":26.123202671591333,"upper_bound":81.84765735938349},"point_estimate":58.82868576982756,"standard_error":16.15718263610855}}