{"Mean":{"confidence_interval":{"confidence_level":0.95,"lower_bound":802899.9620812756,"upper_bound":815272.5562204218},"point_estimate":808439.3377880659,"standard_error":3189.9929652902297},"Median":{"confidence_interval":{"confidence_level":0.95,"lower_bound":801319.6703703704,"upper_bound":811308.695473251},"point_estimate":807541.5277777778,"standard_error":2874.391830722555},"MedianAbsDev":{"confidence_interval":{"confidence_level":0.95,"lower_bound":232.95695280865735,"upper_bound":14928.38432345589},"point_estimate":5623.646604481318,"standard_error":3614.9647122625697},"Slope":{"confidence_interval":{"confidence_level":0.95,"lower_bound":802815.4650834429,"upper_bound":810066.1613727063},"point_estimate":807040.1906685907,"standard_error":1849.292912827169},"StdDev":{"confidence_interval":{"confidence_level":0.95,"lower_bound":3830.3708647046055,"upper_bound":15179.202140087256},"point_estimate":10647.200926857831,"standard_error":3354.528632745454}}