{"Mean":{"confidence_interval":{"confidence_level":0.95,"lower_bound":3541.290454239622,"upper_bound":3603.6724007671064},"point_estimate":3570.609215419022,"standard_error":16.03759590949335},"Median":{"confidence_interval":{"confidence_level":0.95,"lower_bound":3533.665227119811,"upper_bound":3609.0754018548696},"point_estimate":3553.6634951650003,"standard_error":19.152768982486737},"MedianAbsDev":{"confidence_interval":{"confidence_level":0.95,"lower_bound":4.154604287129067,"upper_bound":88.76400266366775},"point_estimate":31.726733820979753,"standard_error":22.263484595940827},"Slope":{"confidence_interval":{"confidence_level":0.95,"lower_bound":3553.2608429255083,"upper_bound":3639.921491955209},"point_estimate":3606.702409574653,"standard_error":21.565885407619167},"StdDev":{"confidence_interval":{"confidence_level":0.95,"lower_bound":22.675232627276948,"upper_bound":67.896580182907},"point_estimate":53.61354112454382,"standard_error":11.136861515552635}}