{"Mean":{"confidence_interval":{"confidence_level":0.95,"lower_bound":722929035.2770238,"upper_bound":727520906.4724305},"point_estimate":725212798.3806746,"standard_error":1175266.9568351165},"Median":{"confidence_interval":{"confidence_level":0.95,"lower_bound":721792387.5833333,"upper_bound":728942240.75},"point_estimate":725171312.5208333,"standard_error":1767596.8263855728},"MedianAbsDev":{"confidence_interval":{"confidence_level":0.95,"lower_bound":812757.5990706682,"upper_bound":6874489.936840788},"point_estimate":3477126.447488648,"standard_error":1523897.6958970884},"Slope":{"confidence_interval":{"confidence_level":0.95,"lower_bound":723011186.1166804,"upper_bound":728821936.5679443},"point_estimate":726405330.8753247,"standard_error":1468330.7810866027},"StdDev":{"confidence_interval":{"confidence_level":0.95,"lower_bound":2341202.561528864,"upper_bound":4796900.397502865},"point_estimate":3915017.6141020544,"standard_error":628293.6573133909}}