{"Mean":{"confidence_interval":{"confidence_level":0.95,"lower_bound":271.34964707013546,"upper_bound":291.53927648724573},"point_estimate":283.60288547316384,"standard_error":5.535770211785681},"Median":{"confidence_interval":{"confidence_level":0.95,"lower_bound":281.98972109081296,"upper_bound":293.0423593867922},"point_estimate":290.0969425905015,"standard_error":2.9783260180819155},"MedianAbsDev":{"confidence_interval":{"confidence_level":0.95,"lower_bound":1.1723035255673933,"upper_bound":12.870764986645247},"point_estimate":5.567603559191885,"standard_error":3.369930218013868},"Slope":{"confidence_interval":{"confidence_level":0.95,"lower_bound":281.18043728218674,"upper_bound":291.52011766437784},"point_estimate":285.8654072977338,"standard_error":2.736889221065707},"StdDev":{"confidence_interval":{"confidence_level":0.95,"lower_bound":2.9107023200649884,"upper_bound":27.786940068033335},"point_estimate":18.347580747736757,"standard_error":8.03426427405675}}