{"Mean":{"confidence_interval":{"confidence_level":0.95,"lower_bound":485282.41968749993,"upper_bound":536217.6582360348},"point_estimate":511792.3289224665,"standard_error":13059.83638869925},"Median":{"confidence_interval":{"confidence_level":0.95,"lower_bound":476419.3653846154,"upper_bound":545834.8173076923},"point_estimate":528981.3782051282,"standard_error":20301.489924343015},"MedianAbsDev":{"confidence_interval":{"confidence_level":0.95,"lower_bound":7012.971111071822,"upper_bound":74868.29545543746},"point_estimate":41053.65081345961,"standard_error":18339.20070655558},"Slope":{"confidence_interval":{"confidence_level":0.95,"lower_bound":523387.59085617843,"upper_bound":548191.9551215888},"point_estimate":538928.851948052,"standard_error":6305.407532286265},"StdDev":{"confidence_interval":{"confidence_level":0.95,"lower_bound":23509.340588383595,"upper_bound":54662.84466074716},"point_estimate":43611.06030326118,"standard_error":8032.430875385023}}