{"Mean":{"confidence_interval":{"confidence_level":0.95,"lower_bound":1464.29464333252,"upper_bound":1518.2115462853146},"point_estimate":1492.6176525839721,"standard_error":13.798821204876328},"Median":{"confidence_interval":{"confidence_level":0.95,"lower_bound":1458.1562747726323,"upper_bound":1517.7845807930125},"point_estimate":1509.9510033366482,"standard_error":15.233272977220183},"MedianAbsDev":{"confidence_interval":{"confidence_level":0.95,"lower_bound":1.9011998197730369,"upper_bound":73.7524184689225},"point_estimate":26.31266852883554,"standard_error":20.286482469589163},"Slope":{"confidence_interval":{"confidence_level":0.95,"lower_bound":1492.8462722769045,"upper_bound":1516.7391610174295},"point_estimate":1509.327776102481,"standard_error":6.207349143688446},"StdDev":{"confidence_interval":{"confidence_level":0.95,"lower_bound":19.009732218210026,"upper_bound":59.11597903945545},"point_estimate":45.888386790746615,"standard_error":9.953936440458955}}