{"Mean":{"confidence_interval":{"confidence_level":0.95,"lower_bound":1103.8915165475617,"upper_bound":1140.1613844620492},"point_estimate":1119.9825021956835,"standard_error":9.371765905545619},"Median":{"confidence_interval":{"confidence_level":0.95,"lower_bound":1097.7975700942811,"upper_bound":1131.888117402875},"point_estimate":1115.0890017433358,"standard_error":9.439499297505815},"MedianAbsDev":{"confidence_interval":{"confidence_level":0.95,"lower_bound":1.6250731911486913,"upper_bound":39.889741033233456},"point_estimate":24.49743410244889,"standard_error":10.212264922961824},"Slope":{"confidence_interval":{"confidence_level":0.95,"lower_bound":1101.3634110479559,"upper_bound":1121.5372094860436},"point_estimate":1112.9086456652376,"standard_error":5.1983837242103075},"StdDev":{"confidence_interval":{"confidence_level":0.95,"lower_bound":11.344565693545244,"upper_bound":44.207064912275115},"point_estimate":31.37292465767611,"standard_error":9.561567875152308}}