{"Mean":{"confidence_interval":{"confidence_level":0.95,"lower_bound":3485.062098001313,"upper_bound":3809.0508004039502},"point_estimate":3652.3675235431147,"standard_error":83.26891426995383},"Median":{"confidence_interval":{"confidence_level":0.95,"lower_bound":3363.034608378871,"upper_bound":3842.1430601092898},"point_estimate":3774.910654622505,"standard_error":128.3843223507809},"MedianAbsDev":{"confidence_interval":{"confidence_level":0.95,"lower_bound":23.680180912925945,"upper_bound":432.84334071713397},"point_estimate":185.60871322118012,"standard_error":124.69358143068581},"Slope":{"confidence_interval":{"confidence_level":0.95,"lower_bound":3723.1785668762664,"upper_bound":3918.165293457484},"point_estimate":3836.8613631801454,"standard_error":49.864167253945496},"StdDev":{"confidence_interval":{"confidence_level":0.95,"lower_bound":143.24902315432735,"upper_bound":334.118069422443},"point_estimate":276.6477123091424,"standard_error":46.891005505912176}}