{"Mean":{"confidence_interval":{"confidence_level":0.95,"lower_bound":96257.96489726027,"upper_bound":97234.22601610859},"point_estimate":96772.33425925925,"standard_error":249.56639902236333},"Median":{"confidence_interval":{"confidence_level":0.95,"lower_bound":96026.11757990868,"upper_bound":97289.0147260274},"point_estimate":97115.29375951295,"standard_error":308.56029177360995},"MedianAbsDev":{"confidence_interval":{"confidence_level":0.95,"lower_bound":48.498545562120384,"upper_bound":1350.8781872043455},"point_estimate":662.4200831027026,"standard_error":373.9817153987112},"Slope":{"confidence_interval":{"confidence_level":0.95,"lower_bound":97004.91123733156,"upper_bound":97339.88979223745},"point_estimate":97192.54312399929,"standard_error":83.40075219484231},"StdDev":{"confidence_interval":{"confidence_level":0.95,"lower_bound":349.63594005417184,"upper_bound":1053.756366998912},"point_estimate":832.2802363771153,"standard_error":174.67078425448224}}