{"Mean":{"confidence_interval":{"confidence_level":0.95,"lower_bound":2265.0099576148623,"upper_bound":2323.1784309076206},"point_estimate":2295.8945129526755,"standard_error":14.964480751243496},"Median":{"confidence_interval":{"confidence_level":0.95,"lower_bound":2262.6659812005837,"upper_bound":2335.378393184363},"point_estimate":2306.1599459238037,"standard_error":19.41367083370196},"MedianAbsDev":{"confidence_interval":{"confidence_level":0.95,"lower_bound":7.7812261537215015,"upper_bound":80.83032418893596},"point_estimate":43.94244301906982,"standard_error":18.468801451422053},"Slope":{"confidence_interval":{"confidence_level":0.95,"lower_bound":2296.5496219715515,"upper_bound":2328.608756915009},"point_estimate":2318.5016883249095,"standard_error":8.42883260372863},"StdDev":{"confidence_interval":{"confidence_level":0.95,"lower_bound":22.99241278427525,"upper_bound":64.232973940171},"point_estimate":49.91302718700599,"standard_error":10.677823452340629}}