{"Mean":{"confidence_interval":{"confidence_level":0.95,"lower_bound":904298.5391220239,"upper_bound":921895.4353509424},"point_estimate":913110.5428335813,"standard_error":4514.547890466366},"Median":{"confidence_interval":{"confidence_level":0.95,"lower_bound":895926.28125,"upper_bound":923575.1901041666},"point_estimate":916028.0709821428,"standard_error":6657.6310678111495},"MedianAbsDev":{"confidence_interval":{"confidence_level":0.95,"lower_bound":2912.034838926047,"upper_bound":28454.911189824274},"point_estimate":13335.602572386382,"standard_error":6586.012076903943},"Slope":{"confidence_interval":{"confidence_level":0.95,"lower_bound":913667.428000999,"upper_bound":929398.9815375303},"point_estimate":922290.1293425325,"standard_error":4061.556328776492},"StdDev":{"confidence_interval":{"confidence_level":0.95,"lower_bound":8771.758457844087,"upper_bound":18589.792366446494},"point_estimate":15024.3298238445,"standard_error":2512.845544315252}}