{"Mean":{"confidence_interval":{"confidence_level":0.95,"lower_bound":3139.8274273821394,"upper_bound":3275.7366338941397},"point_estimate":3209.8924948760973,"standard_error":34.95344569008559},"Median":{"confidence_interval":{"confidence_level":0.95,"lower_bound":3105.753745567376,"upper_bound":3326.2295478723404},"point_estimate":3223.6185790273557,"standard_error":52.900611924848},"MedianAbsDev":{"confidence_interval":{"confidence_level":0.95,"lower_bound":17.238367113727275,"upper_bound":204.6974392116391},"point_estimate":145.8116570070703,"standard_error":48.114859868349285},"Slope":{"confidence_interval":{"confidence_level":0.95,"lower_bound":3206.5976350046153,"upper_bound":3311.519139524836},"point_estimate":3274.281825089804,"standard_error":26.674260557177355},"StdDev":{"confidence_interval":{"confidence_level":0.95,"lower_bound":65.21028709511711,"upper_bound":141.03456993313276},"point_estimate":116.39788250396018,"standard_error":19.09436490254946}}