{"Mean":{"confidence_interval":{"confidence_level":0.95,"lower_bound":257470.1551372625,"upper_bound":259241.91792872478},"point_estimate":258305.72478487255,"standard_error":453.3499695584196},"Median":{"confidence_interval":{"confidence_level":0.95,"lower_bound":256919.55303030304,"upper_bound":258941.37545454543},"point_estimate":258476.85854978353,"standard_error":516.6421183263701},"MedianAbsDev":{"confidence_interval":{"confidence_level":0.95,"lower_bound":28.764573534808637,"upper_bound":2671.2100319401316},"point_estimate":914.8577822428753,"standard_error":631.9802810110806},"Slope":{"confidence_interval":{"confidence_level":0.95,"lower_bound":257399.4215249267,"upper_bound":258929.96839865827},"point_estimate":258206.61873278237,"standard_error":397.8257376287217},"StdDev":{"confidence_interval":{"confidence_level":0.95,"lower_bound":718.5957741609474,"upper_bound":2062.6582028488606},"point_estimate":1509.2662591971598,"standard_error":376.47856591158296}}