{"Mean":{"confidence_interval":{"confidence_level":0.95,"lower_bound":532.1769731100181,"upper_bound":554.0789456996346},"point_estimate":543.5995600545282,"standard_error":5.594254306596149},"Median":{"confidence_interval":{"confidence_level":0.95,"lower_bound":533.9042128209627,"upper_bound":553.9829125755458},"point_estimate":545.8964112325087,"standard_error":5.180855447307295},"MedianAbsDev":{"confidence_interval":{"confidence_level":0.95,"lower_bound":3.3062303653575844,"upper_bound":30.566006656568156},"point_estimate":13.458101536965193,"standard_error":6.510413159227042},"Slope":{"confidence_interval":{"confidence_level":0.95,"lower_bound":539.660882835627,"upper_bound":548.3696778032628},"point_estimate":543.8033802909191,"standard_error":2.1873368410463887},"StdDev":{"confidence_interval":{"confidence_level":0.95,"lower_bound":7.764955170514911,"upper_bound":25.628445713823265},"point_estimate":18.631838676069872,"standard_error":4.644300056747158}}