{"Mean":{"confidence_interval":{"confidence_level":0.95,"lower_bound":18806.18000084792,"upper_bound":18932.94443354503},"point_estimate":18870.379482012842,"standard_error":32.516018559310155},"Median":{"confidence_interval":{"confidence_level":0.95,"lower_bound":18773.429855175687,"upper_bound":18970.240903540904},"point_estimate":18885.716158198797,"standard_error":49.39868960660253},"MedianAbsDev":{"confidence_interval":{"confidence_level":0.95,"lower_bound":31.951006216945213,"upper_bound":188.80683628475995},"point_estimate":136.88295197131467,"standard_error":40.581846753067566},"Slope":{"confidence_interval":{"confidence_level":0.95,"lower_bound":18860.70416046873,"upper_bound":18933.4729317596},"point_estimate":18900.133513893514,"standard_error":18.253393060159176},"StdDev":{"confidence_interval":{"confidence_level":0.95,"lower_bound":64.81623693576604,"upper_bound":131.59887842406056},"point_estimate":108.87131357182197,"standard_error":16.841961552932254}}