{"Mean":{"confidence_interval":{"confidence_level":0.95,"lower_bound":5373.272991047295,"upper_bound":5392.7462940830765},"point_estimate":5381.787428875628,"standard_error":5.053563510687314},"Median":{"confidence_interval":{"confidence_level":0.95,"lower_bound":5371.467165064673,"upper_bound":5389.717890906214},"point_estimate":5377.658960780824,"standard_error":4.297183431378891},"MedianAbsDev":{"confidence_interval":{"confidence_level":0.95,"lower_bound":2.047965467379312,"upper_bound":20.440271004443495},"point_estimate":11.751463099486342,"standard_error":5.12915467951378},"Slope":{"confidence_interval":{"confidence_level":0.95,"lower_bound":5369.079059495947,"upper_bound":5383.875112904765},"point_estimate":5376.411166334556,"standard_error":3.773350343660857},"StdDev":{"confidence_interval":{"confidence_level":0.95,"lower_bound":5.799830384145039,"upper_bound":24.138162090974678},"point_estimate":16.843492943636235,"standard_error":5.472017439622538}}