{"Mean":{"confidence_interval":{"confidence_level":0.95,"lower_bound":638691.2904444444,"upper_bound":684418.1488814814},"point_estimate":663293.1321830687,"standard_error":11770.43324722437},"Median":{"confidence_interval":{"confidence_level":0.95,"lower_bound":631739.0900000001,"upper_bound":690194.0912962963},"point_estimate":672155.1798412697,"standard_error":12087.176572475419},"MedianAbsDev":{"confidence_interval":{"confidence_level":0.95,"lower_bound":6508.9562944428835,"upper_bound":59154.769988326225},"point_estimate":21870.05493119555,"standard_error":12918.799654593413},"Slope":{"confidence_interval":{"confidence_level":0.95,"lower_bound":671794.4073448656,"upper_bound":698003.6673935264},"point_estimate":688030.1381818182,"standard_error":6760.696231722913},"StdDev":{"confidence_interval":{"confidence_level":0.95,"lower_bound":13258.494508114425,"upper_bound":49688.26785535834},"point_estimate":39248.31201644821,"standard_error":9363.079544801823}}