{"Mean":{"confidence_interval":{"confidence_level":0.95,"lower_bound":65499.41309980764,"upper_bound":66100.92013863994},"point_estimate":65788.0915470872,"standard_error":154.1963185421277},"Median":{"confidence_interval":{"confidence_level":0.95,"lower_bound":65345.943037974685,"upper_bound":66230.60493919087},"point_estimate":65648.77505274261,"standard_error":266.4530759586493},"MedianAbsDev":{"confidence_interval":{"confidence_level":0.95,"lower_bound":25.62139928451506,"upper_bound":865.6022347292868},"point_estimate":523.8585407815591,"standard_error":224.41921198965406},"Slope":{"confidence_interval":{"confidence_level":0.95,"lower_bound":65751.0691798545,"upper_bound":66325.85573117167},"point_estimate":66085.94780439218,"standard_error":146.33211177099426},"StdDev":{"confidence_interval":{"confidence_level":0.95,"lower_bound":291.45602430773,"upper_bound":624.994278203121},"point_estimate":513.9096090375958,"standard_error":85.3475334856954}}