{"Mean":{"confidence_interval":{"confidence_level":0.95,"lower_bound":19.23009504539086,"upper_bound":22.385922862484055},"point_estimate":20.865721039661786,"standard_error":0.8076420747233327},"Median":{"confidence_interval":{"confidence_level":0.95,"lower_bound":18.352773223510432,"upper_bound":23.122659323452744},"point_estimate":21.89144697438643,"standard_error":1.3564999398252138},"MedianAbsDev":{"confidence_interval":{"confidence_level":0.95,"lower_bound":0.6210538606218239,"upper_bound":4.419527423912432},"point_estimate":2.764791216038564,"standard_error":1.0348671990633684},"Slope":{"confidence_interval":{"confidence_level":0.95,"lower_bound":21.43308641819006,"upper_bound":23.336465436113638},"point_estimate":22.718475180594865,"standard_error":0.4912160265486774},"StdDev":{"confidence_interval":{"confidence_level":0.95,"lower_bound":1.5371572930928887,"upper_bound":3.1857895805645784},"point_estimate":2.6866762713243335,"standard_error":0.4150723997790425}}