{"Mean":{"confidence_interval":{"confidence_level":0.95,"lower_bound":10392.976782819462,"upper_bound":10651.2959846599},"point_estimate":10533.68697397834,"standard_error":66.38943853786934},"Median":{"confidence_interval":{"confidence_level":0.95,"lower_bound":10357.895105045172,"upper_bound":10681.914546091833},"point_estimate":10606.950291985879,"standard_error":72.96426666994249},"MedianAbsDev":{"confidence_interval":{"confidence_level":0.95,"lower_bound":24.775291568565116,"upper_bound":317.8997028997912},"point_estimate":122.11728320922043,"standard_error":71.17395226628825},"Slope":{"confidence_interval":{"confidence_level":0.95,"lower_bound":10541.767472125313,"upper_bound":10701.020120399442},"point_estimate":10642.851260366493,"standard_error":41.2428376289594},"StdDev":{"confidence_interval":{"confidence_level":0.95,"lower_bound":67.19554729166873,"upper_bound":276.366833833488},"point_estimate":221.05938610544305,"standard_error":53.828424835716525}}