{"Mean":{"confidence_interval":{"confidence_level":0.95,"lower_bound":2155.585662126533,"upper_bound":2230.627950505043},"point_estimate":2195.0739900620138,"standard_error":19.238420757321627},"Median":{"confidence_interval":{"confidence_level":0.95,"lower_bound":2134.884156671312,"upper_bound":2250.447867697855},"point_estimate":2216.336511426758,"standard_error":30.402015522677743},"MedianAbsDev":{"confidence_interval":{"confidence_level":0.95,"lower_bound":7.790221437670287,"upper_bound":107.42997968412827},"point_estimate":57.61010056089928,"standard_error":27.923510322363175},"Slope":{"confidence_interval":{"confidence_level":0.95,"lower_bound":2124.6675665343982,"upper_bound":2209.015293268951},"point_estimate":2167.2122432942883,"standard_error":21.41289454571424},"StdDev":{"confidence_interval":{"confidence_level":0.95,"lower_bound":31.919651273859518,"upper_bound":77.15926350431722},"point_estimate":64.24955208919408,"standard_error":11.437864707692714}}