{"Mean":{"confidence_interval":{"confidence_level":0.95,"lower_bound":3339019.7408623514,"upper_bound":3357125.562893601},"point_estimate":3349163.478988095,"standard_error":4671.278305100515},"Median":{"confidence_interval":{"confidence_level":0.95,"lower_bound":3341064.75,"upper_bound":3359995.619791667},"point_estimate":3353344.6272321427,"standard_error":5023.589985008952},"MedianAbsDev":{"confidence_interval":{"confidence_level":0.95,"lower_bound":2783.4115693343365,"upper_bound":21618.22881869912},"point_estimate":10964.08912847375,"standard_error":4835.748464644681},"Slope":{"confidence_interval":{"confidence_level":0.95,"lower_bound":3351978.726686508,"upper_bound":3361224.0368272285},"point_estimate":3358114.328896104,"standard_error":2370.6296531423036},"StdDev":{"confidence_interval":{"confidence_level":0.95,"lower_bound":5763.692998402785,"upper_bound":21866.732486585886},"point_estimate":15491.876239395227,"standard_error":4670.928791332197}}