{"Mean":{"confidence_interval":{"confidence_level":0.95,"lower_bound":109488.6193421303,"upper_bound":109947.38673048708},"point_estimate":109708.1427370763,"standard_error":118.00477867797485},"Median":{"confidence_interval":{"confidence_level":0.95,"lower_bound":109377.75359605326,"upper_bound":110085.23585354256},"point_estimate":109609.69365192582,"standard_error":164.44422065477266},"MedianAbsDev":{"confidence_interval":{"confidence_level":0.95,"lower_bound":64.67763073476637,"upper_bound":617.4873917834819},"point_estimate":350.44204297953695,"standard_error":161.46903956851614},"Slope":{"confidence_interval":{"confidence_level":0.95,"lower_bound":109506.86875891584,"upper_bound":110021.74714612836},"point_estimate":109764.26507957093,"standard_error":130.2230455996198},"StdDev":{"confidence_interval":{"confidence_level":0.95,"lower_bound":181.42081909532783,"upper_bound":473.2454108195742},"point_estimate":392.2029790120936,"standard_error":68.03095503426178}}