{"Mean":{"confidence_interval":{"confidence_level":0.95,"lower_bound":337707.92396653956,"upper_bound":358569.929515719},"point_estimate":347731.32142914936,"standard_error":5339.817030098195},"Median":{"confidence_interval":{"confidence_level":0.95,"lower_bound":334509.4740291262,"upper_bound":362972.39713361074},"point_estimate":343175.21747572813,"standard_error":6126.2076016545425},"MedianAbsDev":{"confidence_interval":{"confidence_level":0.95,"lower_bound":1714.7952814009216,"upper_bound":32505.2041068008},"point_estimate":16221.089195610375,"standard_error":7838.546881660532},"Slope":{"confidence_interval":{"confidence_level":0.95,"lower_bound":341077.4188436452,"upper_bound":367800.5159180694},"point_estimate":355142.9967595511,"standard_error":6893.321909246081},"StdDev":{"confidence_interval":{"confidence_level":0.95,"lower_bound":8988.784448107355,"upper_bound":22467.556011090495},"point_estimate":17823.822507093668,"standard_error":3451.74415987078}}