{"Mean":{"confidence_interval":{"confidence_level":0.95,"lower_bound":203353.27390147783,"upper_bound":205795.96585604816},"point_estimate":204503.22442597154,"standard_error":624.569898774611},"Median":{"confidence_interval":{"confidence_level":0.95,"lower_bound":202816.44827586206,"upper_bound":206186.3587356322},"point_estimate":203467.89926108374,"standard_error":1012.3158648715944},"MedianAbsDev":{"confidence_interval":{"confidence_level":0.95,"lower_bound":245.47228829714632,"upper_bound":3690.7638842459473},"point_estimate":1211.3135018397102,"standard_error":955.8267982735863},"Slope":{"confidence_interval":{"confidence_level":0.95,"lower_bound":203972.10298464214,"upper_bound":207149.5922670244},"point_estimate":205927.6251052396,"standard_error":794.2942828116793},"StdDev":{"confidence_interval":{"confidence_level":0.95,"lower_bound":1017.4116366836572,"upper_bound":2621.5460488637964},"point_estimate":2080.691091886853,"standard_error":412.9666575694616}}