{"Mean":{"confidence_interval":{"confidence_level":0.95,"lower_bound":616747.0117859542,"upper_bound":652241.3559879032},"point_estimate":635335.7984543011,"standard_error":9157.237328810537},"Median":{"confidence_interval":{"confidence_level":0.95,"lower_bound":611097.8951612903,"upper_bound":653315.7903225806},"point_estimate":647159.2590725806,"standard_error":11752.390098987944},"MedianAbsDev":{"confidence_interval":{"confidence_level":0.95,"lower_bound":2965.271686065601,"upper_bound":49606.312519311905},"point_estimate":15439.377650089848,"standard_error":13653.996424864763},"Slope":{"confidence_interval":{"confidence_level":0.95,"lower_bound":634852.9120842612,"upper_bound":665401.5388134212},"point_estimate":652708.7036866359,"standard_error":7991.101494729755},"StdDev":{"confidence_interval":{"confidence_level":0.95,"lower_bound":13369.196403270202,"upper_bound":38020.44755148811},"point_estimate":30497.399019282442,"standard_error":5904.134489098651}}