{"Mean":{"confidence_interval":{"confidence_level":0.95,"lower_bound":4492937.422263393,"upper_bound":4517626.833711458},"point_estimate":4504333.852386905,"standard_error":6345.429647288081},"Median":{"confidence_interval":{"confidence_level":0.95,"lower_bound":4488760.75,"upper_bound":4512460.674375},"point_estimate":4502696.999166667,"standard_error":5027.285649545294},"MedianAbsDev":{"confidence_interval":{"confidence_level":0.95,"lower_bound":2018.708653661278,"upper_bound":32037.08770322899},"point_estimate":14918.841382637298,"standard_error":7742.268815454032},"Slope":{"confidence_interval":{"confidence_level":0.95,"lower_bound":4488101.775888889,"upper_bound":4513876.843192488},"point_estimate":4500457.818181818,"standard_error":6650.685244705033},"StdDev":{"confidence_interval":{"confidence_level":0.95,"lower_bound":7700.889557974781,"upper_bound":29830.821133776433},"point_estimate":21206.65228108541,"standard_error":6086.98103757924}}