{"Mean":{"confidence_interval":{"confidence_level":0.95,"lower_bound":81.72356147688063,"upper_bound":87.04508426050356},"point_estimate":84.51358500491457,"standard_error":1.3574393230155117},"Median":{"confidence_interval":{"confidence_level":0.95,"lower_bound":81.18957575757575,"upper_bound":87.34449689440994},"point_estimate":85.4647970136144,"standard_error":1.6863692925884763},"MedianAbsDev":{"confidence_interval":{"confidence_level":0.95,"lower_bound":0.6000140694266747,"upper_bound":7.654203461870942},"point_estimate":2.9671594368349177,"standard_error":1.8211071243755557},"Slope":{"confidence_interval":{"confidence_level":0.95,"lower_bound":85.34413107256388,"upper_bound":89.13112391707672},"point_estimate":87.38013429837619,"standard_error":0.9817387716147479},"StdDev":{"confidence_interval":{"confidence_level":0.95,"lower_bound":2.136059338358976,"upper_bound":6.0341626012398075},"point_estimate":4.520398863895815,"standard_error":1.0316192456831526}}