{"Mean":{"confidence_interval":{"confidence_level":0.95,"lower_bound":1004.3661524212273,"upper_bound":1089.9699573619177},"point_estimate":1051.355595315936,"standard_error":21.924808366850463},"Median":{"confidence_interval":{"confidence_level":0.95,"lower_bound":995.0209308362872,"upper_bound":1102.3357415804758},"point_estimate":1072.4442696922606,"standard_error":23.837272274461366},"MedianAbsDev":{"confidence_interval":{"confidence_level":0.95,"lower_bound":1.6220114402680503,"upper_bound":99.25650973094088},"point_estimate":44.35217103586642,"standard_error":22.69078756789477},"Slope":{"confidence_interval":{"confidence_level":0.95,"lower_bound":1059.4777586685564,"upper_bound":1091.9292209730916},"point_estimate":1078.3012975764236,"standard_error":8.234895398178514},"StdDev":{"confidence_interval":{"confidence_level":0.95,"lower_bound":20.253642012709218,"upper_bound":91.71608252070261},"point_estimate":73.19804364655867,"standard_error":18.72505882412625}}