{"Mean":{"confidence_interval":{"confidence_level":0.95,"lower_bound":1683.638261467958,"upper_bound":1733.4591242173494},"point_estimate":1708.3220043362112,"standard_error":12.741288872629125},"Median":{"confidence_interval":{"confidence_level":0.95,"lower_bound":1663.9265681936492,"upper_bound":1749.6727225403436},"point_estimate":1707.7550375238593,"standard_error":26.519990465296047},"MedianAbsDev":{"confidence_interval":{"confidence_level":0.95,"lower_bound":3.720512664947186,"upper_bound":67.03028745846512},"point_estimate":62.17323486922194,"standard_error":19.32525288093818},"Slope":{"confidence_interval":{"confidence_level":0.95,"lower_bound":1707.319365770295,"upper_bound":1750.764683404632},"point_estimate":1737.187448704341,"standard_error":11.271858439148946},"StdDev":{"confidence_interval":{"confidence_level":0.95,"lower_bound":29.059853916311972,"upper_bound":48.08150571552034},"point_estimate":42.54289020501024,"standard_error":5.006762025813044}}