{"Mean":{"confidence_interval":{"confidence_level":0.95,"lower_bound":536.7322453428002,"upper_bound":573.6510931951497},"point_estimate":556.5433837445139,"standard_error":9.481785811626551},"Median":{"confidence_interval":{"confidence_level":0.95,"lower_bound":531.1633721296005,"upper_bound":581.515101065025},"point_estimate":560.9071846492607,"standard_error":10.504729786190047},"MedianAbsDev":{"confidence_interval":{"confidence_level":0.95,"lower_bound":4.842559847339678,"upper_bound":50.37022040685071},"point_estimate":23.480287717146073,"standard_error":11.9568223950531},"Slope":{"confidence_interval":{"confidence_level":0.95,"lower_bound":553.5058808819547,"upper_bound":573.4896818557096},"point_estimate":561.5306817221784,"standard_error":5.0649134248787915},"StdDev":{"confidence_interval":{"confidence_level":0.95,"lower_bound":12.807842882906133,"upper_bound":40.122114157561015},"point_estimate":31.60814271016205,"standard_error":7.055209234069649}}