{"Mean":{"confidence_interval":{"confidence_level":0.95,"lower_bound":237.70337393213933,"upper_bound":249.38885961372245},"point_estimate":244.8113642876986,"standard_error":3.1939112260629963},"Median":{"confidence_interval":{"confidence_level":0.95,"lower_bound":245.0058928900001,"upper_bound":249.49788453420788},"point_estimate":247.45331760308545,"standard_error":1.3940783822807363},"MedianAbsDev":{"confidence_interval":{"confidence_level":0.95,"lower_bound":0.8811975014297913,"upper_bound":6.9972576417900445},"point_estimate":2.594372038364505,"standard_error":1.6614056009976248},"Slope":{"confidence_interval":{"confidence_level":0.95,"lower_bound":245.80987180951118,"upper_bound":248.483068546262},"point_estimate":247.13575974047058,"standard_error":0.685091881048028},"StdDev":{"confidence_interval":{"confidence_level":0.95,"lower_bound":1.6513180585942573,"upper_bound":16.217459294720044},"point_estimate":10.620388054099568,"standard_error":4.819453513197172}}