{"Mean":{"confidence_interval":{"confidence_level":0.95,"lower_bound":131580.96923222975,"upper_bound":133454.4369962924},"point_estimate":132559.11720556713,"standard_error":478.6847579883945},"Median":{"confidence_interval":{"confidence_level":0.95,"lower_bound":131668.3321167883,"upper_bound":133853.9333941606},"point_estimate":132558.25608272507,"standard_error":539.1632532846222},"MedianAbsDev":{"confidence_interval":{"confidence_level":0.95,"lower_bound":341.45988606379024,"upper_bound":2752.1542734022696},"point_estimate":1355.4073251338225,"standard_error":611.3463231856891},"Slope":{"confidence_interval":{"confidence_level":0.95,"lower_bound":132545.67051033338,"upper_bound":134259.87583716158},"point_estimate":133659.3699402787,"standard_error":433.22623383580213},"StdDev":{"confidence_interval":{"confidence_level":0.95,"lower_bound":780.0071005074509,"upper_bound":2160.598633316625},"point_estimate":1599.8862740312181,"standard_error":375.06014693638707}}