{"Mean":{"confidence_interval":{"confidence_level":0.95,"lower_bound":104.27903005141596,"upper_bound":108.59685833905652},"point_estimate":106.40133085431322,"standard_error":1.1088070265180427},"Median":{"confidence_interval":{"confidence_level":0.95,"lower_bound":103.3089869634891,"upper_bound":110.02379415883465},"point_estimate":105.27345303576843,"standard_error":1.9823052423574568},"MedianAbsDev":{"confidence_interval":{"confidence_level":0.95,"lower_bound":0.7265311361334964,"upper_bound":5.837385489505283},"point_estimate":5.0267393273628524,"standard_error":1.4301173300019385},"Slope":{"confidence_interval":{"confidence_level":0.95,"lower_bound":106.02492566969129,"upper_bound":110.50136971462142},"point_estimate":108.91419560559844,"standard_error":1.1348092187439252},"StdDev":{"confidence_interval":{"confidence_level":0.95,"lower_bound":2.365372329411243,"upper_bound":4.363090795305836},"point_estimate":3.70013101733133,"standard_error":0.5132393472610837}}