{"Mean":{"confidence_interval":{"confidence_level":0.95,"lower_bound":81289.563046875,"upper_bound":86698.80461309523},"point_estimate":84196.89607142858,"standard_error":1385.9437639574535},"Median":{"confidence_interval":{"confidence_level":0.95,"lower_bound":81076.328125,"upper_bound":87361.95535714286},"point_estimate":86620.921875,"standard_error":1828.389225941248},"MedianAbsDev":{"confidence_interval":{"confidence_level":0.95,"lower_bound":114.60497796535924,"upper_bound":7433.370174281314},"point_estimate":2577.7041323615967,"standard_error":1993.7236956005563},"Slope":{"confidence_interval":{"confidence_level":0.95,"lower_bound":85785.20338583003,"upper_bound":87367.82186544343},"point_estimate":86734.75487012987,"standard_error":400.30392641785375},"StdDev":{"confidence_interval":{"confidence_level":0.95,"lower_bound":1864.724877205277,"upper_bound":5944.791559610856},"point_estimate":4643.167997164034,"standard_error":1045.934487704389}}