{"Mean":{"confidence_interval":{"confidence_level":0.95,"lower_bound":407568.4187184894,"upper_bound":431858.73853241856},"point_estimate":419972.3809900458,"standard_error":6216.344465587622},"Median":{"confidence_interval":{"confidence_level":0.95,"lower_bound":402794.75988700567,"upper_bound":438056.2382297552},"point_estimate":425740.41182405164,"standard_error":8270.631949955956},"MedianAbsDev":{"confidence_interval":{"confidence_level":0.95,"lower_bound":506.6743528691311,"upper_bound":33707.99225681778},"point_estimate":19046.826295890816,"standard_error":8446.247783394385},"Slope":{"confidence_interval":{"confidence_level":0.95,"lower_bound":423169.9782999486,"upper_bound":441521.4601016491},"point_estimate":434762.99779881135,"standard_error":4710.631446511582},"StdDev":{"confidence_interval":{"confidence_level":0.95,"lower_bound":10999.346558726142,"upper_bound":25791.284011914468},"point_estimate":20771.890140654155,"standard_error":3700.1984602987513}}