{"Mean":{"confidence_interval":{"confidence_level":0.95,"lower_bound":186.10805996351638,"upper_bound":211.1490014291499},"point_estimate":200.4001030684724,"standard_error":6.507266843561632},"Median":{"confidence_interval":{"confidence_level":0.95,"lower_bound":187.36583652383055,"upper_bound":212.1756927315974},"point_estimate":209.26860397339615,"standard_error":5.185572786212742},"MedianAbsDev":{"confidence_interval":{"confidence_level":0.95,"lower_bound":0.8568755167414778,"upper_bound":31.12467051023036},"point_estimate":3.5768547688359633,"standard_error":5.5331876754735845},"Slope":{"confidence_interval":{"confidence_level":0.95,"lower_bound":206.3267747453863,"upper_bound":212.8332732208477},"point_estimate":210.1799986661108,"standard_error":1.698296144695665},"StdDev":{"confidence_interval":{"confidence_level":0.95,"lower_bound":2.3674002495195765,"upper_bound":28.232936681245697},"point_estimate":21.712663447754725,"standard_error":7.027370468665044}}