{"Mean":{"confidence_interval":{"confidence_level":0.95,"lower_bound":1742523.2137387388,"upper_bound":1759988.4456456457},"point_estimate":1750623.3986121838,"standard_error":4475.171380487093},"Median":{"confidence_interval":{"confidence_level":0.95,"lower_bound":1737462.4932432433,"upper_bound":1756250.963963964},"point_estimate":1751842.888030888,"standard_error":4657.271113742738},"MedianAbsDev":{"confidence_interval":{"confidence_level":0.95,"lower_bound":580.5356802338249,"upper_bound":24279.545803636676},"point_estimate":9887.940067697295,"standard_error":5762.876074555584},"Slope":{"confidence_interval":{"confidence_level":0.95,"lower_bound":1735989.3491258507,"upper_bound":1750762.7260519469},"point_estimate":1740975.369041769,"standard_error":3674.17490365346},"StdDev":{"confidence_interval":{"confidence_level":0.95,"lower_bound":6845.222931725338,"upper_bound":20526.76393445779},"point_estimate":14875.94321999778,"standard_error":3908.389574380083}}