{"Mean":{"confidence_interval":{"confidence_level":0.95,"lower_bound":9069546.346476192,"upper_bound":9153971.396197619},"point_estimate":9109003.331714287,"standard_error":21680.1166703121},"Median":{"confidence_interval":{"confidence_level":0.95,"lower_bound":9057337.028571427,"upper_bound":9159077.108333334},"point_estimate":9095611.396666666,"standard_error":26968.324768008526},"MedianAbsDev":{"confidence_interval":{"confidence_level":0.95,"lower_bound":6070.1225872345185,"upper_bound":117389.60959091874},"point_estimate":56129.71533849918,"standard_error":27390.22550021859},"Slope":{"confidence_interval":{"confidence_level":0.95,"lower_bound":9058991.65703422,"upper_bound":9111945.298654709},"point_estimate":9087937.153246753,"standard_error":13329.09684241445},"StdDev":{"confidence_interval":{"confidence_level":0.95,"lower_bound":33210.67548565015,"upper_bound":94744.22936165742},"point_estimate":72058.6015916132,"standard_error":16163.616717132463}}