{"Mean":{"confidence_interval":{"confidence_level":0.95,"lower_bound":6517.2331478011,"upper_bound":6691.035212604858},"point_estimate":6592.20199730492,"standard_error":45.56147415709577},"Median":{"confidence_interval":{"confidence_level":0.95,"lower_bound":6499.2076986506745,"upper_bound":6665.368448275862},"point_estimate":6532.591182533733,"standard_error":40.73452517923365},"MedianAbsDev":{"confidence_interval":{"confidence_level":0.95,"lower_bound":13.750314551984824,"upper_bound":192.23626318607344},"point_estimate":65.25016674825063,"standard_error":43.87308608259686},"Slope":{"confidence_interval":{"confidence_level":0.95,"lower_bound":6538.743859610374,"upper_bound":6727.423047205448},"point_estimate":6625.778637045114,"standard_error":47.27359044218266},"StdDev":{"confidence_interval":{"confidence_level":0.95,"lower_bound":36.610280693201396,"upper_bound":219.77246488546726},"point_estimate":152.33853602053168,"standard_error":52.21141595496492}}