{"Mean":{"confidence_interval":{"confidence_level":0.95,"lower_bound":848419.6858992064,"upper_bound":850989.4114190476},"point_estimate":849585.4232718253,"standard_error":663.0950017254027},"Median":{"confidence_interval":{"confidence_level":0.95,"lower_bound":848345.6514285714,"upper_bound":851034.713888889},"point_estimate":848681.2239999999,"standard_error":633.8203063543742},"MedianAbsDev":{"confidence_interval":{"confidence_level":0.95,"lower_bound":174.15706530809496,"upper_bound":3350.5721585155293},"point_estimate":666.3779738360605,"standard_error":804.0265131613276},"Slope":{"confidence_interval":{"confidence_level":0.95,"lower_bound":847977.6560348837,"upper_bound":852222.0740124299},"point_estimate":849961.1679220779,"standard_error":1194.9696463418288},"StdDev":{"confidence_interval":{"confidence_level":0.95,"lower_bound":584.7340925575539,"upper_bound":2859.4673079022423},"point_estimate":2214.6765988198067,"standard_error":580.4299391222187}}