{"Mean":{"confidence_interval":{"confidence_level":0.95,"lower_bound":73038.73844138198,"upper_bound":73985.23526138716},"point_estimate":73531.26930641822,"standard_error":246.1885692661559},"Median":{"confidence_interval":{"confidence_level":0.95,"lower_bound":72960.70482336957,"upper_bound":73853.06023550723},"point_estimate":73707.9029664855,"standard_error":190.666827936097},"MedianAbsDev":{"confidence_interval":{"confidence_level":0.95,"lower_bound":41.0390790268458,"upper_bound":1529.3806263806964},"point_estimate":223.99396375428577,"standard_error":374.76297810304845},"Slope":{"confidence_interval":{"confidence_level":0.95,"lower_bound":73615.54624692371,"upper_bound":74211.2033302803},"point_estimate":73864.23357566347,"standard_error":155.07381609714818},"StdDev":{"confidence_interval":{"confidence_level":0.95,"lower_bound":142.07003248416436,"upper_bound":1095.9042305583664},"point_estimate":820.9352354748661,"standard_error":206.6873973711695}}