{"Mean":{"confidence_interval":{"confidence_level":0.95,"lower_bound":2938.3316078632806,"upper_bound":3001.884387419281},"point_estimate":2969.17307620133,"standard_error":16.242778532440227},"Median":{"confidence_interval":{"confidence_level":0.95,"lower_bound":2930.261961860734,"upper_bound":3004.059012155859},"point_estimate":2964.8727968795147,"standard_error":20.53569910617803},"MedianAbsDev":{"confidence_interval":{"confidence_level":0.95,"lower_bound":11.785350559653274,"upper_bound":92.36282267690355},"point_estimate":45.86258896072893,"standard_error":19.52655568022613},"Slope":{"confidence_interval":{"confidence_level":0.95,"lower_bound":2968.4231959985145,"upper_bound":3041.5377729467928},"point_estimate":3009.1323839793067,"standard_error":19.546474414212987},"StdDev":{"confidence_interval":{"confidence_level":0.95,"lower_bound":27.99469833884349,"upper_bound":71.27039763581507},"point_estimate":54.10658481432883,"standard_error":11.41729856871204}}