{"Mean":{"confidence_interval":{"confidence_level":0.95,"lower_bound":124259.36569957949,"upper_bound":126658.2420999053},"point_estimate":125434.36371927985,"standard_error":615.0679424019188},"Median":{"confidence_interval":{"confidence_level":0.95,"lower_bound":123609.2913510101,"upper_bound":127226.75397727273},"point_estimate":125186.84351325757,"standard_error":933.3648461350678},"MedianAbsDev":{"confidence_interval":{"confidence_level":0.95,"lower_bound":590.8683291643462,"upper_bound":3364.870712079773},"point_estimate":2608.259624622148,"standard_error":726.9261479620408},"Slope":{"confidence_interval":{"confidence_level":0.95,"lower_bound":123484.86574424803,"upper_bound":126689.38874082318},"point_estimate":124683.30756714876,"standard_error":821.9532361713591},"StdDev":{"confidence_interval":{"confidence_level":0.95,"lower_bound":1191.5572688372233,"upper_bound":2533.209638491912},"point_estimate":2050.7652794164815,"standard_error":343.5911891531048}}