{"Mean":{"confidence_interval":{"confidence_level":0.95,"lower_bound":37.497475215826555,"upper_bound":43.77691574806988},"point_estimate":40.65016922709337,"standard_error":1.6073458709442625},"Median":{"confidence_interval":{"confidence_level":0.95,"lower_bound":36.455340189000026,"upper_bound":46.14361940930133},"point_estimate":40.32431424933578,"standard_error":2.5443930532381978},"MedianAbsDev":{"confidence_interval":{"confidence_level":0.95,"lower_bound":1.2106305318730204,"upper_bound":9.11550852664853},"point_estimate":6.1652084509660625,"standard_error":2.059830394353964},"Slope":{"confidence_interval":{"confidence_level":0.95,"lower_bound":41.1466909084327,"upper_bound":46.26371057662243},"point_estimate":44.61073975592754,"standard_error":1.3276776629510192},"StdDev":{"confidence_interval":{"confidence_level":0.95,"lower_bound":3.271747208031545,"upper_bound":6.531890017203581},"point_estimate":5.333835498941002,"standard_error":0.8371096592052428}}