{"Mean":{"confidence_interval":{"confidence_level":0.95,"lower_bound":9010436.883928573,"upper_bound":10168621.255238095},"point_estimate":9642824.386615645,"standard_error":297564.50373966934},"Median":{"confidence_interval":{"confidence_level":0.95,"lower_bound":8864117.94642857,"upper_bound":10318468.169642858},"point_estimate":10126323.555102041,"standard_error":346279.80957439484},"MedianAbsDev":{"confidence_interval":{"confidence_level":0.95,"lower_bound":30142.1090773723,"upper_bound":1377652.7225417749},"point_estimate":354362.95532701496,"standard_error":356400.7753670069},"Slope":{"confidence_interval":{"confidence_level":0.95,"lower_bound":9989275.499961315,"upper_bound":10273227.813517665},"point_estimate":10179640.754730983,"standard_error":74297.02909845028},"StdDev":{"confidence_interval":{"confidence_level":0.95,"lower_bound":270476.41639194486,"upper_bound":1247442.44849411},"point_estimate":991262.3611090548,"standard_error":256432.16713814653}}