{"Mean":{"confidence_interval":{"confidence_level":0.95,"lower_bound":1328.2592498400463,"upper_bound":1401.0367769971929},"point_estimate":1364.8949422520145,"standard_error":18.636179279676217},"Median":{"confidence_interval":{"confidence_level":0.95,"lower_bound":1320.8049617821912,"upper_bound":1407.3070068056838},"point_estimate":1363.8542796324123,"standard_error":18.001681048420938},"MedianAbsDev":{"confidence_interval":{"confidence_level":0.95,"lower_bound":11.746422210613895,"upper_bound":109.30103287147834},"point_estimate":39.10295381148369,"standard_error":28.68788675452221},"Slope":{"confidence_interval":{"confidence_level":0.95,"lower_bound":1363.974326792571,"upper_bound":1438.9509754078997},"point_estimate":1410.0579215518917,"standard_error":19.260073764018465},"StdDev":{"confidence_interval":{"confidence_level":0.95,"lower_bound":30.996332466670705,"upper_bound":80.8588671127077},"point_estimate":62.08135591365509,"standard_error":12.730752947157}}