{"Mean":{"confidence_interval":{"confidence_level":0.95,"lower_bound":732.7676045135579,"upper_bound":764.6025965062412},"point_estimate":747.1267031036936,"standard_error":7.8914068224892615},"Median":{"confidence_interval":{"confidence_level":0.95,"lower_bound":739.776328647872,"upper_bound":748.8442566122054},"point_estimate":744.7846746022942,"standard_error":2.6987515446363837},"MedianAbsDev":{"confidence_interval":{"confidence_level":0.95,"lower_bound":1.1343787349120527,"upper_bound":33.40746556334156},"point_estimate":5.860361536450285,"standard_error":6.813958663068958},"Slope":{"confidence_interval":{"confidence_level":0.95,"lower_bound":741.4145184118967,"upper_bound":767.9084643484259},"point_estimate":750.1890988779219,"standard_error":7.116973709101054},"StdDev":{"confidence_interval":{"confidence_level":0.95,"lower_bound":3.2227093994090747,"upper_bound":39.60451220397324},"point_estimate":26.342017492510884,"standard_error":9.762946878063067}}