{"Mean":{"confidence_interval":{"confidence_level":0.95,"lower_bound":4277451.257948718,"upper_bound":4380378.791599511},"point_estimate":4327756.672112333,"standard_error":26351.821649642727},"Median":{"confidence_interval":{"confidence_level":0.95,"lower_bound":4241596.820512821,"upper_bound":4432213.615384615},"point_estimate":4305109.585470086,"standard_error":49700.93960806811},"MedianAbsDev":{"confidence_interval":{"confidence_level":0.95,"lower_bound":11042.11867396368,"upper_bound":141304.22752980943},"point_estimate":110010.20106615944,"standard_error":35865.05275781347},"Slope":{"confidence_interval":{"confidence_level":0.95,"lower_bound":4300718.230036896,"upper_bound":4418014.437544107},"point_estimate":4366807.954645354,"standard_error":30297.717100676164},"StdDev":{"confidence_interval":{"confidence_level":0.95,"lower_bound":57534.892782096125,"upper_bound":100933.33063449457},"point_estimate":88192.48303315809,"standard_error":11424.22623306664}}