{"Mean":{"confidence_interval":{"confidence_level":0.95,"lower_bound":57088.07035409035,"upper_bound":58577.40721430833},"point_estimate":57814.52391850947,"standard_error":380.94876424322797},"Median":{"confidence_interval":{"confidence_level":0.95,"lower_bound":56728.10683760684,"upper_bound":58906.36055713834},"point_estimate":57720.70461945462,"standard_error":612.8240089433125},"MedianAbsDev":{"confidence_interval":{"confidence_level":0.95,"lower_bound":349.4972984960377,"upper_bound":2097.1608943918827},"point_estimate":1282.05847476028,"standard_error":463.2055722112517},"Slope":{"confidence_interval":{"confidence_level":0.95,"lower_bound":57411.651460985435,"upper_bound":59187.665580884066},"point_estimate":58466.98294298294,"standard_error":461.8078590019683},"StdDev":{"confidence_interval":{"confidence_level":0.95,"lower_bound":769.9177445681203,"upper_bound":1568.1175897882817},"point_estimate":1273.3819585189067,"standard_error":205.526664288661}}