{"Mean":{"confidence_interval":{"confidence_level":0.95,"lower_bound":3112.559454240423,"upper_bound":3199.0810858675272},"point_estimate":3158.1929560689823,"standard_error":22.261022578853204},"Median":{"confidence_interval":{"confidence_level":0.95,"lower_bound":3097.79738089618,"upper_bound":3220.1395658759193},"point_estimate":3174.2700482765986,"standard_error":29.7891950568781},"MedianAbsDev":{"confidence_interval":{"confidence_level":0.95,"lower_bound":11.663430381272532,"upper_bound":125.35212626243126},"point_estimate":68.10824765225273,"standard_error":28.68618284399143},"Slope":{"confidence_interval":{"confidence_level":0.95,"lower_bound":3176.500933676731,"upper_bound":3225.006784963656},"point_estimate":3207.9369167046025,"standard_error":12.532562650480163},"StdDev":{"confidence_interval":{"confidence_level":0.95,"lower_bound":33.39016553397733,"upper_bound":91.69054189557679},"point_estimate":74.42932775154924,"standard_error":14.521078030360444}}