{"Mean":{"confidence_interval":{"confidence_level":0.95,"lower_bound":650.8108195364239,"upper_bound":714.7347780163494},"point_estimate":683.2206524323076,"standard_error":16.305506991590565},"Median":{"confidence_interval":{"confidence_level":0.95,"lower_bound":646.9052885278697,"upper_bound":737.6025731236203},"point_estimate":664.8117534886471,"standard_error":24.86448374571031},"MedianAbsDev":{"confidence_interval":{"confidence_level":0.95,"lower_bound":0.8385402712264638,"upper_bound":109.75854648217039},"point_estimate":63.676996401585114,"standard_error":28.846519372573486},"Slope":{"confidence_interval":{"confidence_level":0.95,"lower_bound":677.4805433890185,"upper_bound":739.8344743033277},"point_estimate":717.64850858992,"standard_error":15.733384969767927},"StdDev":{"confidence_interval":{"confidence_level":0.95,"lower_bound":32.944080692946635,"upper_bound":67.80858097099659},"point_estimate":54.310132386503696,"standard_error":9.234351394514043}}