{"Mean":{"confidence_interval":{"confidence_level":0.95,"lower_bound":488.3693935674975,"upper_bound":533.1291456425729},"point_estimate":512.8373024073225,"standard_error":11.544639070760834},"Median":{"confidence_interval":{"confidence_level":0.95,"lower_bound":486.51499568597717,"upper_bound":535.5116938145073},"point_estimate":523.890469231523,"standard_error":10.099091070157785},"MedianAbsDev":{"confidence_interval":{"confidence_level":0.95,"lower_bound":4.648238583434062,"upper_bound":58.6077149610358},"point_estimate":16.54308528480844,"standard_error":13.32175764247592},"Slope":{"confidence_interval":{"confidence_level":0.95,"lower_bound":517.4205694500397,"upper_bound":531.6162586908099},"point_estimate":523.8967787549122,"standard_error":3.5778102484435155},"StdDev":{"confidence_interval":{"confidence_level":0.95,"lower_bound":9.662429833138459,"upper_bound":50.416535155919306},"point_estimate":38.385137553404114,"standard_error":10.14301061736689}}