{"Mean":{"confidence_interval":{"confidence_level":0.95,"lower_bound":22912.441603715513,"upper_bound":23465.62920096183},"point_estimate":23161.48330345874,"standard_error":142.44934545153194},"Median":{"confidence_interval":{"confidence_level":0.95,"lower_bound":22860.999706227965,"upper_bound":23515.837777995388},"point_estimate":23021.2947792513,"standard_error":123.66206622622222},"MedianAbsDev":{"confidence_interval":{"confidence_level":0.95,"lower_bound":16.543836251529886,"upper_bound":679.6895664054855},"point_estimate":121.66895997860364,"standard_error":169.25278397299567},"Slope":{"confidence_interval":{"confidence_level":0.95,"lower_bound":22926.23032632413,"upper_bound":23822.26324767227},"point_estimate":23463.50452892192,"standard_error":234.80058824845185},"StdDev":{"confidence_interval":{"confidence_level":0.95,"lower_bound":131.58806897889176,"upper_bound":603.7678000779101},"point_estimate":473.87823456817665,"standard_error":123.29738936246058}}