{"Mean":{"confidence_interval":{"confidence_level":0.95,"lower_bound":275109.31036036037,"upper_bound":275759.6355956403},"point_estimate":275415.2794247819,"standard_error":167.1486432351658},"Median":{"confidence_interval":{"confidence_level":0.95,"lower_bound":274972.91036036034,"upper_bound":275862.94844844844},"point_estimate":275259.2010135135,"standard_error":223.89193010045187},"MedianAbsDev":{"confidence_interval":{"confidence_level":0.95,"lower_bound":138.0046797120444,"upper_bound":933.811289577668},"point_estimate":493.4568546853055,"standard_error":209.24075329727629},"Slope":{"confidence_interval":{"confidence_level":0.95,"lower_bound":275112.48088362336,"upper_bound":275877.2758436603},"point_estimate":275463.55142155144,"standard_error":203.78414325863972},"StdDev":{"confidence_interval":{"confidence_level":0.95,"lower_bound":252.70376237015876,"upper_bound":688.6066636586067},"point_estimate":558.368210451973,"standard_error":108.04606678166613}}