{"Mean":{"confidence_interval":{"confidence_level":0.95,"lower_bound":15723.688934290903,"upper_bound":17268.89946631112},"point_estimate":16545.388828392177,"standard_error":397.20845706390685},"Median":{"confidence_interval":{"confidence_level":0.95,"lower_bound":15433.770719828299,"upper_bound":17568.6475978207},"point_estimate":17280.552050166276,"standard_error":659.5692644394449},"MedianAbsDev":{"confidence_interval":{"confidence_level":0.95,"lower_bound":140.5904736803473,"upper_bound":2233.1537880405695},"point_estimate":631.8878311046831,"standard_error":624.9011693850192},"Slope":{"confidence_interval":{"confidence_level":0.95,"lower_bound":16824.45826561726,"upper_bound":17584.740056751325},"point_estimate":17349.296010626324,"standard_error":198.91688867183225},"StdDev":{"confidence_interval":{"confidence_level":0.95,"lower_bound":664.1070233079695,"upper_bound":1623.299779315428},"point_estimate":1326.3302985780176,"standard_error":244.9597272369189}}