{"Mean":{"confidence_interval":{"confidence_level":0.95,"lower_bound":2528293.4715992967,"upper_bound":2568431.4889285713},"point_estimate":2546791.9768831166,"standard_error":10304.364471668312},"Median":{"confidence_interval":{"confidence_level":0.95,"lower_bound":2529242.6647727275,"upper_bound":2563096.075324675},"point_estimate":2539540.5625,"standard_error":7422.6265972326},"MedianAbsDev":{"confidence_interval":{"confidence_level":0.95,"lower_bound":3899.1958114573804,"upper_bound":58115.192283930875},"point_estimate":15800.582336756597,"standard_error":13219.686149006084},"Slope":{"confidence_interval":{"confidence_level":0.95,"lower_bound":2537443.7496202765,"upper_bound":2592428.770448215},"point_estimate":2564146.06162928,"standard_error":14523.471583972478},"StdDev":{"confidence_interval":{"confidence_level":0.95,"lower_bound":10797.544141732478,"upper_bound":47574.61794408063},"point_estimate":34535.351878785776,"standard_error":9589.73181165639}}