{"Mean":{"confidence_interval":{"confidence_level":0.95,"lower_bound":603080.327132485,"upper_bound":611368.2709876846},"point_estimate":607424.6125925013,"standard_error":2128.352989305302},"Median":{"confidence_interval":{"confidence_level":0.95,"lower_bound":601163.3808429119,"upper_bound":612707.3620689656},"point_estimate":610029.8512931034,"standard_error":3233.983363196016},"MedianAbsDev":{"confidence_interval":{"confidence_level":0.95,"lower_bound":1064.3994204135324,"upper_bound":11556.006886839843},"point_estimate":6446.700363479293,"standard_error":2836.579017633589},"Slope":{"confidence_interval":{"confidence_level":0.95,"lower_bound":601778.3430121063,"upper_bound":613025.6568027751},"point_estimate":607622.7178504254,"standard_error":2978.264616815745},"StdDev":{"confidence_interval":{"confidence_level":0.95,"lower_bound":3771.4965139911283,"upper_bound":9003.449471547305},"point_estimate":7079.9836783798755,"standard_error":1372.2509631729854}}