{"Mean":{"confidence_interval":{"confidence_level":0.95,"lower_bound":1111225.4587507716,"upper_bound":1144011.4153258102},"point_estimate":1129014.8111033952,"standard_error":8444.681906055039},"Median":{"confidence_interval":{"confidence_level":0.95,"lower_bound":1115975.4166666667,"upper_bound":1153971.986111111},"point_estimate":1132366.4041666668,"standard_error":10514.072587364213},"MedianAbsDev":{"confidence_interval":{"confidence_level":0.95,"lower_bound":3280.0815309334102,"upper_bound":46620.63004148493},"point_estimate":27181.067012346874,"standard_error":10080.111125033543},"Slope":{"confidence_interval":{"confidence_level":0.95,"lower_bound":1122934.2965583508,"upper_bound":1141807.6881499726},"point_estimate":1130280.5115079365,"standard_error":4768.178296703574},"StdDev":{"confidence_interval":{"confidence_level":0.95,"lower_bound":13318.324373702168,"upper_bound":38518.434779113566},"point_estimate":28149.28934689397,"standard_error":7303.396717443881}}