{"Mean":{"confidence_interval":{"confidence_level":0.95,"lower_bound":15359.343829969344,"upper_bound":15541.15950175586},"point_estimate":15446.591313360748,"standard_error":46.30621829610071},"Median":{"confidence_interval":{"confidence_level":0.95,"lower_bound":15322.877800758359,"upper_bound":15598.222561185798},"point_estimate":15352.262075577386,"standard_error":90.10463995345182},"MedianAbsDev":{"confidence_interval":{"confidence_level":0.95,"lower_bound":8.664470632111387,"upper_bound":219.55310635459702},"point_estimate":57.52962230206563,"standard_error":72.56746695511299},"Slope":{"confidence_interval":{"confidence_level":0.95,"lower_bound":15416.670753927217,"upper_bound":15599.061611388097},"point_estimate":15523.268629715683,"standard_error":46.032902047244924},"StdDev":{"confidence_interval":{"confidence_level":0.95,"lower_bound":83.21099657952966,"upper_bound":178.8400887652694},"point_estimate":154.14249957958359,"standard_error":23.28627669519292}}