{"Mean":{"confidence_interval":{"confidence_level":0.95,"lower_bound":36807905.900458336,"upper_bound":37427137.20071428},"point_estimate":37108952.85896824,"standard_error":158307.32902982328},"Median":{"confidence_interval":{"confidence_level":0.95,"lower_bound":36699202.66666667,"upper_bound":37614298.733333334},"point_estimate":36955960.666666664,"standard_error":230382.3408292352},"MedianAbsDev":{"confidence_interval":{"confidence_level":0.95,"lower_bound":100674.22151267897,"upper_bound":888390.7070279048},"point_estimate":528896.7224352043,"standard_error":211753.45579337588},"Slope":{"confidence_interval":{"confidence_level":0.95,"lower_bound":36698598.701906115,"upper_bound":37575166.8801898},"point_estimate":37062950.27445888,"standard_error":221396.4756876575},"StdDev":{"confidence_interval":{"confidence_level":0.95,"lower_bound":294277.806987195,"upper_bound":640892.7931739343},"point_estimate":527651.0958158552,"standard_error":85987.27943013629}}