{"Mean":{"confidence_interval":{"confidence_level":0.95,"lower_bound":1375354.2397179487,"upper_bound":1389084.6192454211},"point_estimate":1382791.1221782663,"standard_error":3529.6070729536395},"Median":{"confidence_interval":{"confidence_level":0.95,"lower_bound":1376196.718076923,"upper_bound":1389077.5743589744},"point_estimate":1386287.193803419,"standard_error":3077.8449340788675},"MedianAbsDev":{"confidence_interval":{"confidence_level":0.95,"lower_bound":432.11909520013097,"upper_bound":18196.90510224832},"point_estimate":5533.015265743619,"standard_error":4816.307677157301},"Slope":{"confidence_interval":{"confidence_level":0.95,"lower_bound":1366888.0403925132,"upper_bound":1391352.8998681062},"point_estimate":1377803.321878122,"standard_error":6418.80061738641},"StdDev":{"confidence_interval":{"confidence_level":0.95,"lower_bound":3840.844453472475,"upper_bound":15475.093551209062},"point_estimate":11767.35671623444,"standard_error":2965.1096998110825}}