{"Mean":{"confidence_interval":{"confidence_level":0.95,"lower_bound":204166.87321305842,"upper_bound":207876.15571912332},"point_estimate":205926.89167822368,"standard_error":954.6837531498237},"Median":{"confidence_interval":{"confidence_level":0.95,"lower_bound":203334.10154639176,"upper_bound":208799.97981866717},"point_estimate":204459.34868986253,"standard_error":1542.901826268786},"MedianAbsDev":{"confidence_interval":{"confidence_level":0.95,"lower_bound":426.19794506233234,"upper_bound":5198.538400630606},"point_estimate":2194.5439397117166,"standard_error":1396.204334751301},"Slope":{"confidence_interval":{"confidence_level":0.95,"lower_bound":205578.41537641542,"upper_bound":209830.50711702363},"point_estimate":208174.24957156245,"standard_error":1098.7109994478271},"StdDev":{"confidence_interval":{"confidence_level":0.95,"lower_bound":1589.4749242841226,"upper_bound":3804.1573071415364},"point_estimate":3197.871090758618,"standard_error":558.8741731287497}}