{"Mean":{"confidence_interval":{"confidence_level":0.95,"lower_bound":10138.205565127802,"upper_bound":10338.160523307684},"point_estimate":10217.459906761951,"standard_error":54.16361014319513},"Median":{"confidence_interval":{"confidence_level":0.95,"lower_bound":10120.021928843878,"upper_bound":10232.801650664213},"point_estimate":10165.880767094859,"standard_error":31.196715206062844},"MedianAbsDev":{"confidence_interval":{"confidence_level":0.95,"lower_bound":5.498807452466699,"upper_bound":135.50307902798332},"point_estimate":68.08572576414223,"standard_error":34.964189843664926},"Slope":{"confidence_interval":{"confidence_level":0.95,"lower_bound":10149.192742785059,"upper_bound":10220.691851318325},"point_estimate":10184.96638886564,"standard_error":17.828279668844758},"StdDev":{"confidence_interval":{"confidence_level":0.95,"lower_bound":32.02712825218709,"upper_bound":273.1648172894688},"point_estimate":180.9040659796536,"standard_error":77.70919753726619}}