{"Mean":{"confidence_interval":{"confidence_level":0.95,"lower_bound":401.17173981081027,"upper_bound":421.08869078366183},"point_estimate":412.07558961020476,"standard_error":5.142295112078262},"Median":{"confidence_interval":{"confidence_level":0.95,"lower_bound":401.4609416546532,"upper_bound":425.1300750173528},"point_estimate":417.3797177283002,"standard_error":5.155147871367574},"MedianAbsDev":{"confidence_interval":{"confidence_level":0.95,"lower_bound":2.7359942186055988,"upper_bound":25.71021971434363},"point_estimate":12.21708820173219,"standard_error":5.824323401972887},"Slope":{"confidence_interval":{"confidence_level":0.95,"lower_bound":411.4287518925959,"upper_bound":422.9125923753105},"point_estimate":417.5140624616454,"standard_error":2.8964600729467613},"StdDev":{"confidence_interval":{"confidence_level":0.95,"lower_bound":5.987715629374385,"upper_bound":23.12073913573532},"point_estimate":17.194049064222824,"standard_error":4.6352117062615505}}