{"Mean":{"confidence_interval":{"confidence_level":0.95,"lower_bound":1524.8402437046718,"upper_bound":1558.9321300669028},"point_estimate":1542.766803232698,"standard_error":8.776506590259183},"Median":{"confidence_interval":{"confidence_level":0.95,"lower_bound":1521.7119086973632,"upper_bound":1563.49787012987},"point_estimate":1546.923523219205,"standard_error":10.357291526381617},"MedianAbsDev":{"confidence_interval":{"confidence_level":0.95,"lower_bound":3.0107363214012004,"upper_bound":48.590886740645225},"point_estimate":20.903373325230937,"standard_error":11.52598114849096},"Slope":{"confidence_interval":{"confidence_level":0.95,"lower_bound":1538.6756980871849,"upper_bound":1558.909629761704},"point_estimate":1550.731522409114,"standard_error":5.177440193055911},"StdDev":{"confidence_interval":{"confidence_level":0.95,"lower_bound":13.392775892134894,"upper_bound":38.27792590063003},"point_estimate":29.27788855002026,"standard_error":6.453320184066639}}