{"Mean":{"confidence_interval":{"confidence_level":0.95,"lower_bound":22317.056966159973,"upper_bound":22957.462036306726},"point_estimate":22624.197999887976,"standard_error":163.52362102246883},"Median":{"confidence_interval":{"confidence_level":0.95,"lower_bound":22201.94082519001,"upper_bound":22901.560446719406},"point_estimate":22653.47775666546,"standard_error":223.77460696818312},"MedianAbsDev":{"confidence_interval":{"confidence_level":0.95,"lower_bound":6.834505957202942,"upper_bound":979.5764802719101},"point_estimate":396.46984450848385,"standard_error":239.75548581145088},"Slope":{"confidence_interval":{"confidence_level":0.95,"lower_bound":22493.57628008088,"upper_bound":23082.21420783549},"point_estimate":22735.732553548514,"standard_error":149.90692851118874},"StdDev":{"confidence_interval":{"confidence_level":0.95,"lower_bound":278.4485948263684,"upper_bound":733.3989340971202},"point_estimate":545.9966794721627,"standard_error":122.10276977288072}}