{"Mean":{"confidence_interval":{"confidence_level":0.95,"lower_bound":749.5054271660341,"upper_bound":777.9489227180809},"point_estimate":764.8658025393131,"standard_error":7.308507433694509},"Median":{"confidence_interval":{"confidence_level":0.95,"lower_bound":751.6026100445996,"upper_bound":786.0763867881843},"point_estimate":767.0114648051192,"standard_error":9.941777756597826},"MedianAbsDev":{"confidence_interval":{"confidence_level":0.95,"lower_bound":2.183474992649182,"upper_bound":40.53420421987365},"point_estimate":26.69490868286728,"standard_error":10.102897029392372},"Slope":{"confidence_interval":{"confidence_level":0.95,"lower_bound":767.4836849636735,"upper_bound":785.5242300467739},"point_estimate":779.9702773131464,"standard_error":4.703028059972975},"StdDev":{"confidence_interval":{"confidence_level":0.95,"lower_bound":11.51935297788904,"upper_bound":32.772103442710666},"point_estimate":24.32564895417656,"standard_error":5.9304021317859865}}