{"Mean":{"confidence_interval":{"confidence_level":0.95,"lower_bound":86697.08153846153,"upper_bound":91725.92242307695},"point_estimate":89286.35429487178,"standard_error":1289.5174052781779},"Median":{"confidence_interval":{"confidence_level":0.95,"lower_bound":85187.92307692308,"upper_bound":92573.45993589744},"point_estimate":90454.25,"standard_error":1760.485279929406},"MedianAbsDev":{"confidence_interval":{"confidence_level":0.95,"lower_bound":620.18297360494,"upper_bound":7444.858660904267},"point_estimate":3692.4508738689706,"standard_error":1940.102959257191},"Slope":{"confidence_interval":{"confidence_level":0.95,"lower_bound":90003.40813186813,"upper_bound":93891.92698896442},"point_estimate":92277.37962037962,"standard_error":1020.196389952421},"StdDev":{"confidence_interval":{"confidence_level":0.95,"lower_bound":2295.7148745249233,"upper_bound":5279.1651448869925},"point_estimate":4298.3099922218125,"standard_error":734.6798521231198}}