{"Mean":{"confidence_interval":{"confidence_level":0.95,"lower_bound":17643.19355980268,"upper_bound":17751.886448046742},"point_estimate":17693.125272335754,"standard_error":27.692937665818018},"Median":{"confidence_interval":{"confidence_level":0.95,"lower_bound":17639.5673584262,"upper_bound":17743.02381168979},"point_estimate":17644.492546324873,"standard_error":31.328320973071946},"MedianAbsDev":{"confidence_interval":{"confidence_level":0.95,"lower_bound":1.149425622076652,"upper_bound":140.93495955309191},"point_estimate":9.986433646902178,"standard_error":35.79799847643554},"Slope":{"confidence_interval":{"confidence_level":0.95,"lower_bound":17638.99384096791,"upper_bound":17792.5475046563},"point_estimate":17717.8571800726,"standard_error":41.164475304285624},"StdDev":{"confidence_interval":{"confidence_level":0.95,"lower_bound":12.63791455978959,"upper_bound":117.23215439947923},"point_estimate":92.42097021304627,"standard_error":23.865025138734275}}