{"Mean":{"confidence_interval":{"confidence_level":0.95,"lower_bound":708.8296747858768,"upper_bound":777.297798760271},"point_estimate":745.0310944393408,"standard_error":17.58555344375555},"Median":{"confidence_interval":{"confidence_level":0.95,"lower_bound":706.4838146526216,"upper_bound":795.37907115898},"point_estimate":753.957363226981,"standard_error":27.292890346249322},"MedianAbsDev":{"confidence_interval":{"confidence_level":0.95,"lower_bound":9.668690544308832,"upper_bound":105.43908746113908},"point_estimate":63.19168127751968,"standard_error":24.131435112245853},"Slope":{"confidence_interval":{"confidence_level":0.95,"lower_bound":753.5492523561329,"upper_bound":796.0309400596126},"point_estimate":783.0895605361222,"standard_error":11.067455826460524},"StdDev":{"confidence_interval":{"confidence_level":0.95,"lower_bound":31.4142818876066,"upper_bound":75.65014404597311},"point_estimate":58.66791332262221,"standard_error":12.000508239868989}}