{"Mean":{"confidence_interval":{"confidence_level":0.95,"lower_bound":311988.59529319895,"upper_bound":316796.55973464396},"point_estimate":314261.61111800425,"standard_error":1232.3947438888886},"Median":{"confidence_interval":{"confidence_level":0.95,"lower_bound":311006.5226917058,"upper_bound":316624.01035472093},"point_estimate":313405.2568745808,"standard_error":1370.5210550440406},"MedianAbsDev":{"confidence_interval":{"confidence_level":0.95,"lower_bound":664.1853980674983,"upper_bound":6714.923432585989},"point_estimate":3892.204481858092,"standard_error":1609.8197982756658},"Slope":{"confidence_interval":{"confidence_level":0.95,"lower_bound":313841.91490301513,"upper_bound":317927.2140773246},"point_estimate":316128.02209621365,"standard_error":1013.293400292084},"StdDev":{"confidence_interval":{"confidence_level":0.95,"lower_bound":1963.766452025121,"upper_bound":5480.007752177759},"point_estimate":4102.738986306016,"standard_error":948.1891704121732}}