{"Mean":{"confidence_interval":{"confidence_level":0.95,"lower_bound":5798891.644545636,"upper_bound":5840411.322850529},"point_estimate":5816891.77807209,"standard_error":10779.75587825172},"Median":{"confidence_interval":{"confidence_level":0.95,"lower_bound":5798381.116666666,"upper_bound":5831465.32349537},"point_estimate":5800622.326388889,"standard_error":9203.310352552026},"MedianAbsDev":{"confidence_interval":{"confidence_level":0.95,"lower_bound":758.273697371683,"upper_bound":45389.87077979422},"point_estimate":7254.305387320888,"standard_error":12728.689343640683},"Slope":{"confidence_interval":{"confidence_level":0.95,"lower_bound":5800144.52698954,"upper_bound":5832583.32307474},"point_estimate":5813633.567748918,"standard_error":8559.88044496967},"StdDev":{"confidence_interval":{"confidence_level":0.95,"lower_bound":8319.355240835539,"upper_bound":49851.52724949976},"point_estimate":35926.1694029202,"standard_error":11289.139453111342}}