{"Mean":{"confidence_interval":{"confidence_level":0.95,"lower_bound":248701.0128258676,"upper_bound":263731.46634604526},"point_estimate":256576.9434543987,"standard_error":3861.0361268973193},"Median":{"confidence_interval":{"confidence_level":0.95,"lower_bound":245812.93785310735,"upper_bound":266205.77542372886},"point_estimate":261097.89749798225,"standard_error":4970.904200908272},"MedianAbsDev":{"confidence_interval":{"confidence_level":0.95,"lower_bound":781.6496810382388,"upper_bound":19955.745388087595},"point_estimate":8806.092266202995,"standard_error":5705.4161970377445},"Slope":{"confidence_interval":{"confidence_level":0.95,"lower_bound":259359.13904440525,"upper_bound":267827.7846174087},"point_estimate":264010.56724631303,"standard_error":2268.588747076469},"StdDev":{"confidence_interval":{"confidence_level":0.95,"lower_bound":5292.2064890897855,"upper_bound":15708.636059257344},"point_estimate":12842.569399173604,"standard_error":2422.4220020088287}}