{"Mean":{"confidence_interval":{"confidence_level":0.95,"lower_bound":20450.42153800691,"upper_bound":20755.365322755115},"point_estimate":20609.95000402671,"standard_error":78.19264240640238},"Median":{"confidence_interval":{"confidence_level":0.95,"lower_bound":20441.966618930717,"upper_bound":20826.706423895255},"point_estimate":20614.596085651938,"standard_error":100.49904172547599},"MedianAbsDev":{"confidence_interval":{"confidence_level":0.95,"lower_bound":72.61605623944806,"upper_bound":469.02778506643597},"point_estimate":250.67298673215373,"standard_error":95.72281792464416},"Slope":{"confidence_interval":{"confidence_level":0.95,"lower_bound":20633.549888544112,"upper_bound":20875.134796271723},"point_estimate":20795.879618254086,"standard_error":61.64574303669369},"StdDev":{"confidence_interval":{"confidence_level":0.95,"lower_bound":139.57917894821176,"upper_bound":340.4255377730236},"point_estimate":259.57509313383935,"standard_error":54.32544298452861}}