{"Mean":{"confidence_interval":{"confidence_level":0.95,"lower_bound":32819.37978848547,"upper_bound":32991.33471449309},"point_estimate":32900.38279194787,"standard_error":44.22378090133806},"Median":{"confidence_interval":{"confidence_level":0.95,"lower_bound":32785.86117709158,"upper_bound":33043.72277755784},"point_estimate":32839.634468197415,"standard_error":62.99988389375528},"MedianAbsDev":{"confidence_interval":{"confidence_level":0.95,"lower_bound":20.967354160614228,"upper_bound":260.3255027878934},"point_estimate":125.63721018834033,"standard_error":60.644065379750664},"Slope":{"confidence_interval":{"confidence_level":0.95,"lower_bound":32839.40535937481,"upper_bound":33062.48396625092},"point_estimate":32963.301307955706,"standard_error":58.21677008148494},"StdDev":{"confidence_interval":{"confidence_level":0.95,"lower_bound":66.33250330396721,"upper_bound":179.5758419563719},"point_estimate":147.3388900535625,"standard_error":28.673206826892404}}