{"Mean":{"confidence_interval":{"confidence_level":0.95,"lower_bound":1434318.9552912186,"upper_bound":1445355.6506275602},"point_estimate":1439958.1006061188,"standard_error":2837.4105782395945},"Median":{"confidence_interval":{"confidence_level":0.95,"lower_bound":1431492.3387096773,"upper_bound":1449160.3289426523},"point_estimate":1440307.7244623657,"standard_error":5034.541153465956},"MedianAbsDev":{"confidence_interval":{"confidence_level":0.95,"lower_bound":2168.075421777754,"upper_bound":16097.69122899398},"point_estimate":12062.868942292991,"standard_error":3845.117394412204},"Slope":{"confidence_interval":{"confidence_level":0.95,"lower_bound":1433968.9882643234,"upper_bound":1448297.119424549},"point_estimate":1442720.407875995,"standard_error":3686.704399996065},"StdDev":{"confidence_interval":{"confidence_level":0.95,"lower_bound":5883.564894885293,"upper_bound":11364.95548677801},"point_estimate":9490.634957374648,"standard_error":1398.977142063826}}