{"Mean":{"confidence_interval":{"confidence_level":0.95,"lower_bound":376.43355947279235,"upper_bound":380.5709030680769},"point_estimate":378.6690540169976,"standard_error":1.0644227059424536},"Median":{"confidence_interval":{"confidence_level":0.95,"lower_bound":375.9011218732532,"upper_bound":381.3841512173157},"point_estimate":379.95970092113845,"standard_error":1.2969218789389139},"MedianAbsDev":{"confidence_interval":{"confidence_level":0.95,"lower_bound":0.2129443214069453,"upper_bound":5.505172770022249},"point_estimate":2.156255348078756,"standard_error":1.3430724628832618},"Slope":{"confidence_interval":{"confidence_level":0.95,"lower_bound":379.8132639774473,"upper_bound":381.29104321225606},"point_estimate":380.86278327422997,"standard_error":0.3866719591802805},"StdDev":{"confidence_interval":{"confidence_level":0.95,"lower_bound":1.1956083878376242,"upper_bound":4.488776585201847},"point_estimate":3.5437754322662696,"standard_error":0.8616171896918408}}