{"Mean":{"confidence_interval":{"confidence_level":0.95,"lower_bound":12978.241202139383,"upper_bound":13193.603020196344},"point_estimate":13076.0262432233,"standard_error":55.68642923609245},"Median":{"confidence_interval":{"confidence_level":0.95,"lower_bound":12982.529331999422,"upper_bound":13200.700168747891},"point_estimate":13025.03901240297,"standard_error":45.46504623345401},"MedianAbsDev":{"confidence_interval":{"confidence_level":0.95,"lower_bound":7.415063899744144,"upper_bound":283.6106232377698},"point_estimate":59.10466876801149,"standard_error":64.78082568053263},"Slope":{"confidence_interval":{"confidence_level":0.95,"lower_bound":12975.650437530501,"upper_bound":13326.803936652566},"point_estimate":13184.535393664723,"standard_error":91.60239872834791},"StdDev":{"confidence_interval":{"confidence_level":0.95,"lower_bound":33.925197675293845,"upper_bound":244.58454709916938},"point_estimate":186.12803418766433,"standard_error":50.36918832071603}}