{"Mean":{"confidence_interval":{"confidence_level":0.95,"lower_bound":797.9367985266048,"upper_bound":854.3648480445213},"point_estimate":826.0169967443051,"standard_error":14.449705522474781},"Median":{"confidence_interval":{"confidence_level":0.95,"lower_bound":777.7719594472707,"upper_bound":866.423686546163},"point_estimate":828.1196864740052,"standard_error":18.250086653049166},"MedianAbsDev":{"confidence_interval":{"confidence_level":0.95,"lower_bound":3.123936085896462,"upper_bound":87.81967023567219},"point_estimate":58.74698900234747,"standard_error":23.38321395162355},"Slope":{"confidence_interval":{"confidence_level":0.95,"lower_bound":825.0828808913046,"upper_bound":884.2336240919974},"point_estimate":858.1530403442212,"standard_error":15.704258752742872},"StdDev":{"confidence_interval":{"confidence_level":0.95,"lower_bound":27.699085664282386,"upper_bound":60.84022390699765},"point_estimate":48.19276990795338,"standard_error":8.611449370500587}}