{"Mean":{"confidence_interval":{"confidence_level":0.95,"lower_bound":92.31667045572186,"upper_bound":92.7602781240574},"point_estimate":92.53675711724212,"standard_error":0.11371284298473236},"Median":{"confidence_interval":{"confidence_level":0.95,"lower_bound":92.15972475241475,"upper_bound":92.90333484450457},"point_estimate":92.52620931222606,"standard_error":0.21964666362581495},"MedianAbsDev":{"confidence_interval":{"confidence_level":0.95,"lower_bound":0.05957501133358151,"upper_bound":0.6161089640886681},"point_estimate":0.5371281113482209,"standard_error":0.1558098221828932},"Slope":{"confidence_interval":{"confidence_level":0.95,"lower_bound":92.18295134045664,"upper_bound":92.6520426390888},"point_estimate":92.40945479829253,"standard_error":0.12393500463369136},"StdDev":{"confidence_interval":{"confidence_level":0.95,"lower_bound":0.2502160439743134,"upper_bound":0.4329476605128809},"point_estimate":0.3779323441960151,"standard_error":0.0471018137462686}}