{"Mean":{"confidence_interval":{"confidence_level":0.95,"lower_bound":12995.333355377554,"upper_bound":13293.119935477816},"point_estimate":13151.736894555846,"standard_error":76.81119296907688},"Median":{"confidence_interval":{"confidence_level":0.95,"lower_bound":12837.216022474087,"upper_bound":13343.861958732927},"point_estimate":13301.979124285575,"standard_error":139.73910855210337},"MedianAbsDev":{"confidence_interval":{"confidence_level":0.95,"lower_bound":19.97519992508435,"upper_bound":387.57618154547686},"point_estimate":113.84615621189918,"standard_error":112.59006343515844},"Slope":{"confidence_interval":{"confidence_level":0.95,"lower_bound":13155.270371517821,"upper_bound":13346.645901124715},"point_estimate":13289.598922844085,"standard_error":49.64837176962667},"StdDev":{"confidence_interval":{"confidence_level":0.95,"lower_bound":130.34287403491297,"upper_bound":291.89894399313283},"point_estimate":255.3929829551321,"standard_error":40.3294172514211}}