{"Mean":{"confidence_interval":{"confidence_level":0.95,"lower_bound":372384.86750696314,"upper_bound":374019.276312893},"point_estimate":373156.24905828835,"standard_error":418.538031803993},"Median":{"confidence_interval":{"confidence_level":0.95,"lower_bound":372169.4037735849,"upper_bound":374107.03561320755},"point_estimate":372955.3264824798,"standard_error":452.2636147101416},"MedianAbsDev":{"confidence_interval":{"confidence_level":0.95,"lower_bound":282.3596788904969,"upper_bound":2383.3443963664117},"point_estimate":1070.2230956577637,"standard_error":537.0803639271558},"Slope":{"confidence_interval":{"confidence_level":0.95,"lower_bound":372680.6630563408,"upper_bound":373448.11907190207},"point_estimate":373079.61239892186,"standard_error":194.73070865226066},"StdDev":{"confidence_interval":{"confidence_level":0.95,"lower_bound":641.5762400216506,"upper_bound":1822.6350726661778},"point_estimate":1397.4339616854274,"standard_error":305.80652444305207}}