{"Mean":{"confidence_interval":{"confidence_level":0.95,"lower_bound":31478.448666621018,"upper_bound":32535.684815565462},"point_estimate":32025.83330491717,"standard_error":268.4560330779585},"Median":{"confidence_interval":{"confidence_level":0.95,"lower_bound":31698.847750511246,"upper_bound":32443.031575615933},"point_estimate":32008.51963568886,"standard_error":183.3885423821134},"MedianAbsDev":{"confidence_interval":{"confidence_level":0.95,"lower_bound":105.0178771232902,"upper_bound":1431.3206481523769},"point_estimate":484.26875619659427,"standard_error":307.4425504427776},"Slope":{"confidence_interval":{"confidence_level":0.95,"lower_bound":31786.643000215754,"upper_bound":32316.637678302024},"point_estimate":31969.65006064147,"standard_error":135.86329251457005},"StdDev":{"confidence_interval":{"confidence_level":0.95,"lower_bound":271.9869535876838,"upper_bound":1270.4421658457645},"point_estimate":896.5476259050811,"standard_error":258.300009860893}}