{"Mean":{"confidence_interval":{"confidence_level":0.95,"lower_bound":645801.5717261905,"upper_bound":665588.8595323128},"point_estimate":654951.1318339003,"standard_error":5102.3112432149055},"Median":{"confidence_interval":{"confidence_level":0.95,"lower_bound":641911.0875,"upper_bound":665088.9158163266},"point_estimate":649671.058531746,"standard_error":5849.815693682845},"MedianAbsDev":{"confidence_interval":{"confidence_level":0.95,"lower_bound":2868.46029907465,"upper_bound":26771.22168096593},"point_estimate":12647.593827126926,"standard_error":6151.109224769385},"Slope":{"confidence_interval":{"confidence_level":0.95,"lower_bound":649526.5997170642,"upper_bound":678956.6595160159},"point_estimate":665649.6356679036,"standard_error":7816.395898557391},"StdDev":{"confidence_interval":{"confidence_level":0.95,"lower_bound":6542.795508365154,"upper_bound":22239.322955596934},"point_estimate":17047.52006678382,"standard_error":4022.1097651767877}}