{"Mean":{"confidence_interval":{"confidence_level":0.95,"lower_bound":6239.486683606294,"upper_bound":6632.094054646505},"point_estimate":6394.1870437764055,"standard_error":107.02327274053681},"Median":{"confidence_interval":{"confidence_level":0.95,"lower_bound":6218.998623726948,"upper_bound":6430.876294898178},"point_estimate":6265.018120928526,"standard_error":53.43694327069178},"MedianAbsDev":{"confidence_interval":{"confidence_level":0.95,"lower_bound":21.460876073713937,"upper_bound":240.90140641036407},"point_estimate":87.36151309256827,"standard_error":63.28421023882564},"Slope":{"confidence_interval":{"confidence_level":0.95,"lower_bound":6269.616492326396,"upper_bound":6997.202553916427},"point_estimate":6625.220485377546,"standard_error":206.90792606254857},"StdDev":{"confidence_interval":{"confidence_level":0.95,"lower_bound":39.91402793231173,"upper_bound":537.4202390598756},"point_estimate":357.03294907482217,"standard_error":155.63917785808812}}