{"Mean":{"confidence_interval":{"confidence_level":0.95,"lower_bound":370043.17998551845,"upper_bound":373268.7251402288},"point_estimate":371729.75854050706,"standard_error":827.4611440597581},"Median":{"confidence_interval":{"confidence_level":0.95,"lower_bound":369466.71160585445,"upper_bound":373400.39718614717},"point_estimate":372043.7029220779,"standard_error":847.3474019624509},"MedianAbsDev":{"confidence_interval":{"confidence_level":0.95,"lower_bound":226.52410734201965,"upper_bound":4485.635530060976},"point_estimate":1808.4991951654436,"standard_error":1180.7960480699007},"Slope":{"confidence_interval":{"confidence_level":0.95,"lower_bound":368193.2704421699,"upper_bound":373417.15951021115},"point_estimate":370265.6245909934,"standard_error":1355.5657850678583},"StdDev":{"confidence_interval":{"confidence_level":0.95,"lower_bound":931.3363196952849,"upper_bound":3587.345658233195},"point_estimate":2761.2176555748993,"standard_error":617.975659609636}}