{"Mean":{"confidence_interval":{"confidence_level":0.95,"lower_bound":6095.1809112086,"upper_bound":6271.583890107513},"point_estimate":6183.361376822788,"standard_error":45.26252774286338},"Median":{"confidence_interval":{"confidence_level":0.95,"lower_bound":6056.739264705882,"upper_bound":6317.758533119129},"point_estimate":6189.386762543252,"standard_error":67.18844175907012},"MedianAbsDev":{"confidence_interval":{"confidence_level":0.95,"lower_bound":36.12140814353525,"upper_bound":279.9956155342727},"point_estimate":159.8235156627816,"standard_error":58.45130487839101},"Slope":{"confidence_interval":{"confidence_level":0.95,"lower_bound":6201.485531503247,"upper_bound":6333.670025079026},"point_estimate":6272.6023021615065,"standard_error":34.07231438467304},"StdDev":{"confidence_interval":{"confidence_level":0.95,"lower_bound":91.2851258560798,"upper_bound":184.5395519007356},"point_estimate":151.07732388575985,"standard_error":23.78679236804452}}