{"Mean":{"confidence_interval":{"confidence_level":0.95,"lower_bound":81112.28079708673,"upper_bound":81471.96953771453},"point_estimate":81280.70521855867,"standard_error":92.27049428352545},"Median":{"confidence_interval":{"confidence_level":0.95,"lower_bound":81050.88719512195,"upper_bound":81505.10999698885},"point_estimate":81207.72011442337,"standard_error":104.20404240394296},"MedianAbsDev":{"confidence_interval":{"confidence_level":0.95,"lower_bound":37.07015562912927,"upper_bound":522.0762245501722},"point_estimate":286.49126730536966,"standard_error":124.63179756430394},"Slope":{"confidence_interval":{"confidence_level":0.95,"lower_bound":81022.64492633835,"upper_bound":81225.76321535409},"point_estimate":81104.72362885534,"standard_error":51.94151701349614},"StdDev":{"confidence_interval":{"confidence_level":0.95,"lower_bound":127.17122459681052,"upper_bound":386.46194754458224},"point_estimate":309.10028880731215,"standard_error":64.59921619462075}}