{"Mean":{"confidence_interval":{"confidence_level":0.95,"lower_bound":29153.748928906774,"upper_bound":29376.97476962819},"point_estimate":29262.175194807736,"standard_error":57.23504227555041},"Median":{"confidence_interval":{"confidence_level":0.95,"lower_bound":29094.633998435056,"upper_bound":29418.942218309858},"point_estimate":29226.677596830985,"standard_error":89.21381371167833},"MedianAbsDev":{"confidence_interval":{"confidence_level":0.95,"lower_bound":54.56397137871184,"upper_bound":320.9926738927899},"point_estimate":214.39065573605816,"standard_error":68.7611575583518},"Slope":{"confidence_interval":{"confidence_level":0.95,"lower_bound":29156.769333204917,"upper_bound":29469.765708089206},"point_estimate":29339.4043908908,"standard_error":79.45987842109461},"StdDev":{"confidence_interval":{"confidence_level":0.95,"lower_bound":109.51127382694445,"upper_bound":234.3248663461339},"point_estimate":191.0438228826262,"standard_error":31.82664342052297}}