{"Mean":{"confidence_interval":{"confidence_level":0.95,"lower_bound":94730.54627831715,"upper_bound":97250.53726537216},"point_estimate":95950.71309259626,"standard_error":645.0359092267404},"Median":{"confidence_interval":{"confidence_level":0.95,"lower_bound":94081.26213592233,"upper_bound":97732.26324549236},"point_estimate":96147.28484743412,"standard_error":855.639752576485},"MedianAbsDev":{"confidence_interval":{"confidence_level":0.95,"lower_bound":127.70146622797971,"upper_bound":4131.257629568146},"point_estimate":2616.570384857263,"standard_error":1060.4534159052482},"Slope":{"confidence_interval":{"confidence_level":0.95,"lower_bound":95878.40898531942,"upper_bound":97568.77613201206},"point_estimate":96577.90347461138,"standard_error":427.57034470771794},"StdDev":{"confidence_interval":{"confidence_level":0.95,"lower_bound":1155.6037390551799,"upper_bound":2672.6495921148507},"point_estimate":2152.341369239865,"standard_error":392.14329311220774}}