{"Mean":{"confidence_interval":{"confidence_level":0.95,"lower_bound":595791.9385705782,"upper_bound":604870.1800680272},"point_estimate":600624.3487981859,"standard_error":2331.8742256616483},"Median":{"confidence_interval":{"confidence_level":0.95,"lower_bound":594156.2168367347,"upper_bound":606037.5328798186},"point_estimate":603296.3129251701,"standard_error":2939.6074738800953},"MedianAbsDev":{"confidence_interval":{"confidence_level":0.95,"lower_bound":1276.5612735268794,"upper_bound":12322.91208122466},"point_estimate":5686.897977608843,"standard_error":3050.075909861585},"Slope":{"confidence_interval":{"confidence_level":0.95,"lower_bound":602894.1313529741,"upper_bound":606023.3117030731},"point_estimate":604860.3022528492,"standard_error":797.9534346093462},"StdDev":{"confidence_interval":{"confidence_level":0.95,"lower_bound":3228.2966350410875,"upper_bound":9845.008514268284},"point_estimate":7761.310345672271,"standard_error":1685.1527293373374}}