{"Mean":{"confidence_interval":{"confidence_level":0.95,"lower_bound":2463.9652386538464,"upper_bound":2527.8428377094015},"point_estimate":2497.068931680912,"standard_error":16.413615005645305},"Median":{"confidence_interval":{"confidence_level":0.95,"lower_bound":2457.046923076923,"upper_bound":2529.821262678063},"point_estimate":2511.443871794872,"standard_error":18.407524963815334},"MedianAbsDev":{"confidence_interval":{"confidence_level":0.95,"lower_bound":7.377371850563434,"upper_bound":92.07712226684274},"point_estimate":36.2524374059632,"standard_error":22.905106822840935},"Slope":{"confidence_interval":{"confidence_level":0.95,"lower_bound":2503.3026259872336,"upper_bound":2557.227706580304},"point_estimate":2533.825724009324,"standard_error":14.313642176202753},"StdDev":{"confidence_interval":{"confidence_level":0.95,"lower_bound":26.025373699691478,"upper_bound":71.38770200245858},"point_estimate":54.62707556818347,"standard_error":11.618963655532607}}