{"Mean":{"confidence_interval":{"confidence_level":0.95,"lower_bound":45660.51982546816,"upper_bound":50172.36210210451},"point_estimate":47948.69514080613,"standard_error":1161.04506625336},"Median":{"confidence_interval":{"confidence_level":0.95,"lower_bound":44117.64822097378,"upper_bound":51958.563795255934},"point_estimate":48187.776329588014,"standard_error":1998.7749928872759},"MedianAbsDev":{"confidence_interval":{"confidence_level":0.95,"lower_bound":500.1104334002874,"upper_bound":6444.452255893346},"point_estimate":5094.12022237028,"standard_error":1549.6134655819026},"Slope":{"confidence_interval":{"confidence_level":0.95,"lower_bound":48720.23602555629,"upper_bound":51801.145098540364},"point_estimate":50841.832486015854,"standard_error":804.0115399057692},"StdDev":{"confidence_interval":{"confidence_level":0.95,"lower_bound":2406.9446247804694,"upper_bound":4568.7093428849685},"point_estimate":3871.5291960236445,"standard_error":547.3642915456705}}