{"Mean":{"confidence_interval":{"confidence_level":0.95,"lower_bound":3867428.7260018736,"upper_bound":4180957.5892085535},"point_estimate":4045659.056893739,"standard_error":81536.61718845075},"Median":{"confidence_interval":{"confidence_level":0.95,"lower_bound":3918760.631944444,"upper_bound":4191071.789021164},"point_estimate":4171269.863888889,"standard_error":65244.27785575037},"MedianAbsDev":{"confidence_interval":{"confidence_level":0.95,"lower_bound":4440.581855608705,"upper_bound":369402.2516959661},"point_estimate":37503.18653622167,"standard_error":74874.00387559473},"Slope":{"confidence_interval":{"confidence_level":0.95,"lower_bound":4146689.389168731,"upper_bound":4193635.121195346},"point_estimate":4177660.7556998557,"standard_error":12240.598952217371},"StdDev":{"confidence_interval":{"confidence_level":0.95,"lower_bound":19352.014611601808,"upper_bound":366058.4248221542},"point_estimate":271723.5277046573,"standard_error":89832.97953869165}}