{"Mean":{"confidence_interval":{"confidence_level":0.95,"lower_bound":12477288.649404764,"upper_bound":12608092.96719829},"point_estimate":12538050.755669644,"standard_error":33553.50340077005},"Median":{"confidence_interval":{"confidence_level":0.95,"lower_bound":12443369.4734375,"upper_bound":12599078.140625},"point_estimate":12520780.541666668,"standard_error":54523.0620435024},"MedianAbsDev":{"confidence_interval":{"confidence_level":0.95,"lower_bound":5249.511223677822,"upper_bound":212954.19700993225},"point_estimate":112212.51256533041,"standard_error":53005.26695691342},"Slope":{"confidence_interval":{"confidence_level":0.95,"lower_bound":12448002.48532796,"upper_bound":12516336.448434496},"point_estimate":12468001.93051948,"standard_error":17974.768749556675},"StdDev":{"confidence_interval":{"confidence_level":0.95,"lower_bound":58741.00979298379,"upper_bound":149747.90414440527},"point_estimate":111580.93991050917,"standard_error":26462.02567494332}}