{"Mean":{"confidence_interval":{"confidence_level":0.95,"lower_bound":2803.9151242197645,"upper_bound":2827.6193145271977},"point_estimate":2815.4912566288795,"standard_error":6.061825446262305},"Median":{"confidence_interval":{"confidence_level":0.95,"lower_bound":2800.437886255485,"upper_bound":2829.5441432080834},"point_estimate":2811.136630925159,"standard_error":7.189539638292248},"MedianAbsDev":{"confidence_interval":{"confidence_level":0.95,"lower_bound":2.4691445300470884,"upper_bound":34.68967313382631},"point_estimate":19.947335360900563,"standard_error":8.535522499139544},"Slope":{"confidence_interval":{"confidence_level":0.95,"lower_bound":2806.2587369414114,"upper_bound":2833.430431375627},"point_estimate":2819.3113590012977,"standard_error":6.880743307370021},"StdDev":{"confidence_interval":{"confidence_level":0.95,"lower_bound":10.591818705983584,"upper_bound":25.71523888957829},"point_estimate":20.16186847458158,"standard_error":3.864546048093602}}