{"Mean":{"confidence_interval":{"confidence_level":0.95,"lower_bound":8264.011155362812,"upper_bound":8330.726039425295},"point_estimate":8291.220645460053,"standard_error":17.74584906542289},"Median":{"confidence_interval":{"confidence_level":0.95,"lower_bound":8257.919374400255,"upper_bound":8303.248533958844},"point_estimate":8264.27695154829,"standard_error":14.899732727726319},"MedianAbsDev":{"confidence_interval":{"confidence_level":0.95,"lower_bound":2.4000980123523226,"upper_bound":59.6319638807247},"point_estimate":14.332283760902587,"standard_error":15.884442764059841},"Slope":{"confidence_interval":{"confidence_level":0.95,"lower_bound":8260.992699911241,"upper_bound":8286.348115349507},"point_estimate":8272.257852926474,"standard_error":6.580789070308341},"StdDev":{"confidence_interval":{"confidence_level":0.95,"lower_bound":14.507805391758371,"upper_bound":88.07093227640965},"point_estimate":59.06831434495683,"standard_error":23.473228379745937}}