{"Mean":{"confidence_interval":{"confidence_level":0.95,"lower_bound":115869.82440972223,"upper_bound":118940.43826280383},"point_estimate":117352.57851164641,"standard_error":792.146276707122},"Median":{"confidence_interval":{"confidence_level":0.95,"lower_bound":115077.15690104166,"upper_bound":118772.28354492187},"point_estimate":117096.36686197916,"standard_error":1451.536602643773},"MedianAbsDev":{"confidence_interval":{"confidence_level":0.95,"lower_bound":122.89728488411485,"upper_bound":5290.543046660025},"point_estimate":2772.72847611603,"standard_error":1497.717454831855},"Slope":{"confidence_interval":{"confidence_level":0.95,"lower_bound":116668.67579276103,"upper_bound":119904.04364683173},"point_estimate":118463.69742627164,"standard_error":791.221275680037},"StdDev":{"confidence_interval":{"confidence_level":0.95,"lower_bound":1504.7991327701727,"upper_bound":3483.1541574287767},"point_estimate":2645.737198119347,"standard_error":575.3070481154642}}