{"Mean":{"confidence_interval":{"confidence_level":0.95,"lower_bound":543.4075348789203,"upper_bound":549.0281792403634},"point_estimate":545.885169518472,"standard_error":1.4566980735987558},"Median":{"confidence_interval":{"confidence_level":0.95,"lower_bound":542.656177646424,"upper_bound":548.1012628151673},"point_estimate":543.9319344975311,"standard_error":1.5635412304270373},"MedianAbsDev":{"confidence_interval":{"confidence_level":0.95,"lower_bound":0.30923892944067627,"upper_bound":6.697071994195495},"point_estimate":3.4121838517881344,"standard_error":1.571958101638219},"Slope":{"confidence_interval":{"confidence_level":0.95,"lower_bound":545.2351823830179,"upper_bound":551.2828108662242},"point_estimate":548.149973498492,"standard_error":1.511024350656518},"StdDev":{"confidence_interval":{"confidence_level":0.95,"lower_bound":1.790920439270379,"upper_bound":6.877083856222959},"point_estimate":4.833036104883515,"standard_error":1.5141747431515842}}