{"Mean":{"confidence_interval":{"confidence_level":0.95,"lower_bound":34411.98547647585,"upper_bound":34732.57087109753},"point_estimate":34573.867121168885,"standard_error":81.94632513166201},"Median":{"confidence_interval":{"confidence_level":0.95,"lower_bound":34371.408809428685,"upper_bound":34751.24851511519},"point_estimate":34603.14685234861,"standard_error":96.70009284850876},"MedianAbsDev":{"confidence_interval":{"confidence_level":0.95,"lower_bound":37.015836018828196,"upper_bound":448.04599656017416},"point_estimate":220.05186822674057,"standard_error":104.28161461289476},"Slope":{"confidence_interval":{"confidence_level":0.95,"lower_bound":34395.89382889786,"upper_bound":34695.91794493542},"point_estimate":34553.218162101584,"standard_error":82.43454603676821},"StdDev":{"confidence_interval":{"confidence_level":0.95,"lower_bound":136.64797909335655,"upper_bound":359.7106152995226},"point_estimate":273.3997550317443,"standard_error":56.79137184723189}}