{"Mean":{"confidence_interval":{"confidence_level":0.95,"lower_bound":7125590.022062576,"upper_bound":7195270.9240689855},"point_estimate":7160716.066242369,"standard_error":17864.678392112975},"Median":{"confidence_interval":{"confidence_level":0.95,"lower_bound":7097683.415384616,"upper_bound":7211346.714972528},"point_estimate":7172682.464102564,"standard_error":30689.916579028042},"MedianAbsDev":{"confidence_interval":{"confidence_level":0.95,"lower_bound":11309.147148453845,"upper_bound":98453.26014133575},"point_estimate":84244.67857358871,"standard_error":24116.04957460696},"Slope":{"confidence_interval":{"confidence_level":0.95,"lower_bound":7160940.996823819,"upper_bound":7206787.523391813},"point_estimate":7186505.8637362635,"standard_error":11568.430775650075},"StdDev":{"confidence_interval":{"confidence_level":0.95,"lower_bound":38357.57507673219,"upper_bound":70041.85404917378},"point_estimate":59502.665236553396,"standard_error":8181.061093629797}}