{"Mean":{"confidence_interval":{"confidence_level":0.95,"lower_bound":1421902.5313888886,"upper_bound":1434939.1314644746},"point_estimate":1427318.173792517,"standard_error":3453.4113113730396},"Median":{"confidence_interval":{"confidence_level":0.95,"lower_bound":1419984.5873015872,"upper_bound":1429603.6857142858},"point_estimate":1424439.2738095238,"standard_error":2860.708080485019},"MedianAbsDev":{"confidence_interval":{"confidence_level":0.95,"lower_bound":208.97452545678064,"upper_bound":11363.780504919627},"point_estimate":6636.052765519907,"standard_error":3048.7204853592225},"Slope":{"confidence_interval":{"confidence_level":0.95,"lower_bound":1422097.850057511,"upper_bound":1432541.6708819075},"point_estimate":1426663.6929705215,"standard_error":2664.940001681103},"StdDev":{"confidence_interval":{"confidence_level":0.95,"lower_bound":2936.743882089375,"upper_bound":16963.281852774027},"point_estimate":11468.54355707886,"standard_error":4353.363018284094}}