{"Mean":{"confidence_interval":{"confidence_level":0.95,"lower_bound":59582.14807120646,"upper_bound":60691.62416362977},"point_estimate":60142.496830016586,"standard_error":284.0032868124687},"Median":{"confidence_interval":{"confidence_level":0.95,"lower_bound":59309.59402985075,"upper_bound":60908.48074626866},"point_estimate":60324.441268656716,"standard_error":519.6231380804667},"MedianAbsDev":{"confidence_interval":{"confidence_level":0.95,"lower_bound":110.09333773202889,"upper_bound":1530.9974582671261},"point_estimate":936.6049651256704,"standard_error":402.03256173598885},"Slope":{"confidence_interval":{"confidence_level":0.95,"lower_bound":60112.73123845597,"upper_bound":61057.89687259883},"point_estimate":60683.619112231056,"standard_error":240.7274162139667},"StdDev":{"confidence_interval":{"confidence_level":0.95,"lower_bound":594.0303437535408,"upper_bound":1121.8442337024583},"point_estimate":943.0979019515771,"standard_error":133.9217465915799}}