{"Mean":{"confidence_interval":{"confidence_level":0.95,"lower_bound":162.69604077385463,"upper_bound":187.23620196891613},"point_estimate":176.21536354184454,"standard_error":6.269898672804857},"Median":{"confidence_interval":{"confidence_level":0.95,"lower_bound":159.09567207604556,"upper_bound":190.89725055973605},"point_estimate":181.74587075929304,"standard_error":6.616495841925124},"MedianAbsDev":{"confidence_interval":{"confidence_level":0.95,"lower_bound":2.037434991857172,"upper_bound":29.02837335654376},"point_estimate":12.061564056734639,"standard_error":6.2338735255008055},"Slope":{"confidence_interval":{"confidence_level":0.95,"lower_bound":178.46843938882748,"upper_bound":186.0646436468936},"point_estimate":181.35349034582407,"standard_error":1.9304070996626645},"StdDev":{"confidence_interval":{"confidence_level":0.95,"lower_bound":5.909509138185373,"upper_bound":26.30818088124097},"point_estimate":20.963752620609394,"standard_error":5.437791355022305}}