{"Mean":{"confidence_interval":{"confidence_level":0.95,"lower_bound":5560913.789126189,"upper_bound":5664703.917480952},"point_estimate":5610202.462380952,"standard_error":26407.739549465892},"Median":{"confidence_interval":{"confidence_level":0.95,"lower_bound":5562040.65,"upper_bound":5642219.3},"point_estimate":5606599.949999999,"standard_error":20802.99929726149},"MedianAbsDev":{"confidence_interval":{"confidence_level":0.95,"lower_bound":8523.509608677692,"upper_bound":135275.1644083859},"point_estimate":49124.559307864096,"standard_error":31218.632303175782},"Slope":{"confidence_interval":{"confidence_level":0.95,"lower_bound":5607476.27639485,"upper_bound":5686362.967088607},"point_estimate":5638628.021298701,"standard_error":20208.506084745306},"StdDev":{"confidence_interval":{"confidence_level":0.95,"lower_bound":29255.88002019417,"upper_bound":125424.45781986896},"point_estimate":88327.5781805758,"standard_error":24755.417685239896}}