{"Mean":{"confidence_interval":{"confidence_level":0.95,"lower_bound":590.6719735891384,"upper_bound":633.2937016798008},"point_estimate":610.5531654643399,"standard_error":10.953608331585645},"Median":{"confidence_interval":{"confidence_level":0.95,"lower_bound":582.2185765637653,"upper_bound":637.7271878888428},"point_estimate":597.4821715574451,"standard_error":14.736670472916341},"MedianAbsDev":{"confidence_interval":{"confidence_level":0.95,"lower_bound":5.085319532453696,"upper_bound":58.534189440210426},"point_estimate":24.38192549474049,"standard_error":13.685988782042955},"Slope":{"confidence_interval":{"confidence_level":0.95,"lower_bound":589.5090801995484,"upper_bound":658.2702481079976},"point_estimate":630.4849209341744,"standard_error":17.77102304723741},"StdDev":{"confidence_interval":{"confidence_level":0.95,"lower_bound":11.9121301471051,"upper_bound":44.29261981302607},"point_estimate":36.59563895118008,"standard_error":7.467792362384109}}