{"Mean":{"confidence_interval":{"confidence_level":0.95,"lower_bound":30563.356153570698,"upper_bound":30678.996862180276},"point_estimate":30621.682621342334,"standard_error":29.64221876995403},"Median":{"confidence_interval":{"confidence_level":0.95,"lower_bound":30533.036771025167,"upper_bound":30714.38167587477},"point_estimate":30616.126358195215,"standard_error":49.194165892366414},"MedianAbsDev":{"confidence_interval":{"confidence_level":0.95,"lower_bound":24.836826023148095,"upper_bound":164.8770700992417},"point_estimate":121.10156525486168,"standard_error":37.310940457262895},"Slope":{"confidence_interval":{"confidence_level":0.95,"lower_bound":30597.89543906556,"upper_bound":30703.882354911362},"point_estimate":30663.208981368538,"standard_error":26.998139214014355},"StdDev":{"confidence_interval":{"confidence_level":0.95,"lower_bound":61.28461657534471,"upper_bound":118.14393205904055},"point_estimate":98.50180386079,"standard_error":14.565091377303304}}