{"Mean":{"confidence_interval":{"confidence_level":0.95,"lower_bound":2717850.735958333,"upper_bound":2754969.9852808337},"point_estimate":2734444.1307666665,"standard_error":9582.726242860188},"Median":{"confidence_interval":{"confidence_level":0.95,"lower_bound":2711245.64,"upper_bound":2749537.2646666667},"point_estimate":2722905.9775,"standard_error":9539.530694135547},"MedianAbsDev":{"confidence_interval":{"confidence_level":0.95,"lower_bound":1321.854013532796,"upper_bound":45940.564316391814},"point_estimate":20714.319737747213,"standard_error":11268.75362929057},"Slope":{"confidence_interval":{"confidence_level":0.95,"lower_bound":2718452.9668965517,"upper_bound":2751396.7457208424},"point_estimate":2734798.5616623377,"standard_error":9236.475062549276},"StdDev":{"confidence_interval":{"confidence_level":0.95,"lower_bound":10455.391414213718,"upper_bound":43557.216575620376},"point_estimate":31898.34083216367,"standard_error":8857.767755763853}}