{"Mean":{"confidence_interval":{"confidence_level":0.95,"lower_bound":199590.8497116402,"upper_bound":224568.157474537},"point_estimate":210862.85960747357,"standard_error":6417.194786157006},"Median":{"confidence_interval":{"confidence_level":0.95,"lower_bound":197270.46180555556,"upper_bound":220190.51649305556},"point_estimate":206546.98994708993,"standard_error":6490.517412283653},"MedianAbsDev":{"confidence_interval":{"confidence_level":0.95,"lower_bound":969.2141680430015,"upper_bound":28898.389781263515},"point_estimate":13900.366217455292,"standard_error":6908.3012463844825},"Slope":{"confidence_interval":{"confidence_level":0.95,"lower_bound":202108.58858435805,"upper_bound":222966.06624033625},"point_estimate":210106.22522727272,"standard_error":5326.031468656881},"StdDev":{"confidence_interval":{"confidence_level":0.95,"lower_bound":8387.517769608101,"upper_bound":30165.367057169187},"point_estimate":21413.086400365046,"standard_error":6271.690697830969}}