{"Mean":{"confidence_interval":{"confidence_level":0.95,"lower_bound":39849.6008382472,"upper_bound":40134.852380742304},"point_estimate":39980.332074125,"standard_error":73.31019664815558},"Median":{"confidence_interval":{"confidence_level":0.95,"lower_bound":39858.286792032115,"upper_bound":40068.447053850155},"point_estimate":39947.01875939415,"standard_error":48.38564344497263},"MedianAbsDev":{"confidence_interval":{"confidence_level":0.95,"lower_bound":25.996485876488002,"upper_bound":357.8604448919348},"point_estimate":107.61213165610312,"standard_error":81.66679494517511},"Slope":{"confidence_interval":{"confidence_level":0.95,"lower_bound":39909.51853712409,"upper_bound":40083.07390628237},"point_estimate":39995.313337027175,"standard_error":48.513120111453766},"StdDev":{"confidence_interval":{"confidence_level":0.95,"lower_bound":74.06686070009944,"upper_bound":347.3805784910441},"point_estimate":245.16908396386646,"standard_error":74.2570917050651}}