{"Mean":{"confidence_interval":{"confidence_level":0.95,"lower_bound":823.2321298803062,"upper_bound":850.324309659122},"point_estimate":838.1625737683449,"standard_error":6.9530925789709705},"Median":{"confidence_interval":{"confidence_level":0.95,"lower_bound":825.5899523182131,"upper_bound":853.7718175544262},"point_estimate":848.2731146312279,"standard_error":7.779343022542188},"MedianAbsDev":{"confidence_interval":{"confidence_level":0.95,"lower_bound":1.1450902382345678,"upper_bound":33.65583197354162},"point_estimate":8.512036247808311,"standard_error":8.591345922801905},"Slope":{"confidence_interval":{"confidence_level":0.95,"lower_bound":842.0358855204985,"upper_bound":852.6347848289802},"point_estimate":848.2992571516569,"standard_error":2.7144705538691745},"StdDev":{"confidence_interval":{"confidence_level":0.95,"lower_bound":4.227556721944913,"upper_bound":30.797507811754496},"point_estimate":23.206107356395396,"standard_error":6.268385457812834}}