{"Mean":{"confidence_interval":{"confidence_level":0.95,"lower_bound":15024.649157889535,"upper_bound":15255.991022848104},"point_estimate":15138.965704862794,"standard_error":58.766886128729396},"Median":{"confidence_interval":{"confidence_level":0.95,"lower_bound":15024.845414509313,"upper_bound":15231.17883711242},"point_estimate":15127.291485647405,"standard_error":44.30934533142678},"MedianAbsDev":{"confidence_interval":{"confidence_level":0.95,"lower_bound":7.3969853534121395,"upper_bound":322.41835197991134},"point_estimate":106.07573552081418,"standard_error":87.57704220408887},"Slope":{"confidence_interval":{"confidence_level":0.95,"lower_bound":14987.518931348466,"upper_bound":15220.624844382706},"point_estimate":15105.905519190683,"standard_error":58.44653441632517},"StdDev":{"confidence_interval":{"confidence_level":0.95,"lower_bound":75.90714553850012,"upper_bound":268.21511311851555},"point_estimate":195.4452897388769,"standard_error":47.62679970996455}}