{"Mean":{"confidence_interval":{"confidence_level":0.95,"lower_bound":65574.2830033738,"upper_bound":66522.41906293774},"point_estimate":66037.69187922303,"standard_error":240.8463159375969},"Median":{"confidence_interval":{"confidence_level":0.95,"lower_bound":65496.27937743191,"upper_bound":66600.58848249028},"point_estimate":65976.2880836576,"standard_error":247.09681463390996},"MedianAbsDev":{"confidence_interval":{"confidence_level":0.95,"lower_bound":151.23821848230938,"upper_bound":1332.2133047272087},"point_estimate":653.8646629441074,"standard_error":316.2948498598502},"Slope":{"confidence_interval":{"confidence_level":0.95,"lower_bound":65188.527141432794,"upper_bound":66582.15514311283},"point_estimate":65918.1575077063,"standard_error":368.33904017755157},"StdDev":{"confidence_interval":{"confidence_level":0.95,"lower_bound":382.1742256454974,"upper_bound":1050.2498784613301},"point_estimate":800.2702706621888,"standard_error":169.47979110812068}}