{"Mean":{"confidence_interval":{"confidence_level":0.95,"lower_bound":27267.494828585062,"upper_bound":27622.915970455186},"point_estimate":27438.352048648976,"standard_error":90.47732355924596},"Median":{"confidence_interval":{"confidence_level":0.95,"lower_bound":27215.799229573084,"upper_bound":27673.879983036473},"point_estimate":27371.123845874226,"standard_error":112.7850146170456},"MedianAbsDev":{"confidence_interval":{"confidence_level":0.95,"lower_bound":64.33313356947855,"upper_bound":519.5800844778995},"point_estimate":298.10380600531187,"standard_error":114.4542927664896},"Slope":{"confidence_interval":{"confidence_level":0.95,"lower_bound":27351.285743344117,"upper_bound":27771.545546675585},"point_estimate":27615.05416432592,"standard_error":103.76617092545138},"StdDev":{"confidence_interval":{"confidence_level":0.95,"lower_bound":157.95415117132862,"upper_bound":382.5690327311772},"point_estimate":301.4737254925639,"standard_error":57.52149460422313}}