{"Mean":{"confidence_interval":{"confidence_level":0.95,"lower_bound":476917.5951724138,"upper_bound":479710.82369061303},"point_estimate":478368.0503106184,"standard_error":717.1791278738084},"Median":{"confidence_interval":{"confidence_level":0.95,"lower_bound":476061.1752873563,"upper_bound":480419.61685823754},"point_estimate":479080.60560344823,"standard_error":1266.1786050046937},"MedianAbsDev":{"confidence_interval":{"confidence_level":0.95,"lower_bound":162.50861895398972,"upper_bound":3851.2593482931693},"point_estimate":2460.077852301897,"standard_error":979.4718638303117},"Slope":{"confidence_interval":{"confidence_level":0.95,"lower_bound":478843.4271998806,"upper_bound":480609.99853798444},"point_estimate":479996.91676369606,"standard_error":455.3435096553732},"StdDev":{"confidence_interval":{"confidence_level":0.95,"lower_bound":1411.9705711506667,"upper_bound":2806.724116190473},"point_estimate":2391.127761262794,"standard_error":351.70166551073606}}