{"Mean":{"confidence_interval":{"confidence_level":0.95,"lower_bound":10721.047699261273,"upper_bound":10812.807962071392},"point_estimate":10770.367952331582,"standard_error":23.589350904927016},"Median":{"confidence_interval":{"confidence_level":0.95,"lower_bound":10713.285018144117,"upper_bound":10829.997511664074},"point_estimate":10799.693197807894,"standard_error":33.51788031874036},"MedianAbsDev":{"confidence_interval":{"confidence_level":0.95,"lower_bound":7.644087681812407,"upper_bound":128.31161087909172},"point_estimate":48.365184268357126,"standard_error":33.813074578627855},"Slope":{"confidence_interval":{"confidence_level":0.95,"lower_bound":10775.718153959224,"upper_bound":10829.357232865632},"point_estimate":10813.244775504434,"standard_error":13.922171111189389},"StdDev":{"confidence_interval":{"confidence_level":0.95,"lower_bound":29.03326479128098,"upper_bound":96.21123512215728},"point_estimate":78.3991135299103,"standard_error":16.145824184341986}}