{"Mean":{"confidence_interval":{"confidence_level":0.95,"lower_bound":6278.919960787474,"upper_bound":6446.508037527369},"point_estimate":6345.123657900391,"standard_error":45.69441747369616},"Median":{"confidence_interval":{"confidence_level":0.95,"lower_bound":6264.677513580907,"upper_bound":6347.041806433738},"point_estimate":6309.541462582005,"standard_error":23.859816209895172},"MedianAbsDev":{"confidence_interval":{"confidence_level":0.95,"lower_bound":16.657124724314116,"upper_bound":110.38460510413434},"point_estimate":61.05664920783183,"standard_error":25.554327398655552},"Slope":{"confidence_interval":{"confidence_level":0.95,"lower_bound":6285.807589604072,"upper_bound":6342.3488807312115},"point_estimate":6320.715143187919,"standard_error":14.28046800396008},"StdDev":{"confidence_interval":{"confidence_level":0.95,"lower_bound":31.33144592497495,"upper_bound":230.98493244101172},"point_estimate":151.96339321569462,"standard_error":66.99360711807266}}