{"Mean":{"confidence_interval":{"confidence_level":0.95,"lower_bound":3907.231924789171,"upper_bound":4026.4254655479745},"point_estimate":3968.3993487820762,"standard_error":30.633813090052197},"Median":{"confidence_interval":{"confidence_level":0.95,"lower_bound":3866.549531289587,"upper_bound":4047.2783443121357},"point_estimate":4008.750262405443,"standard_error":50.741785707906224},"MedianAbsDev":{"confidence_interval":{"confidence_level":0.95,"lower_bound":6.991814621247152,"upper_bound":167.22536965340117},"point_estimate":113.85613324087481,"standard_error":41.20821432452426},"Slope":{"confidence_interval":{"confidence_level":0.95,"lower_bound":3990.000232243898,"upper_bound":4056.87219046657},"point_estimate":4030.172642052652,"standard_error":17.35363703858217},"StdDev":{"confidence_interval":{"confidence_level":0.95,"lower_bound":60.637860068424104,"upper_bound":119.73407626726289},"point_estimate":101.81187310649558,"standard_error":15.011158809407798}}