{"Mean":{"confidence_interval":{"confidence_level":0.95,"lower_bound":10391.81446421134,"upper_bound":10663.756861845482},"point_estimate":10513.010147182942,"standard_error":70.30166874684107},"Median":{"confidence_interval":{"confidence_level":0.95,"lower_bound":10377.280646952659,"upper_bound":10643.22387893933},"point_estimate":10429.056358461752,"standard_error":64.47406915014858},"MedianAbsDev":{"confidence_interval":{"confidence_level":0.95,"lower_bound":20.978462585122013,"upper_bound":337.93756486254944},"point_estimate":110.26644909518166,"standard_error":79.75079838544032},"Slope":{"confidence_interval":{"confidence_level":0.95,"lower_bound":10418.805216755944,"upper_bound":10611.64131414505},"point_estimate":10491.142753290025,"standard_error":49.189632820869356},"StdDev":{"confidence_interval":{"confidence_level":0.95,"lower_bound":69.19873521754306,"upper_bound":320.95654673059363},"point_estimate":233.96417164578122,"standard_error":68.28656145710434}}