{"Mean":{"confidence_interval":{"confidence_level":0.95,"lower_bound":200324.7611736811,"upper_bound":212303.33719949945},"point_estimate":206288.8516391688,"standard_error":3061.0094110497935},"Median":{"confidence_interval":{"confidence_level":0.95,"lower_bound":199714.99249160243,"upper_bound":213728.3117219917},"point_estimate":204067.96369294607,"standard_error":3394.7186893056446},"MedianAbsDev":{"confidence_interval":{"confidence_level":0.95,"lower_bound":619.9735228107046,"upper_bound":18495.28741132143},"point_estimate":9308.18916420718,"standard_error":4896.524709705035},"Slope":{"confidence_interval":{"confidence_level":0.95,"lower_bound":205211.7758282958,"upper_bound":218445.00925874503},"point_estimate":213693.7944926443,"standard_error":3341.8196668274936},"StdDev":{"confidence_interval":{"confidence_level":0.95,"lower_bound":5427.513560496601,"upper_bound":13173.043302179678},"point_estimate":10198.923129213805,"standard_error":1994.9725383210466}}