{"Mean":{"confidence_interval":{"confidence_level":0.95,"lower_bound":3849642.5790754864,"upper_bound":3862162.2354545454},"point_estimate":3855472.4260064936,"standard_error":3216.3637435189553},"Median":{"confidence_interval":{"confidence_level":0.95,"lower_bound":3846882.485227273,"upper_bound":3862472.1561688315},"point_estimate":3854033.7045454546,"standard_error":3854.3386859648717},"MedianAbsDev":{"confidence_interval":{"confidence_level":0.95,"lower_bound":2464.2303789786442,"upper_bound":17701.43499482768},"point_estimate":9018.571401251895,"standard_error":4055.4093355174787},"Slope":{"confidence_interval":{"confidence_level":0.95,"lower_bound":3851816.310435646,"upper_bound":3863498.2507668147},"point_estimate":3858487.0935064936,"standard_error":3088.623161852822},"StdDev":{"confidence_interval":{"confidence_level":0.95,"lower_bound":4760.921313585968,"upper_bound":13856.119660646094},"point_estimate":10682.559529157568,"standard_error":2384.4899181194514}}