{"Mean":{"confidence_interval":{"confidence_level":0.95,"lower_bound":24437.701743663005,"upper_bound":25086.17616071703},"point_estimate":24736.82445131868,"standard_error":165.7680669037314},"Median":{"confidence_interval":{"confidence_level":0.95,"lower_bound":24329.69986813187,"upper_bound":25003.80267692308},"point_estimate":24702.92019230769,"standard_error":181.27741971901762},"MedianAbsDev":{"confidence_interval":{"confidence_level":0.95,"lower_bound":142.06971480468212,"upper_bound":848.2582273480942},"point_estimate":460.26307417484855,"standard_error":179.94087296389904},"Slope":{"confidence_interval":{"confidence_level":0.95,"lower_bound":24524.260435013264,"upper_bound":25424.624612381343},"point_estimate":24968.0538997003,"standard_error":237.87154010781606},"StdDev":{"confidence_interval":{"confidence_level":0.95,"lower_bound":251.6526014862938,"upper_bound":755.8886064052723},"point_estimate":551.8752029115807,"standard_error":143.09144103063537}}