{"Mean":{"confidence_interval":{"confidence_level":0.95,"lower_bound":5043.408651904799,"upper_bound":5270.944830249444},"point_estimate":5154.995598963172,"standard_error":58.08290792626285},"Median":{"confidence_interval":{"confidence_level":0.95,"lower_bound":5002.8545444112915,"upper_bound":5262.867002925415},"point_estimate":5147.5543760997625,"standard_error":63.623765915456886},"MedianAbsDev":{"confidence_interval":{"confidence_level":0.95,"lower_bound":43.72818007058201,"upper_bound":340.3190786264778},"point_estimate":150.27863192348298,"standard_error":78.2658796374265},"Slope":{"confidence_interval":{"confidence_level":0.95,"lower_bound":5136.184048657333,"upper_bound":5405.324155150914},"point_estimate":5289.63899859608,"standard_error":71.5089762793142},"StdDev":{"confidence_interval":{"confidence_level":0.95,"lower_bound":90.60699346363789,"upper_bound":257.3816381001096},"point_estimate":193.7815189554619,"standard_error":42.194833304570004}}