{"Mean":{"confidence_interval":{"confidence_level":0.95,"lower_bound":52672.18606502382,"upper_bound":53736.703880334295},"point_estimate":53201.32065547853,"standard_error":272.63816506952537},"Median":{"confidence_interval":{"confidence_level":0.95,"lower_bound":52537.54937923251,"upper_bound":53971.36973288187},"point_estimate":53184.2130611989,"standard_error":351.49316029136065},"MedianAbsDev":{"confidence_interval":{"confidence_level":0.95,"lower_bound":205.98502853829493,"upper_bound":1522.639690222256},"point_estimate":851.0920788235032,"standard_error":377.66805824028825},"Slope":{"confidence_interval":{"confidence_level":0.95,"lower_bound":52128.400204002544,"upper_bound":53221.93656197157},"point_estimate":52604.20437248981,"standard_error":290.498112232797},"StdDev":{"confidence_interval":{"confidence_level":0.95,"lower_bound":482.88592262943604,"upper_bound":1169.709000129568},"point_estimate":909.790406078077,"standard_error":171.77685353269612}}