{"Mean":{"confidence_interval":{"confidence_level":0.95,"lower_bound":36416.83481879377,"upper_bound":36984.80567123415},"point_estimate":36684.569116902756,"standard_error":145.90318162584805},"Median":{"confidence_interval":{"confidence_level":0.95,"lower_bound":36309.95518933432,"upper_bound":37032.454147764096},"point_estimate":36572.23895009721,"standard_error":174.4140460932213},"MedianAbsDev":{"confidence_interval":{"confidence_level":0.95,"lower_bound":83.75291806589351,"upper_bound":808.3091543469867},"point_estimate":433.85468576481094,"standard_error":186.30595912227275},"Slope":{"confidence_interval":{"confidence_level":0.95,"lower_bound":36234.00730186741,"upper_bound":36667.63341390239},"point_estimate":36379.34871686965,"standard_error":111.42016566870963},"StdDev":{"confidence_interval":{"confidence_level":0.95,"lower_bound":208.3906584459146,"upper_bound":608.4298727981476},"point_estimate":486.42205752491975,"standard_error":99.29111490872621}}