{"Mean":{"confidence_interval":{"confidence_level":0.95,"lower_bound":5470.0276191972225,"upper_bound":5526.550155482463},"point_estimate":5498.672441603645,"standard_error":14.477503661577241},"Median":{"confidence_interval":{"confidence_level":0.95,"lower_bound":5445.639367816092,"upper_bound":5538.031508013599},"point_estimate":5510.101542444321,"standard_error":23.57436866042606},"MedianAbsDev":{"confidence_interval":{"confidence_level":0.95,"lower_bound":9.43286831844825,"upper_bound":80.54099696921264},"point_estimate":60.11124727059714,"standard_error":20.13364557435715},"Slope":{"confidence_interval":{"confidence_level":0.95,"lower_bound":5492.154859411898,"upper_bound":5550.340166264979},"point_estimate":5530.108826785163,"standard_error":14.84658819996795},"StdDev":{"confidence_interval":{"confidence_level":0.95,"lower_bound":30.22629131164524,"upper_bound":57.937702384376024},"point_estimate":48.381405691934795,"standard_error":7.12199563186933}}