{"Mean":{"confidence_interval":{"confidence_level":0.95,"lower_bound":2045.7399112189396,"upper_bound":2108.400554136941},"point_estimate":2077.265348098368,"standard_error":16.03149983769605},"Median":{"confidence_interval":{"confidence_level":0.95,"lower_bound":2027.2515524722633,"upper_bound":2107.333056802111},"point_estimate":2090.421557062558,"standard_error":20.271369688354767},"MedianAbsDev":{"confidence_interval":{"confidence_level":0.95,"lower_bound":7.55431866528372,"upper_bound":101.01359935249133},"point_estimate":30.28830266790299,"standard_error":25.0090722135022},"Slope":{"confidence_interval":{"confidence_level":0.95,"lower_bound":2081.2131275362417,"upper_bound":2132.1059217127076},"point_estimate":2106.5313145035648,"standard_error":13.010571351975473},"StdDev":{"confidence_interval":{"confidence_level":0.95,"lower_bound":27.96946728950011,"upper_bound":69.07655112472801},"point_estimate":53.44476036854943,"standard_error":10.427068528222797}}