{"Mean":{"confidence_interval":{"confidence_level":0.95,"lower_bound":1404156.8787739463,"upper_bound":1413300.9560727968},"point_estimate":1408911.013256705,"standard_error":2338.872355756962},"Median":{"confidence_interval":{"confidence_level":0.95,"lower_bound":1403898.5977011495,"upper_bound":1415164.2514367816},"point_estimate":1409795.3352490421,"standard_error":2362.7843203236766},"MedianAbsDev":{"confidence_interval":{"confidence_level":0.95,"lower_bound":1642.4346176799525,"upper_bound":14145.15830232153},"point_estimate":5401.550093586167,"standard_error":3465.366879859005},"Slope":{"confidence_interval":{"confidence_level":0.95,"lower_bound":1407958.4709739545,"upper_bound":1415153.916378352},"point_estimate":1411485.5837886252,"standard_error":1816.1293400058687},"StdDev":{"confidence_interval":{"confidence_level":0.95,"lower_bound":3826.836304259137,"upper_bound":10151.568465964414},"point_estimate":7799.190600752409,"standard_error":1657.0994907553406}}