{"Mean":{"confidence_interval":{"confidence_level":0.95,"lower_bound":376.3020795623978,"upper_bound":411.32505860160495},"point_estimate":394.4213737020371,"standard_error":8.937533384534822},"Median":{"confidence_interval":{"confidence_level":0.95,"lower_bound":362.69031217870827,"upper_bound":418.0233818914985},"point_estimate":412.95843754868054,"standard_error":17.922056278119108},"MedianAbsDev":{"confidence_interval":{"confidence_level":0.95,"lower_bound":0.4546056590008707,"upper_bound":47.550427483692246},"point_estimate":15.672968633610138,"standard_error":12.932420937956769},"Slope":{"confidence_interval":{"confidence_level":0.95,"lower_bound":400.02588587168674,"upper_bound":419.4275147468397},"point_estimate":413.5332490595674,"standard_error":5.075998074148426},"StdDev":{"confidence_interval":{"confidence_level":0.95,"lower_bound":17.25842480434202,"upper_bound":33.38787385174026},"point_estimate":29.727440510852986,"standard_error":3.97068960037537}}