{"Mean":{"confidence_interval":{"confidence_level":0.95,"lower_bound":20995348.99701885,"upper_bound":21186308.924070768},"point_estimate":21089097.894272484,"standard_error":48950.79492257845},"Median":{"confidence_interval":{"confidence_level":0.95,"lower_bound":20945235.388888888,"upper_bound":21209891.740740743},"point_estimate":21091221.058333334,"standard_error":78121.91688252678},"MedianAbsDev":{"confidence_interval":{"confidence_level":0.95,"lower_bound":33323.49504588838,"upper_bound":288048.2709125039},"point_estimate":179804.26115228143,"standard_error":63182.27883909297},"Slope":{"confidence_interval":{"confidence_level":0.95,"lower_bound":21048094.646062672,"upper_bound":21178333.143010754},"point_estimate":21131968.514285713,"standard_error":32900.76363207356},"StdDev":{"confidence_interval":{"confidence_level":0.95,"lower_bound":97813.41572970497,"upper_bound":207408.08144006386},"point_estimate":163863.2825234769,"standard_error":28963.172280457147}}