{"Mean":{"confidence_interval":{"confidence_level":0.95,"lower_bound":452070.9240180878,"upper_bound":459280.7495984681},"point_estimate":455821.6002473237,"standard_error":1856.5225912720634},"Median":{"confidence_interval":{"confidence_level":0.95,"lower_bound":448989.06395348837,"upper_bound":460453.85155038757},"point_estimate":458147.6311369509,"standard_error":2960.6693785881466},"MedianAbsDev":{"confidence_interval":{"confidence_level":0.95,"lower_bound":956.7491547197292,"upper_bound":9940.194960735611},"point_estimate":4646.886663547777,"standard_error":2511.9528279055817},"Slope":{"confidence_interval":{"confidence_level":0.95,"lower_bound":452883.9169358312,"upper_bound":460409.3019012648},"point_estimate":457328.3126547871,"standard_error":1945.5318372414688},"StdDev":{"confidence_interval":{"confidence_level":0.95,"lower_bound":3121.156637265949,"upper_bound":7333.913505066501},"point_estimate":6188.616428194676,"standard_error":1006.219340435404}}