{"Mean":{"confidence_interval":{"confidence_level":0.95,"lower_bound":514737.90212121216,"upper_bound":519517.25947601005},"point_estimate":516910.4724463384,"standard_error":1228.9655443912347},"Median":{"confidence_interval":{"confidence_level":0.95,"lower_bound":514018.0553030303,"upper_bound":519973.9552556818},"point_estimate":515834.4215909091,"standard_error":1268.2928460944559},"MedianAbsDev":{"confidence_interval":{"confidence_level":0.95,"lower_bound":767.2454863786697,"upper_bound":6016.917184655624},"point_estimate":2527.974054835375,"standard_error":1327.0400877074587},"Slope":{"confidence_interval":{"confidence_level":0.95,"lower_bound":513692.57692155114,"upper_bound":522140.63731751824},"point_estimate":517836.1717237308,"standard_error":2224.463673329767},"StdDev":{"confidence_interval":{"confidence_level":0.95,"lower_bound":1331.9310342028427,"upper_bound":5163.899284028524},"point_estimate":4078.656825307161,"standard_error":995.4269730743982}}