{"Mean":{"confidence_interval":{"confidence_level":0.95,"lower_bound":38693.87752541806,"upper_bound":39504.23657456398},"point_estimate":39146.91922278835,"standard_error":211.01106504268392},"Median":{"confidence_interval":{"confidence_level":0.95,"lower_bound":38865.807564177936,"upper_bound":39659.19812528578},"point_estimate":39345.38258268556,"standard_error":212.4218087545352},"MedianAbsDev":{"confidence_interval":{"confidence_level":0.95,"lower_bound":94.08032355607656,"upper_bound":934.1603188177156},"point_estimate":535.356676121957,"standard_error":208.52745922785795},"Slope":{"confidence_interval":{"confidence_level":0.95,"lower_bound":38927.800579154085,"upper_bound":39577.95264534603},"point_estimate":39336.8725063688,"standard_error":166.36947050894548},"StdDev":{"confidence_interval":{"confidence_level":0.95,"lower_bound":254.45395713175583,"upper_bound":1003.4913971471398},"point_estimate":705.5556010169119,"standard_error":220.96445257534916}}