{"Mean":{"confidence_interval":{"confidence_level":0.95,"lower_bound":44307.576528415535,"upper_bound":45138.99090144322},"point_estimate":44742.743083191606,"standard_error":212.4712522939801},"Median":{"confidence_interval":{"confidence_level":0.95,"lower_bound":44412.36481481481,"upper_bound":45265.08025793651},"point_estimate":44707.91324168556,"standard_error":239.17563009761952},"MedianAbsDev":{"confidence_interval":{"confidence_level":0.95,"lower_bound":134.22282654564017,"upper_bound":1143.9987463814348},"point_estimate":635.623065104323,"standard_error":254.7577964058838},"Slope":{"confidence_interval":{"confidence_level":0.95,"lower_bound":44665.85660267941,"upper_bound":45403.7712797619},"point_estimate":45137.42798392084,"standard_error":173.61406542062034},"StdDev":{"confidence_interval":{"confidence_level":0.95,"lower_bound":330.3226703313554,"upper_bound":965.8528957919931},"point_estimate":707.3087017995985,"standard_error":170.75547099656322}}