{"Mean":{"confidence_interval":{"confidence_level":0.95,"lower_bound":597464.4170092593,"upper_bound":608171.502725926},"point_estimate":602993.6038888888,"standard_error":2738.5126850900533},"Median":{"confidence_interval":{"confidence_level":0.95,"lower_bound":596296.6962962963,"upper_bound":610552.6111111111},"point_estimate":602170.3862962963,"standard_error":2993.996112212894},"MedianAbsDev":{"confidence_interval":{"confidence_level":0.95,"lower_bound":635.9694953760816,"upper_bound":15646.84533054626},"point_estimate":8930.327824566151,"standard_error":4602.194055081765},"Slope":{"confidence_interval":{"confidence_level":0.95,"lower_bound":602099.3626984127,"upper_bound":611009.1311728396},"point_estimate":605944.8693795094,"standard_error":2296.515286354741},"StdDev":{"confidence_interval":{"confidence_level":0.95,"lower_bound":4706.835345443259,"upper_bound":11759.436214650641},"point_estimate":9138.465287910993,"standard_error":1828.5095460851974}}