{"Mean":{"confidence_interval":{"confidence_level":0.95,"lower_bound":5952.9327628610545,"upper_bound":6044.007948558473},"point_estimate":6001.5709969252475,"standard_error":23.394129500963917},"Median":{"confidence_interval":{"confidence_level":0.95,"lower_bound":5948.26128719589,"upper_bound":6065.430857780579},"point_estimate":6027.118752221253,"standard_error":38.527470242490686},"MedianAbsDev":{"confidence_interval":{"confidence_level":0.95,"lower_bound":10.498458979070222,"upper_bound":146.85255488048833},"point_estimate":72.65110209658619,"standard_error":35.239103805770476},"Slope":{"confidence_interval":{"confidence_level":0.95,"lower_bound":6000.0519367009765,"upper_bound":6057.195554352592},"point_estimate":6039.831122759183,"standard_error":14.826507640002356},"StdDev":{"confidence_interval":{"confidence_level":0.95,"lower_bound":41.79557303125352,"upper_bound":101.1635950840734},"point_estimate":78.07091123040534,"standard_error":16.22983412801014}}