{"Mean":{"confidence_interval":{"confidence_level":0.95,"lower_bound":281.7441652292531,"upper_bound":285.6570723030283},"point_estimate":283.82876754240056,"standard_error":1.0018682798200225},"Median":{"confidence_interval":{"confidence_level":0.95,"lower_bound":280.8141123115913,"upper_bound":286.3952497665733},"point_estimate":285.22362214561747,"standard_error":1.3110379648256079},"MedianAbsDev":{"confidence_interval":{"confidence_level":0.95,"lower_bound":0.2546519212493133,"upper_bound":5.588659809745008},"point_estimate":2.5727756175893717,"standard_error":1.2972162392643722},"Slope":{"confidence_interval":{"confidence_level":0.95,"lower_bound":284.6842899675835,"upper_bound":286.30080491404465},"point_estimate":285.64719396416575,"standard_error":0.4128541811487499},"StdDev":{"confidence_interval":{"confidence_level":0.95,"lower_bound":1.3750608780886295,"upper_bound":4.117437315135035},"point_estimate":3.3499030164789647,"standard_error":0.6921195273234028}}