{"Mean":{"confidence_interval":{"confidence_level":0.95,"lower_bound":967347.9478787879,"upper_bound":1120400.1856704543},"point_estimate":1040581.8562626261,"standard_error":39197.13337168767},"Median":{"confidence_interval":{"confidence_level":0.95,"lower_bound":936531.8181818182,"upper_bound":1156369.9621212122},"point_estimate":1019641.0957070708,"standard_error":57114.11874264795},"MedianAbsDev":{"confidence_interval":{"confidence_level":0.95,"lower_bound":21008.337171118397,"upper_bound":235029.0822046725},"point_estimate":118709.45490612226,"standard_error":56444.23386923512},"Slope":{"confidence_interval":{"confidence_level":0.95,"lower_bound":980990.2095959596,"upper_bound":1105940.4191031232},"point_estimate":1039252.641322314,"standard_error":31661.623229648398},"StdDev":{"confidence_interval":{"confidence_level":0.95,"lower_bound":67474.05763187358,"upper_bound":161491.81524052285},"point_estimate":130952.53443225169,"standard_error":23760.005015600265}}