{"Mean":{"confidence_interval":{"confidence_level":0.95,"lower_bound":20642.864580791393,"upper_bound":20848.17193340263},"point_estimate":20733.37432671823,"standard_error":53.076276907632334},"Median":{"confidence_interval":{"confidence_level":0.95,"lower_bound":20624.466980172852,"upper_bound":20839.12992773622},"point_estimate":20655.23707846128,"standard_error":47.63372205997573},"MedianAbsDev":{"confidence_interval":{"confidence_level":0.95,"lower_bound":5.928923827124089,"upper_bound":230.9292911238777},"point_estimate":53.4191193617376,"standard_error":51.0719463201071},"Slope":{"confidence_interval":{"confidence_level":0.95,"lower_bound":20659.614139895166,"upper_bound":20983.028028082586},"point_estimate":20852.1082636225,"standard_error":83.43678069671513},"StdDev":{"confidence_interval":{"confidence_level":0.95,"lower_bound":29.874541513818194,"upper_bound":232.38045017826775},"point_estimate":176.78624356647794,"standard_error":53.39837530650866}}