{"Mean":{"confidence_interval":{"confidence_level":0.95,"lower_bound":362117.2419255686,"upper_bound":363485.5798217828},"point_estimate":362855.96176622726,"standard_error":352.3463853174927},"Median":{"confidence_interval":{"confidence_level":0.95,"lower_bound":362159.4171875,"upper_bound":363570.83928571426},"point_estimate":363386.43721655325,"standard_error":398.37470603773437},"MedianAbsDev":{"confidence_interval":{"confidence_level":0.95,"lower_bound":28.126797863725873,"upper_bound":1781.3797199367086},"point_estimate":420.9622000264648,"standard_error":479.0064939272545},"Slope":{"confidence_interval":{"confidence_level":0.95,"lower_bound":363129.3681057866,"upper_bound":363738.88753903145},"point_estimate":363450.83369666047,"standard_error":153.82474702473758},"StdDev":{"confidence_interval":{"confidence_level":0.95,"lower_bound":398.6542433759576,"upper_bound":1498.0738798567686},"point_estimate":1171.0649304252456,"standard_error":274.9102828599392}}