{"Mean":{"confidence_interval":{"confidence_level":0.95,"lower_bound":187869.92651739484,"upper_bound":190664.9666612729},"point_estimate":189208.1698507731,"standard_error":713.7944488804425},"Median":{"confidence_interval":{"confidence_level":0.95,"lower_bound":187014.61877022655,"upper_bound":191182.94570298455},"point_estimate":188730.90156418554,"standard_error":1155.8032903570736},"MedianAbsDev":{"confidence_interval":{"confidence_level":0.95,"lower_bound":404.18842000868,"upper_bound":3869.0755378635404},"point_estimate":2597.760254689574,"standard_error":961.161334804735},"Slope":{"confidence_interval":{"confidence_level":0.95,"lower_bound":188361.10528917998,"upper_bound":192009.00424221155},"point_estimate":190522.49042155256,"standard_error":943.2547638495981},"StdDev":{"confidence_interval":{"confidence_level":0.95,"lower_bound":1342.283688865126,"upper_bound":2932.5733257313373},"point_estimate":2377.163616523529,"standard_error":415.1411160247385}}