{"Mean":{"confidence_interval":{"confidence_level":0.95,"lower_bound":24360.178653005463,"upper_bound":24667.046424863387},"point_estimate":24510.95051971116,"standard_error":78.6701032283099},"Median":{"confidence_interval":{"confidence_level":0.95,"lower_bound":24272.8956284153,"upper_bound":24741.503654371583},"point_estimate":24513.595979703357,"standard_error":115.16445112695548},"MedianAbsDev":{"confidence_interval":{"confidence_level":0.95,"lower_bound":64.9964131903439,"upper_bound":466.0437062547602},"point_estimate":284.7278505516301,"standard_error":104.77097344552163},"Slope":{"confidence_interval":{"confidence_level":0.95,"lower_bound":24377.795111851094,"upper_bound":24769.1542207735},"point_estimate":24596.155070612447,"standard_error":102.41528930786286},"StdDev":{"confidence_interval":{"confidence_level":0.95,"lower_bound":153.731446697558,"upper_bound":321.42050450106814},"point_estimate":262.08053264092854,"standard_error":43.044302843262095}}