{"Mean":{"confidence_interval":{"confidence_level":0.95,"lower_bound":192400.44194914153,"upper_bound":196398.95675292556},"point_estimate":194421.96458387322,"standard_error":1030.1100750110093},"Median":{"confidence_interval":{"confidence_level":0.95,"lower_bound":190697.52295918367,"upper_bound":197384.09270597127},"point_estimate":195554.43909944932,"standard_error":2034.9692072579253},"MedianAbsDev":{"confidence_interval":{"confidence_level":0.95,"lower_bound":600.4770029448567,"upper_bound":5129.463980872563},"point_estimate":4211.996481537288,"standard_error":1325.7655579377858},"Slope":{"confidence_interval":{"confidence_level":0.95,"lower_bound":194936.1209007793,"upper_bound":197808.07273512622},"point_estimate":196883.02623023235,"standard_error":738.8096798829444},"StdDev":{"confidence_interval":{"confidence_level":0.95,"lower_bound":2236.7197600698423,"upper_bound":3891.416568698234},"point_estimate":3426.1224469459,"standard_error":423.27212941164663}}