{"Mean":{"confidence_interval":{"confidence_level":0.95,"lower_bound":620668.8470364144,"upper_bound":624928.6240277777},"point_estimate":622802.3927602707,"standard_error":1085.270253720094},"Median":{"confidence_interval":{"confidence_level":0.95,"lower_bound":619317.0294117648,"upper_bound":625709.5553921568},"point_estimate":623205.0924369749,"standard_error":1686.9604508555947},"MedianAbsDev":{"confidence_interval":{"confidence_level":0.95,"lower_bound":297.7797202035436,"upper_bound":6454.758691312043},"point_estimate":4045.672710527948,"standard_error":1452.1682729956215},"Slope":{"confidence_interval":{"confidence_level":0.95,"lower_bound":622217.4646647841,"upper_bound":626496.629930133},"point_estimate":624898.6530939649,"standard_error":1078.6005164259118},"StdDev":{"confidence_interval":{"confidence_level":0.95,"lower_bound":2209.593973871311,"upper_bound":4471.2775977837655},"point_estimate":3627.801280725537,"standard_error":584.7733328267788}}