{"Mean":{"confidence_interval":{"confidence_level":0.95,"lower_bound":371620.3244910283,"upper_bound":413843.19416896714},"point_estimate":392796.6805256499,"standard_error":10858.268443770923},"Median":{"confidence_interval":{"confidence_level":0.95,"lower_bound":353692.4879227053,"upper_bound":420395.66022544284},"point_estimate":398985.96286231885,"standard_error":20427.095853150153},"MedianAbsDev":{"confidence_interval":{"confidence_level":0.95,"lower_bound":2501.4619797447667,"upper_bound":55451.02520833735},"point_estimate":33859.61578158907,"standard_error":16482.544870478767},"Slope":{"confidence_interval":{"confidence_level":0.95,"lower_bound":400620.92858169664,"upper_bound":423416.5372230298},"point_estimate":415152.6409561453,"standard_error":5788.919029236386},"StdDev":{"confidence_interval":{"confidence_level":0.95,"lower_bound":23353.623129975585,"upper_bound":43032.63234055818},"point_estimate":36225.16015274466,"standard_error":5040.247209041379}}