{"Mean":{"confidence_interval":{"confidence_level":0.95,"lower_bound":18350.031140101495,"upper_bound":18754.28899812651},"point_estimate":18550.199893181223,"standard_error":103.267838958474},"Median":{"confidence_interval":{"confidence_level":0.95,"lower_bound":18229.619096965213,"upper_bound":18871.608226710374},"point_estimate":18548.52484784933,"standard_error":148.5155502554999},"MedianAbsDev":{"confidence_interval":{"confidence_level":0.95,"lower_bound":78.8899658274022,"upper_bound":601.1062483585789},"point_estimate":475.90653343105816,"standard_error":143.46172294161866},"Slope":{"confidence_interval":{"confidence_level":0.95,"lower_bound":18473.155163144704,"upper_bound":18943.38388595208},"point_estimate":18771.636464251267,"standard_error":118.14901014057011},"StdDev":{"confidence_interval":{"confidence_level":0.95,"lower_bound":204.46841099084273,"upper_bound":417.43039402316737},"point_estimate":344.7818703417584,"standard_error":53.838853632517775}}