{"Mean":{"confidence_interval":{"confidence_level":0.95,"lower_bound":3903383.025629078,"upper_bound":3981472.56171897},"point_estimate":3944329.3804254853,"standard_error":19995.877610729476},"Median":{"confidence_interval":{"confidence_level":0.95,"lower_bound":3889272.76984127,"upper_bound":4007183.3333333335},"point_estimate":3967722.610725309,"standard_error":30652.150023375783},"MedianAbsDev":{"confidence_interval":{"confidence_level":0.95,"lower_bound":4917.141652702917,"upper_bound":106739.8153061004},"point_estimate":63421.60795269846,"standard_error":26428.56629420028},"Slope":{"confidence_interval":{"confidence_level":0.95,"lower_bound":3888716.5819114554,"upper_bound":3983994.365614035},"point_estimate":3947674.394949495,"standard_error":24224.62379447882},"StdDev":{"confidence_interval":{"confidence_level":0.95,"lower_bound":35113.35415730584,"upper_bound":82328.07773486109},"point_estimate":66620.63031478517,"standard_error":12124.8026801442}}