{"Mean":{"confidence_interval":{"confidence_level":0.95,"lower_bound":2773237.24954023,"upper_bound":2800965.1831527096},"point_estimate":2788275.3229638757,"standard_error":7136.940109511752},"Median":{"confidence_interval":{"confidence_level":0.95,"lower_bound":2771893.0387931033,"upper_bound":2804937.3068965515},"point_estimate":2798032.50591133,"standard_error":8273.25702400378},"MedianAbsDev":{"confidence_interval":{"confidence_level":0.95,"lower_bound":2558.857637674363,"upper_bound":37387.29101417389},"point_estimate":10997.173984416053,"standard_error":8497.358396906933},"Slope":{"confidence_interval":{"confidence_level":0.95,"lower_bound":2795933.0512216752,"upper_bound":2805238.68341292},"point_estimate":2802195.469502911,"standard_error":2426.1784460010717},"StdDev":{"confidence_interval":{"confidence_level":0.95,"lower_bound":6261.842028842776,"upper_bound":29745.227410280208},"point_estimate":23784.692178996775,"standard_error":5785.305726118846}}