{"Mean":{"confidence_interval":{"confidence_level":0.95,"lower_bound":385107.5676679587,"upper_bound":390521.51220930234},"point_estimate":388090.9082650424,"standard_error":1387.9211932346009},"Median":{"confidence_interval":{"confidence_level":0.95,"lower_bound":385706.6613372093,"upper_bound":391163.5848837209},"point_estimate":389299.3592192691,"standard_error":1501.2690904486633},"MedianAbsDev":{"confidence_interval":{"confidence_level":0.95,"lower_bound":618.6131150638967,"upper_bound":6682.72758083461},"point_estimate":3130.606700505854,"standard_error":1555.3915364111629},"Slope":{"confidence_interval":{"confidence_level":0.95,"lower_bound":388673.259633749,"upper_bound":392121.5245745608},"point_estimate":390803.3939293265,"standard_error":890.3517045271888},"StdDev":{"confidence_interval":{"confidence_level":0.95,"lower_bound":1836.9986588658667,"upper_bound":6344.54768465877},"point_estimate":4625.478831853565,"standard_error":1269.4807034328976}}