{"Mean":{"confidence_interval":{"confidence_level":0.95,"lower_bound":30843.92789159622,"upper_bound":34079.112979971775},"point_estimate":32527.46170650707,"standard_error":830.9027274408216},"Median":{"confidence_interval":{"confidence_level":0.95,"lower_bound":29660.823097961213,"upper_bound":34849.97426061424},"point_estimate":33855.489308801596,"standard_error":1533.7215734598033},"MedianAbsDev":{"confidence_interval":{"confidence_level":0.95,"lower_bound":118.30882996076993,"upper_bound":4365.243824788853},"point_estimate":1671.190499430385,"standard_error":1297.3317285565238},"Slope":{"confidence_interval":{"confidence_level":0.95,"lower_bound":33110.45595182309,"upper_bound":34791.68227304612},"point_estimate":34326.42532176923,"standard_error":446.5750214883908},"StdDev":{"confidence_interval":{"confidence_level":0.95,"lower_bound":1550.9735461810617,"upper_bound":3216.97565731143},"point_estimate":2762.377305441939,"standard_error":430.07316652412237}}