{"Mean":{"confidence_interval":{"confidence_level":0.95,"lower_bound":143150.54735235003,"upper_bound":144538.97062532854},"point_estimate":143882.8983547851,"standard_error":355.98484870684985},"Median":{"confidence_interval":{"confidence_level":0.95,"lower_bound":143309.31277056277,"upper_bound":144916.48647186148},"point_estimate":143850.17399118736,"standard_error":473.9119103171548},"MedianAbsDev":{"confidence_interval":{"confidence_level":0.95,"lower_bound":59.452619967244885,"upper_bound":2074.451095273411},"point_estimate":868.5204825920259,"standard_error":481.92970287006153},"Slope":{"confidence_interval":{"confidence_level":0.95,"lower_bound":142669.60333555398,"upper_bound":144492.7120866354},"point_estimate":143605.68688649012,"standard_error":466.32611241700124},"StdDev":{"confidence_interval":{"confidence_level":0.95,"lower_bound":589.7346074770782,"upper_bound":1600.1700188927257},"point_estimate":1184.4797079485222,"standard_error":283.1996366765119}}