{"Mean":{"confidence_interval":{"confidence_level":0.95,"lower_bound":976139.1809583333,"upper_bound":983208.0691530611},"point_estimate":979626.4513386782,"standard_error":1808.3715585063912},"Median":{"confidence_interval":{"confidence_level":0.95,"lower_bound":975168.2326530613,"upper_bound":984905.3401360544},"point_estimate":978417.4965986395,"standard_error":2696.4177061594028},"MedianAbsDev":{"confidence_interval":{"confidence_level":0.95,"lower_bound":1665.7404047128468,"upper_bound":9899.093095684528},"point_estimate":6732.232536601381,"standard_error":2167.3832640620117},"Slope":{"confidence_interval":{"confidence_level":0.95,"lower_bound":978743.9752050149,"upper_bound":986851.9162682216},"point_estimate":983886.98038696,"standard_error":2078.3924112423915},"StdDev":{"confidence_interval":{"confidence_level":0.95,"lower_bound":3508.4781583847766,"upper_bound":7512.369415301147},"point_estimate":6030.660335832098,"standard_error":1023.9560836995616}}