{"Mean":{"confidence_interval":{"confidence_level":0.95,"lower_bound":177.7990675739204,"upper_bound":185.011056487964},"point_estimate":181.46448791855036,"standard_error":1.854433912407417},"Median":{"confidence_interval":{"confidence_level":0.95,"lower_bound":175.72881681096223,"upper_bound":186.4262251944069},"point_estimate":182.1529861986988,"standard_error":2.476888310781925},"MedianAbsDev":{"confidence_interval":{"confidence_level":0.95,"lower_bound":1.1938342107505482,"upper_bound":10.926326366642726},"point_estimate":7.92998869386209,"standard_error":2.679878985580317},"Slope":{"confidence_interval":{"confidence_level":0.95,"lower_bound":175.0906258490941,"upper_bound":183.72590489516318},"point_estimate":178.93299890560138,"standard_error":2.2073343171954316},"StdDev":{"confidence_interval":{"confidence_level":0.95,"lower_bound":3.5236126856272585,"upper_bound":7.597558479184721},"point_estimate":6.17235026541017,"standard_error":1.0293292681273587}}