{"Mean":{"confidence_interval":{"confidence_level":0.95,"lower_bound":187554.69936631463,"upper_bound":195410.0576215181},"point_estimate":192082.4487134828,"standard_error":2058.8156674538013},"Median":{"confidence_interval":{"confidence_level":0.95,"lower_bound":190432.97548638133,"upper_bound":196898.5447470817},"point_estimate":193213.93428447904,"standard_error":1397.398883244109},"MedianAbsDev":{"confidence_interval":{"confidence_level":0.95,"lower_bound":512.5533353880578,"upper_bound":7348.248772785051},"point_estimate":3543.56392775063,"standard_error":2102.3339977800065},"Slope":{"confidence_interval":{"confidence_level":0.95,"lower_bound":191791.69624701896,"upper_bound":195931.8879502697},"point_estimate":193806.5994239224,"standard_error":1054.2105606257473},"StdDev":{"confidence_interval":{"confidence_level":0.95,"lower_bound":2068.386439691064,"upper_bound":10077.763656924386},"point_estimate":6863.490133198742,"standard_error":2487.2199291352836}}