{"Mean":{"confidence_interval":{"confidence_level":0.95,"lower_bound":33275.15209693661,"upper_bound":36532.3860070994},"point_estimate":34902.61923011012,"standard_error":834.4363339856679},"Median":{"confidence_interval":{"confidence_level":0.95,"lower_bound":32185.845329249616,"upper_bound":37715.8578976154},"point_estimate":34794.967908797,"standard_error":1874.6694349654924},"MedianAbsDev":{"confidence_interval":{"confidence_level":0.95,"lower_bound":281.0392241580813,"upper_bound":4318.138685167728},"point_estimate":4154.917367344467,"standard_error":1228.7368422017437},"Slope":{"confidence_interval":{"confidence_level":0.95,"lower_bound":35317.81434779962,"upper_bound":37619.52370950521},"point_estimate":36949.47512711892,"standard_error":601.6133997568742},"StdDev":{"confidence_interval":{"confidence_level":0.95,"lower_bound":1925.7595906066917,"upper_bound":3059.109876457886},"point_estimate":2782.8887328718065,"standard_error":290.6774739953027}}