{"Mean":{"confidence_interval":{"confidence_level":0.95,"lower_bound":371.592559560551,"upper_bound":379.0018602118271},"point_estimate":375.4370231732406,"standard_error":1.9015118161893458},"Median":{"confidence_interval":{"confidence_level":0.95,"lower_bound":369.6381388494131,"upper_bound":380.45397798334795},"point_estimate":376.93297589825306,"standard_error":2.547575953204036},"MedianAbsDev":{"confidence_interval":{"confidence_level":0.95,"lower_bound":1.2602967036491515,"upper_bound":10.247824887900972},"point_estimate":5.738526969306288,"standard_error":2.6311406939928643},"Slope":{"confidence_interval":{"confidence_level":0.95,"lower_bound":376.93305118098465,"upper_bound":381.6325385973703},"point_estimate":379.73441758849793,"standard_error":1.2248868063834235},"StdDev":{"confidence_interval":{"confidence_level":0.95,"lower_bound":3.01496840998886,"upper_bound":7.731326035732712},"point_estimate":6.349528670894989,"standard_error":1.1201151196776216}}