{"Mean":{"confidence_interval":{"confidence_level":0.95,"lower_bound":4856638.841322212,"upper_bound":4883759.177838346},"point_estimate":4869732.150031328,"standard_error":6964.343237101562},"Median":{"confidence_interval":{"confidence_level":0.95,"lower_bound":4852260.147368421,"upper_bound":4883416.436184211},"point_estimate":4869351.235902255,"standard_error":8904.933548905774},"MedianAbsDev":{"confidence_interval":{"confidence_level":0.95,"lower_bound":4960.844538242987,"upper_bound":39750.454132972875},"point_estimate":22490.685256500376,"standard_error":8253.637352111666},"Slope":{"confidence_interval":{"confidence_level":0.95,"lower_bound":4858440.1751616355,"upper_bound":4897445.9029151825},"point_estimate":4875821.076555024,"standard_error":10389.454757875605},"StdDev":{"confidence_interval":{"confidence_level":0.95,"lower_bound":11835.54350385301,"upper_bound":30688.797890228365},"point_estimate":23156.733285091505,"standard_error":4998.161169636561}}