{"Mean":{"confidence_interval":{"confidence_level":0.95,"lower_bound":14043.54461148025,"upper_bound":14897.76323404479},"point_estimate":14446.717698585733,"standard_error":218.3482349988258},"Median":{"confidence_interval":{"confidence_level":0.95,"lower_bound":13839.294694767443,"upper_bound":14881.482267441861},"point_estimate":14440.110218542359,"standard_error":289.69500634044726},"MedianAbsDev":{"confidence_interval":{"confidence_level":0.95,"lower_bound":192.23824248098677,"upper_bound":1266.0177343950584},"point_estimate":739.4860645604506,"standard_error":262.15711562506993},"Slope":{"confidence_interval":{"confidence_level":0.95,"lower_bound":14439.621482193568,"upper_bound":15069.547940053028},"point_estimate":14742.336969571126,"standard_error":157.36645946855438},"StdDev":{"confidence_interval":{"confidence_level":0.95,"lower_bound":382.0646902233908,"upper_bound":965.5308345029827},"point_estimate":726.3718852642934,"standard_error":161.3575458937743}}