{"Mean":{"confidence_interval":{"confidence_level":0.95,"lower_bound":1691551.5626450067,"upper_bound":1715031.0002525463},"point_estimate":1702803.9732447087,"standard_error":6024.594552022425},"Median":{"confidence_interval":{"confidence_level":0.95,"lower_bound":1686811.1833333333,"upper_bound":1724013.5407407407},"point_estimate":1697819.6246031746,"standard_error":8281.487918469198},"MedianAbsDev":{"confidence_interval":{"confidence_level":0.95,"lower_bound":4211.333461900579,"upper_bound":33365.32642764711},"point_estimate":16747.44930267334,"standard_error":8564.540064085097},"Slope":{"confidence_interval":{"confidence_level":0.95,"lower_bound":1695628.6394044934,"upper_bound":1727326.6282546404},"point_estimate":1716384.6258008657,"standard_error":7756.957322379846},"StdDev":{"confidence_interval":{"confidence_level":0.95,"lower_bound":10544.175149279356,"upper_bound":24823.54434123062},"point_estimate":20102.18029714827,"standard_error":3518.3485279975894}}