{"Mean":{"confidence_interval":{"confidence_level":0.95,"lower_bound":492826.3828350169,"upper_bound":504439.64862132637},"point_estimate":498699.58639802795,"standard_error":2967.4526534583892},"Median":{"confidence_interval":{"confidence_level":0.95,"lower_bound":490538.3303030303,"upper_bound":506625.2598484848},"point_estimate":499651.98318181816,"standard_error":4834.93811176855},"MedianAbsDev":{"confidence_interval":{"confidence_level":0.95,"lower_bound":2360.5874788639053,"upper_bound":16052.176806734067},"point_estimate":11787.647263772915,"standard_error":3621.996505082074},"Slope":{"confidence_interval":{"confidence_level":0.95,"lower_bound":500669.2002203857,"upper_bound":506937.3879553107},"point_estimate":504233.2770090515,"standard_error":1570.0775603502634},"StdDev":{"confidence_interval":{"confidence_level":0.95,"lower_bound":6040.992264571265,"upper_bound":12071.81884155989},"point_estimate":9897.687574022548,"standard_error":1542.7910851606878}}