{"Mean":{"confidence_interval":{"confidence_level":0.95,"lower_bound":38641.86026175688,"upper_bound":38803.93106638991},"point_estimate":38724.17546330333,"standard_error":41.69474130585894},"Median":{"confidence_interval":{"confidence_level":0.95,"lower_bound":38586.90239574091,"upper_bound":38855.72426796806},"point_estimate":38750.56787932564,"standard_error":81.86330613634475},"MedianAbsDev":{"confidence_interval":{"confidence_level":0.95,"lower_bound":24.55750481690752,"upper_bound":217.2805842480921},"point_estimate":179.2389698613513,"standard_error":54.303429303964684},"Slope":{"confidence_interval":{"confidence_level":0.95,"lower_bound":38643.98266478283,"upper_bound":38815.12546161281},"point_estimate":38741.51593012134,"standard_error":44.9389665229533},"StdDev":{"confidence_interval":{"confidence_level":0.95,"lower_bound":90.34987903951075,"upper_bound":161.16675592077456},"point_estimate":138.78709669072288,"standard_error":18.042171676869923}}