{"Mean":{"confidence_interval":{"confidence_level":0.95,"lower_bound":1922052.3255236626,"upper_bound":1977224.3524259261},"point_estimate":1949749.7567181073,"standard_error":14084.857913932101},"Median":{"confidence_interval":{"confidence_level":0.95,"lower_bound":1897923.7037037036,"upper_bound":1979740.4655349795},"point_estimate":1958630.275925926,"standard_error":20221.2020307401},"MedianAbsDev":{"confidence_interval":{"confidence_level":0.95,"lower_bound":6745.269786914262,"upper_bound":89108.705150288},"point_estimate":37357.03996289112,"standard_error":21094.839916773148},"Slope":{"confidence_interval":{"confidence_level":0.95,"lower_bound":1953646.8451601441,"upper_bound":1995892.862641353},"point_estimate":1973466.891871092,"standard_error":10894.292351609496},"StdDev":{"confidence_interval":{"confidence_level":0.95,"lower_bound":27120.44384813014,"upper_bound":58861.79402794631},"point_estimate":47125.64507532093,"standard_error":8123.800837520209}}