{"Mean":{"confidence_interval":{"confidence_level":0.95,"lower_bound":8162.337348615916,"upper_bound":8382.903919836808},"point_estimate":8275.756168987204,"standard_error":56.54142095951183},"Median":{"confidence_interval":{"confidence_level":0.95,"lower_bound":8118.164624183006,"upper_bound":8471.253171856979},"point_estimate":8280.483924452135,"standard_error":75.00301537797742},"MedianAbsDev":{"confidence_interval":{"confidence_level":0.95,"lower_bound":32.35066559492104,"upper_bound":333.74067847514925},"point_estimate":200.97209804679602,"standard_error":84.57014918156455},"Slope":{"confidence_interval":{"confidence_level":0.95,"lower_bound":8248.468230875238,"upper_bound":8435.830771161076},"point_estimate":8352.56575892389,"standard_error":47.92190427889794},"StdDev":{"confidence_interval":{"confidence_level":0.95,"lower_bound":103.69622403952377,"upper_bound":234.80899666582332},"point_estimate":187.94666660155892,"standard_error":34.07314196972617}}