{"Mean":{"confidence_interval":{"confidence_level":0.95,"lower_bound":50285.77852938164,"upper_bound":51118.40410305693},"point_estimate":50679.39519878315,"standard_error":213.54772371403618},"Median":{"confidence_interval":{"confidence_level":0.95,"lower_bound":50079.87821099518,"upper_bound":51388.33374519495},"point_estimate":50510.122780523525,"standard_error":303.2719441384886},"MedianAbsDev":{"confidence_interval":{"confidence_level":0.95,"lower_bound":63.80562119012372,"upper_bound":1116.5119989075863},"point_estimate":697.5945086979651,"standard_error":275.1456503552797},"Slope":{"confidence_interval":{"confidence_level":0.95,"lower_bound":50148.85826691443,"upper_bound":50757.23686723855},"point_estimate":50388.80243622385,"standard_error":154.65014684168324},"StdDev":{"confidence_interval":{"confidence_level":0.95,"lower_bound":269.10295424052026,"upper_bound":872.3075702919397},"point_estimate":714.3712896975077,"standard_error":134.2858533796429}}