{"Mean":{"confidence_interval":{"confidence_level":0.95,"lower_bound":222634.57965466107,"upper_bound":225817.32600358987},"point_estimate":224210.40755885124,"standard_error":810.0027246875248},"Median":{"confidence_interval":{"confidence_level":0.95,"lower_bound":222506.63559322033,"upper_bound":225833.43785310735},"point_estimate":224012.07997881356,"standard_error":898.0519148149458},"MedianAbsDev":{"confidence_interval":{"confidence_level":0.95,"lower_bound":564.4765387709192,"upper_bound":4616.100146861403},"point_estimate":2466.15847147118,"standard_error":965.3489578878546},"Slope":{"confidence_interval":{"confidence_level":0.95,"lower_bound":223869.3804999144,"upper_bound":225675.9470032919},"point_estimate":224935.22313449264,"standard_error":464.870997486295},"StdDev":{"confidence_interval":{"confidence_level":0.95,"lower_bound":1289.505327050835,"upper_bound":3623.3367922960874},"point_estimate":2702.6467070137023,"standard_error":604.0012956766595}}