{"Mean":{"confidence_interval":{"confidence_level":0.95,"lower_bound":7266.260162580346,"upper_bound":7487.4996943664055},"point_estimate":7376.117250532348,"standard_error":56.68938396032311},"Median":{"confidence_interval":{"confidence_level":0.95,"lower_bound":7195.094431877635,"upper_bound":7571.151694211061},"point_estimate":7389.105405120224,"standard_error":104.22291744530087},"MedianAbsDev":{"confidence_interval":{"confidence_level":0.95,"lower_bound":41.0948156239438,"upper_bound":299.5806366775036},"point_estimate":265.03502478780956,"standard_error":70.39787494388453},"Slope":{"confidence_interval":{"confidence_level":0.95,"lower_bound":7330.383439963476,"upper_bound":7565.751379940227},"point_estimate":7482.711438667509,"standard_error":59.85131839813263},"StdDev":{"confidence_interval":{"confidence_level":0.95,"lower_bound":122.8155569759994,"upper_bound":220.27421341249786},"point_estimate":188.4142582882572,"standard_error":24.99608651143393}}