{"Mean":{"confidence_interval":{"confidence_level":0.95,"lower_bound":6082.430412175342,"upper_bound":6191.984203636081},"point_estimate":6138.969377386209,"standard_error":28.09439820616052},"Median":{"confidence_interval":{"confidence_level":0.95,"lower_bound":6041.117608561749,"upper_bound":6205.585648290729},"point_estimate":6165.3163249593035,"standard_error":37.70149433662039},"MedianAbsDev":{"confidence_interval":{"confidence_level":0.95,"lower_bound":13.207737020418778,"upper_bound":161.81347343921843},"point_estimate":67.71371591415316,"standard_error":41.88085182999184},"Slope":{"confidence_interval":{"confidence_level":0.95,"lower_bound":6138.274949809696,"upper_bound":6224.491997959385},"point_estimate":6193.062326063219,"standard_error":21.840971743095608},"StdDev":{"confidence_interval":{"confidence_level":0.95,"lower_bound":47.427873544454016,"upper_bound":114.9531201250632},"point_estimate":93.59020692849792,"standard_error":16.43503404599954}}