{"Mean":{"confidence_interval":{"confidence_level":0.95,"lower_bound":9721.369857371592,"upper_bound":9927.666410801945},"point_estimate":9824.286638240304,"standard_error":52.462136630236394},"Median":{"confidence_interval":{"confidence_level":0.95,"lower_bound":9728.846289975983,"upper_bound":9935.109088610796},"point_estimate":9825.400120612649,"standard_error":46.940671020012076},"MedianAbsDev":{"confidence_interval":{"confidence_level":0.95,"lower_bound":20.226757298595768,"upper_bound":294.28800491312603},"point_estimate":129.59081338632168,"standard_error":63.9717415607919},"Slope":{"confidence_interval":{"confidence_level":0.95,"lower_bound":9813.91164377785,"upper_bound":9898.143012383736},"point_estimate":9850.386484707304,"standard_error":21.28192574228754},"StdDev":{"confidence_interval":{"confidence_level":0.95,"lower_bound":67.99361409777092,"upper_bound":239.01516043373474},"point_estimate":174.85769781422633,"standard_error":44.064733987983615}}