{"Mean":{"confidence_interval":{"confidence_level":0.95,"lower_bound":1466.8910888636178,"upper_bound":1492.4228829394494},"point_estimate":1480.8247681338667,"standard_error":6.5754897530285055},"Median":{"confidence_interval":{"confidence_level":0.95,"lower_bound":1469.7934570709122,"upper_bound":1500.124070227555},"point_estimate":1482.5807856456286,"standard_error":6.679062435411518},"MedianAbsDev":{"confidence_interval":{"confidence_level":0.95,"lower_bound":2.5476454131003208,"upper_bound":31.33938876211029},"point_estimate":19.469835262435783,"standard_error":8.584283814325197},"Slope":{"confidence_interval":{"confidence_level":0.95,"lower_bound":1477.9120860318176,"upper_bound":1492.1556849394112},"point_estimate":1485.5979120140682,"standard_error":3.628079434477761},"StdDev":{"confidence_interval":{"confidence_level":0.95,"lower_bound":9.00325534995065,"upper_bound":30.21707763844782},"point_estimate":21.92817318334555,"standard_error":6.087285434302677}}