{"Mean":{"confidence_interval":{"confidence_level":0.95,"lower_bound":15864.12740719509,"upper_bound":16042.382818356109},"point_estimate":15952.96731794428,"standard_error":45.585700833664546},"Median":{"confidence_interval":{"confidence_level":0.95,"lower_bound":15806.73868855663,"upper_bound":16071.860231603636},"point_estimate":15964.281597120427,"standard_error":63.06790746137896},"MedianAbsDev":{"confidence_interval":{"confidence_level":0.95,"lower_bound":36.85987436759487,"upper_bound":281.3122372171821},"point_estimate":159.54539043682857,"standard_error":62.29572183285441},"Slope":{"confidence_interval":{"confidence_level":0.95,"lower_bound":15962.816159096394,"upper_bound":16138.55452864387},"point_estimate":16057.188269426264,"standard_error":47.3956214823542},"StdDev":{"confidence_interval":{"confidence_level":0.95,"lower_bound":87.844351558336,"upper_bound":192.50969350396915},"point_estimate":152.21416119320472,"standard_error":26.937734476621685}}