{"Mean":{"confidence_interval":{"confidence_level":0.95,"lower_bound":9141018.512,"upper_bound":9265469.968193848},"point_estimate":9202772.04473016,"standard_error":31895.72701184701},"Median":{"confidence_interval":{"confidence_level":0.95,"lower_bound":9096807.504999999,"upper_bound":9282458.942857143},"point_estimate":9219437.808333334,"standard_error":55704.53670373414},"MedianAbsDev":{"confidence_interval":{"confidence_level":0.95,"lower_bound":19707.420614122388,"upper_bound":189604.98484633586},"point_estimate":127878.56291936824,"standard_error":43641.654908329285},"Slope":{"confidence_interval":{"confidence_level":0.95,"lower_bound":9124228.868153155,"upper_bound":9261713.16716901},"point_estimate":9198249.083896104,"standard_error":34875.16494471487},"StdDev":{"confidence_interval":{"confidence_level":0.95,"lower_bound":67468.60399582336,"upper_bound":130107.57469977837},"point_estimate":106370.28389617603,"standard_error":16378.066837699715}}