{"Mean":{"confidence_interval":{"confidence_level":0.95,"lower_bound":10923.09568275839,"upper_bound":11393.974726594299},"point_estimate":11136.58679367489,"standard_error":120.53347630694158},"Median":{"confidence_interval":{"confidence_level":0.95,"lower_bound":10843.986630079402,"upper_bound":11263.91379320411},"point_estimate":11118.761336491625,"standard_error":97.30513703742},"MedianAbsDev":{"confidence_interval":{"confidence_level":0.95,"lower_bound":23.634515255319357,"upper_bound":610.0460782587292},"point_estimate":268.24071457609233,"standard_error":157.84839919195267},"Slope":{"confidence_interval":{"confidence_level":0.95,"lower_bound":11052.17428890349,"upper_bound":11276.416789422628},"point_estimate":11189.245866417561,"standard_error":58.18708281229221},"StdDev":{"confidence_interval":{"confidence_level":0.95,"lower_bound":163.03199801253908,"upper_bound":566.6195528058366},"point_estimate":402.4854990821364,"standard_error":116.4790076688119}}