{"Mean":{"confidence_interval":{"confidence_level":0.95,"lower_bound":5447013.4498968255,"upper_bound":5985158.642661797},"point_estimate":5721619.323932178,"standard_error":137656.75134425104},"Median":{"confidence_interval":{"confidence_level":0.95,"lower_bound":5292051.572727272,"upper_bound":6127441.981818181},"point_estimate":5728225.101731602,"standard_error":216520.77414966282},"MedianAbsDev":{"confidence_interval":{"confidence_level":0.95,"lower_bound":71688.47101818402,"upper_bound":794090.0454529916},"point_estimate":473165.2585875154,"standard_error":184844.45251485618},"Slope":{"confidence_interval":{"confidence_level":0.95,"lower_bound":5682656.618181818,"upper_bound":6163757.959966558},"point_estimate":6001965.0217237305,"standard_error":125292.89081725883},"StdDev":{"confidence_interval":{"confidence_level":0.95,"lower_bound":276709.97724016214,"upper_bound":560881.1923861759},"point_estimate":461372.82116627967,"standard_error":72647.94849879548}}