{"Mean":{"confidence_interval":{"confidence_level":0.95,"lower_bound":5553.3638348244185,"upper_bound":5564.997637938546},"point_estimate":5558.534812501146,"standard_error":2.9726239225676},"Median":{"confidence_interval":{"confidence_level":0.95,"lower_bound":5554.331881132548,"upper_bound":5560.458019394235},"point_estimate":5556.886273333507,"standard_error":1.7680498562911404},"MedianAbsDev":{"confidence_interval":{"confidence_level":0.95,"lower_bound":0.24112088053003164,"upper_bound":11.853063909826895},"point_estimate":4.121671195160131,"standard_error":2.6252676716523964},"Slope":{"confidence_interval":{"confidence_level":0.95,"lower_bound":5555.333400916871,"upper_bound":5559.857919547896},"point_estimate":5557.738531142037,"standard_error":1.1975278038385688},"StdDev":{"confidence_interval":{"confidence_level":0.95,"lower_bound":2.24660423054363,"upper_bound":14.49883560453746},"point_estimate":9.907019681941295,"standard_error":3.4702514872701857}}