{"Mean":{"confidence_interval":{"confidence_level":0.95,"lower_bound":4910655.77775463,"upper_bound":4966553.772361111},"point_estimate":4936037.154143518,"standard_error":14401.574896850288},"Median":{"confidence_interval":{"confidence_level":0.95,"lower_bound":4902321.833333333,"upper_bound":4958751.564814815},"point_estimate":4926039.090277778,"standard_error":15092.931314102054},"MedianAbsDev":{"confidence_interval":{"confidence_level":0.95,"lower_bound":9672.204240784049,"upper_bound":69419.72554401224},"point_estimate":36956.82359701046,"standard_error":15568.338423131336},"Slope":{"confidence_interval":{"confidence_level":0.95,"lower_bound":4926029.26417573,"upper_bound":5007668.012312079},"point_estimate":4971357.25952381,"standard_error":21799.593601334393},"StdDev":{"confidence_interval":{"confidence_level":0.95,"lower_bound":19488.760288224996,"upper_bound":66060.80702322698},"point_estimate":47994.509431975945,"standard_error":13123.919599653891}}