{"Mean":{"confidence_interval":{"confidence_level":0.95,"lower_bound":454774.2033322891,"upper_bound":456000.5028985485},"point_estimate":455342.1205252715,"standard_error":316.08699903544345},"Median":{"confidence_interval":{"confidence_level":0.95,"lower_bound":454537.2653508772,"upper_bound":456169.40789473685},"point_estimate":455037.7866541353,"standard_error":366.863585036572},"MedianAbsDev":{"confidence_interval":{"confidence_level":0.95,"lower_bound":211.04476204269966,"upper_bound":1685.3133320533934},"point_estimate":829.6490729900917,"standard_error":371.4646123579494},"Slope":{"confidence_interval":{"confidence_level":0.95,"lower_bound":454844.4247323818,"upper_bound":456261.8478618421},"point_estimate":455596.4868591934,"standard_error":384.1227572262846},"StdDev":{"confidence_interval":{"confidence_level":0.95,"lower_bound":399.2199877457858,"upper_bound":1337.1537827560715},"point_estimate":1052.2136288858137,"standard_error":243.14393576613125}}