{"Mean":{"confidence_interval":{"confidence_level":0.95,"lower_bound":866.3726137358557,"upper_bound":951.133690387793},"point_estimate":909.4242993248547,"standard_error":21.72171449042228},"Median":{"confidence_interval":{"confidence_level":0.95,"lower_bound":851.8693968813379,"upper_bound":963.0692896565482},"point_estimate":923.379471393793,"standard_error":27.16138956525476},"MedianAbsDev":{"confidence_interval":{"confidence_level":0.95,"lower_bound":1.6265148877819597,"upper_bound":129.4569442746426},"point_estimate":67.52360088664165,"standard_error":30.544349281925303},"Slope":{"confidence_interval":{"confidence_level":0.95,"lower_bound":919.2181181334689,"upper_bound":975.6380270300579},"point_estimate":948.2726381508242,"standard_error":14.345417011818354},"StdDev":{"confidence_interval":{"confidence_level":0.95,"lower_bound":39.013899714010755,"upper_bound":91.39870137248846},"point_estimate":72.37889462059012,"standard_error":13.312532394723158}}