{"Mean":{"confidence_interval":{"confidence_level":0.95,"lower_bound":211310.1424679872,"upper_bound":217371.09282860643},"point_estimate":214382.6988031879,"standard_error":1549.856013365746},"Median":{"confidence_interval":{"confidence_level":0.95,"lower_bound":211461.89203181275,"upper_bound":217476.306302521},"point_estimate":214906.27212885153,"standard_error":1356.6722532303697},"MedianAbsDev":{"confidence_interval":{"confidence_level":0.95,"lower_bound":514.152519891609,"upper_bound":8472.390226055577},"point_estimate":3870.093316880328,"standard_error":1948.756729133513},"Slope":{"confidence_interval":{"confidence_level":0.95,"lower_bound":211871.87653506733,"upper_bound":217750.73084734476},"point_estimate":215101.436952963,"standard_error":1474.7391884119018},"StdDev":{"confidence_interval":{"confidence_level":0.95,"lower_bound":2128.943388912314,"upper_bound":7064.363020168683},"point_estimate":5190.215949687492,"standard_error":1257.8054896276935}}