{"Mean":{"confidence_interval":{"confidence_level":0.95,"lower_bound":126.9155089020222,"upper_bound":137.47267908235057},"point_estimate":131.09651621562392,"standard_error":2.869903161410947},"Median":{"confidence_interval":{"confidence_level":0.95,"lower_bound":125.90420661735118,"upper_bound":132.2207643632062},"point_estimate":127.96056987815422,"standard_error":1.762170328068095},"MedianAbsDev":{"confidence_interval":{"confidence_level":0.95,"lower_bound":0.766553755344055,"upper_bound":7.152756542669555},"point_estimate":3.6667431479500983,"standard_error":1.669574562419993},"Slope":{"confidence_interval":{"confidence_level":0.95,"lower_bound":126.56804643626656,"upper_bound":129.23547663552893},"point_estimate":127.51758752999267,"standard_error":0.6872855913602175},"StdDev":{"confidence_interval":{"confidence_level":0.95,"lower_bound":1.9745324832458147,"upper_bound":14.55484821344483},"point_estimate":9.595002391106409,"standard_error":4.184961790042323}}