{"Mean":{"confidence_interval":{"confidence_level":0.95,"lower_bound":145737.28173595844,"upper_bound":155574.4742753663},"point_estimate":150239.9197960928,"standard_error":2532.9764058367086},"Median":{"confidence_interval":{"confidence_level":0.95,"lower_bound":144100.9097069597,"upper_bound":157038.905982906},"point_estimate":146985.6717948718,"standard_error":2950.0754095336447},"MedianAbsDev":{"confidence_interval":{"confidence_level":0.95,"lower_bound":905.0254570094946,"upper_bound":12124.271490289602},"point_estimate":4910.1812169294135,"standard_error":2850.783499565908},"Slope":{"confidence_interval":{"confidence_level":0.95,"lower_bound":144134.04402932883,"upper_bound":148434.45725360577},"point_estimate":145536.57030969032,"standard_error":1104.6293228236905},"StdDev":{"confidence_interval":{"confidence_level":0.95,"lower_bound":2673.623476472133,"upper_bound":10562.502659135846},"point_estimate":8418.641100955414,"standard_error":2071.825753185015}}