{"Mean":{"confidence_interval":{"confidence_level":0.95,"lower_bound":3732.5957750558414,"upper_bound":3911.892769063174},"point_estimate":3817.924787699514,"standard_error":46.047095555765125},"Median":{"confidence_interval":{"confidence_level":0.95,"lower_bound":3676.313748096275,"upper_bound":3945.9772940774583},"point_estimate":3792.276563901106,"standard_error":76.54423901258673},"MedianAbsDev":{"confidence_interval":{"confidence_level":0.95,"lower_bound":11.571204148050787,"upper_bound":267.6281630149941},"point_estimate":168.02024183962456,"standard_error":71.07817856322164},"Slope":{"confidence_interval":{"confidence_level":0.95,"lower_bound":3688.663423196485,"upper_bound":3801.546151044521},"point_estimate":3738.0736510425822,"standard_error":30.020359198514818},"StdDev":{"confidence_interval":{"confidence_level":0.95,"lower_bound":84.27213962177412,"upper_bound":190.11318223021505},"point_estimate":152.8555369923681,"standard_error":27.506302325224997}}