{"Mean":{"confidence_interval":{"confidence_level":0.95,"lower_bound":933.7384141018867,"upper_bound":967.0083359354607},"point_estimate":952.1227360522726,"standard_error":8.576128999954221},"Median":{"confidence_interval":{"confidence_level":0.95,"lower_bound":937.2971952535058,"upper_bound":971.5032903209828},"point_estimate":964.1810249527458,"standard_error":10.6361984388003},"MedianAbsDev":{"confidence_interval":{"confidence_level":0.95,"lower_bound":2.331176816372611,"upper_bound":44.44069696009545},"point_estimate":18.36972076825171,"standard_error":10.638102857277946},"Slope":{"confidence_interval":{"confidence_level":0.95,"lower_bound":958.3816730114048,"upper_bound":971.1401108888906},"point_estimate":967.2320955314417,"standard_error":3.329329896613021},"StdDev":{"confidence_interval":{"confidence_level":0.95,"lower_bound":11.68686771344728,"upper_bound":39.42323480790084},"point_estimate":28.478127236077732,"standard_error":7.962412617577538}}