{"Mean":{"confidence_interval":{"confidence_level":0.95,"lower_bound":50032.43289851747,"upper_bound":56786.43241182689},"point_estimate":53441.757868407876,"standard_error":1732.261166697231},"Median":{"confidence_interval":{"confidence_level":0.95,"lower_bound":47545.52024922118,"upper_bound":58832.47507788162},"point_estimate":53510.646962616825,"standard_error":2745.5341269656915},"MedianAbsDev":{"confidence_interval":{"confidence_level":0.95,"lower_bound":1569.5004481872024,"upper_bound":9753.54798609809},"point_estimate":8055.882553860337,"standard_error":2275.85323441869},"Slope":{"confidence_interval":{"confidence_level":0.95,"lower_bound":54585.44829928884,"upper_bound":59209.51643734199},"point_estimate":57590.165217259375,"standard_error":1198.6614376201624},"StdDev":{"confidence_interval":{"confidence_level":0.95,"lower_bound":3494.262345152279,"upper_bound":6954.848730994818},"point_estimate":5785.126467786029,"standard_error":868.9268710318886}}