{"Mean":{"confidence_interval":{"confidence_level":0.95,"lower_bound":68095.80253536414,"upper_bound":70391.53964052288},"point_estimate":69240.02741643324,"standard_error":586.7024844559072},"Median":{"confidence_interval":{"confidence_level":0.95,"lower_bound":67747.92941176471,"upper_bound":70489.66031746031},"point_estimate":69309.93568627452,"standard_error":783.9169353432133},"MedianAbsDev":{"confidence_interval":{"confidence_level":0.95,"lower_bound":367.16937195203235,"upper_bound":3384.83024726019},"point_estimate":1891.072192956154,"standard_error":738.2904027826814},"Slope":{"confidence_interval":{"confidence_level":0.95,"lower_bound":69403.05877192982,"upper_bound":71668.62534872313},"point_estimate":70662.6783498854,"standard_error":606.5401447778233},"StdDev":{"confidence_interval":{"confidence_level":0.95,"lower_bound":1031.9233443440048,"upper_bound":2560.327225691438},"point_estimate":1951.534791633439,"standard_error":397.13032821395495}}