{"Mean":{"confidence_interval":{"confidence_level":0.95,"lower_bound":200824.0210896088,"upper_bound":205186.8477748653},"point_estimate":203009.11619930464,"standard_error":1115.4448684011104},"Median":{"confidence_interval":{"confidence_level":0.95,"lower_bound":199630.84239296638,"upper_bound":206412.9130733945},"point_estimate":203770.7728447648,"standard_error":1969.3011604018388},"MedianAbsDev":{"confidence_interval":{"confidence_level":0.95,"lower_bound":175.01806484006636,"upper_bound":6120.321751529853},"point_estimate":5450.570695159624,"standard_error":1553.3190188143026},"Slope":{"confidence_interval":{"confidence_level":0.95,"lower_bound":200373.01300492178,"upper_bound":204979.44391609274},"point_estimate":202949.72929226735,"standard_error":1189.733829315197},"StdDev":{"confidence_interval":{"confidence_level":0.95,"lower_bound":2358.908381890934,"upper_bound":4456.500874777757},"point_estimate":3718.0106755355723,"standard_error":534.2270682504009}}