{"Mean":{"confidence_interval":{"confidence_level":0.95,"lower_bound":1264.6779674850582,"upper_bound":1299.655877301047},"point_estimate":1282.2589418181592,"standard_error":8.963496150433963},"Median":{"confidence_interval":{"confidence_level":0.95,"lower_bound":1256.9182543965244,"upper_bound":1307.9663982400066},"point_estimate":1281.5257533357317,"standard_error":13.144742121927711},"MedianAbsDev":{"confidence_interval":{"confidence_level":0.95,"lower_bound":5.651927673654092,"upper_bound":53.072942005513745},"point_estimate":32.11498568072708,"standard_error":11.27181272998151},"Slope":{"confidence_interval":{"confidence_level":0.95,"lower_bound":1269.0301194238223,"upper_bound":1297.0601617478173},"point_estimate":1280.9154922326438,"standard_error":7.153697996440131},"StdDev":{"confidence_interval":{"confidence_level":0.95,"lower_bound":17.858037400693025,"upper_bound":36.744006199534994},"point_estimate":29.905591774880875,"standard_error":4.822161951866918}}