{"Mean":{"confidence_interval":{"confidence_level":0.95,"lower_bound":2434.982799945895,"upper_bound":2575.543620683122},"point_estimate":2514.0779445700464,"standard_error":36.294397353080825},"Median":{"confidence_interval":{"confidence_level":0.95,"lower_bound":2458.524956039497,"upper_bound":2591.7107746710208},"point_estimate":2579.792165261433,"standard_error":40.723369906601796},"MedianAbsDev":{"confidence_interval":{"confidence_level":0.95,"lower_bound":4.278345520103856,"upper_bound":172.2175290341457},"point_estimate":33.46745001722351,"standard_error":47.43146079934313},"Slope":{"confidence_interval":{"confidence_level":0.95,"lower_bound":2557.1650777570885,"upper_bound":2591.015494534944},"point_estimate":2580.439505136191,"standard_error":8.872694406135661},"StdDev":{"confidence_interval":{"confidence_level":0.95,"lower_bound":39.36187038177311,"upper_bound":169.77397322741365},"point_estimate":120.77196405325802,"standard_error":37.21661633548561}}