{"Mean":{"confidence_interval":{"confidence_level":0.95,"lower_bound":124285.36382283024,"upper_bound":125158.00198348789},"point_estimate":124738.2418363778,"standard_error":222.78699295294135},"Median":{"confidence_interval":{"confidence_level":0.95,"lower_bound":124230.66739873108,"upper_bound":125328.44891817146},"point_estimate":124810.0975841874,"standard_error":251.53579050418003},"MedianAbsDev":{"confidence_interval":{"confidence_level":0.95,"lower_bound":104.47217774993598,"upper_bound":1312.063350937547},"point_estimate":528.510395430395,"standard_error":304.98247761689424},"Slope":{"confidence_interval":{"confidence_level":0.95,"lower_bound":124009.70373253527,"upper_bound":124916.78061418018},"point_estimate":124554.1536688787,"standard_error":232.99928148170514},"StdDev":{"confidence_interval":{"confidence_level":0.95,"lower_bound":380.9540665305153,"upper_bound":958.0378598819277},"point_estimate":742.3727819907572,"standard_error":149.30635197653373}}