{"Mean":{"confidence_interval":{"confidence_level":0.95,"lower_bound":97450.60593654435,"upper_bound":101605.57955550095},"point_estimate":99586.06149228194,"standard_error":1062.6601193705899},"Median":{"confidence_interval":{"confidence_level":0.95,"lower_bound":96809.88939220185,"upper_bound":102514.56605504587},"point_estimate":99805.04789209261,"standard_error":1188.8404743880255},"MedianAbsDev":{"confidence_interval":{"confidence_level":0.95,"lower_bound":853.1048206915204,"upper_bound":6610.944793549705},"point_estimate":2721.7468019660346,"standard_error":1584.3547174209868},"Slope":{"confidence_interval":{"confidence_level":0.95,"lower_bound":98824.15320195557,"upper_bound":103246.90360762428},"point_estimate":101748.73118074586,"standard_error":1123.430373414986},"StdDev":{"confidence_interval":{"confidence_level":0.95,"lower_bound":1849.7784947885334,"upper_bound":4526.331851088837},"point_estimate":3551.4369851922943,"standard_error":687.6422658839082}}