{"Mean":{"confidence_interval":{"confidence_level":0.95,"lower_bound":157283.8956669628,"upper_bound":177512.56187153517},"point_estimate":167664.93953861645,"standard_error":5155.431583012102},"Median":{"confidence_interval":{"confidence_level":0.95,"lower_bound":149772.1550580431,"upper_bound":181855.59577114426},"point_estimate":177688.9726723525,"standard_error":10512.40297363323},"MedianAbsDev":{"confidence_interval":{"confidence_level":0.95,"lower_bound":1915.5689547978288,"upper_bound":26390.136188894397},"point_estimate":8882.955584261199,"standard_error":7467.146699582829},"Slope":{"confidence_interval":{"confidence_level":0.95,"lower_bound":172105.72836520727,"upper_bound":182089.3410587163},"point_estimate":179211.3369386832,"standard_error":2637.712970664472},"StdDev":{"confidence_interval":{"confidence_level":0.95,"lower_bound":10061.20457055757,"upper_bound":19356.83900000184},"point_estimate":17241.29100910179,"standard_error":2294.3525764586834}}