{"Mean":{"confidence_interval":{"confidence_level":0.95,"lower_bound":1702.435995503548,"upper_bound":1765.8437858323516},"point_estimate":1734.2863108773277,"standard_error":16.301959130138727},"Median":{"confidence_interval":{"confidence_level":0.95,"lower_bound":1688.2416988575656,"upper_bound":1789.209460014794},"point_estimate":1729.5083333333334,"standard_error":25.921697932897818},"MedianAbsDev":{"confidence_interval":{"confidence_level":0.95,"lower_bound":17.384307545671952,"upper_bound":96.28679071132308},"point_estimate":72.00089113152562,"standard_error":20.42586667622549},"Slope":{"confidence_interval":{"confidence_level":0.95,"lower_bound":1740.0397512825687,"upper_bound":1793.612642626654},"point_estimate":1776.3768636475713,"standard_error":13.647142006448929},"StdDev":{"confidence_interval":{"confidence_level":0.95,"lower_bound":33.752163188215256,"upper_bound":65.04194579208564},"point_estimate":54.37859422270297,"standard_error":7.953394155695782}}