{"Mean":{"confidence_interval":{"confidence_level":0.95,"lower_bound":170455.60253265157,"upper_bound":180268.34678661407},"point_estimate":175062.24153862128,"standard_error":2514.2478227433166},"Median":{"confidence_interval":{"confidence_level":0.95,"lower_bound":167222.14534883722,"upper_bound":181827.2281007752},"point_estimate":173620.18247508304,"standard_error":3562.4551391140903},"MedianAbsDev":{"confidence_interval":{"confidence_level":0.95,"lower_bound":790.7580566007966,"upper_bound":14122.293428348934},"point_estimate":7795.320487986207,"standard_error":3593.9857216146856},"Slope":{"confidence_interval":{"confidence_level":0.95,"lower_bound":174741.6523966873,"upper_bound":185269.10200119275},"point_estimate":179967.64605859257,"standard_error":2778.406285821177},"StdDev":{"confidence_interval":{"confidence_level":0.95,"lower_bound":4104.14509964278,"upper_bound":10637.740872325468},"point_estimate":8395.128228171572,"standard_error":1711.3731950788138}}