{"Mean":{"confidence_interval":{"confidence_level":0.95,"lower_bound":983915.5074626383,"upper_bound":1089116.8775863624},"point_estimate":1028811.4998873299,"standard_error":27254.28525810675},"Median":{"confidence_interval":{"confidence_level":0.95,"lower_bound":980212.0178571428,"upper_bound":1081919.11875},"point_estimate":988649.599702381,"standard_error":22212.77342936118},"MedianAbsDev":{"confidence_interval":{"confidence_level":0.95,"lower_bound":1413.8130711497693,"upper_bound":136265.42867205516},"point_estimate":13342.880033652275,"standard_error":24147.339453681598},"Slope":{"confidence_interval":{"confidence_level":0.95,"lower_bound":986503.8846302748,"upper_bound":1061973.924347955},"point_estimate":1009469.3264378479,"standard_error":19960.75540027143},"StdDev":{"confidence_interval":{"confidence_level":0.95,"lower_bound":8401.317339667155,"upper_bound":117427.60404008317},"point_estimate":90731.33331095605,"standard_error":29527.08991656318}}