{"Mean":{"confidence_interval":{"confidence_level":0.95,"lower_bound":700.1679910742735,"upper_bound":705.0294810825359},"point_estimate":702.7629240570246,"standard_error":1.250224390095119},"Median":{"confidence_interval":{"confidence_level":0.95,"lower_bound":699.7827818286908,"upper_bound":705.6650112264633},"point_estimate":703.6170558877798,"standard_error":1.2584072101540742},"MedianAbsDev":{"confidence_interval":{"confidence_level":0.95,"lower_bound":0.6678917928243083,"upper_bound":6.941870827671977},"point_estimate":2.9060850238796445,"standard_error":1.578946886898405},"Slope":{"confidence_interval":{"confidence_level":0.95,"lower_bound":703.257506873257,"upper_bound":706.2548056164435},"point_estimate":704.7480491187002,"standard_error":0.7689424826106485},"StdDev":{"confidence_interval":{"confidence_level":0.95,"lower_bound":1.6597472193219096,"upper_bound":5.3601509279167745},"point_estimate":4.175024277160235,"standard_error":0.9490480238022105}}