{"Mean":{"confidence_interval":{"confidence_level":0.95,"lower_bound":28338.33162899431,"upper_bound":28449.540699172103},"point_estimate":28381.01121329551,"standard_error":30.760028790348002},"Median":{"confidence_interval":{"confidence_level":0.95,"lower_bound":28330.454971857413,"upper_bound":28379.083541796957},"point_estimate":28352.517771523868,"standard_error":14.553305766197964},"MedianAbsDev":{"confidence_interval":{"confidence_level":0.95,"lower_bound":5.96475061330535,"upper_bound":61.591124595253206},"point_estimate":36.04835825619829,"standard_error":15.151524021338075},"Slope":{"confidence_interval":{"confidence_level":0.95,"lower_bound":28332.63163352569,"upper_bound":28409.190328499884},"point_estimate":28358.367822421482,"standard_error":19.82708263785985},"StdDev":{"confidence_interval":{"confidence_level":0.95,"lower_bound":17.65697679756377,"upper_bound":156.48856298332356},"point_estimate":102.36821326511468,"standard_error":47.38528731695163}}