{"Mean":{"confidence_interval":{"confidence_level":0.95,"lower_bound":4122882.6738839285,"upper_bound":4203460.890432292},"point_estimate":4167873.4414732135,"standard_error":20839.482048471942},"Median":{"confidence_interval":{"confidence_level":0.95,"lower_bound":4132126.1875,"upper_bound":4213983.291666667},"point_estimate":4192119.0167410714,"standard_error":24393.459394896017},"MedianAbsDev":{"confidence_interval":{"confidence_level":0.95,"lower_bound":2273.6319233852405,"upper_bound":97637.95957782933},"point_estimate":37412.661313917255,"standard_error":25389.107731455202},"Slope":{"confidence_interval":{"confidence_level":0.95,"lower_bound":4146910.559186375,"upper_bound":4211782.2047885815},"point_estimate":4177332.4284090907,"standard_error":17123.257611021752},"StdDev":{"confidence_interval":{"confidence_level":0.95,"lower_bound":26241.734828095017,"upper_bound":97710.81882940503},"point_estimate":69286.44064505839,"standard_error":21043.534511932303}}