{"Mean":{"confidence_interval":{"confidence_level":0.95,"lower_bound":1049317.1345176252,"upper_bound":1217712.4274842301},"point_estimate":1138814.2910111318,"standard_error":43648.64054608037},"Median":{"confidence_interval":{"confidence_level":0.95,"lower_bound":935754.1493506493,"upper_bound":1248106.7688311688},"point_estimate":1214522.04491342,"standard_error":79338.52894579068},"MedianAbsDev":{"confidence_interval":{"confidence_level":0.95,"lower_bound":1156.7737590084655,"upper_bound":188948.0167299179},"point_estimate":71723.44513438162,"standard_error":57808.66536961177},"Slope":{"confidence_interval":{"confidence_level":0.95,"lower_bound":972850.8170337117,"upper_bound":1164724.6533371247},"point_estimate":1057446.7490301905,"standard_error":49296.92796982707},"StdDev":{"confidence_interval":{"confidence_level":0.95,"lower_bound":51026.98533964525,"upper_bound":165030.59272551932},"point_estimate":145329.61949654677,"standard_error":24643.154517883835}}