{"Mean":{"confidence_interval":{"confidence_level":0.95,"lower_bound":1148652.124385119,"upper_bound":1166619.2186697281},"point_estimate":1157521.8529387754,"standard_error":4607.214705885348},"Median":{"confidence_interval":{"confidence_level":0.95,"lower_bound":1144083.2914285713,"upper_bound":1174819.3035714286},"point_estimate":1152938.2285714285,"standard_error":9052.974476811201},"MedianAbsDev":{"confidence_interval":{"confidence_level":0.95,"lower_bound":2063.8902827156912,"upper_bound":24589.436447735876},"point_estimate":19693.836997864433,"standard_error":6140.789056095231},"Slope":{"confidence_interval":{"confidence_level":0.95,"lower_bound":1154812.5312090616,"upper_bound":1173336.8559518273},"point_estimate":1167399.640445269,"standard_error":4661.716864062465},"StdDev":{"confidence_interval":{"confidence_level":0.95,"lower_bound":10239.221998022285,"upper_bound":17476.83558926894},"point_estimate":15373.72885965418,"standard_error":1879.5556408847742}}