{"Mean":{"confidence_interval":{"confidence_level":0.95,"lower_bound":10053767.88876984,"upper_bound":10106313.083630953},"point_estimate":10085271.080019841,"standard_error":14118.543680907678},"Median":{"confidence_interval":{"confidence_level":0.95,"lower_bound":10085225.1,"upper_bound":10111189.9875},"point_estimate":10090984.90625,"standard_error":7450.933133323039},"MedianAbsDev":{"confidence_interval":{"confidence_level":0.95,"lower_bound":2651.3417695965545,"upper_bound":37754.19947139566},"point_estimate":13501.265772805078,"standard_error":9597.754681555822},"Slope":{"confidence_interval":{"confidence_level":0.95,"lower_bound":10085241.10146439,"upper_bound":10112791.311673842},"point_estimate":10100468.220779222,"standard_error":7175.167263856287},"StdDev":{"confidence_interval":{"confidence_level":0.95,"lower_bound":9359.850782223983,"upper_bound":71533.02826566156},"point_estimate":47190.507131363265,"standard_error":20368.33397322744}}