{"Mean":{"confidence_interval":{"confidence_level":0.95,"lower_bound":279830.6653616023,"upper_bound":282012.35276684567},"point_estimate":280835.43280892924,"standard_error":560.3651637862159},"Median":{"confidence_interval":{"confidence_level":0.95,"lower_bound":279495.0974639367,"upper_bound":281546.30325732904},"point_estimate":280857.6832247557,"standard_error":665.7244391303792},"MedianAbsDev":{"confidence_interval":{"confidence_level":0.95,"lower_bound":222.21867607118295,"upper_bound":2889.0031222115927},"point_estimate":1448.2129679698608,"standard_error":678.1042048329182},"Slope":{"confidence_interval":{"confidence_level":0.95,"lower_bound":279297.0968907314,"upper_bound":281400.2468304615},"point_estimate":280177.6841236939,"standard_error":536.7387071139269},"StdDev":{"confidence_interval":{"confidence_level":0.95,"lower_bound":839.855482117049,"upper_bound":2597.4101450991725},"point_estimate":1869.3019313060088,"standard_error":510.63846435946135}}