{"Mean":{"confidence_interval":{"confidence_level":0.95,"lower_bound":359314.28830722935,"upper_bound":360564.44590220804},"point_estimate":359928.9937962963,"standard_error":321.29591410004457},"Median":{"confidence_interval":{"confidence_level":0.95,"lower_bound":359127.1427350427,"upper_bound":361257.4974358974},"point_estimate":359485.80648148153,"standard_error":567.2771099514999},"MedianAbsDev":{"confidence_interval":{"confidence_level":0.95,"lower_bound":34.503712849020474,"upper_bound":1685.4904537304},"point_estimate":1132.6000318538556,"standard_error":485.38785751064},"Slope":{"confidence_interval":{"confidence_level":0.95,"lower_bound":359249.9656731846,"upper_bound":360863.82252551377},"point_estimate":360102.25667665666,"standard_error":420.84961893345695},"StdDev":{"confidence_interval":{"confidence_level":0.95,"lower_bound":662.158326421966,"upper_bound":1264.9368477685243},"point_estimate":1070.1534881440464,"standard_error":152.99092720084656}}