{"Mean":{"confidence_interval":{"confidence_level":0.95,"lower_bound":39403.739106336834,"upper_bound":39668.415676975004},"point_estimate":39513.99679717762,"standard_error":69.66920921970981},"Median":{"confidence_interval":{"confidence_level":0.95,"lower_bound":39370.50425160163,"upper_bound":39572.07250187204},"point_estimate":39410.0992121271,"standard_error":54.46038870814566},"MedianAbsDev":{"confidence_interval":{"confidence_level":0.95,"lower_bound":4.118759005213188,"upper_bound":240.58032332795634},"point_estimate":72.52184591205415,"standard_error":62.80341544934333},"Slope":{"confidence_interval":{"confidence_level":0.95,"lower_bound":39387.77522611057,"upper_bound":39492.57270731598},"point_estimate":39424.06189745025,"standard_error":26.88585742576166},"StdDev":{"confidence_interval":{"confidence_level":0.95,"lower_bound":48.85465783499894,"upper_bound":342.62853417753183},"point_estimate":233.5309888653369,"standard_error":87.37253940781369}}