{"Mean":{"confidence_interval":{"confidence_level":0.95,"lower_bound":1144.7170315030357,"upper_bound":1201.9184736914797},"point_estimate":1175.0626113844614,"standard_error":14.625243374759947},"Median":{"confidence_interval":{"confidence_level":0.95,"lower_bound":1142.152084926919,"upper_bound":1211.222887680635},"point_estimate":1189.9629317612253,"standard_error":18.170352648460767},"MedianAbsDev":{"confidence_interval":{"confidence_level":0.95,"lower_bound":5.688622204796084,"upper_bound":81.38729046015366},"point_estimate":50.98945573323783,"standard_error":19.581604318446775},"Slope":{"confidence_interval":{"confidence_level":0.95,"lower_bound":1184.080807383838,"upper_bound":1215.7851919208804},"point_estimate":1199.8357672180416,"standard_error":8.078756450068406},"StdDev":{"confidence_interval":{"confidence_level":0.95,"lower_bound":23.798027801282934,"upper_bound":64.81474848132116},"point_estimate":48.71511141329648,"standard_error":11.156778943556231}}