{"Mean":{"confidence_interval":{"confidence_level":0.95,"lower_bound":61041.38745656528,"upper_bound":62470.33756609928},"point_estimate":61716.185284066116,"standard_error":366.5931711762145},"Median":{"confidence_interval":{"confidence_level":0.95,"lower_bound":60672.217800289436,"upper_bound":62614.40858084671},"point_estimate":61649.64294500723,"standard_error":505.80865091758153},"MedianAbsDev":{"confidence_interval":{"confidence_level":0.95,"lower_bound":165.48064995648517,"upper_bound":2023.071994416747},"point_estimate":1357.6668416925384,"standard_error":517.5285688287278},"Slope":{"confidence_interval":{"confidence_level":0.95,"lower_bound":61568.69655047237,"upper_bound":62840.20264101896},"point_estimate":62118.81471610878,"standard_error":323.1661988024102},"StdDev":{"confidence_interval":{"confidence_level":0.95,"lower_bound":606.9330999701853,"upper_bound":1535.1123391916612},"point_estimate":1216.9257520374124,"standard_error":239.30067262919738}}