{"Mean":{"confidence_interval":{"confidence_level":0.95,"lower_bound":26022.185745890274,"upper_bound":28931.990051990495},"point_estimate":27468.986417607444,"standard_error":747.4378868297165},"Median":{"confidence_interval":{"confidence_level":0.95,"lower_bound":25234.271538918598,"upper_bound":30011.72780748663},"point_estimate":27375.512616359676,"standard_error":1234.8114494935417},"MedianAbsDev":{"confidence_interval":{"confidence_level":0.95,"lower_bound":724.4463870196713,"upper_bound":4105.0403375666},"point_estimate":3541.528269014787,"standard_error":884.0996049856302},"Slope":{"confidence_interval":{"confidence_level":0.95,"lower_bound":27768.136261893716,"upper_bound":30116.872443247645},"point_estimate":29337.13277002261,"standard_error":598.7308640185545},"StdDev":{"confidence_interval":{"confidence_level":0.95,"lower_bound":1568.1518025566404,"upper_bound":2968.660847078534},"point_estimate":2493.4374781758215,"standard_error":356.14629429813044}}