{"Mean":{"confidence_interval":{"confidence_level":0.95,"lower_bound":129301.51638713058,"upper_bound":132623.14251522778},"point_estimate":131007.94750612983,"standard_error":852.4909060056187},"Median":{"confidence_interval":{"confidence_level":0.95,"lower_bound":128242.47493224932,"upper_bound":133177.40792360302},"point_estimate":132048.88909214092,"standard_error":1467.7957852546258},"MedianAbsDev":{"confidence_interval":{"confidence_level":0.95,"lower_bound":590.4538519665315,"upper_bound":4367.266583779873},"point_estimate":3305.964468638011,"standard_error":1130.9614076039916},"Slope":{"confidence_interval":{"confidence_level":0.95,"lower_bound":131589.3827866794,"upper_bound":133956.80376906416},"point_estimate":133097.08992186675,"standard_error":613.2684147293704},"StdDev":{"confidence_interval":{"confidence_level":0.95,"lower_bound":1744.5497621270424,"upper_bound":3397.8075615418634},"point_estimate":2841.1425127545476,"standard_error":421.6926857958777}}