{"Mean":{"confidence_interval":{"confidence_level":0.95,"lower_bound":115023.82673024766,"upper_bound":118571.03277377617},"point_estimate":116503.22268196168,"standard_error":927.0593618274638},"Median":{"confidence_interval":{"confidence_level":0.95,"lower_bound":115105.19514472455,"upper_bound":116847.85329131653},"point_estimate":115986.15962496109,"standard_error":462.7467522979262},"MedianAbsDev":{"confidence_interval":{"confidence_level":0.95,"lower_bound":288.50602968193283,"upper_bound":3010.060940024779},"point_estimate":1052.223073476177,"standard_error":689.999372937232},"Slope":{"confidence_interval":{"confidence_level":0.95,"lower_bound":114489.18883442266,"upper_bound":116151.84942358446},"point_estimate":115379.26006766343,"standard_error":420.20736772940506},"StdDev":{"confidence_interval":{"confidence_level":0.95,"lower_bound":652.5083867040719,"upper_bound":4590.888686341508},"point_estimate":3087.8793446034647,"standard_error":1205.8642691785371}}