{"Mean":{"confidence_interval":{"confidence_level":0.95,"lower_bound":26718191.978888888,"upper_bound":27373134.662222218},"point_estimate":27032670.75428571,"standard_error":167240.33312125175},"Median":{"confidence_interval":{"confidence_level":0.95,"lower_bound":26539456.777777776,"upper_bound":27362972.476190478},"point_estimate":26993669.333333336,"standard_error":177403.784765534},"MedianAbsDev":{"confidence_interval":{"confidence_level":0.95,"lower_bound":22688.39213053508,"upper_bound":934255.7608803129},"point_estimate":610472.176395288,"standard_error":242678.1886053307},"Slope":{"confidence_interval":{"confidence_level":0.95,"lower_bound":26801926.446127947,"upper_bound":27678334.49813572},"point_estimate":27273130.55151515,"standard_error":224543.98691968463},"StdDev":{"confidence_interval":{"confidence_level":0.95,"lower_bound":282295.3528997456,"upper_bound":736495.0185375488},"point_estimate":557759.5607197931,"standard_error":121571.1242151537}}