{"Mean":{"confidence_interval":{"confidence_level":0.95,"lower_bound":361507.5958333334,"upper_bound":367802.4002285714},"point_estimate":364888.9538285714,"standard_error":1621.3715189006941},"Median":{"confidence_interval":{"confidence_level":0.95,"lower_bound":362001.85333333333,"upper_bound":367908.6195833333},"point_estimate":366857.8096428572,"standard_error":1755.3651432030379},"MedianAbsDev":{"confidence_interval":{"confidence_level":0.95,"lower_bound":519.4955295271177,"upper_bound":8347.06655070994},"point_estimate":3525.003751918658,"standard_error":2202.411131347536},"Slope":{"confidence_interval":{"confidence_level":0.95,"lower_bound":365863.90422691277,"upper_bound":370386.6975315126},"point_estimate":368422.18825974024,"standard_error":1203.7733894170558},"StdDev":{"confidence_interval":{"confidence_level":0.95,"lower_bound":2325.3071193531814,"upper_bound":7386.09806855598},"point_estimate":5413.594414242077,"standard_error":1388.3337820136928}}