{"Mean":{"confidence_interval":{"confidence_level":0.95,"lower_bound":6258.187710822914,"upper_bound":6400.006354870739},"point_estimate":6328.048615029432,"standard_error":36.37430996218449},"Median":{"confidence_interval":{"confidence_level":0.95,"lower_bound":6215.264566802917,"upper_bound":6441.680802676926},"point_estimate":6308.387809569607,"standard_error":68.56138407653546},"MedianAbsDev":{"confidence_interval":{"confidence_level":0.95,"lower_bound":28.592808520989053,"upper_bound":194.67617194414441},"point_estimate":144.09449389288034,"standard_error":47.136587457440186},"Slope":{"confidence_interval":{"confidence_level":0.95,"lower_bound":6328.1885406203255,"upper_bound":6461.879894339822},"point_estimate":6418.60485797764,"standard_error":34.037677690336366},"StdDev":{"confidence_interval":{"confidence_level":0.95,"lower_bound":78.4646321098008,"upper_bound":140.63161957986821},"point_estimate":121.3344516705723,"standard_error":15.852612744328209}}