{"Mean":{"confidence_interval":{"confidence_level":0.95,"lower_bound":2223263.768665751,"upper_bound":2246421.0041636145},"point_estimate":2236633.62971917,"standard_error":5858.517264870494},"Median":{"confidence_interval":{"confidence_level":0.95,"lower_bound":2223001.326923077,"upper_bound":2246007.704273504},"point_estimate":2244603.0833333335,"standard_error":4906.386022442553},"MedianAbsDev":{"confidence_interval":{"confidence_level":0.95,"lower_bound":491.81262511504235,"upper_bound":31254.205348972984},"point_estimate":2484.5931712743372,"standard_error":5509.626600065915},"Slope":{"confidence_interval":{"confidence_level":0.95,"lower_bound":2242256.318861462,"upper_bound":2249438.6339160837},"point_estimate":2246333.794005994,"standard_error":1908.6331849155883},"StdDev":{"confidence_interval":{"confidence_level":0.95,"lower_bound":1536.859126530298,"upper_bound":24603.731959717246},"point_estimate":19529.05771874326,"standard_error":6083.515652599722}}