{"Mean":{"confidence_interval":{"confidence_level":0.95,"lower_bound":76199.76183631849,"upper_bound":79158.39566569851},"point_estimate":77627.42933788727,"standard_error":758.692544269168},"Median":{"confidence_interval":{"confidence_level":0.95,"lower_bound":75879.96611445783,"upper_bound":79531.30214608433},"point_estimate":77118.61158024956,"standard_error":1029.8643022097183},"MedianAbsDev":{"confidence_interval":{"confidence_level":0.95,"lower_bound":315.3870469609979,"upper_bound":4167.267696065154},"point_estimate":1894.820647196046,"standard_error":1010.057343741422},"Slope":{"confidence_interval":{"confidence_level":0.95,"lower_bound":77303.67054767293,"upper_bound":80698.37637506548},"point_estimate":79486.60720544515,"standard_error":844.5865760624243},"StdDev":{"confidence_interval":{"confidence_level":0.95,"lower_bound":1275.9288616769381,"upper_bound":3197.0414011833},"point_estimate":2523.4982604147463,"standard_error":476.72388684455143}}