{"Mean":{"confidence_interval":{"confidence_level":0.95,"lower_bound":543201.7088284203,"upper_bound":544935.8844633409},"point_estimate":543983.6803269086,"standard_error":445.1609805142715},"Median":{"confidence_interval":{"confidence_level":0.95,"lower_bound":542909.3935185184,"upper_bound":545077.7103174604},"point_estimate":543515.8400793651,"standard_error":453.86114846509946},"MedianAbsDev":{"confidence_interval":{"confidence_level":0.95,"lower_bound":241.03091714943957,"upper_bound":2106.758873708794},"point_estimate":834.296294315319,"standard_error":455.1678790368743},"Slope":{"confidence_interval":{"confidence_level":0.95,"lower_bound":543175.888053467,"upper_bound":545276.1170509061},"point_estimate":543976.1092970521,"standard_error":573.8614269910698},"StdDev":{"confidence_interval":{"confidence_level":0.95,"lower_bound":420.2990413849147,"upper_bound":1894.381570404366},"point_estimate":1485.4417925330208,"standard_error":387.38821372915356}}