{"Mean":{"confidence_interval":{"confidence_level":0.95,"lower_bound":339834.356702215,"upper_bound":342431.5389818335},"point_estimate":341200.9336767457,"standard_error":669.4972698984636},"Median":{"confidence_interval":{"confidence_level":0.95,"lower_bound":338938.3982889734,"upper_bound":343137.87536966626},"point_estimate":341695.4463878327,"standard_error":1006.9657515515337},"MedianAbsDev":{"confidence_interval":{"confidence_level":0.95,"lower_bound":304.7364454073284,"upper_bound":3589.9432957715226},"point_estimate":2228.4081417813222,"standard_error":883.4014708758147},"Slope":{"confidence_interval":{"confidence_level":0.95,"lower_bound":338915.5382018449,"upper_bound":342146.023888246},"point_estimate":340670.5857982322,"standard_error":819.9705004663338},"StdDev":{"confidence_interval":{"confidence_level":0.95,"lower_bound":916.5454705087097,"upper_bound":2658.3972362585096},"point_estimate":2235.581451111645,"standard_error":386.7380484674348}}