{"Mean":{"confidence_interval":{"confidence_level":0.95,"lower_bound":151855.30206146874,"upper_bound":153811.5870851235},"point_estimate":152793.39728510266,"standard_error":500.93856782892885},"Median":{"confidence_interval":{"confidence_level":0.95,"lower_bound":151377.54962406016,"upper_bound":154050.3427318296},"point_estimate":152699.52625313285,"standard_error":720.4146967898539},"MedianAbsDev":{"confidence_interval":{"confidence_level":0.95,"lower_bound":422.83193880900694,"upper_bound":2968.0741768174275},"point_estimate":1832.2930696632943,"standard_error":602.3521660194381},"Slope":{"confidence_interval":{"confidence_level":0.95,"lower_bound":151810.27848592386,"upper_bound":153410.6375650965},"point_estimate":152462.4017771702,"standard_error":408.8712316909523},"StdDev":{"confidence_interval":{"confidence_level":0.95,"lower_bound":915.5847219648474,"upper_bound":2170.373461216342},"point_estimate":1671.3390605141076,"standard_error":339.18409404534987}}