{"Mean":{"confidence_interval":{"confidence_level":0.95,"lower_bound":7437.258096026591,"upper_bound":8175.26648805733},"point_estimate":7812.379805469124,"standard_error":189.08113034824117},"Median":{"confidence_interval":{"confidence_level":0.95,"lower_bound":7242.663848554324,"upper_bound":8375.792043476415},"point_estimate":7882.606411072899,"standard_error":326.02463207476325},"MedianAbsDev":{"confidence_interval":{"confidence_level":0.95,"lower_bound":146.32128057639673,"upper_bound":1039.9923276197455},"point_estimate":801.586131158443,"standard_error":231.6735618199975},"Slope":{"confidence_interval":{"confidence_level":0.95,"lower_bound":7929.598392377873,"upper_bound":8403.644179999492},"point_estimate":8250.022008611691,"standard_error":118.74050131944176},"StdDev":{"confidence_interval":{"confidence_level":0.95,"lower_bound":397.47178833471236,"upper_bound":747.2432875441513},"point_estimate":630.3607088257103,"standard_error":89.06267442968085}}