{"Mean":{"confidence_interval":{"confidence_level":0.95,"lower_bound":873.1881253356105,"upper_bound":911.9749755701864},"point_estimate":893.9026235188661,"standard_error":9.915187328694973},"Median":{"confidence_interval":{"confidence_level":0.95,"lower_bound":869.405074429449,"upper_bound":920.8923874217221},"point_estimate":899.3905842263373,"standard_error":12.89865955731573},"MedianAbsDev":{"confidence_interval":{"confidence_level":0.95,"lower_bound":5.122272227583632,"upper_bound":55.8526220514304},"point_estimate":32.45725379373371,"standard_error":12.251047564668617},"Slope":{"confidence_interval":{"confidence_level":0.95,"lower_bound":878.8628535030126,"upper_bound":921.6455124430228},"point_estimate":903.7227826202403,"standard_error":11.035584427332317},"StdDev":{"confidence_interval":{"confidence_level":0.95,"lower_bound":15.637793529969892,"upper_bound":43.97945041637691},"point_estimate":33.162687521131154,"standard_error":7.742774284910163}}