{"Mean":{"confidence_interval":{"confidence_level":0.95,"lower_bound":12841.151016703865,"upper_bound":13209.618141586432},"point_estimate":13019.410870612928,"standard_error":94.60748992363618},"Median":{"confidence_interval":{"confidence_level":0.95,"lower_bound":12744.88178526628,"upper_bound":13291.79664728019},"point_estimate":12986.202502321488,"standard_error":120.31899669833055},"MedianAbsDev":{"confidence_interval":{"confidence_level":0.95,"lower_bound":43.94734710893388,"upper_bound":551.392731991528},"point_estimate":341.3493949935488,"standard_error":133.9782154442424},"Slope":{"confidence_interval":{"confidence_level":0.95,"lower_bound":12980.466109530797,"upper_bound":13395.989378907101},"point_estimate":13244.320339803884,"standard_error":99.01527438892396},"StdDev":{"confidence_interval":{"confidence_level":0.95,"lower_bound":165.60402531019508,"upper_bound":397.44035876509116},"point_estimate":316.05304283955945,"standard_error":58.1093259670265}}