{"Mean":{"confidence_interval":{"confidence_level":0.95,"lower_bound":269904.0573049913,"upper_bound":273505.66794888594},"point_estimate":271453.8050080093,"standard_error":936.3207477679169},"Median":{"confidence_interval":{"confidence_level":0.95,"lower_bound":269051.11926605506,"upper_bound":272518.8877675841},"point_estimate":270996.8519367992,"standard_error":1097.416049652978},"MedianAbsDev":{"confidence_interval":{"confidence_level":0.95,"lower_bound":71.94142571054876,"upper_bound":4335.865209903723},"point_estimate":2535.754663605223,"standard_error":1084.450931551052},"Slope":{"confidence_interval":{"confidence_level":0.95,"lower_bound":270704.4519701489,"upper_bound":275361.4361395033},"point_estimate":272900.92971126735,"standard_error":1211.8020715000407},"StdDev":{"confidence_interval":{"confidence_level":0.95,"lower_bound":1203.059567973946,"upper_bound":4497.911430930519},"point_estimate":3108.866717911684,"standard_error":1033.1179484518682}}