{"Mean":{"confidence_interval":{"confidence_level":0.95,"lower_bound":58399.49136033396,"upper_bound":58934.78400437213},"point_estimate":58626.69053386456,"standard_error":139.8104490581657},"Median":{"confidence_interval":{"confidence_level":0.95,"lower_bound":58342.46735971384,"upper_bound":58711.385446009386},"point_estimate":58545.09574111335,"standard_error":92.29640187656835},"MedianAbsDev":{"confidence_interval":{"confidence_level":0.95,"lower_bound":39.10524539337763,"upper_bound":494.68361364718925},"point_estimate":273.4789725156669,"standard_error":123.98843730505406},"Slope":{"confidence_interval":{"confidence_level":0.95,"lower_bound":58416.81783898315,"upper_bound":58695.607715546816},"point_estimate":58587.29318421351,"standard_error":70.39691213928954},"StdDev":{"confidence_interval":{"confidence_level":0.95,"lower_bound":141.53608883016597,"upper_bound":685.5439514876228},"point_estimate":466.3157612252105,"standard_error":168.9401758701007}}