{"Mean":{"confidence_interval":{"confidence_level":0.95,"lower_bound":8111.43392567248,"upper_bound":8363.06986058995},"point_estimate":8234.722302257363,"standard_error":64.37589285220764},"Median":{"confidence_interval":{"confidence_level":0.95,"lower_bound":8111.618674431937,"upper_bound":8403.312247237856},"point_estimate":8170.3368539488965,"standard_error":76.59271615404154},"MedianAbsDev":{"confidence_interval":{"confidence_level":0.95,"lower_bound":3.4979837871787223,"upper_bound":367.74842288016595},"point_estimate":186.21550901030565,"standard_error":95.1800264461642},"Slope":{"confidence_interval":{"confidence_level":0.95,"lower_bound":8147.255449834718,"upper_bound":8475.699356368563},"point_estimate":8339.748392258149,"standard_error":86.52402879505914},"StdDev":{"confidence_interval":{"confidence_level":0.95,"lower_bound":110.72798497601093,"upper_bound":278.0458459030632},"point_estimate":214.88748891674243,"standard_error":42.61493781986087}}