{"Mean":{"confidence_interval":{"confidence_level":0.95,"lower_bound":25411.651828478552,"upper_bound":25907.379924138804},"point_estimate":25634.685574693234,"standard_error":127.94490625462113},"Median":{"confidence_interval":{"confidence_level":0.95,"lower_bound":25324.832151300237,"upper_bound":25932.775126646404},"point_estimate":25474.18325734549,"standard_error":148.44166667861288},"MedianAbsDev":{"confidence_interval":{"confidence_level":0.95,"lower_bound":46.48440360736552,"upper_bound":632.6910892994028},"point_estimate":299.0166810743682,"standard_error":159.80472766984983},"Slope":{"confidence_interval":{"confidence_level":0.95,"lower_bound":25441.44548769633,"upper_bound":25862.69532929493},"point_estimate":25675.314290977512,"standard_error":104.56775472973516},"StdDev":{"confidence_interval":{"confidence_level":0.95,"lower_bound":151.18103743681118,"upper_bound":566.6823931856073},"point_estimate":425.9328968451924,"standard_error":111.02244516985843}}