{"Mean":{"confidence_interval":{"confidence_level":0.95,"lower_bound":8946.87901689035,"upper_bound":9135.401353706095},"point_estimate":9039.906089707973,"standard_error":48.33683343429183},"Median":{"confidence_interval":{"confidence_level":0.95,"lower_bound":8908.00299096138,"upper_bound":9184.712042362822},"point_estimate":9006.565710764175,"standard_error":87.69780309776884},"MedianAbsDev":{"confidence_interval":{"confidence_level":0.95,"lower_bound":17.826874824566637,"upper_bound":265.45267006788094},"point_estimate":218.56200262755496,"standard_error":62.22408738309316},"Slope":{"confidence_interval":{"confidence_level":0.95,"lower_bound":9033.168436476679,"upper_bound":9204.801294547948},"point_estimate":9125.590829055907,"standard_error":44.114296620138546},"StdDev":{"confidence_interval":{"confidence_level":0.95,"lower_bound":102.52815450314218,"upper_bound":194.09452921920106},"point_estimate":161.3766845304684,"standard_error":23.442094231154925}}