{"Mean":{"confidence_interval":{"confidence_level":0.95,"lower_bound":639.4377600575702,"upper_bound":723.3852053296005},"point_estimate":678.7026980733475,"standard_error":21.59681193923079},"Median":{"confidence_interval":{"confidence_level":0.95,"lower_bound":621.8355013550135,"upper_bound":734.816332429991},"point_estimate":655.6239052350841,"standard_error":27.09428697194035},"MedianAbsDev":{"confidence_interval":{"confidence_level":0.95,"lower_bound":5.730066180113844,"upper_bound":121.91457927089421},"point_estimate":57.59913812375228,"standard_error":29.13365622390377},"Slope":{"confidence_interval":{"confidence_level":0.95,"lower_bound":653.1455609130888,"upper_bound":765.5557875865702},"point_estimate":726.7575572996711,"standard_error":25.256286398245855},"StdDev":{"confidence_interval":{"confidence_level":0.95,"lower_bound":24.45374060837478,"upper_bound":88.16814028601864},"point_estimate":71.99371721215755,"standard_error":14.542305384218828}}