{"Mean":{"confidence_interval":{"confidence_level":0.95,"lower_bound":25633.11331810214,"upper_bound":25714.553733655488},"point_estimate":25674.797097545954,"standard_error":20.783336722220962},"Median":{"confidence_interval":{"confidence_level":0.95,"lower_bound":25633.420859389807,"upper_bound":25732.37617964753},"point_estimate":25675.69961625924,"standard_error":28.38800349795219},"MedianAbsDev":{"confidence_interval":{"confidence_level":0.95,"lower_bound":7.348336300040875,"upper_bound":120.68323749644439},"point_estimate":54.30162003154652,"standard_error":29.18804627766724},"Slope":{"confidence_interval":{"confidence_level":0.95,"lower_bound":25591.689929920354,"upper_bound":25716.989940171636},"point_estimate":25657.41998109906,"standard_error":34.29329255904436},"StdDev":{"confidence_interval":{"confidence_level":0.95,"lower_bound":36.35401931246178,"upper_bound":90.39250395002455},"point_estimate":69.22015902450116,"standard_error":13.980840421587128}}