{"Mean":{"confidence_interval":{"confidence_level":0.95,"lower_bound":630345.5049656815,"upper_bound":634289.3503038178},"point_estimate":632319.9790755336,"standard_error":1010.4230176685329},"Median":{"confidence_interval":{"confidence_level":0.95,"lower_bound":628822.8906403941,"upper_bound":635359.8493103448},"point_estimate":632204.6527586207,"standard_error":1446.4665205039257},"MedianAbsDev":{"confidence_interval":{"confidence_level":0.95,"lower_bound":811.0744646694823,"upper_bound":5940.223227229573},"point_estimate":4189.475742863308,"standard_error":1373.8348062781895},"Slope":{"confidence_interval":{"confidence_level":0.95,"lower_bound":629005.961310179,"upper_bound":632860.9851629231},"point_estimate":631007.0198119122,"standard_error":987.7991435003935},"StdDev":{"confidence_interval":{"confidence_level":0.95,"lower_bound":2015.0071282740244,"upper_bound":4128.185252051213},"point_estimate":3376.1340981364556,"standard_error":545.664100344511}}