{"Mean":{"confidence_interval":{"confidence_level":0.95,"lower_bound":3909709.4853586303,"upper_bound":4032033.799921982},"point_estimate":3975910.265915533,"standard_error":31409.248334399486},"Median":{"confidence_interval":{"confidence_level":0.95,"lower_bound":3911390.8714285716,"upper_bound":4058474.1071428573},"point_estimate":4001051.644642857,"standard_error":37810.195876764075},"MedianAbsDev":{"confidence_interval":{"confidence_level":0.95,"lower_bound":8565.238179186774,"upper_bound":167430.54849876353},"point_estimate":92780.7444017417,"standard_error":40875.81039142004},"Slope":{"confidence_interval":{"confidence_level":0.95,"lower_bound":3985288.4625310376,"upper_bound":4043158.5981961014},"point_estimate":4015153.512059369,"standard_error":14658.165274149445},"StdDev":{"confidence_interval":{"confidence_level":0.95,"lower_bound":36379.19254252438,"upper_bound":134065.9416532582},"point_estimate":104585.12858937244,"standard_error":23671.46844118706}}