{"Mean":{"confidence_interval":{"confidence_level":0.95,"lower_bound":117.22123873605,"upper_bound":121.2884110900842},"point_estimate":119.43924347994634,"standard_error":1.045668536093984},"Median":{"confidence_interval":{"confidence_level":0.95,"lower_bound":117.1433350182256,"upper_bound":121.84367379458286},"point_estimate":121.13289443944456,"standard_error":1.3007903798067095},"MedianAbsDev":{"confidence_interval":{"confidence_level":0.95,"lower_bound":0.329507279048912,"upper_bound":5.350006036197554},"point_estimate":1.531973515698978,"standard_error":1.3463961668988627},"Slope":{"confidence_interval":{"confidence_level":0.95,"lower_bound":120.62627097248658,"upper_bound":121.95779009188135},"point_estimate":121.56407346429168,"standard_error":0.35313192812810873},"StdDev":{"confidence_interval":{"confidence_level":0.95,"lower_bound":0.8716603411265749,"upper_bound":4.424313110787172},"point_estimate":3.48723800635472,"standard_error":0.8260875978198488}}