{"Mean":{"confidence_interval":{"confidence_level":0.95,"lower_bound":7057842.266857143,"upper_bound":7290904.168352843},"point_estimate":7176744.410489418,"standard_error":59769.487187202256},"Median":{"confidence_interval":{"confidence_level":0.95,"lower_bound":7012525.888888889,"upper_bound":7340950.30952381},"point_estimate":7193411.968518519,"standard_error":106525.83721291521},"MedianAbsDev":{"confidence_interval":{"confidence_level":0.95,"lower_bound":36040.13357765945,"upper_bound":338458.85910782195},"point_estimate":216930.05689872152,"standard_error":83929.68786714986},"Slope":{"confidence_interval":{"confidence_level":0.95,"lower_bound":7214389.509715994,"upper_bound":7343205.577507598},"point_estimate":7293275.429437229,"standard_error":32716.890157862035},"StdDev":{"confidence_interval":{"confidence_level":0.95,"lower_bound":126062.47716017951,"upper_bound":245731.55276596328},"point_estimate":200119.91161171682,"standard_error":31098.670162023158}}