{"Mean":{"confidence_interval":{"confidence_level":0.95,"lower_bound":17605.42416305082,"upper_bound":18018.101812746212},"point_estimate":17802.047313179002,"standard_error":105.77481788905551},"Median":{"confidence_interval":{"confidence_level":0.95,"lower_bound":17516.00364605544,"upper_bound":18198.79802771855},"point_estimate":17627.77277896233,"standard_error":193.41479801819872},"MedianAbsDev":{"confidence_interval":{"confidence_level":0.95,"lower_bound":13.272905137489111,"upper_bound":554.3244675319116},"point_estimate":193.32861298564166,"standard_error":169.23138652562974},"Slope":{"confidence_interval":{"confidence_level":0.95,"lower_bound":17712.68884374153,"upper_bound":18229.42636224845},"point_estimate":18057.60059590729,"standard_error":131.8686898314173},"StdDev":{"confidence_interval":{"confidence_level":0.95,"lower_bound":173.95799678147662,"upper_bound":406.51062169438575},"point_estimate":351.74545863202127,"standard_error":56.096366992369454}}