{"Mean":{"confidence_interval":{"confidence_level":0.95,"lower_bound":28306684.536574073,"upper_bound":28686068.0762963},"point_estimate":28483919.39324074,"standard_error":97055.0105499458},"Median":{"confidence_interval":{"confidence_level":0.95,"lower_bound":28259572.111111112,"upper_bound":28605989.0},"point_estimate":28497152.1412037,"standard_error":111942.46272799619},"MedianAbsDev":{"confidence_interval":{"confidence_level":0.95,"lower_bound":16102.957603007517,"upper_bound":515495.54932034394},"point_estimate":192754.24340292628,"standard_error":130908.67084345807},"Slope":{"confidence_interval":{"confidence_level":0.95,"lower_bound":28401466.734767023,"upper_bound":28680019.60490049},"point_estimate":28541373.76796537,"standard_error":69185.06119929938},"StdDev":{"confidence_interval":{"confidence_level":0.95,"lower_bound":139650.23121218843,"upper_bound":451746.09244976373},"point_estimate":323879.1908465617,"standard_error":86568.61946246428}}