{"Mean":{"confidence_interval":{"confidence_level":0.95,"lower_bound":179.1412206510551,"upper_bound":198.30891337790985},"point_estimate":189.19882818102434,"standard_error":4.925146855502247},"Median":{"confidence_interval":{"confidence_level":0.95,"lower_bound":169.07595054136794,"upper_bound":202.58375690054527},"point_estimate":197.74926271474703,"standard_error":9.06828861434055},"MedianAbsDev":{"confidence_interval":{"confidence_level":0.95,"lower_bound":0.8694575054037286,"upper_bound":25.512931824157533},"point_estimate":8.661635837926887,"standard_error":7.476782211886653},"Slope":{"confidence_interval":{"confidence_level":0.95,"lower_bound":194.44924161292036,"upper_bound":202.0611420518757},"point_estimate":199.92985026820986,"standard_error":2.0116912211715614},"StdDev":{"confidence_interval":{"confidence_level":0.95,"lower_bound":7.532457641259652,"upper_bound":18.668912623500297},"point_estimate":16.405520504675376,"standard_error":2.604354751013223}}