{"Mean":{"confidence_interval":{"confidence_level":0.95,"lower_bound":14235.46968054047,"upper_bound":14560.16600631127},"point_estimate":14396.306447798383,"standard_error":82.66968903902091},"Median":{"confidence_interval":{"confidence_level":0.95,"lower_bound":14198.734057577403,"upper_bound":14556.071971754482},"point_estimate":14406.391673779777,"standard_error":86.67422154369892},"MedianAbsDev":{"confidence_interval":{"confidence_level":0.95,"lower_bound":22.327038685637845,"upper_bound":512.8093567576627},"point_estimate":264.8945910766491,"standard_error":128.20716157353263},"Slope":{"confidence_interval":{"confidence_level":0.95,"lower_bound":14329.085431961943,"upper_bound":14731.339890800853},"point_estimate":14557.738573051067,"standard_error":106.72961010083142},"StdDev":{"confidence_interval":{"confidence_level":0.95,"lower_bound":146.90714581868158,"upper_bound":361.59332406029927},"point_estimate":276.639192587865,"standard_error":55.87721113636165}}