{"Mean":{"confidence_interval":{"confidence_level":0.95,"lower_bound":136364.91928384584,"upper_bound":137069.37926440715},"point_estimate":136713.34858255036,"standard_error":180.7458483905376},"Median":{"confidence_interval":{"confidence_level":0.95,"lower_bound":136247.34781390132,"upper_bound":137215.75227017936},"point_estimate":136703.35132393765,"standard_error":209.68988638298651},"MedianAbsDev":{"confidence_interval":{"confidence_level":0.95,"lower_bound":155.51191526602045,"upper_bound":1157.9038716516159},"point_estimate":487.87644748195436,"standard_error":270.2550966039989},"Slope":{"confidence_interval":{"confidence_level":0.95,"lower_bound":136701.96800513554,"upper_bound":137422.65013558918},"point_estimate":137149.43137848697,"standard_error":185.5124473037994},"StdDev":{"confidence_interval":{"confidence_level":0.95,"lower_bound":334.1585783048362,"upper_bound":760.9178481271189},"point_estimate":603.2280113790545,"standard_error":110.2180561761693}}