{"Mean":{"confidence_interval":{"confidence_level":0.95,"lower_bound":77246.4685506115,"upper_bound":80543.49892011448},"point_estimate":78489.84164476537,"standard_error":931.2439003105408},"Median":{"confidence_interval":{"confidence_level":0.95,"lower_bound":77031.94672131147,"upper_bound":78398.34562841529},"point_estimate":77574.36530054644,"standard_error":345.8172716488918},"MedianAbsDev":{"confidence_interval":{"confidence_level":0.95,"lower_bound":109.3897213366348,"upper_bound":1468.7479147487409},"point_estimate":556.5732736798742,"standard_error":456.73282423336866},"Slope":{"confidence_interval":{"confidence_level":0.95,"lower_bound":77339.28697632058,"upper_bound":77751.43047720184},"point_estimate":77588.4213824427,"standard_error":105.04049033775425},"StdDev":{"confidence_interval":{"confidence_level":0.95,"lower_bound":345.75372604903947,"upper_bound":4744.882907498427},"point_estimate":3097.4300036255318,"standard_error":1488.3263160437161}}