{"Mean":{"confidence_interval":{"confidence_level":0.95,"lower_bound":101309.61802469136,"upper_bound":103051.81279475309},"point_estimate":102211.88591906722,"standard_error":446.94456883104027},"Median":{"confidence_interval":{"confidence_level":0.95,"lower_bound":101154.12510288066,"upper_bound":103478.22633744856},"point_estimate":102356.20370370371,"standard_error":504.936687600872},"MedianAbsDev":{"confidence_interval":{"confidence_level":0.95,"lower_bound":201.4938781511597,"upper_bound":2630.9147349380223},"point_estimate":1505.0576008519015,"standard_error":646.9393018478132},"Slope":{"confidence_interval":{"confidence_level":0.95,"lower_bound":102373.2766513608,"upper_bound":103645.87071872475},"point_estimate":103228.48153492597,"standard_error":303.0621206098747},"StdDev":{"confidence_interval":{"confidence_level":0.95,"lower_bound":743.5137400892089,"upper_bound":1878.4932534727634},"point_estimate":1490.0426546603649,"standard_error":287.9717987426151}}