{"Mean":{"confidence_interval":{"confidence_level":0.95,"lower_bound":2950574.713415259,"upper_bound":2962367.441068612},"point_estimate":2956132.616963646,"standard_error":3025.9114021848986},"Median":{"confidence_interval":{"confidence_level":0.95,"lower_bound":2947261.9390681004,"upper_bound":2963493.68172043},"point_estimate":2953124.385176651,"standard_error":5071.6595835356275},"MedianAbsDev":{"confidence_interval":{"confidence_level":0.95,"lower_bound":1087.1985316661712,"upper_bound":18928.671563948952},"point_estimate":10502.819061924365,"standard_error":4358.930103834277},"Slope":{"confidence_interval":{"confidence_level":0.95,"lower_bound":2948335.8889319543,"upper_bound":2959916.192479596},"point_estimate":2953815.5663175536,"standard_error":3085.952555356658},"StdDev":{"confidence_interval":{"confidence_level":0.95,"lower_bound":5492.311579155715,"upper_bound":12943.408417358842},"point_estimate":10093.367941367656,"standard_error":2020.4920470125755}}