{"Mean":{"confidence_interval":{"confidence_level":0.95,"lower_bound":461282.7743693694,"upper_bound":470323.1421464769},"point_estimate":466355.0592363792,"standard_error":2333.0900566421274},"Median":{"confidence_interval":{"confidence_level":0.95,"lower_bound":462663.5320945946,"upper_bound":471244.9915540541},"point_estimate":468868.6997104247,"standard_error":1920.8495996150932},"MedianAbsDev":{"confidence_interval":{"confidence_level":0.95,"lower_bound":325.48471753234026,"upper_bound":10287.283435044343},"point_estimate":4965.686744521586,"standard_error":2559.9324726995724},"Slope":{"confidence_interval":{"confidence_level":0.95,"lower_bound":466211.0384090715,"upper_bound":470892.28130947426},"point_estimate":468766.3938750439,"standard_error":1194.9294388690748},"StdDev":{"confidence_interval":{"confidence_level":0.95,"lower_bound":2567.4673396692356,"upper_bound":10992.038344903574},"point_estimate":7795.156189128692,"standard_error":2423.165859729394}}