{"Mean":{"confidence_interval":{"confidence_level":0.95,"lower_bound":2891094.4109803922,"upper_bound":2939243.9340640754},"point_estimate":2915261.8333076565,"standard_error":12351.582819510646},"Median":{"confidence_interval":{"confidence_level":0.95,"lower_bound":2892462.823529412,"upper_bound":2956647.375},"point_estimate":2904453.2843137253,"standard_error":17252.167888069533},"MedianAbsDev":{"confidence_interval":{"confidence_level":0.95,"lower_bound":4568.556235362519,"upper_bound":80214.4430173306},"point_estimate":31632.2578001797,"standard_error":18837.980856266888},"Slope":{"confidence_interval":{"confidence_level":0.95,"lower_bound":2912775.8554792474,"upper_bound":2962586.9974310845},"point_estimate":2945113.15355233,"standard_error":12682.23202828076},"StdDev":{"confidence_interval":{"confidence_level":0.95,"lower_bound":22336.65346311262,"upper_bound":53098.242591053524},"point_estimate":41113.99231746016,"standard_error":7890.546650932022}}