{"Mean":{"confidence_interval":{"confidence_level":0.95,"lower_bound":18680.196573440327,"upper_bound":19004.787397569035},"point_estimate":18843.56610416175,"standard_error":83.03347743450297},"Median":{"confidence_interval":{"confidence_level":0.95,"lower_bound":18560.382936039652,"upper_bound":19059.93813429313},"point_estimate":18939.119040594764,"standard_error":151.11989932518964},"MedianAbsDev":{"confidence_interval":{"confidence_level":0.95,"lower_bound":14.935830056996622,"upper_bound":475.8222308562199},"point_estimate":390.9480974999215,"standard_error":129.7033967714266},"Slope":{"confidence_interval":{"confidence_level":0.95,"lower_bound":18733.045682749293,"upper_bound":19113.643211882085},"point_estimate":18959.859709608307,"standard_error":98.12635051620146},"StdDev":{"confidence_interval":{"confidence_level":0.95,"lower_bound":179.242043490381,"upper_bound":327.4435971479337},"point_estimate":275.99655865368885,"standard_error":38.60108186498171}}