{"Mean":{"confidence_interval":{"confidence_level":0.95,"lower_bound":995.4194791081293,"upper_bound":1052.4853546890108},"point_estimate":1022.6231245013469,"standard_error":14.674824421350689},"Median":{"confidence_interval":{"confidence_level":0.95,"lower_bound":977.4449278817499,"upper_bound":1070.1722096396074},"point_estimate":1011.1998886328216,"standard_error":21.522268378713783},"MedianAbsDev":{"confidence_interval":{"confidence_level":0.95,"lower_bound":3.507615534043986,"upper_bound":79.80510560844709},"point_estimate":53.09461580666356,"standard_error":19.808162550209595},"Slope":{"confidence_interval":{"confidence_level":0.95,"lower_bound":982.0432520151669,"upper_bound":1062.2344288261338},"point_estimate":1019.6611100188404,"standard_error":22.39008051589865},"StdDev":{"confidence_interval":{"confidence_level":0.95,"lower_bound":20.496751969490997,"upper_bound":58.53325606353764},"point_estimate":49.03561792159724,"standard_error":8.514022163765352}}