{"Mean":{"confidence_interval":{"confidence_level":0.95,"lower_bound":304003.4440432637,"upper_bound":306181.0055081301},"point_estimate":305026.6852574525,"standard_error":557.7494416269146},"Median":{"confidence_interval":{"confidence_level":0.95,"lower_bound":303537.5580720093,"upper_bound":306691.11393728224},"point_estimate":304682.5409407666,"standard_error":694.3340352704247},"MedianAbsDev":{"confidence_interval":{"confidence_level":0.95,"lower_bound":291.81131920958563,"upper_bound":3115.413498348877},"point_estimate":1338.6688181038062,"standard_error":700.8273732676612},"Slope":{"confidence_interval":{"confidence_level":0.95,"lower_bound":303758.0634291019,"upper_bound":307062.0826532938},"point_estimate":305419.4335852301,"standard_error":879.2747721988142},"StdDev":{"confidence_interval":{"confidence_level":0.95,"lower_bound":785.6339709119773,"upper_bound":2321.4785806273826},"point_estimate":1861.966423632104,"standard_error":395.50551343092934}}