{"Mean":{"confidence_interval":{"confidence_level":0.95,"lower_bound":35555.18167706584,"upper_bound":36134.81806379407},"point_estimate":35827.59712926693,"standard_error":146.5282225985334},"Median":{"confidence_interval":{"confidence_level":0.95,"lower_bound":35343.368494683826,"upper_bound":35971.50358142138},"point_estimate":35891.702107815705,"standard_error":156.0653248087561},"MedianAbsDev":{"confidence_interval":{"confidence_level":0.95,"lower_bound":23.364611297564572,"upper_bound":904.9644219415101},"point_estimate":119.38247039872432,"standard_error":238.91787837293174},"Slope":{"confidence_interval":{"confidence_level":0.95,"lower_bound":35468.24085571005,"upper_bound":36280.18262226105},"point_estimate":35830.248289595125,"standard_error":205.41391150964387},"StdDev":{"confidence_interval":{"confidence_level":0.95,"lower_bound":212.3709605494515,"upper_bound":675.0868442884066},"point_estimate":488.5677627340583,"standard_error":127.55539769538996}}