{"Mean":{"confidence_interval":{"confidence_level":0.95,"lower_bound":2778.151192428185,"upper_bound":2803.345452671129},"point_estimate":2791.5604470264107,"standard_error":6.432996953906623},"Median":{"confidence_interval":{"confidence_level":0.95,"lower_bound":2764.0903749403255,"upper_bound":2807.4282863892868},"point_estimate":2802.8427379903155,"standard_error":10.450559451123693},"MedianAbsDev":{"confidence_interval":{"confidence_level":0.95,"lower_bound":1.501755645182936,"upper_bound":33.49393095809774},"point_estimate":7.745524540246471,"standard_error":8.315697766885307},"Slope":{"confidence_interval":{"confidence_level":0.95,"lower_bound":2798.0916903408665,"upper_bound":2806.825954572565},"point_estimate":2804.1901042881323,"standard_error":2.298917306286118},"StdDev":{"confidence_interval":{"confidence_level":0.95,"lower_bound":4.429124766423971,"upper_bound":24.35922754309457},"point_estimate":21.444968565585352,"standard_error":4.03311756633691}}