{"Mean":{"confidence_interval":{"confidence_level":0.95,"lower_bound":14409.212970021399,"upper_bound":14797.359647165085},"point_estimate":14606.404222162353,"standard_error":99.45332218906552},"Median":{"confidence_interval":{"confidence_level":0.95,"lower_bound":14304.280933639446,"upper_bound":14879.269037272174},"point_estimate":14666.200329798477,"standard_error":157.17919610137358},"MedianAbsDev":{"confidence_interval":{"confidence_level":0.95,"lower_bound":79.46691015144016,"upper_bound":565.0410962623821},"point_estimate":385.107914251029,"standard_error":121.75183260685172},"Slope":{"confidence_interval":{"confidence_level":0.95,"lower_bound":14573.82705274619,"upper_bound":14841.275602863665},"point_estimate":14745.43317076495,"standard_error":68.53557364494472},"StdDev":{"confidence_interval":{"confidence_level":0.95,"lower_bound":200.7334684574156,"upper_bound":398.30452403192646},"point_estimate":331.50947651228955,"standard_error":50.11261416440273}}