{"Mean":{"confidence_interval":{"confidence_level":0.95,"lower_bound":21502.39504848786,"upper_bound":21729.225850800955},"point_estimate":21610.162579973712,"standard_error":58.222473804860634},"Median":{"confidence_interval":{"confidence_level":0.95,"lower_bound":21483.831445369557,"upper_bound":21767.275115030676},"point_estimate":21527.57047759032,"standard_error":86.67550343314895},"MedianAbsDev":{"confidence_interval":{"confidence_level":0.95,"lower_bound":20.05617243917554,"upper_bound":325.418579248229},"point_estimate":180.53375269979387,"standard_error":87.79080296736389},"Slope":{"confidence_interval":{"confidence_level":0.95,"lower_bound":21503.482859839547,"upper_bound":21718.41581052893},"point_estimate":21627.723999415717,"standard_error":55.63249158635344},"StdDev":{"confidence_interval":{"confidence_level":0.95,"lower_bound":103.66576531080251,"upper_bound":249.06442898449933},"point_estimate":193.63404226216224,"standard_error":38.70181583806586}}