{"Mean":{"confidence_interval":{"confidence_level":0.95,"lower_bound":10658.38707351393,"upper_bound":10816.584094515983},"point_estimate":10733.13875765981,"standard_error":40.63918613140481},"Median":{"confidence_interval":{"confidence_level":0.95,"lower_bound":10645.544949924413,"upper_bound":10827.966411564626},"point_estimate":10720.487110766926,"standard_error":37.769522032049125},"MedianAbsDev":{"confidence_interval":{"confidence_level":0.95,"lower_bound":20.36607724259731,"upper_bound":237.66868226012872},"point_estimate":80.05869386283005,"standard_error":57.58977035075304},"Slope":{"confidence_interval":{"confidence_level":0.95,"lower_bound":10698.087340281832,"upper_bound":10768.642499065229},"point_estimate":10733.949891774892,"standard_error":17.661966713237838},"StdDev":{"confidence_interval":{"confidence_level":0.95,"lower_bound":57.6654863520345,"upper_bound":178.23469914089887},"point_estimate":135.65920785792312,"standard_error":31.041545590020718}}