{"Mean":{"confidence_interval":{"confidence_level":0.95,"lower_bound":6155623.0310625,"upper_bound":6401927.840034722},"point_estimate":6281772.08859623,"standard_error":63227.86687659993},"Median":{"confidence_interval":{"confidence_level":0.95,"lower_bound":6154149.291666666,"upper_bound":6457666.984375},"point_estimate":6247676.666666666,"standard_error":87777.88142730272},"MedianAbsDev":{"confidence_interval":{"confidence_level":0.95,"lower_bound":14424.53019641395,"upper_bound":393704.3178457672},"point_estimate":189447.38358663695,"standard_error":89394.5654545184},"Slope":{"confidence_interval":{"confidence_level":0.95,"lower_bound":6287226.939406159,"upper_bound":6508232.733884654},"point_estimate":6435041.432467532,"standard_error":56238.25987902004},"StdDev":{"confidence_interval":{"confidence_level":0.95,"lower_bound":118390.89440096235,"upper_bound":272212.90375592065},"point_estimate":210160.02263024377,"standard_error":40901.15350664076}}