{"Mean":{"confidence_interval":{"confidence_level":0.95,"lower_bound":1200.232328633213,"upper_bound":1255.88067383428},"point_estimate":1226.4689038718159,"standard_error":14.287290360133253},"Median":{"confidence_interval":{"confidence_level":0.95,"lower_bound":1188.4296561802635,"upper_bound":1276.7300787961371},"point_estimate":1207.836237336335,"standard_error":22.78145007049615},"MedianAbsDev":{"confidence_interval":{"confidence_level":0.95,"lower_bound":6.525657767314847,"upper_bound":76.02282285940137},"point_estimate":32.965462754547026,"standard_error":18.743690456104847},"Slope":{"confidence_interval":{"confidence_level":0.95,"lower_bound":1214.6757628827963,"upper_bound":1285.5947170721304},"point_estimate":1261.1432701666483,"standard_error":17.90164933005698},"StdDev":{"confidence_interval":{"confidence_level":0.95,"lower_bound":19.896103119665764,"upper_bound":56.29103953343089},"point_estimate":47.479033703083026,"standard_error":8.281073529990161}}