{"Mean":{"confidence_interval":{"confidence_level":0.95,"lower_bound":166569.78271298544,"upper_bound":173819.8688213419},"point_estimate":170286.3329998844,"standard_error":1860.3878004625797},"Median":{"confidence_interval":{"confidence_level":0.95,"lower_bound":164898.01553398056,"upper_bound":175177.45115291263},"point_estimate":171584.8158576052,"standard_error":2872.4300801912214},"MedianAbsDev":{"confidence_interval":{"confidence_level":0.95,"lower_bound":1328.593821849658,"upper_bound":10444.15238108409},"point_estimate":5953.9185364327295,"standard_error":2375.646620344429},"Slope":{"confidence_interval":{"confidence_level":0.95,"lower_bound":171241.854259435,"upper_bound":175812.64086106958},"point_estimate":173857.13496406507,"standard_error":1159.6928381669195},"StdDev":{"confidence_interval":{"confidence_level":0.95,"lower_bound":3565.582831370033,"upper_bound":7554.22640900702},"point_estimate":6207.867687765188,"standard_error":996.0557128468818}}