{"Mean":{"confidence_interval":{"confidence_level":0.95,"lower_bound":145771.97625,"upper_bound":149004.41014870795},"point_estimate":147398.03996668293,"standard_error":829.8836387227196},"Median":{"confidence_interval":{"confidence_level":0.95,"lower_bound":144639.35324232082,"upper_bound":149644.08262229807},"point_estimate":147920.2505119454,"standard_error":1380.5065452830968},"MedianAbsDev":{"confidence_interval":{"confidence_level":0.95,"lower_bound":615.2924825917469,"upper_bound":4628.74989847172},"point_estimate":3591.8056881951493,"standard_error":1059.9386883571437},"Slope":{"confidence_interval":{"confidence_level":0.95,"lower_bound":145762.61757494364,"upper_bound":150428.9265657989},"point_estimate":148295.06153982537,"standard_error":1233.9501421434381},"StdDev":{"confidence_interval":{"confidence_level":0.95,"lower_bound":1736.1395531243327,"upper_bound":3345.7059120016575},"point_estimate":2771.9329125840986,"standard_error":413.0220974909328}}