{"Mean":{"confidence_interval":{"confidence_level":0.95,"lower_bound":11352965.223611113,"upper_bound":11568994.327261904},"point_estimate":11473971.984325396,"standard_error":55882.19069922909},"Median":{"confidence_interval":{"confidence_level":0.95,"lower_bound":11374146.8125,"upper_bound":11583217.71875},"point_estimate":11537956.305555556,"standard_error":50425.78839965624},"MedianAbsDev":{"confidence_interval":{"confidence_level":0.95,"lower_bound":8309.442617061084,"upper_bound":251173.39270953136},"point_estimate":108555.98860524622,"standard_error":63382.357013926005},"Slope":{"confidence_interval":{"confidence_level":0.95,"lower_bound":11461280.898412699,"upper_bound":11552642.992198614},"point_estimate":11511229.575324675,"standard_error":23206.564607423014},"StdDev":{"confidence_interval":{"confidence_level":0.95,"lower_bound":66431.76569318707,"upper_bound":265576.85709838243},"point_estimate":186619.97198638273,"standard_error":58702.475964081044}}