{"Mean":{"confidence_interval":{"confidence_level":0.95,"lower_bound":347601.14694023767,"upper_bound":352204.97090392245},"point_estimate":349957.4096894078,"standard_error":1177.8631557789295},"Median":{"confidence_interval":{"confidence_level":0.95,"lower_bound":345933.2493990385,"upper_bound":353712.4375},"point_estimate":351441.76343101345,"standard_error":2377.0420417361042},"MedianAbsDev":{"confidence_interval":{"confidence_level":0.95,"lower_bound":499.53847971314883,"upper_bound":6182.34114947228},"point_estimate":3809.363549693979,"standard_error":1563.925899163703},"Slope":{"confidence_interval":{"confidence_level":0.95,"lower_bound":347058.8464700417,"upper_bound":352516.6623222749},"point_estimate":350187.02997002995,"standard_error":1407.3078066938715},"StdDev":{"confidence_interval":{"confidence_level":0.95,"lower_bound":2497.91136997692,"upper_bound":4453.59064619353},"point_estimate":3943.6225456349985,"standard_error":491.3896439445326}}