{"Mean":{"confidence_interval":{"confidence_level":0.95,"lower_bound":930.3184917103938,"upper_bound":947.2390453457095},"point_estimate":937.5673195261567,"standard_error":4.407773350998401},"Median":{"confidence_interval":{"confidence_level":0.95,"lower_bound":928.1081942015159,"upper_bound":941.9844617586261},"point_estimate":933.2961350506175,"standard_error":3.322847681264637},"MedianAbsDev":{"confidence_interval":{"confidence_level":0.95,"lower_bound":0.7724591823426534,"upper_bound":15.589062518436759},"point_estimate":10.11909765196073,"standard_error":4.442126705439196},"Slope":{"confidence_interval":{"confidence_level":0.95,"lower_bound":932.4555172578952,"upper_bound":939.0686304282088},"point_estimate":935.1519531319373,"standard_error":1.7285298097868793},"StdDev":{"confidence_interval":{"confidence_level":0.95,"lower_bound":4.5568378088852235,"upper_bound":21.487750744310148},"point_estimate":14.70774774249934,"standard_error":5.208810194880403}}