{"Mean":{"confidence_interval":{"confidence_level":0.95,"lower_bound":18535.800030882,"upper_bound":18581.71217557447},"point_estimate":18556.36383260121,"standard_error":11.865134840039332},"Median":{"confidence_interval":{"confidence_level":0.95,"lower_bound":18528.34820949314,"upper_bound":18569.33872977532},"point_estimate":18554.817289427847,"standard_error":11.827783248187327},"MedianAbsDev":{"confidence_interval":{"confidence_level":0.95,"lower_bound":5.303382471599406,"upper_bound":52.73415367999229},"point_estimate":32.35673165851013,"standard_error":12.079592968204553},"Slope":{"confidence_interval":{"confidence_level":0.95,"lower_bound":18534.64988380108,"upper_bound":18562.94520176896},"point_estimate":18546.342377934925,"standard_error":7.324165464148953},"StdDev":{"confidence_interval":{"confidence_level":0.95,"lower_bound":15.534538100046676,"upper_bound":56.183995062875084},"point_estimate":39.58973760156368,"standard_error":12.057862932665635}}