{"Mean":{"confidence_interval":{"confidence_level":0.95,"lower_bound":61176.319757616424,"upper_bound":61810.776274736425},"point_estimate":61450.94189204611,"standard_error":164.53933458320373},"Median":{"confidence_interval":{"confidence_level":0.95,"lower_bound":61006.78288726683,"upper_bound":61628.05098540146},"point_estimate":61396.95486618005,"standard_error":158.7733378458002},"MedianAbsDev":{"confidence_interval":{"confidence_level":0.95,"lower_bound":47.8780569298118,"upper_bound":713.3181411316962},"point_estimate":407.7707796438343,"standard_error":165.05460814150666},"Slope":{"confidence_interval":{"confidence_level":0.95,"lower_bound":61033.396119743855,"upper_bound":61548.03896618501},"point_estimate":61264.84751919613,"standard_error":141.83315205755224},"StdDev":{"confidence_interval":{"confidence_level":0.95,"lower_bound":205.83187877964136,"upper_bound":791.298995458467},"point_estimate":548.311650819079,"standard_error":181.11442291742267}}