{"Mean":{"confidence_interval":{"confidence_level":0.95,"lower_bound":727.1299503722086,"upper_bound":782.8428854491849},"point_estimate":757.7932210466432,"standard_error":14.397944361973998},"Median":{"confidence_interval":{"confidence_level":0.95,"lower_bound":746.3492222311161,"upper_bound":798.6372101710291},"point_estimate":755.7411970703595,"standard_error":13.260589240636662},"MedianAbsDev":{"confidence_interval":{"confidence_level":0.95,"lower_bound":0.8614564603324351,"upper_bound":70.95347135428788},"point_estimate":16.58784070446643,"standard_error":17.89364583907318},"Slope":{"confidence_interval":{"confidence_level":0.95,"lower_bound":758.7060592619201,"upper_bound":803.504064008128},"point_estimate":787.614633961252,"standard_error":11.19521048379352},"StdDev":{"confidence_interval":{"confidence_level":0.95,"lower_bound":17.212704658217405,"upper_bound":68.73625434239236},"point_estimate":48.174266763108754,"standard_error":14.888174937115258}}