{"Mean":{"confidence_interval":{"confidence_level":0.95,"lower_bound":587300.5426192248,"upper_bound":597111.66761267},"point_estimate":592473.2433914399,"standard_error":2521.4898863061812},"Median":{"confidence_interval":{"confidence_level":0.95,"lower_bound":585966.3569940475,"upper_bound":598676.96875},"point_estimate":593417.3917091836,"standard_error":2855.864528128744},"MedianAbsDev":{"confidence_interval":{"confidence_level":0.95,"lower_bound":1329.0608141277228,"upper_bound":14366.477803069029},"point_estimate":6195.976729463826,"standard_error":3330.786858708237},"Slope":{"confidence_interval":{"confidence_level":0.95,"lower_bound":581588.071823641,"upper_bound":594106.3518024032},"point_estimate":586389.7253246753,"standard_error":3214.2318439650776},"StdDev":{"confidence_interval":{"confidence_level":0.95,"lower_bound":3664.514925460291,"upper_bound":10832.184791307312},"point_estimate":8437.695477237767,"standard_error":1816.6330581427876}}