{"Mean":{"confidence_interval":{"confidence_level":0.95,"lower_bound":194.30300638883475,"upper_bound":205.50213547555205},"point_estimate":199.77963816037905,"standard_error":2.8819231405108714},"Median":{"confidence_interval":{"confidence_level":0.95,"lower_bound":191.8033445390787,"upper_bound":209.6291230191548},"point_estimate":196.1825199322643,"standard_error":5.467519977730336},"MedianAbsDev":{"confidence_interval":{"confidence_level":0.95,"lower_bound":2.0802398972838185,"upper_bound":15.237278529252253},"point_estimate":10.668632743456111,"standard_error":3.617586111506575},"Slope":{"confidence_interval":{"confidence_level":0.95,"lower_bound":199.83036223142668,"upper_bound":210.5609579597431},"point_estimate":207.06338145513072,"standard_error":2.7669867079592825},"StdDev":{"confidence_interval":{"confidence_level":0.95,"lower_bound":6.079436126840513,"upper_bound":11.063791804257512},"point_estimate":9.604053647010305,"standard_error":1.2579792148969169}}