{"Mean":{"confidence_interval":{"confidence_level":0.95,"lower_bound":6930.731946018136,"upper_bound":6994.142131285195},"point_estimate":6960.00211610439,"standard_error":16.260029840855097},"Median":{"confidence_interval":{"confidence_level":0.95,"lower_bound":6920.103711784821,"upper_bound":7008.056346654417},"point_estimate":6937.344771304377,"standard_error":19.272998791766973},"MedianAbsDev":{"confidence_interval":{"confidence_level":0.95,"lower_bound":3.296778743721427,"upper_bound":88.42074373568417},"point_estimate":44.66314449110042,"standard_error":21.5810832984136},"Slope":{"confidence_interval":{"confidence_level":0.95,"lower_bound":6934.660393213117,"upper_bound":7010.466008652972},"point_estimate":6967.212302962694,"standard_error":18.674339506332057},"StdDev":{"confidence_interval":{"confidence_level":0.95,"lower_bound":20.52574938148876,"upper_bound":67.64779261074924},"point_estimate":54.18341976589139,"standard_error":11.946200327337989}}