{"Mean":{"confidence_interval":{"confidence_level":0.95,"lower_bound":26040.12301098983,"upper_bound":26594.28676240791},"point_estimate":26302.399843690666,"standard_error":141.75866549020452},"Median":{"confidence_interval":{"confidence_level":0.95,"lower_bound":25962.636363636364,"upper_bound":26603.33219946172},"point_estimate":26216.919314859115,"standard_error":172.85854186878757},"MedianAbsDev":{"confidence_interval":{"confidence_level":0.95,"lower_bound":131.6507100670385,"upper_bound":782.695129114252},"point_estimate":416.84633269918504,"standard_error":161.68129445907354},"Slope":{"confidence_interval":{"confidence_level":0.95,"lower_bound":26182.844993566687,"upper_bound":26759.661720412358},"point_estimate":26480.98616556888,"standard_error":145.30557428925914},"StdDev":{"confidence_interval":{"confidence_level":0.95,"lower_bound":232.78528413156783,"upper_bound":629.8675696637146},"point_estimate":472.973572160652,"standard_error":107.5505737704569}}