{"Mean":{"confidence_interval":{"confidence_level":0.95,"lower_bound":385.96317974902155,"upper_bound":403.5105554957278},"point_estimate":396.83556967642915,"standard_error":4.93589443831368},"Median":{"confidence_interval":{"confidence_level":0.95,"lower_bound":398.20422000971035,"upper_bound":403.935886133364},"point_estimate":401.24550718835667,"standard_error":1.9623977233162915},"MedianAbsDev":{"confidence_interval":{"confidence_level":0.95,"lower_bound":0.1768647782600395,"upper_bound":8.387668389979487},"point_estimate":4.045371869952273,"standard_error":2.364041558484337},"Slope":{"confidence_interval":{"confidence_level":0.95,"lower_bound":398.3938243548009,"upper_bound":402.6962888297474},"point_estimate":400.57212784277067,"standard_error":1.0945511902389862},"StdDev":{"confidence_interval":{"confidence_level":0.95,"lower_bound":2.20446300231764,"upper_bound":25.19968836571537},"point_estimate":16.437526177274314,"standard_error":7.862973574921515}}