{"Mean":{"confidence_interval":{"confidence_level":0.95,"lower_bound":1459848.4208339804,"upper_bound":1521206.7694657955},"point_estimate":1489007.9189872327,"standard_error":15792.413337565797},"Median":{"confidence_interval":{"confidence_level":0.95,"lower_bound":1445162.579710145,"upper_bound":1522707.6737405108},"point_estimate":1480599.2144927536,"standard_error":21385.31648475853},"MedianAbsDev":{"confidence_interval":{"confidence_level":0.95,"lower_bound":16525.20326922768,"upper_bound":92027.71511857276},"point_estimate":56566.032961512996,"standard_error":18460.088886453883},"Slope":{"confidence_interval":{"confidence_level":0.95,"lower_bound":1488676.043270231,"upper_bound":1560649.4704329935},"point_estimate":1530238.8766233767,"standard_error":18973.3783280081},"StdDev":{"confidence_interval":{"confidence_level":0.95,"lower_bound":28121.491676240905,"upper_bound":68651.6753148885},"point_estimate":52656.38093709357,"standard_error":10896.306621791726}}