{"Mean":{"confidence_interval":{"confidence_level":0.95,"lower_bound":164726.13152046973,"upper_bound":166478.3728760492},"point_estimate":165596.67005464138,"standard_error":449.0808756109265},"Median":{"confidence_interval":{"confidence_level":0.95,"lower_bound":164156.57591623036,"upper_bound":166722.99057591622},"point_estimate":165800.70087260037,"standard_error":814.4720885833322},"MedianAbsDev":{"confidence_interval":{"confidence_level":0.95,"lower_bound":108.14554628250877,"upper_bound":2672.54219455116},"point_estimate":1793.9522057164352,"standard_error":660.386057802936},"Slope":{"confidence_interval":{"confidence_level":0.95,"lower_bound":165757.62510620776,"upper_bound":167149.0773454258},"point_estimate":166576.37216291562,"standard_error":348.60292400202667},"StdDev":{"confidence_interval":{"confidence_level":0.95,"lower_bound":955.7993813659663,"upper_bound":1843.2364207665998},"point_estimate":1500.8005434695804,"standard_error":234.17283735586636}}