{"Mean":{"confidence_interval":{"confidence_level":0.95,"lower_bound":1751319.2737847222,"upper_bound":1783072.2645738593},"point_estimate":1768348.690001984,"standard_error":8120.56405295452},"Median":{"confidence_interval":{"confidence_level":0.95,"lower_bound":1751304.015625,"upper_bound":1792541.315},"point_estimate":1776797.4020833333,"standard_error":10600.889075188587},"MedianAbsDev":{"confidence_interval":{"confidence_level":0.95,"lower_bound":3781.2944259520627,"upper_bound":45854.18146730065},"point_estimate":25558.435413955303,"standard_error":10052.688654305295},"Slope":{"confidence_interval":{"confidence_level":0.95,"lower_bound":1773866.5410899655,"upper_bound":1790137.4441249066},"point_estimate":1783203.4825324675,"standard_error":4166.9199333381475},"StdDev":{"confidence_interval":{"confidence_level":0.95,"lower_bound":12847.508943173842,"upper_bound":35988.654634814244},"point_estimate":27071.966600195163,"standard_error":6380.758443573154}}