{"Mean":{"confidence_interval":{"confidence_level":0.95,"lower_bound":86666.177913486,"upper_bound":88603.10002108324},"point_estimate":87655.2698960378,"standard_error":498.2778331980308},"Median":{"confidence_interval":{"confidence_level":0.95,"lower_bound":85611.31984732824,"upper_bound":88988.99796437658},"point_estimate":88124.90327153762,"standard_error":850.0276243682795},"MedianAbsDev":{"confidence_interval":{"confidence_level":0.95,"lower_bound":186.53063989452323,"upper_bound":2789.3584975782314},"point_estimate":1742.7428879150893,"standard_error":670.3859874386563},"Slope":{"confidence_interval":{"confidence_level":0.95,"lower_bound":87400.1690203622,"upper_bound":89145.2622990726},"point_estimate":88525.53817388718,"standard_error":447.60360004347325},"StdDev":{"confidence_interval":{"confidence_level":0.95,"lower_bound":981.02255510576,"upper_bound":1936.8583352576427},"point_estimate":1654.8776906505764,"standard_error":239.5389721053646}}