{"Mean":{"confidence_interval":{"confidence_level":0.95,"lower_bound":32233.72687215534,"upper_bound":32762.5417193092},"point_estimate":32501.625915180426,"standard_error":135.08665589785787},"Median":{"confidence_interval":{"confidence_level":0.95,"lower_bound":32141.31388680816,"upper_bound":32833.519686329586},"point_estimate":32526.530818619583,"standard_error":187.27704766481762},"MedianAbsDev":{"confidence_interval":{"confidence_level":0.95,"lower_bound":73.05034754204847,"upper_bound":731.1453068619629},"point_estimate":384.509341675468,"standard_error":181.46266110780462},"Slope":{"confidence_interval":{"confidence_level":0.95,"lower_bound":32158.686900343037,"upper_bound":32769.58521814175},"point_estimate":32499.573280801596,"standard_error":160.64841547269629},"StdDev":{"confidence_interval":{"confidence_level":0.95,"lower_bound":248.49554214611095,"upper_bound":572.5665840711939},"point_estimate":450.98579143509437,"standard_error":82.15994523825668}}