{"Mean":{"confidence_interval":{"confidence_level":0.95,"lower_bound":517.4406333418407,"upper_bound":536.7028304707806},"point_estimate":528.2355683255184,"standard_error":4.992896395295062},"Median":{"confidence_interval":{"confidence_level":0.95,"lower_bound":521.4715228082575,"upper_bound":540.0585927300212},"point_estimate":534.2058485077532,"standard_error":4.972152811934621},"MedianAbsDev":{"confidence_interval":{"confidence_level":0.95,"lower_bound":2.466404334279073,"upper_bound":22.28935807539028},"point_estimate":9.49819188572646,"standard_error":5.256750073422951},"Slope":{"confidence_interval":{"confidence_level":0.95,"lower_bound":529.7756475238531,"upper_bound":540.1264815018944},"point_estimate":536.782766654084,"standard_error":2.6913161350917387},"StdDev":{"confidence_interval":{"confidence_level":0.95,"lower_bound":5.278633863028072,"upper_bound":23.498161403346263},"point_estimate":16.707933518132126,"standard_error":5.109130557487124}}