{"Mean":{"confidence_interval":{"confidence_level":0.95,"lower_bound":1299845.3306159421,"upper_bound":1343875.907373512},"point_estimate":1321599.5328286751,"standard_error":11258.423255688987},"Median":{"confidence_interval":{"confidence_level":0.95,"lower_bound":1284382.2282608696,"upper_bound":1360073.1591614909},"point_estimate":1316438.481884058,"standard_error":23387.922312661594},"MedianAbsDev":{"confidence_interval":{"confidence_level":0.95,"lower_bound":2958.677313233517,"upper_bound":61061.65881811278},"point_estimate":49631.79297972907,"standard_error":16691.250182555807},"Slope":{"confidence_interval":{"confidence_level":0.95,"lower_bound":1325244.8870311293,"upper_bound":1361326.6815902859},"point_estimate":1349795.5950310559,"standard_error":9302.606229354269},"StdDev":{"confidence_interval":{"confidence_level":0.95,"lower_bound":24992.49977295028,"upper_bound":42398.405511825425},"point_estimate":37558.00927448376,"standard_error":4475.570297253626}}