{"Mean":{"confidence_interval":{"confidence_level":0.95,"lower_bound":282166.935989269,"upper_bound":284902.20261122286},"point_estimate":283411.31162418955,"standard_error":700.0607397549113},"Median":{"confidence_interval":{"confidence_level":0.95,"lower_bound":281762.96870109544,"upper_bound":284816.385915493},"point_estimate":282384.57721327967,"standard_error":824.4378328761378},"MedianAbsDev":{"confidence_interval":{"confidence_level":0.95,"lower_bound":245.27661806335283,"upper_bound":3662.857865487687},"point_estimate":1140.4790088604593,"standard_error":874.327077849441},"Slope":{"confidence_interval":{"confidence_level":0.95,"lower_bound":282214.39356732194,"upper_bound":286521.5476945198},"point_estimate":284932.17824522895,"standard_error":1051.355130457713},"StdDev":{"confidence_interval":{"confidence_level":0.95,"lower_bound":694.4345711269257,"upper_bound":3025.893908431485},"point_estimate":2340.914579652063,"standard_error":573.9173856923692}}