{"Mean":{"confidence_interval":{"confidence_level":0.95,"lower_bound":9729.455975208431,"upper_bound":9921.104347856397},"point_estimate":9827.839577850502,"standard_error":49.06488538801599},"Median":{"confidence_interval":{"confidence_level":0.95,"lower_bound":9669.807563732564,"upper_bound":9968.082611832611},"point_estimate":9862.805835781282,"standard_error":69.86961829682402},"MedianAbsDev":{"confidence_interval":{"confidence_level":0.95,"lower_bound":29.988527407711942,"upper_bound":299.6604275984367},"point_estimate":179.13526311570894,"standard_error":64.66689070109297},"Slope":{"confidence_interval":{"confidence_level":0.95,"lower_bound":9806.102598114941,"upper_bound":9981.110268764394},"point_estimate":9919.552971271152,"standard_error":44.44110411533541},"StdDev":{"confidence_interval":{"confidence_level":0.95,"lower_bound":92.25035367244155,"upper_bound":199.79776814891267},"point_estimate":163.61375070817095,"standard_error":27.403770011428094}}