{"Mean":{"confidence_interval":{"confidence_level":0.95,"lower_bound":4313.942356173238,"upper_bound":4594.260094196653},"point_estimate":4458.736748581484,"standard_error":71.74867536695812},"Median":{"confidence_interval":{"confidence_level":0.95,"lower_bound":4270.128205128205,"upper_bound":4646.675950226244},"point_estimate":4490.741940045249,"standard_error":100.08407564311268},"MedianAbsDev":{"confidence_interval":{"confidence_level":0.95,"lower_bound":74.8226529555685,"upper_bound":422.463262618556},"point_estimate":279.13483848554216,"standard_error":89.70970613884982},"Slope":{"confidence_interval":{"confidence_level":0.95,"lower_bound":4509.033975806442,"upper_bound":4687.944269274861},"point_estimate":4618.987708761826,"standard_error":45.38733196084665},"StdDev":{"confidence_interval":{"confidence_level":0.95,"lower_bound":129.16504797008076,"upper_bound":292.91874241179727},"point_estimate":238.95899039557366,"standard_error":40.62055241292502}}