{"Mean":{"confidence_interval":{"confidence_level":0.95,"lower_bound":426121.9257986306,"upper_bound":430538.36354551825},"point_estimate":428453.57124338637,"standard_error":1130.285310012815},"Median":{"confidence_interval":{"confidence_level":0.95,"lower_bound":424811.4836601307,"upper_bound":431489.3790849673},"point_estimate":429505.78470277,"standard_error":1636.8842322087157},"MedianAbsDev":{"confidence_interval":{"confidence_level":0.95,"lower_bound":543.9818499502696,"upper_bound":6336.773026061878},"point_estimate":3038.4201058611734,"standard_error":1459.2426166769494},"Slope":{"confidence_interval":{"confidence_level":0.95,"lower_bound":428567.2146744825,"upper_bound":431280.98161919374},"point_estimate":430367.1765045412,"standard_error":700.9117241401057},"StdDev":{"confidence_interval":{"confidence_level":0.95,"lower_bound":1419.250160088828,"upper_bound":4472.830823686899},"point_estimate":3752.7748419219993,"standard_error":681.6335308887135}}