{"Mean":{"confidence_interval":{"confidence_level":0.95,"lower_bound":129836.02496707195,"upper_bound":131840.0927616153},"point_estimate":130862.82110471852,"standard_error":512.8640386539437},"Median":{"confidence_interval":{"confidence_level":0.95,"lower_bound":129274.95997973658,"upper_bound":132272.20319148936},"point_estimate":131158.62193515705,"standard_error":750.5028237064985},"MedianAbsDev":{"confidence_interval":{"confidence_level":0.95,"lower_bound":456.75698146541004,"upper_bound":2842.3296623045067},"point_estimate":1770.0595851709052,"standard_error":619.6692834367469},"Slope":{"confidence_interval":{"confidence_level":0.95,"lower_bound":130034.58953087346,"upper_bound":132226.5807423106},"point_estimate":131227.82417005487,"standard_error":560.4785083789552},"StdDev":{"confidence_interval":{"confidence_level":0.95,"lower_bound":968.1810478164803,"upper_bound":2136.9619621166053},"point_estimate":1710.909484114214,"standard_error":297.4397778406275}}