{"Mean":{"confidence_interval":{"confidence_level":0.95,"lower_bound":2408.1215889573277,"upper_bound":2438.2695612925304},"point_estimate":2423.765092715331,"standard_error":7.730558970805512},"Median":{"confidence_interval":{"confidence_level":0.95,"lower_bound":2399.68652995577,"upper_bound":2445.857835960671},"point_estimate":2430.1971358757846,"standard_error":10.383088858189003},"MedianAbsDev":{"confidence_interval":{"confidence_level":0.95,"lower_bound":3.293568225836708,"upper_bound":47.10804878683374},"point_estimate":26.487341809919997,"standard_error":10.863699829784908},"Slope":{"confidence_interval":{"confidence_level":0.95,"lower_bound":2419.7782136632886,"upper_bound":2447.548517311766},"point_estimate":2435.9326711085455,"standard_error":7.127220095709593},"StdDev":{"confidence_interval":{"confidence_level":0.95,"lower_bound":13.298062559386665,"upper_bound":32.05403049954305},"point_estimate":25.706168876918642,"standard_error":4.7191864257005856}}