{"Mean":{"confidence_interval":{"confidence_level":0.95,"lower_bound":260341.1685324512,"upper_bound":262362.8437392427},"point_estimate":261392.8543751195,"standard_error":517.9168732983267},"Median":{"confidence_interval":{"confidence_level":0.95,"lower_bound":259890.1626506024,"upper_bound":262810.5745649263},"point_estimate":261544.16887550201,"standard_error":739.5895944466769},"MedianAbsDev":{"confidence_interval":{"confidence_level":0.95,"lower_bound":356.41187335113875,"upper_bound":2877.861213445903},"point_estimate":2028.7644985605284,"standard_error":642.4530294083734},"Slope":{"confidence_interval":{"confidence_level":0.95,"lower_bound":261458.5922472011,"upper_bound":262985.19832270255},"point_estimate":262414.47153810045,"standard_error":384.89076887035145},"StdDev":{"confidence_interval":{"confidence_level":0.95,"lower_bound":942.9228471212505,"upper_bound":2202.4577589348514},"point_estimate":1731.3537924670081,"standard_error":327.28212892973306}}