{"Mean":{"confidence_interval":{"confidence_level":0.95,"lower_bound":12510376.035748014,"upper_bound":12612749.781064237},"point_estimate":12555611.825977184,"standard_error":26701.52902934816},"Median":{"confidence_interval":{"confidence_level":0.95,"lower_bound":12496411.434722222,"upper_bound":12588465.335416667},"point_estimate":12526010.273809524,"standard_error":24045.318165294033},"MedianAbsDev":{"confidence_interval":{"confidence_level":0.95,"lower_bound":10909.849576311532,"upper_bound":119737.01321799493},"point_estimate":51858.27586901917,"standard_error":29422.006375061188},"Slope":{"confidence_interval":{"confidence_level":0.95,"lower_bound":12505078.768189834,"upper_bound":12560694.30907173},"point_estimate":12528039.12012987,"standard_error":14175.342070278382},"StdDev":{"confidence_interval":{"confidence_level":0.95,"lower_bound":24216.450405175507,"upper_bound":124429.79300457313},"point_estimate":89056.86522592156,"standard_error":27167.601418102364}}