{"Mean":{"confidence_interval":{"confidence_level":0.95,"lower_bound":7624.596337335629,"upper_bound":7878.058325198443},"point_estimate":7750.2344254689,"standard_error":65.00932648579814},"Median":{"confidence_interval":{"confidence_level":0.95,"lower_bound":7557.246370993302,"upper_bound":7962.240402677118},"point_estimate":7730.009342799389,"standard_error":115.68742096390542},"MedianAbsDev":{"confidence_interval":{"confidence_level":0.95,"lower_bound":43.78029349578046,"upper_bound":356.0891540582754},"point_estimate":273.87983342785486,"standard_error":79.55830473281496},"Slope":{"confidence_interval":{"confidence_level":0.95,"lower_bound":7661.044194257719,"upper_bound":7981.736901954372},"point_estimate":7866.42959333227,"standard_error":80.71496048300337},"StdDev":{"confidence_interval":{"confidence_level":0.95,"lower_bound":138.0636299984152,"upper_bound":254.72419270113102},"point_estimate":216.5739942127939,"standard_error":29.62359638797994}}