{"Mean":{"confidence_interval":{"confidence_level":0.95,"lower_bound":194487.84345985256,"upper_bound":206860.42074133296},"point_estimate":200923.57930713292,"standard_error":3181.7332462655863},"Median":{"confidence_interval":{"confidence_level":0.95,"lower_bound":192321.13807531382,"upper_bound":211074.3091004184},"point_estimate":202924.1578103208,"standard_error":4647.010358785721},"MedianAbsDev":{"confidence_interval":{"confidence_level":0.95,"lower_bound":1679.8026742988916,"upper_bound":17316.1049683099},"point_estimate":12587.926497889925,"standard_error":4082.151038394576},"Slope":{"confidence_interval":{"confidence_level":0.95,"lower_bound":203357.28491314157,"upper_bound":210824.21236180564},"point_estimate":208505.668086725,"standard_error":1932.375877477321},"StdDev":{"confidence_interval":{"confidence_level":0.95,"lower_bound":5542.138327638108,"upper_bound":13177.15566892949},"point_estimate":10597.936236492464,"standard_error":1924.7369082388416}}