{"Mean":{"confidence_interval":{"confidence_level":0.95,"lower_bound":250.182876818379,"upper_bound":268.4991136744899},"point_estimate":257.81826698781686,"standard_error":4.821031800839328},"Median":{"confidence_interval":{"confidence_level":0.95,"lower_bound":247.85237989376668,"upper_bound":262.4024755277279},"point_estimate":252.96346746463897,"standard_error":3.9697127327584067},"MedianAbsDev":{"confidence_interval":{"confidence_level":0.95,"lower_bound":1.405022740448189,"upper_bound":16.186814131807765},"point_estimate":8.610260212045832,"standard_error":3.9100442369854913},"Slope":{"confidence_interval":{"confidence_level":0.95,"lower_bound":248.37611827119224,"upper_bound":256.6430836097048},"point_estimate":252.2448223608817,"standard_error":2.207647612170332},"StdDev":{"confidence_interval":{"confidence_level":0.95,"lower_bound":4.4148804729993625,"upper_bound":23.772455819136646},"point_estimate":16.115467225608306,"standard_error":6.044461388636858}}