{"Mean":{"confidence_interval":{"confidence_level":0.95,"lower_bound":197793.63396173468,"upper_bound":218120.60102827384},"point_estimate":208502.6326340703,"standard_error":5239.124423755582},"Median":{"confidence_interval":{"confidence_level":0.95,"lower_bound":188200.67142857143,"upper_bound":220939.33964285714},"point_estimate":216078.38817460317,"standard_error":8356.3536304047},"MedianAbsDev":{"confidence_interval":{"confidence_level":0.95,"lower_bound":41.644909510642485,"upper_bound":29984.73256099791},"point_estimate":8909.459151325478,"standard_error":7443.7981848405225},"Slope":{"confidence_interval":{"confidence_level":0.95,"lower_bound":195871.2260054843,"upper_bound":217964.36334379905},"point_estimate":210078.78363636363,"standard_error":5747.789599543702},"StdDev":{"confidence_interval":{"confidence_level":0.95,"lower_bound":6776.420129904381,"upper_bound":21149.694717755974},"point_estimate":17482.945896646008,"standard_error":3225.536065186809}}