{"Mean":{"confidence_interval":{"confidence_level":0.95,"lower_bound":9300935.642,"upper_bound":9849810.671253968},"point_estimate":9589185.975198412,"standard_error":140240.52969856845},"Median":{"confidence_interval":{"confidence_level":0.95,"lower_bound":9289301.8,"upper_bound":9962691.1025},"point_estimate":9664782.904444445,"standard_error":190102.77475315533},"MedianAbsDev":{"confidence_interval":{"confidence_level":0.95,"lower_bound":67397.79554478462,"upper_bound":804116.660484074},"point_estimate":444113.471164745,"standard_error":170305.46999173803},"Slope":{"confidence_interval":{"confidence_level":0.95,"lower_bound":9685749.736555891,"upper_bound":9995461.611027664},"point_estimate":9858684.15064935,"standard_error":78200.58825569964},"StdDev":{"confidence_interval":{"confidence_level":0.95,"lower_bound":249111.00267198237,"upper_bound":607967.9804437828},"point_estimate":467815.6438643626,"standard_error":94791.61604059117}}