{"Mean":{"confidence_interval":{"confidence_level":0.95,"lower_bound":51406.08687925842,"upper_bound":51923.509642786565},"point_estimate":51679.69318848422,"standard_error":133.2730204282857},"Median":{"confidence_interval":{"confidence_level":0.95,"lower_bound":51368.83646245059,"upper_bound":52066.33819169961},"point_estimate":51797.19833427442,"standard_error":168.699168268156},"MedianAbsDev":{"confidence_interval":{"confidence_level":0.95,"lower_bound":70.23872313542489,"upper_bound":774.1600743240934},"point_estimate":433.39852991268776,"standard_error":180.94991641889115},"Slope":{"confidence_interval":{"confidence_level":0.95,"lower_bound":51532.923271307816,"upper_bound":51983.08251870412},"point_estimate":51828.06999640675,"standard_error":115.00904428234341},"StdDev":{"confidence_interval":{"confidence_level":0.95,"lower_bound":185.5472594673011,"upper_bound":547.0329640857548},"point_estimate":443.8533733872808,"standard_error":86.55639171738692}}