{"Mean":{"confidence_interval":{"confidence_level":0.95,"lower_bound":330968.5055613627,"upper_bound":335764.1169870306},"point_estimate":333598.6704592528,"standard_error":1237.2299096992288},"Median":{"confidence_interval":{"confidence_level":0.95,"lower_bound":330958.8780487805,"upper_bound":336421.1303523035},"point_estimate":334906.95136469224,"standard_error":1109.6042726233632},"MedianAbsDev":{"confidence_interval":{"confidence_level":0.95,"lower_bound":333.140730670941,"upper_bound":5866.720417796093},"point_estimate":2000.3855841507225,"standard_error":1405.1181203496817},"Slope":{"confidence_interval":{"confidence_level":0.95,"lower_bound":334702.7760580738,"upper_bound":336552.7777833425},"point_estimate":335743.6692112765,"standard_error":488.86175226990275},"StdDev":{"confidence_interval":{"confidence_level":0.95,"lower_bound":1122.458312900941,"upper_bound":5314.712548546926},"point_estimate":4110.5340922629275,"standard_error":1092.3787934683755}}