{"Mean":{"confidence_interval":{"confidence_level":0.95,"lower_bound":10739.259297924298,"upper_bound":10779.241136042721},"point_estimate":10758.470915570106,"standard_error":10.239273723111648},"Median":{"confidence_interval":{"confidence_level":0.95,"lower_bound":10727.41045966229,"upper_bound":10784.417582417582},"point_estimate":10758.76486739161,"standard_error":15.944766021000925},"MedianAbsDev":{"confidence_interval":{"confidence_level":0.95,"lower_bound":6.075133203590201,"upper_bound":61.761495147593685},"point_estimate":40.66391044129884,"standard_error":13.366561938856105},"Slope":{"confidence_interval":{"confidence_level":0.95,"lower_bound":10747.498062173157,"upper_bound":10800.779119129133},"point_estimate":10777.850092764378,"standard_error":14.008087749171843},"StdDev":{"confidence_interval":{"confidence_level":0.95,"lower_bound":19.531489962960855,"upper_bound":43.4295387494295},"point_estimate":34.077944765382135,"standard_error":6.413118146600395}}