{"Mean":{"confidence_interval":{"confidence_level":0.95,"lower_bound":629.7297164877202,"upper_bound":635.9219184883972},"point_estimate":632.3604765273234,"standard_error":1.6152482622568167},"Median":{"confidence_interval":{"confidence_level":0.95,"lower_bound":628.9482073886999,"upper_bound":634.0498789855835},"point_estimate":630.2046748395244,"standard_error":1.5001246271560948},"MedianAbsDev":{"confidence_interval":{"confidence_level":0.95,"lower_bound":0.17435245332193913,"upper_bound":6.311379163150266},"point_estimate":2.4190722607698,"standard_error":1.627292058569447},"Slope":{"confidence_interval":{"confidence_level":0.95,"lower_bound":628.8853417761287,"upper_bound":636.2021905899925},"point_estimate":631.22760566383,"standard_error":1.9165990502371617},"StdDev":{"confidence_interval":{"confidence_level":0.95,"lower_bound":1.4169078076853159,"upper_bound":7.795788424433962},"point_estimate":5.381382825539971,"standard_error":1.8782284002228762}}