{"Mean":{"confidence_interval":{"confidence_level":0.95,"lower_bound":422714.3399792961,"upper_bound":425822.4958334951},"point_estimate":424233.1135451173,"standard_error":795.5469013929899},"Median":{"confidence_interval":{"confidence_level":0.95,"lower_bound":422026.410326087,"upper_bound":427191.9361413043},"point_estimate":423767.13431677024,"standard_error":1351.3860437096928},"MedianAbsDev":{"confidence_interval":{"confidence_level":0.95,"lower_bound":731.4596323944379,"upper_bound":4560.674258977452},"point_estimate":2837.1011417510404,"standard_error":1006.3737418934355},"Slope":{"confidence_interval":{"confidence_level":0.95,"lower_bound":424176.2615076029,"upper_bound":427178.65319972846},"point_estimate":426175.43039243366,"standard_error":762.1521554557453},"StdDev":{"confidence_interval":{"confidence_level":0.95,"lower_bound":1633.8368769978194,"upper_bound":3180.073026033596},"point_estimate":2657.9126559659117,"standard_error":392.1516031434435}}