{"Mean":{"confidence_interval":{"confidence_level":0.95,"lower_bound":25161.65620354523,"upper_bound":25745.31423914309},"point_estimate":25462.529276361234,"standard_error":149.44752796169882},"Median":{"confidence_interval":{"confidence_level":0.95,"lower_bound":25013.92968215159,"upper_bound":25907.817976481547},"point_estimate":25550.819315403423,"standard_error":247.06530195548672},"MedianAbsDev":{"confidence_interval":{"confidence_level":0.95,"lower_bound":70.96832705301875,"upper_bound":835.9401793106838},"point_estimate":521.9821264297846,"standard_error":214.81223905060298},"Slope":{"confidence_interval":{"confidence_level":0.95,"lower_bound":25502.757301622583,"upper_bound":25900.686808895356},"point_estimate":25757.26608833709,"standard_error":101.4201003889459},"StdDev":{"confidence_interval":{"confidence_level":0.95,"lower_bound":283.84161675214864,"upper_bound":599.4719193219911},"point_estimate":499.4457469504024,"standard_error":79.6782133228689}}