{"Mean":{"confidence_interval":{"confidence_level":0.95,"lower_bound":540.5974056600264,"upper_bound":546.5547007159561},"point_estimate":543.3760597433812,"standard_error":1.529222018086319},"Median":{"confidence_interval":{"confidence_level":0.95,"lower_bound":539.2431405951033,"upper_bound":547.7084922401413},"point_estimate":542.4572385731207,"standard_error":2.1126083530914332},"MedianAbsDev":{"confidence_interval":{"confidence_level":0.95,"lower_bound":0.3792971424129405,"upper_bound":8.729594619056465},"point_estimate":4.78073130203978,"standard_error":2.0569091712393943},"Slope":{"confidence_interval":{"confidence_level":0.95,"lower_bound":541.9638130470213,"upper_bound":549.3352237454785},"point_estimate":546.4961597814892,"standard_error":1.765802893895817},"StdDev":{"confidence_interval":{"confidence_level":0.95,"lower_bound":2.2897552015401472,"upper_bound":6.599013242494926},"point_estimate":5.087111315117149,"standard_error":1.111259876931314}}