{"Mean":{"confidence_interval":{"confidence_level":0.95,"lower_bound":94877.4117550681,"upper_bound":98567.26331960723},"point_estimate":96527.10333623693,"standard_error":949.2561007670663},"Median":{"confidence_interval":{"confidence_level":0.95,"lower_bound":94601.28708029776,"upper_bound":97851.75203252032},"point_estimate":94902.91585365853,"standard_error":950.7432320661355},"MedianAbsDev":{"confidence_interval":{"confidence_level":0.95,"lower_bound":100.25650855822266,"upper_bound":4400.178930417794},"point_estimate":685.8092096647988,"standard_error":1131.9798920324715},"Slope":{"confidence_interval":{"confidence_level":0.95,"lower_bound":94699.50453796158,"upper_bound":98246.52557973022},"point_estimate":96197.87422466668,"standard_error":980.9154118145156},"StdDev":{"confidence_interval":{"confidence_level":0.95,"lower_bound":379.35909755773065,"upper_bound":4311.48146229781},"point_estimate":3164.152844739909,"standard_error":951.9378912428896}}