{"Mean":{"confidence_interval":{"confidence_level":0.95,"lower_bound":1988159.3512903224,"upper_bound":2036675.9884715818},"point_estimate":2012041.2563056834,"standard_error":12431.919935400314},"Median":{"confidence_interval":{"confidence_level":0.95,"lower_bound":1983299.7822580645,"upper_bound":2059650.599078341},"point_estimate":2001226.4682795699,"standard_error":17174.73793147893},"MedianAbsDev":{"confidence_interval":{"confidence_level":0.95,"lower_bound":4530.62704246846,"upper_bound":79928.03348776791},"point_estimate":27265.2235509456,"standard_error":20016.25692549259},"Slope":{"confidence_interval":{"confidence_level":0.95,"lower_bound":2006236.906458015,"upper_bound":2058476.711637854},"point_estimate":2035513.175869292,"standard_error":13171.502312400899},"StdDev":{"confidence_interval":{"confidence_level":0.95,"lower_bound":22395.842189803967,"upper_bound":51734.76325615117},"point_estimate":41506.719918418225,"standard_error":7342.63605227081}}