{"Mean":{"confidence_interval":{"confidence_level":0.95,"lower_bound":3588248.2891099993,"upper_bound":3614294.446677778},"point_estimate":3600715.496792063,"standard_error":6688.287051999525},"Median":{"confidence_interval":{"confidence_level":0.95,"lower_bound":3583493.6560714287,"upper_bound":3621603.583},"point_estimate":3597970.5366666666,"standard_error":9837.482738814237},"MedianAbsDev":{"confidence_interval":{"confidence_level":0.95,"lower_bound":2173.079728086828,"upper_bound":40366.773840346505},"point_estimate":19163.117392286473,"standard_error":10198.410655721109},"Slope":{"confidence_interval":{"confidence_level":0.95,"lower_bound":3589998.6033351063,"upper_bound":3612473.594355683},"point_estimate":3601187.530181818,"standard_error":5692.161055140053},"StdDev":{"confidence_interval":{"confidence_level":0.95,"lower_bound":11115.089057166677,"upper_bound":27747.216189010935},"point_estimate":22302.149332856887,"standard_error":4149.31401156832}}