{"Mean":{"confidence_interval":{"confidence_level":0.95,"lower_bound":1585.5053537164456,"upper_bound":1671.4616579916092},"point_estimate":1635.0535961877813,"standard_error":22.450873485156905},"Median":{"confidence_interval":{"confidence_level":0.95,"lower_bound":1614.7034791206415,"upper_bound":1681.3549559616931},"point_estimate":1661.7702836054937,"standard_error":16.879700876076043},"MedianAbsDev":{"confidence_interval":{"confidence_level":0.95,"lower_bound":2.3079590304359585,"upper_bound":80.56776751213289},"point_estimate":43.79888841620691,"standard_error":21.55933974035967},"Slope":{"confidence_interval":{"confidence_level":0.95,"lower_bound":1631.488503125927,"upper_bound":1681.9689555098118},"point_estimate":1661.8593673764324,"standard_error":12.980983478110616},"StdDev":{"confidence_interval":{"confidence_level":0.95,"lower_bound":21.810144897061857,"upper_bound":109.42494233024138},"point_estimate":74.80679480371738,"standard_error":26.669530867092433}}