{"Mean":{"confidence_interval":{"confidence_level":0.95,"lower_bound":6283140.562494446,"upper_bound":6308065.178519048},"point_estimate":6294259.340232804,"standard_error":6404.018280351032},"Median":{"confidence_interval":{"confidence_level":0.95,"lower_bound":6279671.920238095,"upper_bound":6300681.663333333},"point_estimate":6292469.144444444,"standard_error":5848.787258710069},"MedianAbsDev":{"confidence_interval":{"confidence_level":0.95,"lower_bound":1516.2561697479446,"upper_bound":29253.847250639286},"point_estimate":10974.416412942996,"standard_error":6943.676021431546},"Slope":{"confidence_interval":{"confidence_level":0.95,"lower_bound":6279610.676961043,"upper_bound":6296455.3488029465},"point_estimate":6289663.330909091,"standard_error":4353.144665329311},"StdDev":{"confidence_interval":{"confidence_level":0.95,"lower_bound":7691.887190240458,"upper_bound":30429.87995191227},"point_estimate":21377.267890611667,"standard_error":6610.054294619342}}