{"Mean":{"confidence_interval":{"confidence_level":0.95,"lower_bound":659358.0289531839,"upper_bound":663690.9370059525},"point_estimate":661675.165924981,"standard_error":1114.4587485806646},"Median":{"confidence_interval":{"confidence_level":0.95,"lower_bound":659488.8169642857,"upper_bound":664746.7869047619},"point_estimate":662292.925,"standard_error":1218.8190814298598},"MedianAbsDev":{"confidence_interval":{"confidence_level":0.95,"lower_bound":700.2334804254308,"upper_bound":5894.378010353832},"point_estimate":3318.068448592535,"standard_error":1292.5203021835418},"Slope":{"confidence_interval":{"confidence_level":0.95,"lower_bound":661627.9008568395,"upper_bound":665034.9739289981},"point_estimate":663873.3730983302,"standard_error":867.1853920589948},"StdDev":{"confidence_interval":{"confidence_level":0.95,"lower_bound":1730.972932164709,"upper_bound":4977.836925138562},"point_estimate":3708.104037331043,"standard_error":893.0717914117143}}