{"Mean":{"confidence_interval":{"confidence_level":0.95,"lower_bound":2528.900839933326,"upper_bound":2591.1543455916662},"point_estimate":2560.9047644167504,"standard_error":15.987497227813366},"Median":{"confidence_interval":{"confidence_level":0.95,"lower_bound":2500.14308012487,"upper_bound":2594.931930473658},"point_estimate":2579.4971962076543,"standard_error":24.08937739044874},"MedianAbsDev":{"confidence_interval":{"confidence_level":0.95,"lower_bound":5.950530159127771,"upper_bound":91.36437485558557},"point_estimate":32.40990283772072,"standard_error":24.246103126154186},"Slope":{"confidence_interval":{"confidence_level":0.95,"lower_bound":2563.975118175679,"upper_bound":2605.14063545348},"point_estimate":2589.2771405147055,"standard_error":10.416720108208617},"StdDev":{"confidence_interval":{"confidence_level":0.95,"lower_bound":28.78043195682104,"upper_bound":65.32967918359168},"point_estimate":53.40115654671487,"standard_error":9.057888390278908}}