{"Mean":{"confidence_interval":{"confidence_level":0.95,"lower_bound":6625657.273333334,"upper_bound":6777815.957592592},"point_estimate":6697882.128425924,"standard_error":39094.14409857839},"Median":{"confidence_interval":{"confidence_level":0.95,"lower_bound":6598419.066666666,"upper_bound":6840425.833333333},"point_estimate":6655985.215277778,"standard_error":60718.917253590684},"MedianAbsDev":{"confidence_interval":{"confidence_level":0.95,"lower_bound":18736.954325686205,"upper_bound":219708.37423689687},"point_estimate":94708.05595276336,"standard_error":51712.497136444756},"Slope":{"confidence_interval":{"confidence_level":0.95,"lower_bound":6595670.888789722,"upper_bound":6850315.276493256},"point_estimate":6745550.600432901,"standard_error":66083.95291974186},"StdDev":{"confidence_interval":{"confidence_level":0.95,"lower_bound":55669.341607646515,"upper_bound":157867.28789441605},"point_estimate":130422.24399340163,"standard_error":23365.79985912542}}