{"Mean":{"confidence_interval":{"confidence_level":0.95,"lower_bound":1338.6363828594997,"upper_bound":1478.886065162233},"point_estimate":1412.6204255538519,"standard_error":35.863054130054415},"Median":{"confidence_interval":{"confidence_level":0.95,"lower_bound":1328.0024296870097,"upper_bound":1503.4211920707926},"point_estimate":1431.654005845594,"standard_error":47.88289104407653},"MedianAbsDev":{"confidence_interval":{"confidence_level":0.95,"lower_bound":3.902966994642578,"upper_bound":198.03932630133443},"point_estimate":106.40297948324937,"standard_error":47.357023749593104},"Slope":{"confidence_interval":{"confidence_level":0.95,"lower_bound":1437.322421305406,"upper_bound":1511.705940456801},"point_estimate":1485.4654604977045,"standard_error":18.718104831111642},"StdDev":{"confidence_interval":{"confidence_level":0.95,"lower_bound":56.88560301337622,"upper_bound":153.87990192441396},"point_estimate":119.3011670794701,"standard_error":25.173466238823206}}