{"Mean":{"confidence_interval":{"confidence_level":0.95,"lower_bound":35139.17802900653,"upper_bound":36527.8842709693},"point_estimate":35782.5846016437,"standard_error":357.9540734514325},"Median":{"confidence_interval":{"confidence_level":0.95,"lower_bound":34988.890862944165,"upper_bound":36364.091776649744},"point_estimate":35783.91898114576,"standard_error":340.04772342707696},"MedianAbsDev":{"confidence_interval":{"confidence_level":0.95,"lower_bound":36.84800289911835,"upper_bound":1806.6810252854111},"point_estimate":976.1399790913741,"standard_error":447.11337276308734},"Slope":{"confidence_interval":{"confidence_level":0.95,"lower_bound":35645.61806199543,"upper_bound":37498.931113230494},"point_estimate":36514.712708814026,"standard_error":536.5669390091359},"StdDev":{"confidence_interval":{"confidence_level":0.95,"lower_bound":496.4674209074789,"upper_bound":1642.6190838680736},"point_estimate":1192.8470105495383,"standard_error":316.3350605494844}}