{"Mean":{"confidence_interval":{"confidence_level":0.95,"lower_bound":168136.32691717552,"upper_bound":168920.08831787054},"point_estimate":168504.90395855028,"standard_error":201.83604771581525},"Median":{"confidence_interval":{"confidence_level":0.95,"lower_bound":167963.08690712866,"upper_bound":169057.93417274134},"point_estimate":168317.89865805168,"standard_error":253.80352276473204},"MedianAbsDev":{"confidence_interval":{"confidence_level":0.95,"lower_bound":119.38768926214335,"upper_bound":1035.1872776787197},"point_estimate":549.8446539857997,"standard_error":262.0567458982649},"Slope":{"confidence_interval":{"confidence_level":0.95,"lower_bound":168170.58062522078,"upper_bound":168961.8681668252},"point_estimate":168596.74355425886,"standard_error":199.51902614300346},"StdDev":{"confidence_interval":{"confidence_level":0.95,"lower_bound":272.67864602338506,"upper_bound":846.1608821956918},"point_estimate":671.8219476401637,"standard_error":137.38225390636106}}