{"Mean":{"confidence_interval":{"confidence_level":0.95,"lower_bound":731362.7202519532,"upper_bound":735521.2054996281},"point_estimate":733503.3252467759,"standard_error":1073.7713391919303},"Median":{"confidence_interval":{"confidence_level":0.95,"lower_bound":730427.5685763889,"upper_bound":735051.2739335317},"point_estimate":734412.5665364583,"standard_error":970.6011144273592},"MedianAbsDev":{"confidence_interval":{"confidence_level":0.95,"lower_bound":215.38059284291788,"upper_bound":6700.853084681954},"point_estimate":1658.9194257566207,"standard_error":1621.557037050859},"Slope":{"confidence_interval":{"confidence_level":0.95,"lower_bound":732878.3036127688,"upper_bound":734690.0372941947},"point_estimate":733978.3944805195,"standard_error":463.6427593144812},"StdDev":{"confidence_interval":{"confidence_level":0.95,"lower_bound":972.9310708733724,"upper_bound":4803.658015014671},"point_estimate":3582.92194280814,"standard_error":841.4935204863853}}