{"Mean":{"confidence_interval":{"confidence_level":0.95,"lower_bound":39911.872092215504,"upper_bound":42078.954956477355},"point_estimate":41081.209794516915,"standard_error":559.0476126963162},"Median":{"confidence_interval":{"confidence_level":0.95,"lower_bound":40016.66666666667,"upper_bound":42568.64420935412},"point_estimate":41490.22748700816,"standard_error":639.5859882177818},"MedianAbsDev":{"confidence_interval":{"confidence_level":0.95,"lower_bound":397.11900217022367,"upper_bound":2866.487681648648},"point_estimate":1822.3355700691263,"standard_error":674.8181344738373},"Slope":{"confidence_interval":{"confidence_level":0.95,"lower_bound":41349.40910933817,"upper_bound":42676.08184502088},"point_estimate":42270.1769907153,"standard_error":341.813674490881},"StdDev":{"confidence_interval":{"confidence_level":0.95,"lower_bound":791.9890373465686,"upper_bound":2455.569945981058},"point_estimate":1862.367676423405,"standard_error":442.70341517672045}}