{"Mean":{"confidence_interval":{"confidence_level":0.95,"lower_bound":1239994.4201071665,"upper_bound":1248203.923419312},"point_estimate":1244475.7347836357,"standard_error":2114.2418457436984},"Median":{"confidence_interval":{"confidence_level":0.95,"lower_bound":1239754.011111111,"upper_bound":1250169.5267857143},"point_estimate":1245688.0527210883,"standard_error":2373.56907316011},"MedianAbsDev":{"confidence_interval":{"confidence_level":0.95,"lower_bound":645.4781385406532,"upper_bound":10313.873607447702},"point_estimate":5758.045231405408,"standard_error":2664.819149412608},"Slope":{"confidence_interval":{"confidence_level":0.95,"lower_bound":1245718.9471469622,"upper_bound":1249977.1767868397},"point_estimate":1248661.8591836735,"standard_error":1108.7600660453375},"StdDev":{"confidence_interval":{"confidence_level":0.95,"lower_bound":2586.3106972733226,"upper_bound":9265.805211842517},"point_estimate":7036.774237085053,"standard_error":1788.7282686862245}}