{"Mean":{"confidence_interval":{"confidence_level":0.95,"lower_bound":17808.20770744869,"upper_bound":18167.93998053786},"point_estimate":17990.62375641366,"standard_error":92.30284514298896},"Median":{"confidence_interval":{"confidence_level":0.95,"lower_bound":17741.062997611465,"upper_bound":18212.75442321302},"point_estimate":18016.502587579616,"standard_error":117.33831470377895},"MedianAbsDev":{"confidence_interval":{"confidence_level":0.95,"lower_bound":92.48487883842617,"upper_bound":553.0182744076792},"point_estimate":299.28249136926235,"standard_error":120.27106160788847},"Slope":{"confidence_interval":{"confidence_level":0.95,"lower_bound":18032.53101378718,"upper_bound":18338.370269315943},"point_estimate":18219.398223591696,"standard_error":79.112444789493},"StdDev":{"confidence_interval":{"confidence_level":0.95,"lower_bound":169.97688127164648,"upper_bound":386.77038494640607},"point_estimate":307.9664592027991,"standard_error":55.07198750100726}}