{"Mean":{"confidence_interval":{"confidence_level":0.95,"lower_bound":766.0072828035015,"upper_bound":828.190478847314},"point_estimate":794.8576875253673,"standard_error":16.018923096273834},"Median":{"confidence_interval":{"confidence_level":0.95,"lower_bound":757.796470859249,"upper_bound":832.7344656157786},"point_estimate":767.9908477309375,"standard_error":23.539771282525372},"MedianAbsDev":{"confidence_interval":{"confidence_level":0.95,"lower_bound":2.5497714046288555,"upper_bound":92.60222391092316},"point_estimate":34.723714075997904,"standard_error":23.81824741583454},"Slope":{"confidence_interval":{"confidence_level":0.95,"lower_bound":786.7272533313544,"upper_bound":858.0456785797152},"point_estimate":825.632025632971,"standard_error":17.541860951921134},"StdDev":{"confidence_interval":{"confidence_level":0.95,"lower_bound":25.36834201269527,"upper_bound":70.41103283549032},"point_estimate":53.34380107406865,"standard_error":12.34893313877633}}