{"Mean":{"confidence_interval":{"confidence_level":0.95,"lower_bound":91605.64222356967,"upper_bound":93930.72240786247},"point_estimate":92770.18123418621,"standard_error":592.4219654112678},"Median":{"confidence_interval":{"confidence_level":0.95,"lower_bound":91458.82208955224,"upper_bound":94272.09044776119},"point_estimate":92783.52707889126,"standard_error":922.6209929364209},"MedianAbsDev":{"confidence_interval":{"confidence_level":0.95,"lower_bound":53.85135029769382,"upper_bound":3218.4587812788427},"point_estimate":1975.2341833803519,"standard_error":878.4018813319205},"Slope":{"confidence_interval":{"confidence_level":0.95,"lower_bound":92575.77765176994,"upper_bound":94894.15145809414},"point_estimate":93968.34044582283,"standard_error":586.7632480107421},"StdDev":{"confidence_interval":{"confidence_level":0.95,"lower_bound":1119.808487356829,"upper_bound":2533.5815964881294},"point_estimate":1971.568217672728,"standard_error":369.74336070337444}}