{"Mean":{"confidence_interval":{"confidence_level":0.95,"lower_bound":29123.096821858966,"upper_bound":29381.286568971565},"point_estimate":29240.63887725852,"standard_error":66.32195490108796},"Median":{"confidence_interval":{"confidence_level":0.95,"lower_bound":29073.05234292734,"upper_bound":29332.11928161928},"point_estimate":29212.66704482776,"standard_error":82.71464070963025},"MedianAbsDev":{"confidence_interval":{"confidence_level":0.95,"lower_bound":25.80950347299465,"upper_bound":346.4398128561318},"point_estimate":189.44573265807992,"standard_error":76.59323081402468},"Slope":{"confidence_interval":{"confidence_level":0.95,"lower_bound":29130.82896944365,"upper_bound":29558.089204339205},"point_estimate":29345.651035451036,"standard_error":117.50485265109774},"StdDev":{"confidence_interval":{"confidence_level":0.95,"lower_bound":101.45609518576106,"upper_bound":306.6927939134764},"point_estimate":221.30228009659825,"standard_error":60.585354845477276}}