{"Mean":{"confidence_interval":{"confidence_level":0.95,"lower_bound":15223123.337103173,"upper_bound":15438534.074325398},"point_estimate":15335758.604325395,"standard_error":55286.899489658404},"Median":{"confidence_interval":{"confidence_level":0.95,"lower_bound":15211444.261904761,"upper_bound":15480220.791666668},"point_estimate":15335358.972222222,"standard_error":61296.05234293093},"MedianAbsDev":{"confidence_interval":{"confidence_level":0.95,"lower_bound":23917.014492055394,"upper_bound":328063.8976757021},"point_estimate":163768.55318586144,"standard_error":80990.69022701314},"Slope":{"confidence_interval":{"confidence_level":0.95,"lower_bound":15265273.57618429,"upper_bound":15458578.434402114},"point_estimate":15371302.725541126,"standard_error":49427.563371534176},"StdDev":{"confidence_interval":{"confidence_level":0.95,"lower_bound":90922.267027487,"upper_bound":237542.71119785195},"point_estimate":184193.44906137334,"standard_error":38450.91152555933}}