{"Mean":{"confidence_interval":{"confidence_level":0.95,"lower_bound":463120.403943433,"upper_bound":469662.7960123106},"point_estimate":465982.5960490106,"standard_error":1694.7966018769853},"Median":{"confidence_interval":{"confidence_level":0.95,"lower_bound":462143.103432282,"upper_bound":468067.8593073593},"point_estimate":464362.9171266234,"standard_error":1636.0440159157451},"MedianAbsDev":{"confidence_interval":{"confidence_level":0.95,"lower_bound":1037.3356094245403,"upper_bound":7324.103037584846},"point_estimate":3793.7470917384726,"standard_error":1580.1572174685016},"Slope":{"confidence_interval":{"confidence_level":0.95,"lower_bound":463073.22795625427,"upper_bound":466580.6444945141},"point_estimate":465118.2627930511,"standard_error":892.1980601943933},"StdDev":{"confidence_interval":{"confidence_level":0.95,"lower_bound":2015.3896787916117,"upper_bound":8078.889396657872},"point_estimate":5656.949200918471,"standard_error":1801.073598309849}}