{"Mean":{"confidence_interval":{"confidence_level":0.95,"lower_bound":415.7234690927361,"upper_bound":431.7446846007392},"point_estimate":424.0843333261556,"standard_error":4.101212741495529},"Median":{"confidence_interval":{"confidence_level":0.95,"lower_bound":414.6752199253517,"upper_bound":437.2432888314671},"point_estimate":425.12065676141253,"standard_error":5.45237565568565},"MedianAbsDev":{"confidence_interval":{"confidence_level":0.95,"lower_bound":2.5949377370486455,"upper_bound":22.973349079910694},"point_estimate":15.126758315856337,"standard_error":5.3875755826606},"Slope":{"confidence_interval":{"confidence_level":0.95,"lower_bound":425.31787021413606,"upper_bound":436.846684368348},"point_estimate":432.75564916048637,"standard_error":2.954229143337655},"StdDev":{"confidence_interval":{"confidence_level":0.95,"lower_bound":7.130874570548371,"upper_bound":17.412583687231503},"point_estimate":13.6905678306638,"standard_error":2.695650460865644}}