{"Mean":{"confidence_interval":{"confidence_level":0.95,"lower_bound":187815.64787208947,"upper_bound":190321.75271410332},"point_estimate":189029.9758251634,"standard_error":643.2482123591568},"Median":{"confidence_interval":{"confidence_level":0.95,"lower_bound":187064.83474264707,"upper_bound":191096.87050653595},"point_estimate":188469.61580882352,"standard_error":1194.0942544580312},"MedianAbsDev":{"confidence_interval":{"confidence_level":0.95,"lower_bound":399.53616459798656,"upper_bound":3460.188114892914},"point_estimate":2585.325265957901,"standard_error":853.5330448136258},"Slope":{"confidence_interval":{"confidence_level":0.95,"lower_bound":188837.16770213182,"upper_bound":191234.87245835835},"point_estimate":190385.72627005348,"standard_error":613.821790480293},"StdDev":{"confidence_interval":{"confidence_level":0.95,"lower_bound":1357.3142236857018,"upper_bound":2484.1718947806876},"point_estimate":2150.880044242489,"standard_error":289.4815745289537}}