{"Mean":{"confidence_interval":{"confidence_level":0.95,"lower_bound":2768.6316523132195,"upper_bound":2882.6281318071838},"point_estimate":2831.893491247242,"standard_error":29.321232960505366},"Median":{"confidence_interval":{"confidence_level":0.95,"lower_bound":2809.073768844221,"upper_bound":2883.7600737018424},"point_estimate":2838.8827503257025,"standard_error":19.590034568131358},"MedianAbsDev":{"confidence_interval":{"confidence_level":0.95,"lower_bound":4.194629350432613,"upper_bound":124.6809782115958},"point_estimate":44.54582261088446,"standard_error":30.830619273411763},"Slope":{"confidence_interval":{"confidence_level":0.95,"lower_bound":2832.5771734550976,"upper_bound":2895.0244744614615},"point_estimate":2861.8321668950816,"standard_error":15.818259402137478},"StdDev":{"confidence_interval":{"confidence_level":0.95,"lower_bound":29.06181847033679,"upper_bound":141.22201333752145},"point_estimate":97.64108115406123,"standard_error":32.19082466218848}}