{"Mean":{"confidence_interval":{"confidence_level":0.95,"lower_bound":395632.2511602099,"upper_bound":402070.798909201},"point_estimate":398568.395058515,"standard_error":1651.7713102122973},"Median":{"confidence_interval":{"confidence_level":0.95,"lower_bound":394904.5826271187,"upper_bound":400968.2118644068},"point_estimate":397779.9006355932,"standard_error":1825.8916706176005},"MedianAbsDev":{"confidence_interval":{"confidence_level":0.95,"lower_bound":1004.9467823704904,"upper_bound":8013.2306771435315},"point_estimate":4121.465337422571,"standard_error":1772.9353545733925},"Slope":{"confidence_interval":{"confidence_level":0.95,"lower_bound":396772.4437030278,"upper_bound":405797.8362489696},"point_estimate":400791.31804974686,"standard_error":2476.383625295527},"StdDev":{"confidence_interval":{"confidence_level":0.95,"lower_bound":2336.0605149702587,"upper_bound":7708.723491032939},"point_estimate":5524.708186759753,"standard_error":1550.2418933195743}}