{"Mean":{"confidence_interval":{"confidence_level":0.95,"lower_bound":24290.38931615312,"upper_bound":24539.283251830548},"point_estimate":24410.847224230565,"standard_error":64.05665577269293},"Median":{"confidence_interval":{"confidence_level":0.95,"lower_bound":24220.508546690486,"upper_bound":24567.349707254143},"point_estimate":24396.40551184451,"standard_error":102.3774842630625},"MedianAbsDev":{"confidence_interval":{"confidence_level":0.95,"lower_bound":28.798047930236343,"upper_bound":386.7813895503428},"point_estimate":227.83325175152004,"standard_error":84.74425957551705},"Slope":{"confidence_interval":{"confidence_level":0.95,"lower_bound":24412.194160066156,"upper_bound":24667.632989952523},"point_estimate":24552.902651144628,"standard_error":65.5481020823245},"StdDev":{"confidence_interval":{"confidence_level":0.95,"lower_bound":125.4667677115975,"upper_bound":273.4687161083937},"point_estimate":214.52551269070707,"standard_error":39.48657462137039}}