{"Mean":{"confidence_interval":{"confidence_level":0.95,"lower_bound":797973.667338889,"upper_bound":816913.962087963},"point_estimate":807370.9990582011,"standard_error":4850.220195975824},"Median":{"confidence_interval":{"confidence_level":0.95,"lower_bound":791722.4222222222,"upper_bound":820790.7966666666},"point_estimate":807453.7875000001,"standard_error":6553.716133665346},"MedianAbsDev":{"confidence_interval":{"confidence_level":0.95,"lower_bound":3573.323332394182,"upper_bound":27425.103425607114},"point_estimate":21548.38559310634,"standard_error":6507.396073980607},"Slope":{"confidence_interval":{"confidence_level":0.95,"lower_bound":806013.8040935673,"upper_bound":824970.1102654928},"point_estimate":817429.081991342,"standard_error":4765.146243975071},"StdDev":{"confidence_interval":{"confidence_level":0.95,"lower_bound":9487.113165692437,"upper_bound":20176.335340049412},"point_estimate":16242.319262890333,"standard_error":2745.024251004838}}