{"Mean":{"confidence_interval":{"confidence_level":0.95,"lower_bound":69713.74038260391,"upper_bound":69987.60589879476},"point_estimate":69846.59952538241,"standard_error":70.22636157592575},"Median":{"confidence_interval":{"confidence_level":0.95,"lower_bound":69632.95375722543,"upper_bound":70019.71235893201},"point_estimate":69845.91955684008,"standard_error":93.93672123723665},"MedianAbsDev":{"confidence_interval":{"confidence_level":0.95,"lower_bound":57.94505099439035,"upper_bound":390.18828947244805},"point_estimate":286.7041463550694,"standard_error":85.8215816105497},"Slope":{"confidence_interval":{"confidence_level":0.95,"lower_bound":69852.73581180871,"upper_bound":70086.0741393291},"point_estimate":69992.70894077022,"standard_error":58.1620344418512},"StdDev":{"confidence_interval":{"confidence_level":0.95,"lower_bound":130.0923278783889,"upper_bound":295.8431620822932},"point_estimate":233.53798016464947,"standard_error":42.824112170017976}}