{"Mean":{"confidence_interval":{"confidence_level":0.95,"lower_bound":1995.7041302594405,"upper_bound":2109.722744066558},"point_estimate":2060.3301774335036,"standard_error":29.55332745731532},"Median":{"confidence_interval":{"confidence_level":0.95,"lower_bound":2007.6964744067195,"upper_bound":2121.6047465308416},"point_estimate":2105.354898933184,"standard_error":25.785481148307152},"MedianAbsDev":{"confidence_interval":{"confidence_level":0.95,"lower_bound":5.586945865157535,"upper_bound":129.1086394213204},"point_estimate":29.678969485725865,"standard_error":28.605937106372796},"Slope":{"confidence_interval":{"confidence_level":0.95,"lower_bound":2089.5075343938765,"upper_bound":2115.223815292261},"point_estimate":2106.351952635477,"standard_error":6.642636431479949},"StdDev":{"confidence_interval":{"confidence_level":0.95,"lower_bound":19.138632736791756,"upper_bound":135.25771622743318},"point_estimate":98.33523429568938,"standard_error":31.768673825577824}}