{"Mean":{"confidence_interval":{"confidence_level":0.95,"lower_bound":1450.172812580356,"upper_bound":1501.8839720049832},"point_estimate":1476.9120201788455,"standard_error":13.269197228381929},"Median":{"confidence_interval":{"confidence_level":0.95,"lower_bound":1441.5805602106775,"upper_bound":1512.3186921434842},"point_estimate":1488.7671654297342,"standard_error":19.56601987376296},"MedianAbsDev":{"confidence_interval":{"confidence_level":0.95,"lower_bound":10.079736175423413,"upper_bound":71.65104576977603},"point_estimate":48.4787401047361,"standard_error":16.814063448004905},"Slope":{"confidence_interval":{"confidence_level":0.95,"lower_bound":1484.5567618563568,"upper_bound":1522.1016309240583},"point_estimate":1507.4177606289647,"standard_error":9.71415317316321},"StdDev":{"confidence_interval":{"confidence_level":0.95,"lower_bound":24.82435718788562,"upper_bound":55.58835057380723},"point_estimate":44.19130688776308,"standard_error":7.9339964048930804}}