{"Mean":{"confidence_interval":{"confidence_level":0.95,"lower_bound":732517.1848893359,"upper_bound":808134.322727476},"point_estimate":771202.0559769729,"standard_error":19424.899445555882},"Median":{"confidence_interval":{"confidence_level":0.95,"lower_bound":711388.8221830986,"upper_bound":825255.0783590432},"point_estimate":779257.6082159624,"standard_error":31762.761241133663},"MedianAbsDev":{"confidence_interval":{"confidence_level":0.95,"lower_bound":9679.238615013695,"upper_bound":107891.3706206015},"point_estimate":70196.19308789993,"standard_error":25563.121927237647},"Slope":{"confidence_interval":{"confidence_level":0.95,"lower_bound":784168.5960673806,"upper_bound":838315.6010456679},"point_estimate":819461.2301079202,"standard_error":13907.69134209706},"StdDev":{"confidence_interval":{"confidence_level":0.95,"lower_bound":37992.07419954894,"upper_bound":78179.58949971721},"point_estimate":64761.021757207534,"standard_error":10102.703609915841}}