{"Mean":{"confidence_interval":{"confidence_level":0.95,"lower_bound":467546.6618978717,"upper_bound":474295.71597103996},"point_estimate":471113.2767210263,"standard_error":1731.7361913979412},"Median":{"confidence_interval":{"confidence_level":0.95,"lower_bound":466947.61872146116,"upper_bound":475866.6771037182},"point_estimate":472068.62146118726,"standard_error":2739.494669557611},"MedianAbsDev":{"confidence_interval":{"confidence_level":0.95,"lower_bound":563.2057839737471,"upper_bound":9965.091865584238},"point_estimate":5593.662381000875,"standard_error":2577.109721428574},"Slope":{"confidence_interval":{"confidence_level":0.95,"lower_bound":471936.9900730191,"upper_bound":475938.94184759795},"point_estimate":474660.78542963887,"standard_error":1032.7657302185933},"StdDev":{"confidence_interval":{"confidence_level":0.95,"lower_bound":3097.781234169187,"upper_bound":7348.642833248224},"point_estimate":5763.497995749896,"standard_error":1139.8657566502332}}