{"Mean":{"confidence_interval":{"confidence_level":0.95,"lower_bound":3793503.448746393,"upper_bound":3818189.830921717},"point_estimate":3806504.2523719342,"standard_error":6350.2168568406605},"Median":{"confidence_interval":{"confidence_level":0.95,"lower_bound":3793058.7335858587,"upper_bound":3819937.621212121},"point_estimate":3809379.833766234,"standard_error":5702.815562263631},"MedianAbsDev":{"confidence_interval":{"confidence_level":0.95,"lower_bound":300.60153042110386,"upper_bound":36768.20135973394},"point_estimate":14382.030681940509,"standard_error":9456.184220564619},"Slope":{"confidence_interval":{"confidence_level":0.95,"lower_bound":3804522.270167351,"upper_bound":3819595.6385524115},"point_estimate":3810348.8166469894,"standard_error":3843.9439020131317},"StdDev":{"confidence_interval":{"confidence_level":0.95,"lower_bound":8935.406541468803,"upper_bound":27562.553153954585},"point_estimate":21162.732892990192,"standard_error":4773.68353280526}}