{"Mean":{"confidence_interval":{"confidence_level":0.95,"lower_bound":5344822.25608658,"upper_bound":5874401.01489394},"point_estimate":5600269.987532467,"standard_error":136078.31990770364},"Median":{"confidence_interval":{"confidence_level":0.95,"lower_bound":5219415.151515151,"upper_bound":6110721.939393939},"point_estimate":5473535.483333333,"standard_error":227782.08402060275},"MedianAbsDev":{"confidence_interval":{"confidence_level":0.95,"lower_bound":114213.34693594433,"upper_bound":734629.5561531733},"point_estimate":448758.75772384903,"standard_error":172467.6873199676},"Slope":{"confidence_interval":{"confidence_level":0.95,"lower_bound":5603778.8805409465,"upper_bound":6108201.329181495},"point_estimate":5938619.654309327,"standard_error":129678.3613399315},"StdDev":{"confidence_interval":{"confidence_level":0.95,"lower_bound":261751.19931835064,"upper_bound":539346.6432521899},"point_estimate":454751.0764696076,"standard_error":69305.5909229543}}