{"Mean":{"confidence_interval":{"confidence_level":0.95,"lower_bound":94827.95843419715,"upper_bound":95865.14065583424},"point_estimate":95383.96676552105,"standard_error":267.17782755507346},"Median":{"confidence_interval":{"confidence_level":0.95,"lower_bound":94623.87472283814,"upper_bound":96144.55543237251},"point_estimate":95584.31908259424,"standard_error":345.9720898296738},"MedianAbsDev":{"confidence_interval":{"confidence_level":0.95,"lower_bound":27.556306606117282,"upper_bound":1397.0668580906934},"point_estimate":767.6602760470129,"standard_error":371.79871968486924},"Slope":{"confidence_interval":{"confidence_level":0.95,"lower_bound":94593.87303639397,"upper_bound":95858.13798018634},"point_estimate":95336.1631497106,"standard_error":320.4048559358485},"StdDev":{"confidence_interval":{"confidence_level":0.95,"lower_bound":354.72201555663503,"upper_bound":1118.2859903142546},"point_estimate":890.9887755835412,"standard_error":199.62969842385826}}