{"Mean":{"confidence_interval":{"confidence_level":0.95,"lower_bound":60559.94982757685,"upper_bound":62367.54564624742},"point_estimate":61492.470511838816,"standard_error":466.1881765646243},"Median":{"confidence_interval":{"confidence_level":0.95,"lower_bound":60060.22795698924,"upper_bound":62926.51918377321},"point_estimate":61995.29521016618,"standard_error":927.9302496061387},"MedianAbsDev":{"confidence_interval":{"confidence_level":0.95,"lower_bound":213.7661981534095,"upper_bound":2536.107906441355},"point_estimate":1609.694298460337,"standard_error":655.1025594011313},"Slope":{"confidence_interval":{"confidence_level":0.95,"lower_bound":61431.988529136,"upper_bound":62795.68227264153},"point_estimate":62377.65493900039,"standard_error":351.02906141851383},"StdDev":{"confidence_interval":{"confidence_level":0.95,"lower_bound":964.3360796326652,"upper_bound":1823.5170576543908},"point_estimate":1554.5408896379595,"standard_error":213.87921854149684}}