{"Mean":{"confidence_interval":{"confidence_level":0.95,"lower_bound":568036.0699748289,"upper_bound":570534.3856535947},"point_estimate":569175.907000467,"standard_error":642.0548038926697},"Median":{"confidence_interval":{"confidence_level":0.95,"lower_bound":567434.4226579521,"upper_bound":570505.3997821352},"point_estimate":568687.7689075631,"standard_error":700.8242635781863},"MedianAbsDev":{"confidence_interval":{"confidence_level":0.95,"lower_bound":169.59215613946435,"upper_bound":3341.3107814642167},"point_estimate":1870.3111720240852,"standard_error":780.5264576592018},"Slope":{"confidence_interval":{"confidence_level":0.95,"lower_bound":567586.8194313832,"upper_bound":568648.1970180975},"point_estimate":567960.0044308633,"standard_error":273.46213373920847},"StdDev":{"confidence_interval":{"confidence_level":0.95,"lower_bound":728.117033693268,"upper_bound":2754.5025052636443},"point_estimate":2142.4972500020594,"standard_error":517.6045630458511}}