{"Mean":{"confidence_interval":{"confidence_level":0.95,"lower_bound":398.681767257704,"upper_bound":420.2722278220966},"point_estimate":409.80975125288717,"standard_error":5.524754202785507},"Median":{"confidence_interval":{"confidence_level":0.95,"lower_bound":395.1746387364176,"upper_bound":424.28733982180864},"point_estimate":412.8039258242784,"standard_error":7.262008872792089},"MedianAbsDev":{"confidence_interval":{"confidence_level":0.95,"lower_bound":4.554669215934694,"upper_bound":31.000601087567563},"point_estimate":17.12341537140747,"standard_error":7.1092254499333185},"Slope":{"confidence_interval":{"confidence_level":0.95,"lower_bound":413.4481330135905,"upper_bound":429.2758363933591},"point_estimate":423.0349761921735,"standard_error":4.128380967099521},"StdDev":{"confidence_interval":{"confidence_level":0.95,"lower_bound":9.668319678198511,"upper_bound":23.00938552598194},"point_estimate":18.444459107753563,"standard_error":3.3389623348158564}}