{"Mean":{"confidence_interval":{"confidence_level":0.95,"lower_bound":151777.53245162,"upper_bound":153671.0496572225},"point_estimate":152621.89402614214,"standard_error":487.87624270171995},"Median":{"confidence_interval":{"confidence_level":0.95,"lower_bound":151263.15073675825,"upper_bound":153245.56668160096},"point_estimate":152387.0104540024,"standard_error":551.5218436859036},"MedianAbsDev":{"confidence_interval":{"confidence_level":0.95,"lower_bound":248.4933207496431,"upper_bound":2389.37064338664},"point_estimate":1385.981735041463,"standard_error":514.0132812378774},"Slope":{"confidence_interval":{"confidence_level":0.95,"lower_bound":151302.5680921786,"upper_bound":152592.79088261648},"point_estimate":151807.0024158637,"standard_error":333.5926738058955},"StdDev":{"confidence_interval":{"confidence_level":0.95,"lower_bound":690.0931819597165,"upper_bound":2295.9929072443733},"point_estimate":1625.4512739220024,"standard_error":484.9165035638961}}