{"Mean":{"confidence_interval":{"confidence_level":0.95,"lower_bound":9657.832274738805,"upper_bound":10032.280279076582},"point_estimate":9848.562243353677,"standard_error":96.40219272837828},"Median":{"confidence_interval":{"confidence_level":0.95,"lower_bound":9542.179978276612,"upper_bound":10148.110774800869},"point_estimate":9911.86876383573,"standard_error":195.6504467327601},"MedianAbsDev":{"confidence_interval":{"confidence_level":0.95,"lower_bound":3.616796015440488,"upper_bound":523.7299916269898},"point_estimate":366.95575007466084,"standard_error":155.76723101463756},"Slope":{"confidence_interval":{"confidence_level":0.95,"lower_bound":9913.76454004624,"upper_bound":10132.002647100044},"point_estimate":10068.763752597873,"standard_error":57.338944762756945},"StdDev":{"confidence_interval":{"confidence_level":0.95,"lower_bound":207.33293572681765,"upper_bound":369.0166180571025},"point_estimate":321.8497877702869,"standard_error":41.620027426357424}}