{"Mean":{"confidence_interval":{"confidence_level":0.95,"lower_bound":489497.0529388631,"upper_bound":497295.13862595416},"point_estimate":493058.08515358047,"standard_error":2006.6480642287888},"Median":{"confidence_interval":{"confidence_level":0.95,"lower_bound":487999.98193384224,"upper_bound":497574.4179389313},"point_estimate":491183.3877862595,"standard_error":2300.67392668067},"MedianAbsDev":{"confidence_interval":{"confidence_level":0.95,"lower_bound":1248.2194974961715,"upper_bound":10454.71135179634},"point_estimate":5468.85520535114,"standard_error":2335.6168180564177},"Slope":{"confidence_interval":{"confidence_level":0.95,"lower_bound":488417.57233569445,"upper_bound":492138.37194435194},"point_estimate":490239.22298007336,"standard_error":938.7886701530413},"StdDev":{"confidence_interval":{"confidence_level":0.95,"lower_bound":2907.2699523452775,"upper_bound":9098.053131948742},"point_estimate":6720.956094321726,"standard_error":1732.0546533182442}}