{"Mean":{"confidence_interval":{"confidence_level":0.95,"lower_bound":140326.9337321643,"upper_bound":143649.93253783227},"point_estimate":142250.7676793565,"standard_error":871.0662684107326},"Median":{"confidence_interval":{"confidence_level":0.95,"lower_bound":141418.43824940047,"upper_bound":143979.51636690646},"point_estimate":143266.06958183454,"standard_error":705.7534475497052},"MedianAbsDev":{"confidence_interval":{"confidence_level":0.95,"lower_bound":276.2158414271216,"upper_bound":3177.5550762969883},"point_estimate":1334.474903574528,"standard_error":761.2242391799109},"Slope":{"confidence_interval":{"confidence_level":0.95,"lower_bound":142192.26772167374,"upper_bound":143600.35900934425},"point_estimate":142779.39193216854,"standard_error":354.7067305230014},"StdDev":{"confidence_interval":{"confidence_level":0.95,"lower_bound":792.9718298503971,"upper_bound":4254.227269953973},"point_estimate":2903.44014584743,"standard_error":1046.2151757603515}}