{"Mean":{"confidence_interval":{"confidence_level":0.95,"lower_bound":42552.79073666135,"upper_bound":42828.516038157104},"point_estimate":42696.942540665455,"standard_error":70.57110931858485},"Median":{"confidence_interval":{"confidence_level":0.95,"lower_bound":42502.076770970656,"upper_bound":42890.362068965514},"point_estimate":42764.07785332686,"standard_error":101.72685204515857},"MedianAbsDev":{"confidence_interval":{"confidence_level":0.95,"lower_bound":34.23845561482845,"upper_bound":397.48012954482135},"point_estimate":274.9205714572127,"standard_error":89.14643436297213},"Slope":{"confidence_interval":{"confidence_level":0.95,"lower_bound":42655.79659555313,"upper_bound":42915.741249879815},"point_estimate":42826.305322846165,"standard_error":66.40034000777776},"StdDev":{"confidence_interval":{"confidence_level":0.95,"lower_bound":127.9220909499666,"upper_bound":292.5792958304411},"point_estimate":235.25845630397947,"standard_error":42.046742145496296}}