{"Mean":{"confidence_interval":{"confidence_level":0.95,"lower_bound":794.7198432135165,"upper_bound":827.7452315365016},"point_estimate":811.7555796985567,"standard_error":8.51456838287699},"Median":{"confidence_interval":{"confidence_level":0.95,"lower_bound":787.111616468784,"upper_bound":840.9148606635715},"point_estimate":807.3764982239029,"standard_error":14.308150361470402},"MedianAbsDev":{"confidence_interval":{"confidence_level":0.95,"lower_bound":2.9409940690376213,"upper_bound":51.72353900688968},"point_estimate":46.703050198964064,"standard_error":15.531682077141614},"Slope":{"confidence_interval":{"confidence_level":0.95,"lower_bound":815.8197874358128,"upper_bound":839.411420780549},"point_estimate":832.3950255313611,"standard_error":5.9566630068431845},"StdDev":{"confidence_interval":{"confidence_level":0.95,"lower_bound":17.436906973330164,"upper_bound":34.3653347829435},"point_estimate":28.446742696082687,"standard_error":4.4421845263925634}}