{"Mean":{"confidence_interval":{"confidence_level":0.95,"lower_bound":78531.61767255483,"upper_bound":80100.17048974558},"point_estimate":79351.6508182918,"standard_error":402.58940653950805},"Median":{"confidence_interval":{"confidence_level":0.95,"lower_bound":77980.79824774884,"upper_bound":80552.52044293015},"point_estimate":79881.98368824532,"standard_error":716.7413119228852},"MedianAbsDev":{"confidence_interval":{"confidence_level":0.95,"lower_bound":76.79795249091518,"upper_bound":2187.683189491343},"point_estimate":1070.9357273371681,"standard_error":624.2890776245628},"Slope":{"confidence_interval":{"confidence_level":0.95,"lower_bound":77718.866751676,"upper_bound":79640.34006479231},"point_estimate":78390.5761831014,"standard_error":491.5511179649369},"StdDev":{"confidence_interval":{"confidence_level":0.95,"lower_bound":722.5889534190554,"upper_bound":1570.947016429194},"point_estimate":1346.474846602827,"standard_error":209.08269149624564}}