{"Mean":{"confidence_interval":{"confidence_level":0.95,"lower_bound":5780.858742011956,"upper_bound":5914.7502344772165},"point_estimate":5845.678559938199,"standard_error":34.382629087424526},"Median":{"confidence_interval":{"confidence_level":0.95,"lower_bound":5773.583090379008,"upper_bound":5951.977368436552},"point_estimate":5794.699078982243,"standard_error":52.83734859858024},"MedianAbsDev":{"confidence_interval":{"confidence_level":0.95,"lower_bound":8.452990898167725,"upper_bound":177.33991827320125},"point_estimate":83.68039059229825,"standard_error":54.72176298179258},"Slope":{"confidence_interval":{"confidence_level":0.95,"lower_bound":5839.28974384835,"upper_bound":5965.092470251392},"point_estimate":5911.286758272207,"standard_error":32.23099008985284},"StdDev":{"confidence_interval":{"confidence_level":0.95,"lower_bound":60.71532223829786,"upper_bound":140.55651515266015},"point_estimate":114.80937631024759,"standard_error":19.498108498678786}}