{"Mean":{"confidence_interval":{"confidence_level":0.95,"lower_bound":7406.995008402577,"upper_bound":7554.688313043501},"point_estimate":7465.488572995719,"standard_error":40.03651289785099},"Median":{"confidence_interval":{"confidence_level":0.95,"lower_bound":7394.606922789655,"upper_bound":7459.50969914107},"point_estimate":7443.48842756223,"standard_error":18.99004123236131},"MedianAbsDev":{"confidence_interval":{"confidence_level":0.95,"lower_bound":4.981662564438456,"upper_bound":99.48746160543523},"point_estimate":25.00423886497463,"standard_error":25.545449659789014},"Slope":{"confidence_interval":{"confidence_level":0.95,"lower_bound":7431.4652675164325,"upper_bound":7456.424414468882},"point_estimate":7448.505472587351,"standard_error":6.458666420280913},"StdDev":{"confidence_interval":{"confidence_level":0.95,"lower_bound":25.623543630358636,"upper_bound":205.01026430982267},"point_estimate":134.68695143092287,"standard_error":59.91784667004268}}