{"Mean":{"confidence_interval":{"confidence_level":0.95,"lower_bound":646.677713343469,"upper_bound":715.5507888383906},"point_estimate":681.8411903132311,"standard_error":17.697841869959216},"Median":{"confidence_interval":{"confidence_level":0.95,"lower_bound":626.6521195757615,"upper_bound":735.2675063053741},"point_estimate":692.2892111122403,"standard_error":29.10230619451505},"MedianAbsDev":{"confidence_interval":{"confidence_level":0.95,"lower_bound":12.409787489053029,"upper_bound":100.86807988872658},"point_estimate":68.91211625279895,"standard_error":22.881012431535506},"Slope":{"confidence_interval":{"confidence_level":0.95,"lower_bound":693.5061698202245,"upper_bound":737.9033866858294},"point_estimate":723.7215875180889,"standard_error":11.456556930107084},"StdDev":{"confidence_interval":{"confidence_level":0.95,"lower_bound":34.95596713040925,"upper_bound":70.7016359751901},"point_estimate":59.015201098857546,"standard_error":9.064698568445664}}