{"Mean":{"confidence_interval":{"confidence_level":0.95,"lower_bound":2947955.019221612,"upper_bound":2950854.3906410253},"point_estimate":2949415.8412087904,"standard_error":742.9007707103391},"Median":{"confidence_interval":{"confidence_level":0.95,"lower_bound":2946910.6666666665,"upper_bound":2951513.9634615383},"point_estimate":2949979.122710623,"standard_error":1257.049036540955},"MedianAbsDev":{"confidence_interval":{"confidence_level":0.95,"lower_bound":374.9063587290612,"upper_bound":4086.9198812888308},"point_estimate":3423.9577209431827,"standard_error":953.3886338651403},"Slope":{"confidence_interval":{"confidence_level":0.95,"lower_bound":2948099.6900272584,"upper_bound":2951291.1488749348},"point_estimate":2949931.957642358,"standard_error":804.8057320011076},"StdDev":{"confidence_interval":{"confidence_level":0.95,"lower_bound":1573.5079327922901,"upper_bound":2972.0023127270206},"point_estimate":2481.927928122274,"standard_error":357.7785034882203}}