{"Mean":{"confidence_interval":{"confidence_level":0.95,"lower_bound":419122.167163955,"upper_bound":434045.8894319728},"point_estimate":425892.293367158,"standard_error":3851.24770244416},"Median":{"confidence_interval":{"confidence_level":0.95,"lower_bound":417515.55515873013,"upper_bound":432049.61904761905},"point_estimate":422449.8981717687,"standard_error":3984.7187932044353},"MedianAbsDev":{"confidence_interval":{"confidence_level":0.95,"lower_bound":1513.134031886482,"upper_bound":18807.862640510382},"point_estimate":7487.348958203915,"standard_error":4452.966525357116},"Slope":{"confidence_interval":{"confidence_level":0.95,"lower_bound":419493.0309026297,"upper_bound":429039.68251387274},"point_estimate":424829.7397649969,"standard_error":2466.571405807306},"StdDev":{"confidence_interval":{"confidence_level":0.95,"lower_bound":4806.3940215069315,"upper_bound":17565.87573341769},"point_estimate":12827.207783053393,"standard_error":3521.269379212158}}