{"Mean":{"confidence_interval":{"confidence_level":0.95,"lower_bound":114879.9273948028,"upper_bound":118199.03177260309},"point_estimate":116388.8894401574,"standard_error":845.0572272307514},"Median":{"confidence_interval":{"confidence_level":0.95,"lower_bound":115141.69659675503,"upper_bound":117384.03878116343},"point_estimate":115886.05378578024,"standard_error":513.0543523385944},"MedianAbsDev":{"confidence_interval":{"confidence_level":0.95,"lower_bound":165.7675258659071,"upper_bound":4030.035282469192},"point_estimate":1275.3542184290363,"standard_error":925.0261524943658},"Slope":{"confidence_interval":{"confidence_level":0.95,"lower_bound":115259.15393733123,"upper_bound":118061.69556312794},"point_estimate":116348.95286541713,"standard_error":723.2148971000752},"StdDev":{"confidence_interval":{"confidence_level":0.95,"lower_bound":747.9972266438572,"upper_bound":4090.321596197899},"point_estimate":2817.0598659272846,"standard_error":905.9687519515359}}