{"Mean":{"confidence_interval":{"confidence_level":0.95,"lower_bound":4406556.601975695,"upper_bound":4780018.293672619},"point_estimate":4576501.119474206,"standard_error":95776.0773634306},"Median":{"confidence_interval":{"confidence_level":0.95,"lower_bound":4341860.375,"upper_bound":4716149.3125},"point_estimate":4549131.1375,"standard_error":93490.28558109522},"MedianAbsDev":{"confidence_interval":{"confidence_level":0.95,"lower_bound":53921.21382604027,"upper_bound":471899.7828929373},"point_estimate":277460.3844428435,"standard_error":107347.3335106055},"Slope":{"confidence_interval":{"confidence_level":0.95,"lower_bound":4450496.104519774,"upper_bound":4874587.444430938},"point_estimate":4626969.546103896,"standard_error":109044.37236605526},"StdDev":{"confidence_interval":{"confidence_level":0.95,"lower_bound":137811.49800415183,"upper_bound":439649.7843275843},"point_estimate":319136.3697720067,"standard_error":85602.75830560691}}