{"Mean":{"confidence_interval":{"confidence_level":0.95,"lower_bound":1445067.3889928195,"upper_bound":1449166.3673510016},"point_estimate":1447032.107749433,"standard_error":1053.0376051210483},"Median":{"confidence_interval":{"confidence_level":0.95,"lower_bound":1444183.9751984128,"upper_bound":1449847.0343915343},"point_estimate":1446446.0173847317,"standard_error":1264.194396433002},"MedianAbsDev":{"confidence_interval":{"confidence_level":0.95,"lower_bound":554.9809869726679,"upper_bound":5890.326060703483},"point_estimate":3577.197997603043,"standard_error":1451.0174611144212},"Slope":{"confidence_interval":{"confidence_level":0.95,"lower_bound":1444698.132928727,"upper_bound":1448800.8848247833},"point_estimate":1446671.015543187,"standard_error":1033.6459001792036},"StdDev":{"confidence_interval":{"confidence_level":0.95,"lower_bound":1789.7243419752147,"upper_bound":4589.032047435374},"point_estimate":3510.6209664813664,"standard_error":746.6017054087123}}