{"Mean":{"confidence_interval":{"confidence_level":0.95,"lower_bound":3558.519822583722,"upper_bound":3598.6825958778886},"point_estimate":3580.5547191176074,"standard_error":10.325083122307502},"Median":{"confidence_interval":{"confidence_level":0.95,"lower_bound":3559.3986275816787,"upper_bound":3599.148509247837},"point_estimate":3592.1770407554163,"standard_error":8.875922910622117},"MedianAbsDev":{"confidence_interval":{"confidence_level":0.95,"lower_bound":1.2648064648710273,"upper_bound":52.947261585665395},"point_estimate":11.081011836846105,"standard_error":12.86112251054826},"Slope":{"confidence_interval":{"confidence_level":0.95,"lower_bound":3532.1172361511894,"upper_bound":3598.344816118603},"point_estimate":3562.9561325379227,"standard_error":17.866542777047545},"StdDev":{"confidence_interval":{"confidence_level":0.95,"lower_bound":9.131430287818391,"upper_bound":44.78962516223569},"point_estimate":34.52903434239589,"standard_error":9.07457645777903}}