{"Mean":{"confidence_interval":{"confidence_level":0.95,"lower_bound":642109.4588677918,"upper_bound":684845.4792264417},"point_estimate":665405.0091842476,"standard_error":11019.295024244891},"Median":{"confidence_interval":{"confidence_level":0.95,"lower_bound":633865.6729957806,"upper_bound":689705.7183544304},"point_estimate":675976.7609001406,"standard_error":11391.727310484375},"MedianAbsDev":{"confidence_interval":{"confidence_level":0.95,"lower_bound":3858.323332450375,"upper_bound":50913.29320876662},"point_estimate":17668.057349198556,"standard_error":11144.819607660747},"Slope":{"confidence_interval":{"confidence_level":0.95,"lower_bound":673933.7122751499,"upper_bound":695024.746745139},"point_estimate":685831.8749958902,"standard_error":5570.121052796345},"StdDev":{"confidence_interval":{"confidence_level":0.95,"lower_bound":10489.168451309786,"upper_bound":46250.97559653063},"point_estimate":36649.23134636941,"standard_error":9344.625864177064}}