{"Mean":{"confidence_interval":{"confidence_level":0.95,"lower_bound":5935854.482531747,"upper_bound":5976326.220595238},"point_estimate":5954876.6702619055,"standard_error":10392.2575504076},"Median":{"confidence_interval":{"confidence_level":0.95,"lower_bound":5935131.8904761905,"upper_bound":5975419.377777778},"point_estimate":5944064.625,"standard_error":10481.419440131847},"MedianAbsDev":{"confidence_interval":{"confidence_level":0.95,"lower_bound":2310.3787814824855,"upper_bound":54356.97231497128},"point_estimate":13907.635835589956,"standard_error":15288.06709701051},"Slope":{"confidence_interval":{"confidence_level":0.95,"lower_bound":5920633.347558387,"upper_bound":5988951.932854865},"point_estimate":5949548.394978355,"standard_error":18380.02034192982},"StdDev":{"confidence_interval":{"confidence_level":0.95,"lower_bound":12619.850361088249,"upper_bound":44596.965648836944},"point_estimate":34592.654073527134,"standard_error":7851.620076590761}}