{"Mean":{"confidence_interval":{"confidence_level":0.95,"lower_bound":65843.50466768023,"upper_bound":66866.60574671972},"point_estimate":66320.70945544007,"standard_error":262.0396914541018},"Median":{"confidence_interval":{"confidence_level":0.95,"lower_bound":65910.94311145511,"upper_bound":66707.61114551083},"point_estimate":66218.78471915082,"standard_error":163.91092136124783},"MedianAbsDev":{"confidence_interval":{"confidence_level":0.95,"lower_bound":55.21829177510093,"upper_bound":1420.2123217018086},"point_estimate":272.1611645954132,"standard_error":340.0335736791496},"Slope":{"confidence_interval":{"confidence_level":0.95,"lower_bound":66108.59872248495,"upper_bound":66666.51065092585},"point_estimate":66314.51363033251,"standard_error":142.6209756963865},"StdDev":{"confidence_interval":{"confidence_level":0.95,"lower_bound":229.1339679341411,"upper_bound":1219.9350866441914},"point_estimate":872.7978562941678,"standard_error":248.3917457764663}}