{"Mean":{"confidence_interval":{"confidence_level":0.95,"lower_bound":23632.44142718816,"upper_bound":24709.214311693817},"point_estimate":24052.740998590794,"standard_error":296.2024557705445},"Median":{"confidence_interval":{"confidence_level":0.95,"lower_bound":23583.230664488015,"upper_bound":24149.592161401597},"point_estimate":23672.44025832555,"standard_error":158.22217293476893},"MedianAbsDev":{"confidence_interval":{"confidence_level":0.95,"lower_bound":23.739849447812617,"upper_bound":632.6600089205448},"point_estimate":303.43583371969,"standard_error":183.48018568764576},"Slope":{"confidence_interval":{"confidence_level":0.95,"lower_bound":23756.341225916098,"upper_bound":25743.82850429428},"point_estimate":24665.339979628214,"standard_error":581.6265199917503},"StdDev":{"confidence_interval":{"confidence_level":0.95,"lower_bound":153.24625055084422,"upper_bound":1498.6740018098913},"point_estimate":986.7922388071756,"standard_error":441.74141842141063}}