{"Mean":{"confidence_interval":{"confidence_level":0.95,"lower_bound":181360.32155257935,"upper_bound":186814.0700363757},"point_estimate":183579.208369709,"standard_error":1461.127955499323},"Median":{"confidence_interval":{"confidence_level":0.95,"lower_bound":181061.6505580357,"upper_bound":184444.24244791665},"point_estimate":181539.26186342593,"standard_error":919.543185230065},"MedianAbsDev":{"confidence_interval":{"confidence_level":0.95,"lower_bound":217.78527047382082,"upper_bound":4241.887247660195},"point_estimate":998.7581053934948,"standard_error":1100.3153403984438},"Slope":{"confidence_interval":{"confidence_level":0.95,"lower_bound":180885.75734490142,"upper_bound":181939.49773662738},"point_estimate":181283.80958333332,"standard_error":275.4247872631852},"StdDev":{"confidence_interval":{"confidence_level":0.95,"lower_bound":624.5848736968384,"upper_bound":7227.614962359842},"point_estimate":4866.693073396189,"standard_error":1981.7568851150518}}