{"Mean":{"confidence_interval":{"confidence_level":0.95,"lower_bound":121069.12789575991,"upper_bound":122551.3390901813},"point_estimate":121742.56087900567,"standard_error":379.95091201701973},"Median":{"confidence_interval":{"confidence_level":0.95,"lower_bound":120858.64828253507,"upper_bound":122700.12568537332},"point_estimate":121250.92991913747,"standard_error":434.2565976668767},"MedianAbsDev":{"confidence_interval":{"confidence_level":0.95,"lower_bound":138.86894230961707,"upper_bound":1993.449268527931},"point_estimate":743.3568522236872,"standard_error":437.75910186763497},"Slope":{"confidence_interval":{"confidence_level":0.95,"lower_bound":121075.16937711582,"upper_bound":122979.10873489799},"point_estimate":121923.4936535163,"standard_error":500.86284445923724},"StdDev":{"confidence_interval":{"confidence_level":0.95,"lower_bound":413.632243796793,"upper_bound":1611.4467821784046},"point_estimate":1264.781521984995,"standard_error":311.5354857852895}}