{"Mean":{"confidence_interval":{"confidence_level":0.95,"lower_bound":159736.11578510603,"upper_bound":160681.91867248868},"point_estimate":160209.80437847585,"standard_error":242.11067414085423},"Median":{"confidence_interval":{"confidence_level":0.95,"lower_bound":159482.64579531632,"upper_bound":160914.73731751827},"point_estimate":160246.9550638686,"standard_error":385.03745196276543},"MedianAbsDev":{"confidence_interval":{"confidence_level":0.95,"lower_bound":260.8226127052435,"upper_bound":1379.7371829956342},"point_estimate":951.0049796491362,"standard_error":283.4276644117659},"Slope":{"confidence_interval":{"confidence_level":0.95,"lower_bound":159305.73080123911,"upper_bound":160489.5526992159},"point_estimate":159712.62022940564,"standard_error":303.9009941887985},"StdDev":{"confidence_interval":{"confidence_level":0.95,"lower_bound":500.20378551097957,"upper_bound":972.6275571092148},"point_estimate":807.9805005049865,"standard_error":120.30180409462898}}