{"Mean":{"confidence_interval":{"confidence_level":0.95,"lower_bound":205960.64744355908,"upper_bound":208042.40060519823},"point_estimate":206986.40733146775,"standard_error":532.5020768006099},"Median":{"confidence_interval":{"confidence_level":0.95,"lower_bound":205487.90712151394,"upper_bound":208993.47239612977},"point_estimate":206751.0621956618,"standard_error":945.2390109448132},"MedianAbsDev":{"confidence_interval":{"confidence_level":0.95,"lower_bound":176.62505871687404,"upper_bound":2832.8635019476574},"point_estimate":1940.381798204056,"standard_error":708.6469290662576},"Slope":{"confidence_interval":{"confidence_level":0.95,"lower_bound":205616.9770277703,"upper_bound":208358.9559208007},"point_estimate":207093.21486004035,"standard_error":710.8679400415846},"StdDev":{"confidence_interval":{"confidence_level":0.95,"lower_bound":1105.0264826766895,"upper_bound":2102.5820036604628},"point_estimate":1775.843707596997,"standard_error":252.59604796350607}}