{"Mean":{"confidence_interval":{"confidence_level":0.95,"lower_bound":132.49347962508085,"upper_bound":150.68459295013102},"point_estimate":143.97322337118024,"standard_error":5.245212108217871},"Median":{"confidence_interval":{"confidence_level":0.95,"lower_bound":146.47986913902582,"upper_bound":152.37750141711183},"point_estimate":148.47527096896096,"standard_error":1.9922950222438882},"MedianAbsDev":{"confidence_interval":{"confidence_level":0.95,"lower_bound":0.6026404024678375,"upper_bound":7.484041453151808},"point_estimate":3.631868522761142,"standard_error":2.084917258049168},"Slope":{"confidence_interval":{"confidence_level":0.95,"lower_bound":146.34747199993606,"upper_bound":150.71984759285183},"point_estimate":148.0118114886928,"standard_error":1.1176663323627165},"StdDev":{"confidence_interval":{"confidence_level":0.95,"lower_bound":2.0812252812975607,"upper_bound":26.833903813529037},"point_estimate":17.45151063450601,"standard_error":8.794283301678156}}