{"Mean":{"confidence_interval":{"confidence_level":0.95,"lower_bound":521.8052684280631,"upper_bound":564.592639371424},"point_estimate":542.9565724285178,"standard_error":10.935889537624654},"Median":{"confidence_interval":{"confidence_level":0.95,"lower_bound":527.4554803756321,"upper_bound":576.5815555020467},"point_estimate":532.367074755197,"standard_error":12.577436099189395},"MedianAbsDev":{"confidence_interval":{"confidence_level":0.95,"lower_bound":1.5160571425204663,"upper_bound":71.5092532348313},"point_estimate":12.122989621036893,"standard_error":18.862343196083966},"Slope":{"confidence_interval":{"confidence_level":0.95,"lower_bound":530.4023719107872,"upper_bound":553.0381190700756},"point_estimate":537.7081915123163,"standard_error":5.865667637199105},"StdDev":{"confidence_interval":{"confidence_level":0.95,"lower_bound":16.31042733599851,"upper_bound":48.417695009293524},"point_estimate":36.40730439619333,"standard_error":8.062697824361488}}