{"Mean":{"confidence_interval":{"confidence_level":0.95,"lower_bound":2801.1400239596173,"upper_bound":2891.061996501117},"point_estimate":2845.313215602321,"standard_error":23.119070537776956},"Median":{"confidence_interval":{"confidence_level":0.95,"lower_bound":2774.9904611811544,"upper_bound":2906.6632714001325},"point_estimate":2846.4407526779787,"standard_error":38.25917930105994},"MedianAbsDev":{"confidence_interval":{"confidence_level":0.95,"lower_bound":22.96224669917321,"upper_bound":127.93982034805657},"point_estimate":91.47734069678837,"standard_error":27.852595333403876},"Slope":{"confidence_interval":{"confidence_level":0.95,"lower_bound":2842.9624934482144,"upper_bound":2930.521709578116},"point_estimate":2895.0022212359636,"standard_error":22.160086407676584},"StdDev":{"confidence_interval":{"confidence_level":0.95,"lower_bound":47.46795296849568,"upper_bound":94.25296528431716},"point_estimate":77.00003625752885,"standard_error":12.11605356646424}}