{"Mean":{"confidence_interval":{"confidence_level":0.95,"lower_bound":243.4037661485711,"upper_bound":249.63140662596322},"point_estimate":246.96755134828663,"standard_error":1.575089860653935},"Median":{"confidence_interval":{"confidence_level":0.95,"lower_bound":243.25813917875948,"upper_bound":249.87481983181559},"point_estimate":249.37848954315297,"standard_error":1.5106771855480112},"MedianAbsDev":{"confidence_interval":{"confidence_level":0.95,"lower_bound":0.01919649403245861,"upper_bound":7.632525806826659},"point_estimate":0.8190813354774986,"standard_error":1.4080180634117594},"Slope":{"confidence_interval":{"confidence_level":0.95,"lower_bound":239.46124587690144,"upper_bound":249.5005290630119},"point_estimate":243.36900802379287,"standard_error":2.596207631684917},"StdDev":{"confidence_interval":{"confidence_level":0.95,"lower_bound":0.39387462644521354,"upper_bound":6.548417385906087},"point_estimate":5.245086559296198,"standard_error":1.6139298892678464}}