{"Mean":{"confidence_interval":{"confidence_level":0.95,"lower_bound":80934.07368127945,"upper_bound":82981.96411366313},"point_estimate":81926.6789970694,"standard_error":526.0814475940938},"Median":{"confidence_interval":{"confidence_level":0.95,"lower_bound":80458.2703180212,"upper_bound":83653.36462014134},"point_estimate":81263.23758202928,"standard_error":923.8987359164704},"MedianAbsDev":{"confidence_interval":{"confidence_level":0.95,"lower_bound":390.33916056126526,"upper_bound":2823.8575856733337},"point_estimate":1814.9106471340194,"standard_error":677.8967262766954},"Slope":{"confidence_interval":{"confidence_level":0.95,"lower_bound":81070.15351180916,"upper_bound":83716.43448813348},"point_estimate":82431.00974255426,"standard_error":685.0122039484671},"StdDev":{"confidence_interval":{"confidence_level":0.95,"lower_bound":1050.7057551652867,"upper_bound":2121.369569780364},"point_estimate":1758.5979611099428,"standard_error":273.69165370370314}}