{"Mean":{"confidence_interval":{"confidence_level":0.95,"lower_bound":855798.390723104,"upper_bound":867080.9442732708},"point_estimate":861517.6384048599,"standard_error":2887.273465580524},"Median":{"confidence_interval":{"confidence_level":0.95,"lower_bound":853924.7802469137,"upper_bound":871413.0652557319},"point_estimate":861794.8700617284,"standard_error":4800.88179428585},"MedianAbsDev":{"confidence_interval":{"confidence_level":0.95,"lower_bound":1858.1590203444528,"upper_bound":16236.666156185966},"point_estimate":11916.774344731291,"standard_error":3762.224839789513},"Slope":{"confidence_interval":{"confidence_level":0.95,"lower_bound":858223.1583271597,"upper_bound":869152.0957652994},"point_estimate":864264.1724547058,"standard_error":2765.781301658584},"StdDev":{"confidence_interval":{"confidence_level":0.95,"lower_bound":5943.566210930892,"upper_bound":11921.781614567646},"point_estimate":9660.384000669263,"standard_error":1563.5853361025925}}