{"Mean":{"confidence_interval":{"confidence_level":0.95,"lower_bound":1168.8202753088042,"upper_bound":1244.1762866064103},"point_estimate":1204.9575872803857,"standard_error":19.366983177870015},"Median":{"confidence_interval":{"confidence_level":0.95,"lower_bound":1148.7567560968605,"upper_bound":1263.2221232808945},"point_estimate":1186.0601619126955,"standard_error":35.01123559907378},"MedianAbsDev":{"confidence_interval":{"confidence_level":0.95,"lower_bound":3.1742110682265445,"upper_bound":104.30750404539384},"point_estimate":68.83333897932567,"standard_error":27.3963007155415},"Slope":{"confidence_interval":{"confidence_level":0.95,"lower_bound":1193.058640546156,"upper_bound":1286.6011417215757},"point_estimate":1251.9446291335414,"standard_error":23.956039010161653},"StdDev":{"confidence_interval":{"confidence_level":0.95,"lower_bound":38.02766869177475,"upper_bound":79.70171576437568},"point_estimate":64.83970054620096,"standard_error":10.83636874359452}}