{"Mean":{"confidence_interval":{"confidence_level":0.95,"lower_bound":485253.2690697338,"upper_bound":486868.87991757604},"point_estimate":486081.39835400134,"standard_error":413.4061677595138},"Median":{"confidence_interval":{"confidence_level":0.95,"lower_bound":485118.79563492065,"upper_bound":487029.49305555556},"point_estimate":486360.28515625,"standard_error":500.8839424375008},"MedianAbsDev":{"confidence_interval":{"confidence_level":0.95,"lower_bound":108.02182224886528,"upper_bound":2304.9032858158466},"point_estimate":1166.7100848423286,"standard_error":541.3980594108962},"Slope":{"confidence_interval":{"confidence_level":0.95,"lower_bound":485504.8237320434,"upper_bound":487370.86531118746},"point_estimate":486526.177507215,"standard_error":472.089364051327},"StdDev":{"confidence_interval":{"confidence_level":0.95,"lower_bound":702.565515898803,"upper_bound":1803.2658741463672},"point_estimate":1382.364474898694,"standard_error":284.97716952883235}}