{"Mean":{"confidence_interval":{"confidence_level":0.95,"lower_bound":141805.35275430357,"upper_bound":142208.22953573294},"point_estimate":141992.92883541988,"standard_error":104.14073838768452},"Median":{"confidence_interval":{"confidence_level":0.95,"lower_bound":141721.51369327074,"upper_bound":142254.33208137716},"point_estimate":141844.7802034429,"standard_error":148.097034611976},"MedianAbsDev":{"confidence_interval":{"confidence_level":0.95,"lower_bound":33.159543308025825,"upper_bound":566.3703883369051},"point_estimate":197.0871885197684,"standard_error":141.40859401199438},"Slope":{"confidence_interval":{"confidence_level":0.95,"lower_bound":141744.14373561632,"upper_bound":141978.6751244862},"point_estimate":141825.5775907973,"standard_error":60.41803379542868},"StdDev":{"confidence_interval":{"confidence_level":0.95,"lower_bound":116.83737479516074,"upper_bound":418.4960216542555},"point_estimate":345.24513618017266,"standard_error":70.3956536366616}}