{"Mean":{"confidence_interval":{"confidence_level":0.95,"lower_bound":96080.15104373523,"upper_bound":96719.30390031522},"point_estimate":96391.27219796242,"standard_error":163.69024878235908},"Median":{"confidence_interval":{"confidence_level":0.95,"lower_bound":95907.23356973995,"upper_bound":96945.83687943262},"point_estimate":96195.90293819655,"standard_error":300.8608740700909},"MedianAbsDev":{"confidence_interval":{"confidence_level":0.95,"lower_bound":86.56806612267866,"upper_bound":916.0711850130753},"point_estimate":550.666871642136,"standard_error":222.7125590130481},"Slope":{"confidence_interval":{"confidence_level":0.95,"lower_bound":96261.42980240453,"upper_bound":96942.61278433895},"point_estimate":96691.31473150963,"standard_error":173.35359607453583},"StdDev":{"confidence_interval":{"confidence_level":0.95,"lower_bound":329.49040519606444,"upper_bound":628.3380404437866},"point_estimate":545.3030586520141,"standard_error":76.5837460622475}}