{"Mean":{"confidence_interval":{"confidence_level":0.95,"lower_bound":5658.584357474092,"upper_bound":6111.767763210822},"point_estimate":5894.974694804001,"standard_error":114.83324114097431},"Median":{"confidence_interval":{"confidence_level":0.95,"lower_bound":5751.774410426148,"upper_bound":6281.662267273479},"point_estimate":5842.568261520579,"standard_error":125.08074306073088},"MedianAbsDev":{"confidence_interval":{"confidence_level":0.95,"lower_bound":29.139121298978335,"upper_bound":734.8385473560213},"point_estimate":157.053074590733,"standard_error":190.75216294312904},"Slope":{"confidence_interval":{"confidence_level":0.95,"lower_bound":5830.453686801627,"upper_bound":6280.855606123293},"point_estimate":6140.7941104406555,"standard_error":103.11103368645131},"StdDev":{"confidence_interval":{"confidence_level":0.95,"lower_bound":175.3857034924614,"upper_bound":518.5369319175044},"point_estimate":383.5110875908911,"standard_error":91.22847178089553}}