{"Mean":{"confidence_interval":{"confidence_level":0.95,"lower_bound":77434.40020464537,"upper_bound":78032.30434835165},"point_estimate":77698.24830891332,"standard_error":154.51728955877334},"Median":{"confidence_interval":{"confidence_level":0.95,"lower_bound":77359.29743589743,"upper_bound":77910.98601398601},"point_estimate":77565.01037296037,"standard_error":155.54056179946477},"MedianAbsDev":{"confidence_interval":{"confidence_level":0.95,"lower_bound":11.422220748270966,"upper_bound":678.9232216879669},"point_estimate":306.67525160437856,"standard_error":163.96935275714415},"Slope":{"confidence_interval":{"confidence_level":0.95,"lower_bound":77397.35446099356,"upper_bound":78460.40674977197},"point_estimate":77957.75944419217,"standard_error":284.13955361771315},"StdDev":{"confidence_interval":{"confidence_level":0.95,"lower_bound":180.72965913056504,"upper_bound":726.8061176115693},"point_estimate":514.579448668845,"standard_error":158.04277838912842}}