{"Mean":{"confidence_interval":{"confidence_level":0.95,"lower_bound":15156.532027359892,"upper_bound":15525.864596020378},"point_estimate":15326.63557566093,"standard_error":95.29953306844476},"Median":{"confidence_interval":{"confidence_level":0.95,"lower_bound":15070.68896377422,"upper_bound":15529.63145183937},"point_estimate":15228.326888514463,"standard_error":125.34981738285491},"MedianAbsDev":{"confidence_interval":{"confidence_level":0.95,"lower_bound":7.710435819305424,"upper_bound":495.54567954265815},"point_estimate":237.46465707312348,"standard_error":137.89100251246626},"Slope":{"confidence_interval":{"confidence_level":0.95,"lower_bound":15220.722140958615,"upper_bound":15711.437997206878},"point_estimate":15483.648595280036,"standard_error":124.49365976315559},"StdDev":{"confidence_interval":{"confidence_level":0.95,"lower_bound":119.34375189883193,"upper_bound":411.3327810400834},"point_estimate":317.95518042845237,"standard_error":75.08962511800608}}