{"Mean":{"confidence_interval":{"confidence_level":0.95,"lower_bound":60377.49808736368,"upper_bound":61134.84145525131},"point_estimate":60701.385452623676,"standard_error":197.49846002988758},"Median":{"confidence_interval":{"confidence_level":0.95,"lower_bound":60188.77382645804,"upper_bound":60887.08255097202},"point_estimate":60606.137224395454,"standard_error":194.0061202930966},"MedianAbsDev":{"confidence_interval":{"confidence_level":0.95,"lower_bound":40.90574786019324,"upper_bound":840.5201297986209},"point_estimate":470.0621060691427,"standard_error":187.63743910023499},"Slope":{"confidence_interval":{"confidence_level":0.95,"lower_bound":60366.434665151995,"upper_bound":60765.52773707086},"point_estimate":60574.67817886239,"standard_error":101.76908656597806},"StdDev":{"confidence_interval":{"confidence_level":0.95,"lower_bound":235.07841822263123,"upper_bound":957.5232896752232},"point_estimate":656.5330143456714,"standard_error":227.21309748312774}}