{"Mean":{"confidence_interval":{"confidence_level":0.95,"lower_bound":11724057.638868552,"upper_bound":12202464.08486111},"point_estimate":11969130.05141865,"standard_error":122278.42975274412},"Median":{"confidence_interval":{"confidence_level":0.95,"lower_bound":11694297.645833334,"upper_bound":12253915.059027778},"point_estimate":11998430.6125,"standard_error":129822.75472823488},"MedianAbsDev":{"confidence_interval":{"confidence_level":0.95,"lower_bound":98768.11685651439,"upper_bound":680991.2896058215},"point_estimate":310409.497623505,"standard_error":155900.9210992461},"Slope":{"confidence_interval":{"confidence_level":0.95,"lower_bound":11805837.286407527,"upper_bound":12120691.304129465},"point_estimate":11987760.488311687,"standard_error":79508.12713140974},"StdDev":{"confidence_interval":{"confidence_level":0.95,"lower_bound":199990.36964555786,"upper_bound":531807.7071068657},"point_estimate":405480.034160726,"standard_error":84904.19558779516}}