{"Mean":{"confidence_interval":{"confidence_level":0.95,"lower_bound":598517.7054898217,"upper_bound":607417.1634656186},"point_estimate":602779.8600251423,"standard_error":2278.6411930769655},"Median":{"confidence_interval":{"confidence_level":0.95,"lower_bound":596752.0042408821,"upper_bound":606853.4971374046},"point_estimate":602834.0508905852,"standard_error":2745.1586404981554},"MedianAbsDev":{"confidence_interval":{"confidence_level":0.95,"lower_bound":1260.0238846529903,"upper_bound":13335.732196799396},"point_estimate":6104.153773938892,"standard_error":2928.0449626263044},"Slope":{"confidence_interval":{"confidence_level":0.95,"lower_bound":597327.6824950554,"upper_bound":605832.5839115772},"point_estimate":600744.5023297314,"standard_error":2189.271004005274},"StdDev":{"confidence_interval":{"confidence_level":0.95,"lower_bound":3749.30097306723,"upper_bound":10240.298068592865},"point_estimate":7584.387241954595,"standard_error":1762.2729976928129}}