{"Mean":{"confidence_interval":{"confidence_level":0.95,"lower_bound":3467333.517353632,"upper_bound":3492599.906311813},"point_estimate":3480869.204261294,"standard_error":6505.703468015773},"Median":{"confidence_interval":{"confidence_level":0.95,"lower_bound":3462230.103846154,"upper_bound":3495545.541666667},"point_estimate":3487548.3183760685,"standard_error":7647.416890843696},"MedianAbsDev":{"confidence_interval":{"confidence_level":0.95,"lower_bound":1068.466083338748,"upper_bound":35244.31199505776},"point_estimate":13874.976479823717,"standard_error":8229.53759909654},"Slope":{"confidence_interval":{"confidence_level":0.95,"lower_bound":3479759.3893976393,"upper_bound":3496614.7239902196},"point_estimate":3486906.461338661,"standard_error":4312.250638666358},"StdDev":{"confidence_interval":{"confidence_level":0.95,"lower_bound":7964.793902502608,"upper_bound":27484.126428395197},"point_estimate":21681.01486428729,"standard_error":4944.555928374703}}