{"Mean":{"confidence_interval":{"confidence_level":0.95,"lower_bound":2440.884344850313,"upper_bound":2670.1164845078792},"point_estimate":2563.6121283519947,"standard_error":58.892684322350455},"Median":{"confidence_interval":{"confidence_level":0.95,"lower_bound":2458.669936613341,"upper_bound":2717.924258812087},"point_estimate":2606.4664817889125,"standard_error":58.83772368719161},"MedianAbsDev":{"confidence_interval":{"confidence_level":0.95,"lower_bound":7.603960025733023,"upper_bound":300.78331087192095},"point_estimate":145.68204691986517,"standard_error":79.8352318254368},"Slope":{"confidence_interval":{"confidence_level":0.95,"lower_bound":2585.207069412788,"upper_bound":2754.421964853148},"point_estimate":2692.2446063846605,"standard_error":43.465410678761806},"StdDev":{"confidence_interval":{"confidence_level":0.95,"lower_bound":86.46942313507536,"upper_bound":266.3102616056556},"point_estimate":197.05161574897414,"standard_error":49.61207618531149}}