{"Mean":{"confidence_interval":{"confidence_level":0.95,"lower_bound":27551.447552235823,"upper_bound":28990.672737534354},"point_estimate":28209.48431088396,"standard_error":369.49636162839823},"Median":{"confidence_interval":{"confidence_level":0.95,"lower_bound":27358.25600706714,"upper_bound":28985.90212014134},"point_estimate":27744.24885895171,"standard_error":420.9320502397742},"MedianAbsDev":{"confidence_interval":{"confidence_level":0.95,"lower_bound":150.6442753290635,"upper_bound":1970.6812276635899},"point_estimate":638.0555730582942,"standard_error":456.67905003633604},"Slope":{"confidence_interval":{"confidence_level":0.95,"lower_bound":27649.212123031895,"upper_bound":29085.55357724677},"point_estimate":28474.48391078886,"standard_error":373.52303068553954},"StdDev":{"confidence_interval":{"confidence_level":0.95,"lower_bound":319.1671503892823,"upper_bound":1595.8194634349077},"point_estimate":1231.3486132750133,"standard_error":303.00649261630423}}