{"Mean":{"confidence_interval":{"confidence_level":0.95,"lower_bound":282.6563152814191,"upper_bound":286.4559762451962},"point_estimate":284.6085611443033,"standard_error":0.9769766906743123},"Median":{"confidence_interval":{"confidence_level":0.95,"lower_bound":281.3500428557023,"upper_bound":287.73755924170615},"point_estimate":285.0234746311048,"standard_error":1.6861554904159481},"MedianAbsDev":{"confidence_interval":{"confidence_level":0.95,"lower_bound":0.36791869586468307,"upper_bound":5.271933763249599},"point_estimate":4.182569936038327,"standard_error":1.4221695969887482},"Slope":{"confidence_interval":{"confidence_level":0.95,"lower_bound":285.2133696661457,"upper_bound":287.62946227646347},"point_estimate":286.9111122642609,"standard_error":0.6244375826242622},"StdDev":{"confidence_interval":{"confidence_level":0.95,"lower_bound":1.9132657928066183,"upper_bound":3.8832273811151996},"point_estimate":3.2556001040757057,"standard_error":0.49433281660447903}}