{"Mean":{"confidence_interval":{"confidence_level":0.95,"lower_bound":5169.812649544397,"upper_bound":5229.735138965867},"point_estimate":5201.685723916305,"standard_error":15.3409489537835},"Median":{"confidence_interval":{"confidence_level":0.95,"lower_bound":5175.282558157436,"upper_bound":5233.723107477715},"point_estimate":5210.069320453691,"standard_error":18.25332679320469},"MedianAbsDev":{"confidence_interval":{"confidence_level":0.95,"lower_bound":7.98165170116834,"upper_bound":78.09916576509592},"point_estimate":40.88683934616621,"standard_error":18.631351827722447},"Slope":{"confidence_interval":{"confidence_level":0.95,"lower_bound":5165.742858011129,"upper_bound":5218.496246260116},"point_estimate":5189.939048314855,"standard_error":13.366976503814648},"StdDev":{"confidence_interval":{"confidence_level":0.95,"lower_bound":22.88901100862273,"upper_bound":70.30527030056206},"point_estimate":51.08717804119656,"standard_error":13.107256159951357}}