{"Mean":{"confidence_interval":{"confidence_level":0.95,"lower_bound":1394.3737900168428,"upper_bound":1737.9579938888883},"point_estimate":1540.4143820139843,"standard_error":89.28629962866923},"Median":{"confidence_interval":{"confidence_level":0.95,"lower_bound":1356.7748553054662,"upper_bound":1634.8117563415506},"point_estimate":1430.6522829581993,"standard_error":67.82347369209539},"MedianAbsDev":{"confidence_interval":{"confidence_level":0.95,"lower_bound":15.149282806287752,"upper_bound":353.57699927473624},"point_estimate":115.37108329580516,"standard_error":84.2075108267705},"Slope":{"confidence_interval":{"confidence_level":0.95,"lower_bound":1403.9663367723354,"upper_bound":2010.6792102207125},"point_estimate":1726.3304036413747,"standard_error":165.3414824856473},"StdDev":{"confidence_interval":{"confidence_level":0.95,"lower_bound":50.14188028632985,"upper_bound":424.48470575238537},"point_estimate":297.83993053971375,"standard_error":103.18705709943589}}