{"Mean":{"confidence_interval":{"confidence_level":0.95,"lower_bound":56758.4149492584,"upper_bound":59112.26589398375},"point_estimate":57871.55851057412,"standard_error":601.0916203966256},"Median":{"confidence_interval":{"confidence_level":0.95,"lower_bound":56477.55688027819,"upper_bound":59459.36910084451},"point_estimate":56832.67955609964,"standard_error":803.5626322893372},"MedianAbsDev":{"confidence_interval":{"confidence_level":0.95,"lower_bound":77.51629974154784,"upper_bound":2730.2894571312477},"point_estimate":565.3404455891344,"standard_error":745.9013361436978},"Slope":{"confidence_interval":{"confidence_level":0.95,"lower_bound":56618.93202616908,"upper_bound":59902.734382898045},"point_estimate":58131.97137437823,"standard_error":930.9648430504849},"StdDev":{"confidence_interval":{"confidence_level":0.95,"lower_bound":258.3723399976265,"upper_bound":2410.1994356432547},"point_estimate":2007.6984010942867,"standard_error":452.5695259159822}}