{"Mean":{"confidence_interval":{"confidence_level":0.95,"lower_bound":58564.269197700465,"upper_bound":60050.04905974427},"point_estimate":59308.98805483483,"standard_error":380.48141325601324},"Median":{"confidence_interval":{"confidence_level":0.95,"lower_bound":58253.68536324786,"upper_bound":60536.08771367522},"point_estimate":59310.44391025641,"standard_error":585.0711042002695},"MedianAbsDev":{"confidence_interval":{"confidence_level":0.95,"lower_bound":456.9461227449556,"upper_bound":2135.693005958515},"point_estimate":1691.9448323337747,"standard_error":450.54926598916444},"Slope":{"confidence_interval":{"confidence_level":0.95,"lower_bound":59394.251770304305,"upper_bound":60584.87584012599},"point_estimate":60184.418986568984,"standard_error":308.00544108830405},"StdDev":{"confidence_interval":{"confidence_level":0.95,"lower_bound":770.5172458085848,"upper_bound":1535.8324241052246},"point_estimate":1265.9133855296086,"standard_error":194.31724195340954}}