{"Mean":{"confidence_interval":{"confidence_level":0.95,"lower_bound":354371.8280207652,"upper_bound":404871.7304323128},"point_estimate":381308.0232297052,"standard_error":12830.491662204311},"Median":{"confidence_interval":{"confidence_level":0.95,"lower_bound":352283.9885714286,"upper_bound":409959.626122449},"point_estimate":402683.1708730159,"standard_error":15966.533877389764},"MedianAbsDev":{"confidence_interval":{"confidence_level":0.95,"lower_bound":2243.6803857667214,"upper_bound":66081.62530181662},"point_estimate":11536.08483463163,"standard_error":16443.050799350673},"Slope":{"confidence_interval":{"confidence_level":0.95,"lower_bound":395787.6167018882,"upper_bound":406786.97712658904},"point_estimate":402228.2344786642,"standard_error":2820.6652886955076},"StdDev":{"confidence_interval":{"confidence_level":0.95,"lower_bound":5094.5616173924,"upper_bound":52403.083346674845},"point_estimate":42602.113884145525,"standard_error":10252.013209665243}}