{"Mean":{"confidence_interval":{"confidence_level":0.95,"lower_bound":319640.24821652926,"upper_bound":320784.76814193174},"point_estimate":320200.764529839,"standard_error":293.5499472160606},"Median":{"confidence_interval":{"confidence_level":0.95,"lower_bound":319395.5752650177,"upper_bound":321139.9081272085},"point_estimate":319915.6410482921,"standard_error":456.05767293898566},"MedianAbsDev":{"confidence_interval":{"confidence_level":0.95,"lower_bound":107.51250957535348,"upper_bound":1593.3944164995949},"point_estimate":1071.7308542503529,"standard_error":381.54507652816994},"Slope":{"confidence_interval":{"confidence_level":0.95,"lower_bound":319253.67536522786,"upper_bound":320616.2752388307},"point_estimate":319823.70273048506,"standard_error":346.26773402244874},"StdDev":{"confidence_interval":{"confidence_level":0.95,"lower_bound":586.4209558651064,"upper_bound":1174.2628293504142},"point_estimate":979.5403549417753,"standard_error":148.51302943097386}}