{"Mean":{"confidence_interval":{"confidence_level":0.95,"lower_bound":102683.2563585191,"upper_bound":104734.14152437361},"point_estimate":103563.97550935653,"standard_error":533.4346948233476},"Median":{"confidence_interval":{"confidence_level":0.95,"lower_bound":102432.85784313726,"upper_bound":104382.36608455883},"point_estimate":102772.762517507,"standard_error":465.5305198668122},"MedianAbsDev":{"confidence_interval":{"confidence_level":0.95,"lower_bound":148.19800606993476,"upper_bound":2130.478649165816},"point_estimate":689.2590276528969,"standard_error":537.0024187260066},"Slope":{"confidence_interval":{"confidence_level":0.95,"lower_bound":102743.05457227139,"upper_bound":104540.89506075255},"point_estimate":103714.04090272472,"standard_error":479.5433668046794},"StdDev":{"confidence_interval":{"confidence_level":0.95,"lower_bound":418.52806578103656,"upper_bound":2510.72786359798},"point_estimate":1778.3584889826736,"standard_error":589.1720263939388}}