{"Mean":{"confidence_interval":{"confidence_level":0.95,"lower_bound":4679.14673709124,"upper_bound":5128.475272498467},"point_estimate":4910.690524881034,"standard_error":115.5445555826825},"Median":{"confidence_interval":{"confidence_level":0.95,"lower_bound":4564.327743346701,"upper_bound":5214.071614325643},"point_estimate":5045.9542005914045,"standard_error":177.30815966937973},"MedianAbsDev":{"confidence_interval":{"confidence_level":0.95,"lower_bound":73.00652655051496,"upper_bound":627.9096389982014},"point_estimate":420.7909515961825,"standard_error":146.68470826738996},"Slope":{"confidence_interval":{"confidence_level":0.95,"lower_bound":4984.210639137211,"upper_bound":5280.950470777235},"point_estimate":5183.040466326722,"standard_error":75.35550532424392},"StdDev":{"confidence_interval":{"confidence_level":0.95,"lower_bound":215.8497214496486,"upper_bound":468.0042602205219},"point_estimate":385.8067548065994,"standard_error":63.71739969245229}}