{"Mean":{"confidence_interval":{"confidence_level":0.95,"lower_bound":68432.73122308365,"upper_bound":68847.32934253031},"point_estimate":68614.6207134623,"standard_error":107.32087425014423},"Median":{"confidence_interval":{"confidence_level":0.95,"lower_bound":68387.7092178771,"upper_bound":68714.14462433018},"point_estimate":68542.20302385386,"standard_error":88.19868925343623},"MedianAbsDev":{"confidence_interval":{"confidence_level":0.95,"lower_bound":15.289304011621173,"upper_bound":446.46549805130655},"point_estimate":183.78944673708045,"standard_error":101.666005519851},"Slope":{"confidence_interval":{"confidence_level":0.95,"lower_bound":68484.68622785053,"upper_bound":69177.65111018324},"point_estimate":68822.15589805247,"standard_error":194.53198706411203},"StdDev":{"confidence_interval":{"confidence_level":0.95,"lower_bound":123.18842326455835,"upper_bound":517.961662956975},"point_estimate":359.56374680768016,"standard_error":118.29666074504978}}