{"Mean":{"confidence_interval":{"confidence_level":0.95,"lower_bound":96679.99397849463,"upper_bound":98158.91295410908},"point_estimate":97422.18741647467,"standard_error":377.77620308976725},"Median":{"confidence_interval":{"confidence_level":0.95,"lower_bound":96381.69758064517,"upper_bound":98218.9099654378},"point_estimate":97699.42429435483,"standard_error":450.5122773900184},"MedianAbsDev":{"confidence_interval":{"confidence_level":0.95,"lower_bound":98.60179441882556,"upper_bound":2354.337870702144},"point_estimate":979.3804340641406,"standard_error":565.6183038048396},"Slope":{"confidence_interval":{"confidence_level":0.95,"lower_bound":97616.52397849462,"upper_bound":98511.11848055472},"point_estimate":98108.5310536238,"standard_error":226.17909902737287},"StdDev":{"confidence_interval":{"confidence_level":0.95,"lower_bound":671.5549730040358,"upper_bound":1621.624510276341},"point_estimate":1257.6733434383823,"standard_error":243.72056925797008}}