{"Mean":{"confidence_interval":{"confidence_level":0.95,"lower_bound":1407239.7031934997,"upper_bound":1414453.7086904761},"point_estimate":1410213.9434007308,"standard_error":1923.0750101017234},"Median":{"confidence_interval":{"confidence_level":0.95,"lower_bound":1406774.5537918871,"upper_bound":1412118.7777777778},"point_estimate":1407736.9950396824,"standard_error":1362.6920731978462},"MedianAbsDev":{"confidence_interval":{"confidence_level":0.95,"lower_bound":216.45126143503626,"upper_bound":6496.430972165336},"point_estimate":1490.1077839286095,"standard_error":1665.9397784397213},"Slope":{"confidence_interval":{"confidence_level":0.95,"lower_bound":1407097.8966356795,"upper_bound":1413078.2607400184},"point_estimate":1408771.7236033808,"standard_error":1622.3150826792398},"StdDev":{"confidence_interval":{"confidence_level":0.95,"lower_bound":1033.6210744919501,"upper_bound":9487.224793819882},"point_estimate":6407.129642217043,"standard_error":2494.862219826259}}