{"Mean":{"confidence_interval":{"confidence_level":0.95,"lower_bound":36384.09614256354,"upper_bound":36857.46007513463},"point_estimate":36645.15411039281,"standard_error":121.8156264410303},"Median":{"confidence_interval":{"confidence_level":0.95,"lower_bound":36447.53720155469,"upper_bound":36972.07269726695},"point_estimate":36742.84240236906,"standard_error":157.18214236232205},"MedianAbsDev":{"confidence_interval":{"confidence_level":0.95,"lower_bound":46.95982093892215,"upper_bound":641.0884232232501},"point_estimate":344.01787197870584,"standard_error":147.73821514282147},"Slope":{"confidence_interval":{"confidence_level":0.95,"lower_bound":36680.85896051015,"upper_bound":36957.34456424653},"point_estimate":36863.77832373069,"standard_error":71.43388639736989},"StdDev":{"confidence_interval":{"confidence_level":0.95,"lower_bound":176.57345022858996,"upper_bound":563.9382037285618},"point_estimate":404.42639843512217,"standard_error":114.55688058332554}}