{"Mean":{"confidence_interval":{"confidence_level":0.95,"lower_bound":38736.58552602197,"upper_bound":39164.86076008518},"point_estimate":38947.272688780686,"standard_error":109.73220448130594},"Median":{"confidence_interval":{"confidence_level":0.95,"lower_bound":38603.48759769865,"upper_bound":39180.750615139674},"point_estimate":38964.06610942249,"standard_error":153.3140714011024},"MedianAbsDev":{"confidence_interval":{"confidence_level":0.95,"lower_bound":33.30827009906447,"upper_bound":671.4077986804316},"point_estimate":338.56625048620634,"standard_error":150.5895937237542},"Slope":{"confidence_interval":{"confidence_level":0.95,"lower_bound":38728.216682417646,"upper_bound":39078.348981003925},"point_estimate":38934.82099125365,"standard_error":88.65782976085359},"StdDev":{"confidence_interval":{"confidence_level":0.95,"lower_bound":200.7878250066242,"upper_bound":477.08667803534496},"point_estimate":366.89376941998404,"standard_error":72.35996515640035}}